id,resource_name,resource_type,primary_category,subcategory,secondary_categories,rarity,rarity_color,discovery_tier,earth_available,first_unlock_requirement,typical_planet_classes,typical_star_system_conditions,primary_uses,base_trade_value,stack_size,description,science_lore_notes,codex_implementation_notes,tags,status,legacy_category,migration_version,parent_element_id,natural_occurrence,synthetic,radioactive,minimum_planet_rarity,minimum_research_tier,extraction_method,required_technology,resource_profile_eligible,atomic_number,chemical_symbol,atomic_mass_display,element_family,period,group_number,standard_phase,element_occurrence,element_properties_status,scientific_reference_notes,created_at,updated_at
"RES-0136","Dimensional Alloy","Alloy","Alloys and Engineered Materials","Advanced Alloys","","Legendary","#F39C12","Cosmic","No","Void / Energy / Cosmic World Discovery","Void; Energy; Gas Giant; Primordial","","endgame energy; galaxy travel; wonders; research; and collectibles","5000","9999","Alloy stabilized with extradimensional properties.","Highly speculative science-fiction resource.","Roll only on high rarity planets or compatible world classes.","Cosmic Metal; Legendary; Cosmic","active","Cosmic Metal","resource-taxonomy-v3.0","","Canonical generation rules","true","false","Legendary","Void / Energy / Cosmic World Discovery","Extraction, recovery, or processing","Void / Energy / Cosmic World Discovery","true","","","","","","","","","","","2026-07-06T00:00:00.000Z","2026-07-06T00:00:00.000Z"
"RES-0094","Hyper Alloy","Alloy","Alloys and Engineered Materials","Advanced Alloys","","Epic","#9B59B6","Ancient","No","Artificial / Ancient World Discovery","Artificial; Ancient; Energy","","AI; robotics; megastructures; wonders; and manufacturing","1200","9999","Future alloy used in space elevators, megastructures, and wonders.","Speculative artificial resource.","Generally should not appear before Artificial or Ancient worlds.","Synthetic Metal; Epic; Ancient","active","Synthetic Metal","resource-taxonomy-v3.0","","Canonical generation rules","true","false","Epic","Artificial / Ancient World Discovery","Extraction, recovery, or processing","Artificial / Ancient World Discovery","true","","","","","","","","","","","2026-07-06T00:00:00.000Z","2026-07-06T00:00:00.000Z"
"RES-0106","Ancient Alloy","Alloy","Alloys and Engineered Materials","Ancient Alloys","","Relic","#FF3CAC","Ancient","No","Ancient Civilization / Ruins Discovery","Ancient; Artificial; Void","","museums; wonders; research unlocks; trading; and story events","3000","9999","Unknown alloy from lost civilizations, used in wonders and advanced structures.","Ancient lore and museum resource.","Only roll if ancient civilization, ruins, or Relic+ rarity is present.","Ancient Metal; Relic; Ancient","active","Ancient Metal","resource-taxonomy-v3.0","","Canonical generation rules","true","false","Relic","Ancient Civilization / Ruins Discovery","Extraction, recovery, or processing","Ancient Civilization / Ruins Discovery","true","","","","","","","","","","","2026-07-06T00:00:00.000Z","2026-07-06T00:00:00.000Z"
"RES-0107","Precursor Metal","Alloy","Alloys and Engineered Materials","Ancient Alloys","","Relic","#FF3CAC","Ancient","No","Ancient Civilization / Ruins Discovery","Ancient; Artificial; Void","","museums; wonders; research unlocks; trading; and story events","3000","9999","Pre-human or alien civilization metal with unusual durability.","Ancient lore and museum resource.","Only roll if ancient civilization, ruins, or Relic+ rarity is present.","Ancient Metal; Relic; Ancient","active","Ancient Metal","resource-taxonomy-v3.0","","Canonical generation rules","true","false","Relic","Ancient Civilization / Ruins Discovery","Extraction, recovery, or processing","Ancient Civilization / Ruins Discovery","true","","","","","","","","","","","2026-07-06T00:00:00.000Z","2026-07-06T00:00:00.000Z"
"RES-0093","Armor Alloy","Alloy","Alloys and Engineered Materials","Armor Alloys","","Epic","#9B59B6","Ancient","No","Artificial / Ancient World Discovery","Artificial; Ancient; Energy","","AI; robotics; megastructures; wonders; and manufacturing","1200","9999","Defense-grade alloy used in fortified structures and events.","Speculative artificial resource.","Generally should not appear before Artificial or Ancient worlds.","Synthetic Metal; Epic; Ancient","active","Synthetic Metal","resource-taxonomy-v3.0","","Canonical generation rules","true","false","Epic","Artificial / Ancient World Discovery","Extraction, recovery, or processing","Artificial / Ancient World Discovery","true","","","","","","","","","","","2026-07-06T00:00:00.000Z","2026-07-06T00:00:00.000Z"
"RES-0095","Living Metal","Alloy","Alloys and Engineered Materials","Living Metals","","Epic","#9B59B6","Ancient","No","Artificial / Ancient World Discovery","Artificial; Ancient; Energy","","AI; robotics; megastructures; wonders; and manufacturing","1200","9999","Self-repairing metal-like material from alien or nanotech worlds.","Speculative artificial resource.","Generally should not appear before Artificial or Ancient worlds.","Bio-Metal; Epic; Ancient","active","Bio-Metal","resource-taxonomy-v3.0","","Canonical generation rules","true","false","Epic","Artificial / Ancient World Discovery","Extraction, recovery, or processing","Artificial / Ancient World Discovery","true","","","","","","","","","","","2026-07-06T00:00:00.000Z","2026-07-06T00:00:00.000Z"
"RES-0091","Steel Alloy","Alloy","Alloys and Engineered Materials","Structural Alloys","","Epic","#9B59B6","Ancient","No","Artificial / Ancient World Discovery","Artificial; Ancient; Energy","","AI; robotics; megastructures; wonders; and manufacturing","1200","9999","Industrial alloy used in factories, vehicles, and mid-tier buildings.","Speculative artificial resource.","Generally should not appear before Artificial or Ancient worlds.","Synthetic Metal; Epic; Ancient","active","Synthetic Metal","resource-taxonomy-v3.0","","Canonical generation rules","true","false","Epic","Artificial / Ancient World Discovery","Extraction, recovery, or processing","Artificial / Ancient World Discovery","true","","","","","","","","","","","2026-07-06T00:00:00.000Z","2026-07-06T00:00:00.000Z"
"RES-0092","Structural Alloy","Alloy","Alloys and Engineered Materials","Structural Alloys","","Epic","#9B59B6","Ancient","No","Artificial / Ancient World Discovery","Artificial; Ancient; Energy","","AI; robotics; megastructures; wonders; and manufacturing","1200","9999","High-strength construction alloy used in arcologies and megastructures.","Speculative artificial resource.","Generally should not appear before Artificial or Ancient worlds.","Synthetic Metal; Epic; Ancient","active","Synthetic Metal","resource-taxonomy-v3.0","","Canonical generation rules","true","false","Epic","Artificial / Ancient World Discovery","Extraction, recovery, or processing","Artificial / Ancient World Discovery","true","","","","","","","","","","","2026-07-06T00:00:00.000Z","2026-07-06T00:00:00.000Z"
"RES-PROFILE-ANCIENT-AI-FRAGMENT","Ancient AI Fragment","Ancient Material","Ancient Materials","Ancient Fragments","","Uncommon","#2ECC71","Planetary","No","Planetary Survey","Terrestrial; Ocean; Desert; Ice; Lava; Gas Giant; Crystal; Toxic; Artificial; Void; Living; Bio; Ancient; Energy; Primordial; Dead","","planet generation; resource profiles; exploration","45","9999","Ancient AI Fragment is a profile-normalized canonical resource used by deterministic planet generation.","Supplemental canonical resource inferred from Planet Resource Profiles v2.0 normalization.","Stable generated ID. Keep for save compatibility unless migrated through an explicit ID remap.","Archaeology; Uncommon; Planetary","active","Archaeology","resource-taxonomy-v3.0","","Canonical generation rules","false","false","Uncommon","Planetary Survey","Extraction, recovery, or processing","Planetary Survey","true","","","","","","","","","","","2026-07-09T00:00:00.000Z","2026-07-09T00:00:00.000Z"
"RES-PROFILE-COLLECTIVE-MIND-FRAGMENT","Collective Mind Fragment","Ancient Material","Ancient Materials","Ancient Fragments","","Uncommon","#2ECC71","Planetary","No","Planetary Survey","Terrestrial; Ocean; Desert; Ice; Lava; Gas Giant; Crystal; Toxic; Artificial; Void; Living; Bio; Ancient; Energy; Primordial; Dead","","planet generation; resource profiles; exploration","45","9999","Collective Mind Fragment is a profile-normalized canonical resource used by deterministic planet generation.","Supplemental canonical resource inferred from Planet Resource Profiles v2.0 normalization.","Stable generated ID. Keep for save compatibility unless migrated through an explicit ID remap.","Archaeology; Uncommon; Planetary","active","Archaeology","resource-taxonomy-v3.0","","Canonical generation rules","false","false","Uncommon","Planetary Survey","Extraction, recovery, or processing","Planetary Survey","true","","","","","","","","","","","2026-07-09T00:00:00.000Z","2026-07-09T00:00:00.000Z"
"RES-PROFILE-HARMONY-FRAGMENT","Harmony Fragment","Ancient Material","Ancient Materials","Ancient Fragments","","Uncommon","#2ECC71","Planetary","No","Planetary Survey","Terrestrial; Ocean; Desert; Ice; Lava; Gas Giant; Crystal; Toxic; Artificial; Void; Living; Bio; Ancient; Energy; Primordial; Dead","","planet generation; resource profiles; exploration","45","9999","Harmony Fragment is a profile-normalized canonical resource used by deterministic planet generation.","Supplemental canonical resource inferred from Planet Resource Profiles v2.0 normalization.","Stable generated ID. Keep for save compatibility unless migrated through an explicit ID remap.","Archaeology; Uncommon; Planetary","active","Archaeology","resource-taxonomy-v3.0","","Canonical generation rules","false","false","Uncommon","Planetary Survey","Extraction, recovery, or processing","Planetary Survey","true","","","","","","","","","","","2026-07-09T00:00:00.000Z","2026-07-09T00:00:00.000Z"
"RES-PROFILE-ANCIENT-BONE","Ancient Bone","Ancient Material","Ancient Materials","Fossils and Remains","","Uncommon","#2ECC71","Planetary","No","Planetary Survey","Terrestrial; Ocean; Desert; Ice; Lava; Gas Giant; Crystal; Toxic; Artificial; Void; Living; Bio; Ancient; Energy; Primordial; Dead","","planet generation; resource profiles; exploration","45","9999","Ancient Bone is a profile-normalized canonical resource used by deterministic planet generation.","Supplemental canonical resource inferred from Planet Resource Profiles v2.0 normalization.","Stable generated ID. Keep for save compatibility unless migrated through an explicit ID remap.","Planetary; Uncommon","active","Planetary","resource-taxonomy-v3.0","","Canonical generation rules","false","false","Uncommon","Planetary Survey","Extraction, recovery, or processing","Planetary Survey","true","","","","","","","","","","","2026-07-09T00:00:00.000Z","2026-07-09T00:00:00.000Z"
"RES-PROFILE-ANCIENT-FOSSILS","Ancient Fossils","Ancient Material","Ancient Materials","Fossils and Remains","","Uncommon","#2ECC71","Planetary","No","Planetary Survey","Terrestrial; Ocean; Desert; Ice; Lava; Gas Giant; Crystal; Toxic; Artificial; Void; Living; Bio; Ancient; Energy; Primordial; Dead","","planet generation; resource profiles; exploration","45","9999","Ancient Fossils is a profile-normalized canonical resource used by deterministic planet generation.","Supplemental canonical resource inferred from Planet Resource Profiles v2.0 normalization.","Stable generated ID. Keep for save compatibility unless migrated through an explicit ID remap.","Archaeology; Uncommon; Planetary","active","Archaeology","resource-taxonomy-v3.0","","Canonical generation rules","false","false","Uncommon","Planetary Survey","Extraction, recovery, or processing","Planetary Survey","true","","","","","","","","","","","2026-07-09T00:00:00.000Z","2026-07-09T00:00:00.000Z"
"RES-PROFILE-FOSSILS","Fossils","Ancient Material","Ancient Materials","Fossils and Remains","","Uncommon","#2ECC71","Planetary","No","Planetary Survey","Terrestrial; Ocean; Desert; Ice; Lava; Gas Giant; Crystal; Toxic; Artificial; Void; Living; Bio; Ancient; Energy; Primordial; Dead","","planet generation; resource profiles; exploration","45","9999","Fossils is a profile-normalized canonical resource used by deterministic planet generation.","Supplemental canonical resource inferred from Planet Resource Profiles v2.0 normalization.","Stable generated ID. Keep for save compatibility unless migrated through an explicit ID remap.","Archaeology; Uncommon; Planetary","active","Archaeology","resource-taxonomy-v3.0","","Canonical generation rules","false","false","Uncommon","Planetary Survey","Extraction, recovery, or processing","Planetary Survey","true","","","","","","","","","","","2026-07-09T00:00:00.000Z","2026-07-09T00:00:00.000Z"
"RES-PROFILE-ABYSSAL-RELIC","Abyssal Relic","Ancient Material","Ancient Materials","Relic Materials","","Uncommon","#2ECC71","Planetary","No","Planetary Survey","Terrestrial; Ocean; Desert; Ice; Lava; Gas Giant; Crystal; Toxic; Artificial; Void; Living; Bio; Ancient; Energy; Primordial; Dead","","planet generation; resource profiles; exploration","45","9999","Abyssal Relic is a profile-normalized canonical resource used by deterministic planet generation.","Supplemental canonical resource inferred from Planet Resource Profiles v2.0 normalization.","Stable generated ID. Keep for save compatibility unless migrated through an explicit ID remap.","Archaeology; Uncommon; Planetary","active","Archaeology","resource-taxonomy-v3.0","","Canonical generation rules","false","false","Uncommon","Planetary Survey","Extraction, recovery, or processing","Planetary Survey","true","","","","","","","","","","","2026-07-09T00:00:00.000Z","2026-07-09T00:00:00.000Z"
"RES-PROFILE-BATTLE-RELICS","Battle Relics","Ancient Material","Ancient Materials","Relic Materials","","Uncommon","#2ECC71","Planetary","No","Planetary Survey","Terrestrial; Ocean; Desert; Ice; Lava; Gas Giant; Crystal; Toxic; Artificial; Void; Living; Bio; Ancient; Energy; Primordial; Dead","","planet generation; resource profiles; exploration","45","9999","Battle Relics is a profile-normalized canonical resource used by deterministic planet generation.","Supplemental canonical resource inferred from Planet Resource Profiles v2.0 normalization.","Stable generated ID. Keep for save compatibility unless migrated through an explicit ID remap.","Archaeology; Uncommon; Planetary","active","Archaeology","resource-taxonomy-v3.0","","Canonical generation rules","false","false","Uncommon","Planetary Survey","Extraction, recovery, or processing","Planetary Survey","true","","","","","","","","","","","2026-07-09T00:00:00.000Z","2026-07-09T00:00:00.000Z"
"RES-PROFILE-CORROSIVE-ENZYME","Corrosive Enzyme","Biological","Biological Materials","Biochemical Agents","","Uncommon","#2ECC71","Planetary","No","Planetary Survey","Terrestrial; Ocean; Desert; Ice; Lava; Gas Giant; Crystal; Toxic; Artificial; Void; Living; Bio; Ancient; Energy; Primordial; Dead","","planet generation; resource profiles; exploration","45","9999","Corrosive Enzyme is a profile-normalized canonical resource used by deterministic planet generation.","Supplemental canonical resource inferred from Planet Resource Profiles v2.0 normalization.","Stable generated ID. Keep for save compatibility unless migrated through an explicit ID remap.","Planetary; Uncommon","active","Planetary","resource-taxonomy-v3.0","","Canonical generation rules","false","false","Uncommon","Planetary Survey","Extraction, recovery, or processing","Planetary Survey","true","","","","","","","","","","","2026-07-09T00:00:00.000Z","2026-07-09T00:00:00.000Z"
"RES-0071","Mutagen","Biological","Biological Materials","Biochemical Agents","","Epic","#9B59B6","Alien","No","Alien Planet Discovery","Ocean; Toxic; Bio; Living","","biotech; medicine; collectibles; special upgrades; and trade","650","9999","Unstable biological agent that accelerates mutation and evolution.","Speculative xenobiology resource.","Only roll on Alien-tier worlds or higher.","Biochemical; Epic; Alien","active","Biochemical","resource-taxonomy-v3.0","","Canonical generation rules","false","false","Epic","Alien Planet Discovery","Extraction, recovery, or processing","Alien Planet Discovery","true","","","","","","","","","","","2026-07-06T00:00:00.000Z","2026-07-06T00:00:00.000Z"
"RES-0073","Cellular Tissue","Biological","Biological Materials","Biological Tissues","","Epic","#9B59B6","Alien","No","Alien Planet Discovery","Ocean; Toxic; Bio; Living","","biotech; medicine; collectibles; special upgrades; and trade","650","9999","Basic alien cell mass for medical and research use.","Speculative xenobiology resource.","Only roll on Alien-tier worlds or higher.","Biological; Epic; Alien","active","Biological","resource-taxonomy-v3.0","","Canonical generation rules","false","false","Epic","Alien Planet Discovery","Extraction, recovery, or processing","Alien Planet Discovery","true","","","","","","","","","","","2026-07-06T00:00:00.000Z","2026-07-06T00:00:00.000Z"
"RES-PROFILE-LIVING-TISSUE","Living Tissue","Biological","Biological Materials","Biological Tissues","","Uncommon","#2ECC71","Planetary","No","Planetary Survey","Terrestrial; Ocean; Desert; Ice; Lava; Gas Giant; Crystal; Toxic; Artificial; Void; Living; Bio; Ancient; Energy; Primordial; Dead","","planet generation; resource profiles; exploration","45","9999","Living Tissue is a profile-normalized canonical resource used by deterministic planet generation.","Supplemental canonical resource inferred from Planet Resource Profiles v2.0 normalization.","Stable generated ID. Keep for save compatibility unless migrated through an explicit ID remap.","Organic; Uncommon; Planetary","active","Organic","resource-taxonomy-v3.0","","Canonical generation rules","false","false","Uncommon","Planetary Survey","Extraction, recovery, or processing","Planetary Survey","true","","","","","","","","","","","2026-07-09T00:00:00.000Z","2026-07-09T00:00:00.000Z"
"RES-0063","Neural Tissue","Biological","Biological Materials","Biological Tissues","","Epic","#9B59B6","Alien","No","Alien Planet Discovery","Ocean; Toxic; Bio; Living","","biotech; medicine; collectibles; special upgrades; and trade","650","9999","Alien neural material for computing, medicine, and consciousness research.","Speculative xenobiology resource.","Only roll on Alien-tier worlds or higher.","Biological; Epic; Alien","active","Biological","resource-taxonomy-v3.0","","Canonical generation rules","false","false","Epic","Alien Planet Discovery","Extraction, recovery, or processing","Alien Planet Discovery","true","","","","","","","","","","","2026-07-06T00:00:00.000Z","2026-07-06T00:00:00.000Z"
"RES-0072","Parasitic Tissue","Biological","Biological Materials","Biological Tissues","","Epic","#9B59B6","Alien","No","Alien Planet Discovery","Ocean; Toxic; Bio; Living","","biotech; medicine; collectibles; special upgrades; and trade","650","9999","Dangerous alien tissue used in medicine, weapons, and events.","Speculative xenobiology resource.","Only roll on Alien-tier worlds or higher.","Biological; Epic; Alien","active","Biological","resource-taxonomy-v3.0","","Canonical generation rules","false","false","Epic","Alien Planet Discovery","Extraction, recovery, or processing","Alien Planet Discovery","true","","","","","","","","","","","2026-07-06T00:00:00.000Z","2026-07-06T00:00:00.000Z"
"RES-PROFILE-REGENERATIVE-TISSUE","Regenerative Tissue","Biological","Biological Materials","Biological Tissues","","Uncommon","#2ECC71","Planetary","No","Planetary Survey","Terrestrial; Ocean; Desert; Ice; Lava; Gas Giant; Crystal; Toxic; Artificial; Void; Living; Bio; Ancient; Energy; Primordial; Dead","","planet generation; resource profiles; exploration","45","9999","Regenerative Tissue is a profile-normalized canonical resource used by deterministic planet generation.","Supplemental canonical resource inferred from Planet Resource Profiles v2.0 normalization.","Stable generated ID. Keep for save compatibility unless migrated through an explicit ID remap.","Organic; Uncommon; Planetary","active","Organic","resource-taxonomy-v3.0","","Canonical generation rules","false","false","Uncommon","Planetary Survey","Extraction, recovery, or processing","Planetary Survey","true","","","","","","","","","","","2026-07-09T00:00:00.000Z","2026-07-09T00:00:00.000Z"
"RES-0059","Bio Gel","Biological","Biological Materials","Biomass","","Epic","#9B59B6","Alien","No","Alien Planet Discovery","Ocean; Toxic; Bio; Living","","biotech; medicine; collectibles; special upgrades; and trade","650","9999","Semi-organic gel used in advanced medicine, biotech, and alien crafting.","Speculative xenobiology resource.","Only roll on Alien-tier worlds or higher.","Biological; Epic; Alien","active","Biological","resource-taxonomy-v3.0","","Canonical generation rules","false","false","Epic","Alien Planet Discovery","Extraction, recovery, or processing","Alien Planet Discovery","true","","","","","","","","","","","2026-07-06T00:00:00.000Z","2026-07-06T00:00:00.000Z"
"RES-0058","Living Biomass","Biological","Biological Materials","Biomass","","Epic","#9B59B6","Alien","No","Alien Planet Discovery","Ocean; Toxic; Bio; Living","","biotech; medicine; collectibles; special upgrades; and trade","650","9999","Harvested living matter from alien ecosystems and living planets.","Speculative xenobiology resource.","Only roll on Alien-tier worlds or higher.","Biological; Epic; Alien","active","Biological","resource-taxonomy-v3.0","","Canonical generation rules","false","false","Epic","Alien Planet Discovery","Extraction, recovery, or processing","Alien Planet Discovery","true","","","","","","","","","","","2026-07-06T00:00:00.000Z","2026-07-06T00:00:00.000Z"
"RES-PROFILE-LIVING-BIOMASS-TRACE","Living Biomass Trace","Biological","Biological Materials","Biomass","","Exotic","#F39C12","Planetary","No","Planetary Survey","Terrestrial; Ocean; Desert; Ice; Lava; Gas Giant; Crystal; Toxic; Artificial; Void; Living; Bio; Ancient; Energy; Primordial; Dead","","planet generation; resource profiles; exploration","250","9999","Living Biomass Trace is a profile-normalized canonical resource used by deterministic planet generation.","Supplemental canonical resource inferred from Planet Resource Profiles v2.0 normalization.","Stable generated ID. Keep for save compatibility unless migrated through an explicit ID remap.","Organic; Exotic; Planetary","active","Organic","resource-taxonomy-v3.0","","Canonical generation rules","false","false","Exotic","Planetary Survey","Extraction, recovery, or processing","Planetary Survey","true","","","","","","","","","","","2026-07-09T00:00:00.000Z","2026-07-09T00:00:00.000Z"
"RES-0054","Coral","Biological","Biological Materials","Coral Materials","","Uncommon","#2ECC71","Planetary","No","Orbital Flight / Planetary Mining","Ice; Ocean; Gas Giant; Dead; Primordial","","colonies; space infrastructure; fuel; and trade","80","9999","Marine calcium resource for biological and cultural systems.","Scientifically grounded planetary resource.","Unlock after orbital flight, satellites, or colony ships.","Organic/Mineral; Uncommon; Planetary","active","Organic/Mineral","resource-taxonomy-v3.0","","Canonical generation rules","false","false","Uncommon","Orbital Flight / Planetary Mining","Extraction, recovery, or processing","Orbital Flight / Planetary Mining","true","","","","","","","","","","","2026-07-06T00:00:00.000Z","2026-07-06T00:00:00.000Z"
"RES-0068","Living Coral","Biological","Biological Materials","Coral Materials","","Epic","#9B59B6","Alien","No","Alien Planet Discovery","Ocean; Toxic; Bio; Living","","biotech; medicine; collectibles; special upgrades; and trade","650","9999","Alien reef material that grows and repairs itself.","Speculative xenobiology resource.","Only roll on Alien-tier worlds or higher.","Organic/Mineral; Epic; Alien","active","Organic/Mineral","resource-taxonomy-v3.0","","Canonical generation rules","false","false","Epic","Alien Planet Discovery","Extraction, recovery, or processing","Alien Planet Discovery","true","","","","","","","","","","","2026-07-06T00:00:00.000Z","2026-07-06T00:00:00.000Z"
"RES-PROFILE-LIVING-REEF-CORE","Living Reef Core","Biological","Biological Materials","Coral Materials","","Uncommon","#2ECC71","Planetary","No","Planetary Survey","Terrestrial; Ocean; Desert; Ice; Lava; Gas Giant; Crystal; Toxic; Artificial; Void; Living; Bio; Ancient; Energy; Primordial; Dead","","planet generation; resource profiles; exploration","45","9999","Living Reef Core is a profile-normalized canonical resource used by deterministic planet generation.","Supplemental canonical resource inferred from Planet Resource Profiles v2.0 normalization.","Stable generated ID. Keep for save compatibility unless migrated through an explicit ID remap.","Energy; Uncommon; Planetary","active","Energy","resource-taxonomy-v3.0","","Canonical generation rules","false","false","Uncommon","Planetary Survey","Extraction, recovery, or processing","Planetary Survey","true","","","","","","","","","","","2026-07-09T00:00:00.000Z","2026-07-09T00:00:00.000Z"
"RES-0061","Alien Genome","Biological","Biological Materials","Genetic Materials","","Epic","#9B59B6","Alien","No","Alien Planet Discovery","Ocean; Toxic; Bio; Living","","biotech; medicine; collectibles; special upgrades; and trade","650","9999","Complete alien genome data for high-tier biotech and rare collectibles.","Speculative xenobiology resource.","Only roll on Alien-tier worlds or higher.","Biological; Epic; Alien","active","Biological","resource-taxonomy-v3.0","","Canonical generation rules","false","false","Epic","Alien Planet Discovery","Extraction, recovery, or processing","Alien Planet Discovery","true","","","","","","","","","","","2026-07-06T00:00:00.000Z","2026-07-06T00:00:00.000Z"
"RES-0060","Genetic Material","Biological","Biological Materials","Genetic Materials","","Epic","#9B59B6","Alien","No","Alien Planet Discovery","Ocean; Toxic; Bio; Living","","biotech; medicine; collectibles; special upgrades; and trade","650","9999","Alien genetic material used for biotech, medicine, and advanced research.","Speculative xenobiology resource.","Only roll on Alien-tier worlds or higher.","Biological; Epic; Alien","active","Biological","resource-taxonomy-v3.0","","Canonical generation rules","false","false","Epic","Alien Planet Discovery","Extraction, recovery, or processing","Alien Planet Discovery","true","","","","","","","","","","","2026-07-06T00:00:00.000Z","2026-07-06T00:00:00.000Z"
"RES-PROFILE-CELLULAR-CORE","Cellular Core","Biological","Biological Materials","Living Cores and Networks","","Uncommon","#2ECC71","Planetary","No","Planetary Survey","Terrestrial; Ocean; Desert; Ice; Lava; Gas Giant; Crystal; Toxic; Artificial; Void; Living; Bio; Ancient; Energy; Primordial; Dead","","planet generation; resource profiles; exploration","45","9999","Cellular Core is a profile-normalized canonical resource used by deterministic planet generation.","Supplemental canonical resource inferred from Planet Resource Profiles v2.0 normalization.","Stable generated ID. Keep for save compatibility unless migrated through an explicit ID remap.","Energy; Uncommon; Planetary","active","Energy","resource-taxonomy-v3.0","","Canonical generation rules","false","false","Uncommon","Planetary Survey","Extraction, recovery, or processing","Planetary Survey","true","","","","","","","","","","","2026-07-09T00:00:00.000Z","2026-07-09T00:00:00.000Z"
"RES-PROFILE-GLOW-CORE","Glow Core","Biological","Biological Materials","Living Cores and Networks","","Uncommon","#2ECC71","Planetary","No","Planetary Survey","Terrestrial; Ocean; Desert; Ice; Lava; Gas Giant; Crystal; Toxic; Artificial; Void; Living; Bio; Ancient; Energy; Primordial; Dead","","planet generation; resource profiles; exploration","45","9999","Glow Core is a profile-normalized canonical resource used by deterministic planet generation.","Supplemental canonical resource inferred from Planet Resource Profiles v2.0 normalization.","Stable generated ID. Keep for save compatibility unless migrated through an explicit ID remap.","Energy; Uncommon; Planetary","active","Energy","resource-taxonomy-v3.0","","Canonical generation rules","false","false","Uncommon","Planetary Survey","Extraction, recovery, or processing","Planetary Survey","true","","","","","","","","","","","2026-07-09T00:00:00.000Z","2026-07-09T00:00:00.000Z"
"RES-PROFILE-HIVE-CORE","Hive Core","Biological","Biological Materials","Living Cores and Networks","","Uncommon","#2ECC71","Planetary","No","Planetary Survey","Terrestrial; Ocean; Desert; Ice; Lava; Gas Giant; Crystal; Toxic; Artificial; Void; Living; Bio; Ancient; Energy; Primordial; Dead","","planet generation; resource profiles; exploration","45","9999","Hive Core is a profile-normalized canonical resource used by deterministic planet generation.","Supplemental canonical resource inferred from Planet Resource Profiles v2.0 normalization.","Stable generated ID. Keep for save compatibility unless migrated through an explicit ID remap.","Energy; Uncommon; Planetary","active","Energy","resource-taxonomy-v3.0","","Canonical generation rules","false","false","Uncommon","Planetary Survey","Extraction, recovery, or processing","Planetary Survey","true","","","","","","","","","","","2026-07-09T00:00:00.000Z","2026-07-09T00:00:00.000Z"
"RES-PROFILE-LIVING-CORE","Living Core","Biological","Biological Materials","Living Cores and Networks","","Uncommon","#2ECC71","Planetary","No","Planetary Survey","Terrestrial; Ocean; Desert; Ice; Lava; Gas Giant; Crystal; Toxic; Artificial; Void; Living; Bio; Ancient; Energy; Primordial; Dead","","planet generation; resource profiles; exploration","45","9999","Living Core is a profile-normalized canonical resource used by deterministic planet generation.","Supplemental canonical resource inferred from Planet Resource Profiles v2.0 normalization.","Stable generated ID. Keep for save compatibility unless migrated through an explicit ID remap.","Energy; Uncommon; Planetary","active","Energy","resource-taxonomy-v3.0","","Canonical generation rules","false","false","Uncommon","Planetary Survey","Extraction, recovery, or processing","Planetary Survey","true","","","","","","","","","","","2026-07-09T00:00:00.000Z","2026-07-09T00:00:00.000Z"
"RES-PROFILE-LIVING-NETWORK","Living Network","Biological","Biological Materials","Living Cores and Networks","","Uncommon","#2ECC71","Planetary","No","Planetary Survey","Terrestrial; Ocean; Desert; Ice; Lava; Gas Giant; Crystal; Toxic; Artificial; Void; Living; Bio; Ancient; Energy; Primordial; Dead","","planet generation; resource profiles; exploration","45","9999","Living Network is a profile-normalized canonical resource used by deterministic planet generation.","Supplemental canonical resource inferred from Planet Resource Profiles v2.0 normalization.","Stable generated ID. Keep for save compatibility unless migrated through an explicit ID remap.","Planetary; Uncommon","active","Planetary","resource-taxonomy-v3.0","","Canonical generation rules","false","false","Uncommon","Planetary Survey","Extraction, recovery, or processing","Planetary Survey","true","","","","","","","","","","","2026-07-09T00:00:00.000Z","2026-07-09T00:00:00.000Z"
"RES-PROFILE-MYCELIUM-CORE","Mycelium Core","Biological","Biological Materials","Living Cores and Networks","","Uncommon","#2ECC71","Planetary","No","Planetary Survey","Terrestrial; Ocean; Desert; Ice; Lava; Gas Giant; Crystal; Toxic; Artificial; Void; Living; Bio; Ancient; Energy; Primordial; Dead","","planet generation; resource profiles; exploration","45","9999","Mycelium Core is a profile-normalized canonical resource used by deterministic planet generation.","Supplemental canonical resource inferred from Planet Resource Profiles v2.0 normalization.","Stable generated ID. Keep for save compatibility unless migrated through an explicit ID remap.","Energy; Uncommon; Planetary","active","Energy","resource-taxonomy-v3.0","","Canonical generation rules","false","false","Uncommon","Planetary Survey","Extraction, recovery, or processing","Planetary Survey","true","","","","","","","","","","","2026-07-09T00:00:00.000Z","2026-07-09T00:00:00.000Z"
"RES-PROFILE-PARASITE-CORE","Parasite Core","Biological","Biological Materials","Living Cores and Networks","","Uncommon","#2ECC71","Planetary","No","Planetary Survey","Terrestrial; Ocean; Desert; Ice; Lava; Gas Giant; Crystal; Toxic; Artificial; Void; Living; Bio; Ancient; Energy; Primordial; Dead","","planet generation; resource profiles; exploration","45","9999","Parasite Core is a profile-normalized canonical resource used by deterministic planet generation.","Supplemental canonical resource inferred from Planet Resource Profiles v2.0 normalization.","Stable generated ID. Keep for save compatibility unless migrated through an explicit ID remap.","Energy; Uncommon; Planetary","active","Energy","resource-taxonomy-v3.0","","Canonical generation rules","false","false","Uncommon","Planetary Survey","Extraction, recovery, or processing","Planetary Survey","true","","","","","","","","","","","2026-07-09T00:00:00.000Z","2026-07-09T00:00:00.000Z"
"RES-PROFILE-ROOT-CORE","Root Core","Biological","Biological Materials","Living Cores and Networks","","Uncommon","#2ECC71","Planetary","No","Planetary Survey","Terrestrial; Ocean; Desert; Ice; Lava; Gas Giant; Crystal; Toxic; Artificial; Void; Living; Bio; Ancient; Energy; Primordial; Dead","","planet generation; resource profiles; exploration","45","9999","Root Core is a profile-normalized canonical resource used by deterministic planet generation.","Supplemental canonical resource inferred from Planet Resource Profiles v2.0 normalization.","Stable generated ID. Keep for save compatibility unless migrated through an explicit ID remap.","Energy; Uncommon; Planetary","active","Energy","resource-taxonomy-v3.0","","Canonical generation rules","false","false","Uncommon","Planetary Survey","Extraction, recovery, or processing","Planetary Survey","true","","","","","","","","","","","2026-07-09T00:00:00.000Z","2026-07-09T00:00:00.000Z"
"RES-PROFILE-SPORE-CORE","Spore Core","Biological","Biological Materials","Living Cores and Networks","","Uncommon","#2ECC71","Planetary","No","Planetary Survey","Terrestrial; Ocean; Desert; Ice; Lava; Gas Giant; Crystal; Toxic; Artificial; Void; Living; Bio; Ancient; Energy; Primordial; Dead","","planet generation; resource profiles; exploration","45","9999","Spore Core is a profile-normalized canonical resource used by deterministic planet generation.","Supplemental canonical resource inferred from Planet Resource Profiles v2.0 normalization.","Stable generated ID. Keep for save compatibility unless migrated through an explicit ID remap.","Energy; Uncommon; Planetary","active","Energy","resource-taxonomy-v3.0","","Canonical generation rules","false","false","Uncommon","Planetary Survey","Extraction, recovery, or processing","Planetary Survey","true","","","","","","","","","","","2026-07-09T00:00:00.000Z","2026-07-09T00:00:00.000Z"
"RES-PROFILE-SYMBIOSIS-CORE","Symbiosis Core","Biological","Biological Materials","Living Cores and Networks","","Uncommon","#2ECC71","Planetary","No","Planetary Survey","Terrestrial; Ocean; Desert; Ice; Lava; Gas Giant; Crystal; Toxic; Artificial; Void; Living; Bio; Ancient; Energy; Primordial; Dead","","planet generation; resource profiles; exploration","45","9999","Symbiosis Core is a profile-normalized canonical resource used by deterministic planet generation.","Supplemental canonical resource inferred from Planet Resource Profiles v2.0 normalization.","Stable generated ID. Keep for save compatibility unless migrated through an explicit ID remap.","Energy; Uncommon; Planetary","active","Energy","resource-taxonomy-v3.0","","Canonical generation rules","false","false","Uncommon","Planetary Survey","Extraction, recovery, or processing","Planetary Survey","true","","","","","","","","","","","2026-07-09T00:00:00.000Z","2026-07-09T00:00:00.000Z"
"RES-0070","Living Roots","Biological","Biological Materials","Structural Biomaterials","","Epic","#9B59B6","Alien","No","Alien Planet Discovery","Ocean; Toxic; Bio; Living","","biotech; medicine; collectibles; special upgrades; and trade","650","9999","Planet-scale root systems used in biological infrastructure.","Speculative xenobiology resource.","Only roll on Alien-tier worlds or higher.","Biological; Epic; Alien","active","Biological","resource-taxonomy-v3.0","","Canonical generation rules","false","false","Epic","Alien Planet Discovery","Extraction, recovery, or processing","Alien Planet Discovery","true","","","","","","","","","","","2026-07-06T00:00:00.000Z","2026-07-06T00:00:00.000Z"
"RES-0069","World Tree Fiber","Biological","Biological Materials","Structural Biomaterials","","Epic","#9B59B6","Alien","No","Alien Planet Discovery","Ocean; Toxic; Bio; Living","","biotech; medicine; collectibles; special upgrades; and trade","650","9999","Rare living fiber from world tree planets.","Speculative xenobiology resource.","Only roll on Alien-tier worlds or higher.","Biological; Epic; Alien","active","Biological","resource-taxonomy-v3.0","","Canonical generation rules","false","false","Epic","Alien Planet Discovery","Extraction, recovery, or processing","Alien Planet Discovery","true","","","","","","","","","","","2026-07-06T00:00:00.000Z","2026-07-06T00:00:00.000Z"
"RES-PROFILE-TOXIC-CATALYST","Toxic Catalyst","Compound","Chemicals and Compounds","Catalysts","","Uncommon","#2ECC71","Planetary","No","Planetary Survey","Terrestrial; Ocean; Desert; Ice; Lava; Gas Giant; Crystal; Toxic; Artificial; Void; Living; Bio; Ancient; Energy; Primordial; Dead","","planet generation; resource profiles; exploration","45","9999","Toxic Catalyst is a profile-normalized canonical resource used by deterministic planet generation.","Supplemental canonical resource inferred from Planet Resource Profiles v2.0 normalization.","Stable generated ID. Keep for save compatibility unless migrated through an explicit ID remap.","Planetary; Uncommon","active","Planetary","resource-taxonomy-v3.0","","Canonical generation rules","false","false","Uncommon","Planetary Survey","Extraction, recovery, or processing","Planetary Survey","true","","","","","","","","","","","2026-07-09T00:00:00.000Z","2026-07-09T00:00:00.000Z"
"RES-PROFILE-CHEMICAL-WASTE","Chemical Waste","Compound","Chemicals and Compounds","Chemical Waste","","Uncommon","#2ECC71","Planetary","No","Planetary Survey","Terrestrial; Ocean; Desert; Ice; Lava; Gas Giant; Crystal; Toxic; Artificial; Void; Living; Bio; Ancient; Energy; Primordial; Dead","","planet generation; resource profiles; exploration","45","9999","Chemical Waste is a profile-normalized canonical resource used by deterministic planet generation.","Supplemental canonical resource inferred from Planet Resource Profiles v2.0 normalization.","Stable generated ID. Keep for save compatibility unless migrated through an explicit ID remap.","Planetary; Uncommon","active","Planetary","resource-taxonomy-v3.0","","Canonical generation rules","false","false","Uncommon","Planetary Survey","Extraction, recovery, or processing","Planetary Survey","true","","","","","","","","","","","2026-07-09T00:00:00.000Z","2026-07-09T00:00:00.000Z"
"RES-0181","Hydrocarbons","Compound","Chemicals and Compounds","Hydrocarbons","","Common","#FFFFFF","Space","No","Space Survey","Gas Giant; Ice; Toxic; Lava; Terrestrial; Dead","","planet generation; economy; crafting; research","10","9999","Fuel-rich chemical resource from atmospheric and icy bodies.","Supplemental canonical resource added by ResourceService to keep generation rules catalog-backed.","Stable generated ID. Do not rename or reuse.","Chemical; Common; Space","active","Chemical","resource-taxonomy-v3.0","","Canonical generation rules","false","false","Common","Space Survey","Extraction, recovery, or processing","Space Survey","true","","","","","","","","","","","2026-07-09T00:00:00.000Z","2026-07-09T00:00:00.000Z"
"RES-PROFILE-ALUMINUM-OXIDE","Aluminum Oxide","Compound","Chemicals and Compounds","Oxides","","Uncommon","#2ECC71","Planetary","No","Planetary Survey","Terrestrial; Ocean; Desert; Ice; Lava; Gas Giant; Crystal; Toxic; Artificial; Void; Living; Bio; Ancient; Energy; Primordial; Dead","","planet generation; resource profiles; exploration","45","9999","Aluminum Oxide is a profile-normalized canonical resource used by deterministic planet generation.","Supplemental canonical resource inferred from Planet Resource Profiles v2.0 normalization.","Stable generated ID. Keep for save compatibility unless migrated through an explicit ID remap.","Planetary; Uncommon","active","Planetary","resource-taxonomy-v3.0","","Canonical generation rules","false","false","Uncommon","Planetary Survey","Extraction, recovery, or processing","Planetary Survey","true","","","","","","","","","","","2026-07-09T00:00:00.000Z","2026-07-09T00:00:00.000Z"
"RES-PROFILE-ACIDIC-COMPOUNDS","Acidic Compounds","Compound","Chemicals and Compounds","Reactive Compounds","","Uncommon","#2ECC71","Planetary","No","Planetary Survey","Terrestrial; Ocean; Desert; Ice; Lava; Gas Giant; Crystal; Toxic; Artificial; Void; Living; Bio; Ancient; Energy; Primordial; Dead","","planet generation; resource profiles; exploration","45","9999","Acidic Compounds is a profile-normalized canonical resource used by deterministic planet generation.","Supplemental canonical resource inferred from Planet Resource Profiles v2.0 normalization.","Stable generated ID. Keep for save compatibility unless migrated through an explicit ID remap.","Planetary; Uncommon","active","Planetary","resource-taxonomy-v3.0","","Canonical generation rules","false","false","Uncommon","Planetary Survey","Extraction, recovery, or processing","Planetary Survey","true","","","","","","","","","","","2026-07-09T00:00:00.000Z","2026-07-09T00:00:00.000Z"
"RES-0182","Chemical Salts","Compound","Chemicals and Compounds","Salts","","Common","#FFFFFF","Planetary","No","Space Survey","Gas Giant; Ice; Toxic; Lava; Terrestrial; Dead","","planet generation; economy; crafting; research","10","9999","Reactive mineral salts used in chemistry, terraforming, and toxic-world processing.","Supplemental canonical resource added by ResourceService to keep generation rules catalog-backed.","Stable generated ID. Do not rename or reuse.","Chemical; Common; Planetary","active","Chemical","resource-taxonomy-v3.0","","Canonical generation rules","false","false","Common","Space Survey","Extraction, recovery, or processing","Space Survey","true","","","","","","","","","","","2026-07-09T00:00:00.000Z","2026-07-09T00:00:00.000Z"
"RES-0007","Salt","Compound","Chemicals and Compounds","Salts","","Common","#FFFFFF","Earth","Yes","Start","Terrestrial; Desert; Dead; Lava","","early buildings; basic industry; crafting; and trade","10","9999","Used for preservation, chemistry, food systems, and trade.","Earth-realistic common resource.","Available before space exploration.","Mineral; Common; Earth","active","Mineral","resource-taxonomy-v3.0","","Canonical generation rules","false","false","Common","Start","Extraction, recovery, or processing","Start","true","","","","","","","","","","","2026-07-06T00:00:00.000Z","2026-07-06T00:00:00.000Z"
"RES-0086","Cryo Crystal","Crystal","Crystals","Cryogenic Crystals","","Rare","#3498DB","Alien","No","Crystal / Energy World Discovery","Crystal; Energy; Lava; Ice; Void","","research; reactors; advanced buildings; collectibles; and trading","500","9999","Frozen crystalline material from ice worlds used in cryogenic tech.","Speculative sci-fi crystalline material.","Tie to planet class and rarity roll.","Crystal/Ice; Rare; Alien","active","Crystal/Ice","resource-taxonomy-v3.0","","Canonical generation rules","false","false","Rare","Crystal / Energy World Discovery","Extraction, recovery, or processing","Crystal / Energy World Discovery","true","","","","","","","","","","","2026-07-06T00:00:00.000Z","2026-07-06T00:00:00.000Z"
"RES-0079","Energy Crystal","Crystal","Crystals","Energy Crystals","","Rare","#3498DB","Alien","No","Crystal / Energy World Discovery","Crystal; Energy; Lava; Ice; Void","","research; reactors; advanced buildings; collectibles; and trading","500","9999","Crystal that stores or channels energy for advanced reactors.","Speculative sci-fi crystalline material.","Tie to planet class and rarity roll.","Crystal/Energy; Rare; Alien","active","Crystal/Energy","resource-taxonomy-v3.0","","Canonical generation rules","false","false","Rare","Crystal / Energy World Discovery","Extraction, recovery, or processing","Crystal / Energy World Discovery","true","","","","","","","","","","","2026-07-06T00:00:00.000Z","2026-07-06T00:00:00.000Z"
"RES-0090","Lightstone","Crystal","Crystals","Energy Crystals","","Rare","#3498DB","Alien","No","Crystal / Energy World Discovery","Crystal; Energy; Lava; Ice; Void","","research; reactors; advanced buildings; collectibles; and trading","500","9999","Radiant mineral that emits stable usable light energy.","Speculative sci-fi crystalline material.","Tie to planet class and rarity roll.","Crystal/Energy; Rare; Alien","active","Crystal/Energy","resource-taxonomy-v3.0","","Canonical generation rules","false","false","Rare","Crystal / Energy World Discovery","Extraction, recovery, or processing","Crystal / Energy World Discovery","true","","","","","","","","","","","2026-07-06T00:00:00.000Z","2026-07-06T00:00:00.000Z"
"RES-0089","Photon Glass","Crystal","Crystals","Energy Crystals","","Rare","#3498DB","Alien","No","Crystal / Energy World Discovery","Crystal; Energy; Lava; Ice; Void","","research; reactors; advanced buildings; collectibles; and trading","500","9999","Light-channeling glass for energy systems and optics.","Speculative sci-fi crystalline material.","Tie to planet class and rarity roll.","Crystal/Energy; Rare; Alien","active","Crystal/Energy","resource-taxonomy-v3.0","","Canonical generation rules","false","false","Rare","Crystal / Energy World Discovery","Extraction, recovery, or processing","Crystal / Energy World Discovery","true","","","","","","","","","","","2026-07-06T00:00:00.000Z","2026-07-06T00:00:00.000Z"
"RES-0150","Zero Point Crystal","Crystal","Crystals","Energy Crystals","","Legendary","#F39C12","Cosmic","No","Void / Energy / Cosmic World Discovery","Void; Energy; Gas Giant; Primordial","","endgame energy; galaxy travel; wonders; research; and collectibles","5000","9999","Crystal used to tap zero-point energy systems.","Highly speculative science-fiction resource.","Roll only on high rarity planets or compatible world classes.","Energy Crystal; Legendary; Cosmic","active","Energy Crystal","resource-taxonomy-v3.0","","Canonical generation rules","false","false","Legendary","Void / Energy / Cosmic World Discovery","Extraction, recovery, or processing","Void / Energy / Cosmic World Discovery","true","","","","","","","","","","","2026-07-06T00:00:00.000Z","2026-07-06T00:00:00.000Z"
"RES-0081","Dark Crystal","Crystal","Crystals","Exotic Crystals","","Rare","#3498DB","Alien","No","Crystal / Energy World Discovery","Crystal; Energy; Lava; Ice; Void","","research; reactors; advanced buildings; collectibles; and trading","500","9999","Dark mineral crystal linked to lava, toxic, and void environments.","Speculative sci-fi crystalline material.","Tie to planet class and rarity roll.","Crystal; Rare; Alien","active","Crystal","resource-taxonomy-v3.0","","Canonical generation rules","false","false","Rare","Crystal / Energy World Discovery","Extraction, recovery, or processing","Crystal / Energy World Discovery","true","","","","","","","","","","","2026-07-06T00:00:00.000Z","2026-07-06T00:00:00.000Z"
"RES-PROFILE-DARK-CRYSTAL-TRACE","Dark Crystal Trace","Crystal","Crystals","Exotic Crystals","","Exotic","#F39C12","Planetary","No","Planetary Survey","Terrestrial; Ocean; Desert; Ice; Lava; Gas Giant; Crystal; Toxic; Artificial; Void; Living; Bio; Ancient; Energy; Primordial; Dead","","planet generation; resource profiles; exploration","250","9999","Dark Crystal Trace is a profile-normalized canonical resource used by deterministic planet generation.","Supplemental canonical resource inferred from Planet Resource Profiles v2.0 normalization.","Stable generated ID. Keep for save compatibility unless migrated through an explicit ID remap.","Crystal; Exotic; Planetary","active","Crystal","resource-taxonomy-v3.0","","Canonical generation rules","false","false","Exotic","Planetary Survey","Extraction, recovery, or processing","Planetary Survey","true","","","","","","","","","","","2026-07-09T00:00:00.000Z","2026-07-09T00:00:00.000Z"
"RES-PROFILE-INFINITE-CRYSTAL","Infinite Crystal","Crystal","Crystals","Exotic Crystals","","Exotic","#F39C12","Planetary","No","Planetary Survey","Terrestrial; Ocean; Desert; Ice; Lava; Gas Giant; Crystal; Toxic; Artificial; Void; Living; Bio; Ancient; Energy; Primordial; Dead","","planet generation; resource profiles; exploration","250","9999","Infinite Crystal is a profile-normalized canonical resource used by deterministic planet generation.","Supplemental canonical resource inferred from Planet Resource Profiles v2.0 normalization.","Stable generated ID. Keep for save compatibility unless migrated through an explicit ID remap.","Crystal; Exotic; Planetary","active","Crystal","resource-taxonomy-v3.0","","Canonical generation rules","false","false","Exotic","Planetary Survey","Extraction, recovery, or processing","Planetary Survey","true","","","","","","","","","","","2026-07-09T00:00:00.000Z","2026-07-09T00:00:00.000Z"
"RES-0082","Prismatic Crystal","Crystal","Crystals","Exotic Crystals","","Rare","#3498DB","Alien","No","Crystal / Energy World Discovery","Crystal; Energy; Lava; Ice; Void","","research; reactors; advanced buildings; collectibles; and trading","500","9999","Refractive multi-color crystal used in optics and trade.","Speculative sci-fi crystalline material.","Tie to planet class and rarity roll.","Crystal; Rare; Alien","active","Crystal","resource-taxonomy-v3.0","","Canonical generation rules","false","false","Rare","Crystal / Energy World Discovery","Extraction, recovery, or processing","Crystal / Energy World Discovery","true","","","","","","","","","","","2026-07-06T00:00:00.000Z","2026-07-06T00:00:00.000Z"
"RES-0080","Void Crystal","Crystal","Crystals","Exotic Crystals","","Rare","#3498DB","Alien","No","Crystal / Energy World Discovery","Crystal; Energy; Lava; Ice; Void","","research; reactors; advanced buildings; collectibles; and trading","500","9999","Dark crystal formed near void anomalies and unstable space-time.","Speculative sci-fi crystalline material.","Tie to planet class and rarity roll.","Crystal/Cosmic; Rare; Alien","active","Crystal/Cosmic","resource-taxonomy-v3.0","","Canonical generation rules","false","false","Rare","Crystal / Energy World Discovery","Extraction, recovery, or processing","Crystal / Energy World Discovery","true","","","","","","","","","","","2026-07-06T00:00:00.000Z","2026-07-06T00:00:00.000Z"
"RES-PROFILE-ABYSSAL-PEARL","Abyssal Pearl","Crystal","Crystals","Gemstones","","Uncommon","#2ECC71","Planetary","No","Planetary Survey","Terrestrial; Ocean; Desert; Ice; Lava; Gas Giant; Crystal; Toxic; Artificial; Void; Living; Bio; Ancient; Energy; Primordial; Dead","","planet generation; resource profiles; exploration","45","9999","Abyssal Pearl is a profile-normalized canonical resource used by deterministic planet generation.","Supplemental canonical resource inferred from Planet Resource Profiles v2.0 normalization.","Stable generated ID. Keep for save compatibility unless migrated through an explicit ID remap.","Planetary; Uncommon","active","Planetary","resource-taxonomy-v3.0","","Canonical generation rules","false","false","Uncommon","Planetary Survey","Extraction, recovery, or processing","Planetary Survey","true","","","","","","","","","","","2026-07-09T00:00:00.000Z","2026-07-09T00:00:00.000Z"
"RES-0083","Amethyst Crystal","Crystal","Crystals","Gemstones","","Rare","#3498DB","Alien","No","Crystal / Energy World Discovery","Crystal; Energy; Lava; Ice; Void","","research; reactors; advanced buildings; collectibles; and trading","500","9999","Purple crystal variant useful for collectibles and research.","Speculative sci-fi crystalline material.","Tie to planet class and rarity roll.","Crystal; Rare; Alien","active","Crystal","resource-taxonomy-v3.0","","Canonical generation rules","false","false","Rare","Crystal / Energy World Discovery","Extraction, recovery, or processing","Crystal / Energy World Discovery","true","","","","","","","","","","","2026-07-06T00:00:00.000Z","2026-07-06T00:00:00.000Z"
"RES-0084","Emerald Crystal","Crystal","Crystals","Gemstones","","Rare","#3498DB","Alien","No","Crystal / Energy World Discovery","Crystal; Energy; Lava; Ice; Void","","research; reactors; advanced buildings; collectibles; and trading","500","9999","Green crystal variant connected to chromium-rich crystal worlds.","Speculative sci-fi crystalline material.","Tie to planet class and rarity roll.","Crystal; Rare; Alien","active","Crystal","resource-taxonomy-v3.0","","Canonical generation rules","false","false","Rare","Crystal / Energy World Discovery","Extraction, recovery, or processing","Crystal / Energy World Discovery","true","","","","","","","","","","","2026-07-06T00:00:00.000Z","2026-07-06T00:00:00.000Z"
"RES-PROFILE-OCEAN-PEARL","Ocean Pearl","Crystal","Crystals","Gemstones","","Uncommon","#2ECC71","Planetary","No","Planetary Survey","Terrestrial; Ocean; Desert; Ice; Lava; Gas Giant; Crystal; Toxic; Artificial; Void; Living; Bio; Ancient; Energy; Primordial; Dead","","planet generation; resource profiles; exploration","45","9999","Ocean Pearl is a profile-normalized canonical resource used by deterministic planet generation.","Supplemental canonical resource inferred from Planet Resource Profiles v2.0 normalization.","Stable generated ID. Keep for save compatibility unless migrated through an explicit ID remap.","Planetary; Uncommon","active","Planetary","resource-taxonomy-v3.0","","Canonical generation rules","false","false","Uncommon","Planetary Survey","Extraction, recovery, or processing","Planetary Survey","true","","","","","","","","","","","2026-07-09T00:00:00.000Z","2026-07-09T00:00:00.000Z"
"RES-0085","Sapphire Crystal","Crystal","Crystals","Gemstones","","Rare","#3498DB","Alien","No","Crystal / Energy World Discovery","Crystal; Energy; Lava; Ice; Void","","research; reactors; advanced buildings; collectibles; and trading","500","9999","Blue crystal variant linked to aluminum oxide and titanium traces.","Speculative sci-fi crystalline material.","Tie to planet class and rarity roll.","Crystal; Rare; Alien","active","Crystal","resource-taxonomy-v3.0","","Canonical generation rules","false","false","Rare","Crystal / Energy World Discovery","Extraction, recovery, or processing","Crystal / Energy World Discovery","true","","","","","","","","","","","2026-07-06T00:00:00.000Z","2026-07-06T00:00:00.000Z"
"RES-0077","Crystal","Crystal","Crystals","General Crystals","","Rare","#3498DB","Alien","No","Crystal / Energy World Discovery","Crystal; Energy; Lava; Ice; Void","","research; reactors; advanced buildings; collectibles; and trading","500","9999","Basic crystalline mineral used for research, trade, and energy upgrades.","Speculative sci-fi crystalline material.","Tie to planet class and rarity roll.","Crystal; Rare; Alien","active","Crystal","resource-taxonomy-v3.0","","Canonical generation rules","false","false","Rare","Crystal / Energy World Discovery","Extraction, recovery, or processing","Crystal / Energy World Discovery","true","","","","","","","","","","","2026-07-06T00:00:00.000Z","2026-07-06T00:00:00.000Z"
"RES-PROFILE-DEEP-CRYSTAL-CORE","Deep Crystal Core","Crystal","Crystals","General Crystals","","Uncommon","#2ECC71","Planetary","No","Planetary Survey","Terrestrial; Ocean; Desert; Ice; Lava; Gas Giant; Crystal; Toxic; Artificial; Void; Living; Bio; Ancient; Energy; Primordial; Dead","","planet generation; resource profiles; exploration","45","9999","Deep Crystal Core is a profile-normalized canonical resource used by deterministic planet generation.","Supplemental canonical resource inferred from Planet Resource Profiles v2.0 normalization.","Stable generated ID. Keep for save compatibility unless migrated through an explicit ID remap.","Energy; Uncommon; Planetary","active","Energy","resource-taxonomy-v3.0","","Canonical generation rules","false","false","Uncommon","Planetary Survey","Extraction, recovery, or processing","Planetary Survey","true","","","","","","","","","","","2026-07-09T00:00:00.000Z","2026-07-09T00:00:00.000Z"
"RES-0078","Rare Crystal","Crystal","Crystals","General Crystals","","Rare","#3498DB","Alien","No","Crystal / Energy World Discovery","Crystal; Energy; Lava; Ice; Void","","research; reactors; advanced buildings; collectibles; and trading","500","9999","High-value crystal used in advanced buildings, research, and collectibles.","Speculative sci-fi crystalline material.","Tie to planet class and rarity roll.","Crystal; Rare; Alien","active","Crystal","resource-taxonomy-v3.0","","Canonical generation rules","false","false","Rare","Crystal / Energy World Discovery","Extraction, recovery, or processing","Crystal / Energy World Discovery","true","","","","","","","","","","","2026-07-06T00:00:00.000Z","2026-07-06T00:00:00.000Z"
"RES-PROFILE-RARE-CRYSTAL-TRACE","Rare Crystal Trace","Crystal","Crystals","General Crystals","","Exotic","#F39C12","Planetary","No","Planetary Survey","Terrestrial; Ocean; Desert; Ice; Lava; Gas Giant; Crystal; Toxic; Artificial; Void; Living; Bio; Ancient; Energy; Primordial; Dead","","planet generation; resource profiles; exploration","250","9999","Rare Crystal Trace is a profile-normalized canonical resource used by deterministic planet generation.","Supplemental canonical resource inferred from Planet Resource Profiles v2.0 normalization.","Stable generated ID. Keep for save compatibility unless migrated through an explicit ID remap.","Crystal; Exotic; Planetary","active","Crystal","resource-taxonomy-v3.0","","Canonical generation rules","false","false","Exotic","Planetary Survey","Extraction, recovery, or processing","Planetary Survey","true","","","","","","","","","","","2026-07-09T00:00:00.000Z","2026-07-09T00:00:00.000Z"
"RES-PROFILE-WHITE-SALT-CRYSTAL","White Salt Crystal","Crystal","Crystals","General Crystals","","Uncommon","#2ECC71","Planetary","No","Planetary Survey","Terrestrial; Ocean; Desert; Ice; Lava; Gas Giant; Crystal; Toxic; Artificial; Void; Living; Bio; Ancient; Energy; Primordial; Dead","","planet generation; resource profiles; exploration","45","9999","White Salt Crystal is a profile-normalized canonical resource used by deterministic planet generation.","Supplemental canonical resource inferred from Planet Resource Profiles v2.0 normalization.","Stable generated ID. Keep for save compatibility unless migrated through an explicit ID remap.","Crystal; Uncommon; Planetary","active","Crystal","resource-taxonomy-v3.0","","Canonical generation rules","false","false","Uncommon","Planetary Survey","Extraction, recovery, or processing","Planetary Survey","true","","","","","","","","","","","2026-07-09T00:00:00.000Z","2026-07-09T00:00:00.000Z"
"RES-0040","Industrial Diamond","Crystal","Crystals","Industrial Crystals","","Rare","#3498DB","Earth","Yes","Industrial / Modern","Terrestrial; Desert; Dead; Lava","","advanced buildings; energy; robotics; and space program","120","9999","Hard crystal resource for cutting tools, drilling, optics, and manufacturing.","Earth-realistic rare resource.","Can exist before galaxy exploration but should be gated behind research/mining tech.","Crystal/Carbon; Rare; Earth","active","Crystal/Carbon","resource-taxonomy-v3.0","","Canonical generation rules","false","false","Rare","Industrial / Modern","Extraction, recovery, or processing","Industrial / Modern","true","","","","","","","","","","","2026-07-06T00:00:00.000Z","2026-07-06T00:00:00.000Z"
"RES-0016","Quartz","Crystal","Crystals","Industrial Crystals","","Uncommon","#2ECC71","Earth","Yes","Village / Town Industry","Terrestrial; Desert; Ocean; Dead","","energy; manufacturing; electronics; and trade","35","9999","Silica crystal used in electronics, glass, optics, and research.","Earth-realistic uncommon resource.","Earth-tier but less common than basic resources.","Crystal; Uncommon; Earth","active","Crystal","resource-taxonomy-v3.0","","Canonical generation rules","false","false","Uncommon","Village / Town Industry","Extraction, recovery, or processing","Village / Town Industry","true","","","","","","","","","","","2026-07-06T00:00:00.000Z","2026-07-06T00:00:00.000Z"
"RES-0137","Chrono Crystal","Crystal","Crystals","Information and Field Crystals","","Legendary","#F39C12","Cosmic","No","Void / Energy / Cosmic World Discovery","Void; Energy; Gas Giant; Primordial","","endgame energy; galaxy travel; wonders; research; and collectibles","5000","9999","Time-themed crystal used in temporal simulation and late-game systems.","Highly speculative science-fiction resource.","Roll only on high rarity planets or compatible world classes.","Cosmic Crystal; Legendary; Cosmic","active","Cosmic Crystal","resource-taxonomy-v3.0","","Canonical generation rules","false","false","Legendary","Void / Energy / Cosmic World Discovery","Extraction, recovery, or processing","Void / Energy / Cosmic World Discovery","true","","","","","","","","","","","2026-07-06T00:00:00.000Z","2026-07-06T00:00:00.000Z"
"RES-0101","Data Crystal","Crystal","Crystals","Information and Field Crystals","","Epic","#9B59B6","Ancient","No","Artificial / Ancient World Discovery","Artificial; Ancient; Energy","","AI; robotics; megastructures; wonders; and manufacturing","1200","9999","Crystal storage medium for ancient and artificial data systems.","Speculative artificial resource.","Generally should not appear before Artificial or Ancient worlds.","Synthetic/Information; Epic; Ancient","active","Synthetic/Information","resource-taxonomy-v3.0","","Canonical generation rules","false","false","Epic","Artificial / Ancient World Discovery","Extraction, recovery, or processing","Artificial / Ancient World Discovery","true","","","","","","","","","","","2026-07-06T00:00:00.000Z","2026-07-06T00:00:00.000Z"
"RES-0131","Gravity Crystal","Crystal","Crystals","Information and Field Crystals","","Legendary","#F39C12","Cosmic","No","Void / Energy / Cosmic World Discovery","Void; Energy; Gas Giant; Primordial","","endgame energy; galaxy travel; wonders; research; and collectibles","5000","9999","Crystal that interacts with gravity fields.","Highly speculative science-fiction resource.","Roll only on high rarity planets or compatible world classes.","Cosmic Crystal; Legendary; Cosmic","active","Cosmic Crystal","resource-taxonomy-v3.0","","Canonical generation rules","false","false","Legendary","Void / Energy / Cosmic World Discovery","Extraction, recovery, or processing","Void / Energy / Cosmic World Discovery","true","","","","","","","","","","","2026-07-06T00:00:00.000Z","2026-07-06T00:00:00.000Z"
"RES-PROFILE-LIVING-CRYSTAL","Living Crystal","Crystal","Crystals","Living Crystals","","Uncommon","#2ECC71","Planetary","No","Planetary Survey","Terrestrial; Ocean; Desert; Ice; Lava; Gas Giant; Crystal; Toxic; Artificial; Void; Living; Bio; Ancient; Energy; Primordial; Dead","","planet generation; resource profiles; exploration","45","9999","Living Crystal is a profile-normalized canonical resource used by deterministic planet generation.","Supplemental canonical resource inferred from Planet Resource Profiles v2.0 normalization.","Stable generated ID. Keep for save compatibility unless migrated through an explicit ID remap.","Crystal; Uncommon; Planetary","active","Crystal","resource-taxonomy-v3.0","","Canonical generation rules","false","false","Uncommon","Planetary Survey","Extraction, recovery, or processing","Planetary Survey","true","","","","","","","","","","","2026-07-09T00:00:00.000Z","2026-07-09T00:00:00.000Z"
"RES-0087","Magma Crystal","Crystal","Crystals","Volcanic Crystals","","Rare","#3498DB","Alien","No","Crystal / Energy World Discovery","Crystal; Energy; Lava; Ice; Void","","research; reactors; advanced buildings; collectibles; and trading","500","9999","Heat-resistant crystal formed in extreme volcanic conditions.","Speculative sci-fi crystalline material.","Tie to planet class and rarity roll.","Crystal/Lava; Rare; Alien","active","Crystal/Lava","resource-taxonomy-v3.0","","Canonical generation rules","false","false","Rare","Crystal / Energy World Discovery","Extraction, recovery, or processing","Crystal / Energy World Discovery","true","","","","","","","","","","","2026-07-06T00:00:00.000Z","2026-07-06T00:00:00.000Z"
"RES-0088","Obsidian Crystal","Crystal","Crystals","Volcanic Crystals","","Rare","#3498DB","Alien","No","Crystal / Energy World Discovery","Crystal; Energy; Lava; Ice; Void","","research; reactors; advanced buildings; collectibles; and trading","500","9999","Volcanic glass crystal used for trade and specialty tools.","Speculative sci-fi crystalline material.","Tie to planet class and rarity roll.","Crystal/Glass; Rare; Alien","active","Crystal/Glass","resource-taxonomy-v3.0","","Canonical generation rules","false","false","Rare","Crystal / Energy World Discovery","Extraction, recovery, or processing","Crystal / Energy World Discovery","true","","","","","","","","","","","2026-07-06T00:00:00.000Z","2026-07-06T00:00:00.000Z"
"RES-ELEMENT-089","Actinium","Element","Elements","Actinide","","Rare","#3498DB","Planetary","Yes","Radiation Handling","Terrestrial; Dead; Lava; Gas Giant","","science; industry; research","445","9999","Actinium is the officially named chemical element with atomic number 89 and symbol Ac.","Canonical periodic-table record. Availability is governed separately from catalog presence.","Added by Resource Taxonomy v3.0. Stable ID; do not rename or recycle.","Elements; Rare; Planetary; Actinide; Ac","active","","resource-taxonomy-v3.0","","Naturally Occurring","false","true","Rare","Radiation Handling","Extraction, recovery, or processing","Radiation Handling","true","89","Ac","[89]","Actinide","7","","Solid","Naturally Occurring","Observed","Actinium is chemical element 89 (Ac). Scientific metadata is descriptive unless referenced by a gameplay rule.","2026-07-20T00:00:00.000Z","2026-07-20T00:00:00.000Z"
"RES-ELEMENT-095","Americium","Element","Elements","Actinide","","Legendary","#F59E0B","Interstellar","No","Particle Synthesis","Terrestrial; Dead; Lava; Gas Giant","","science; industry; research","1900","9999","Americium is the officially named chemical element with atomic number 95 and symbol Am.","Canonical periodic-table record. Availability is governed separately from catalog presence.","Added by Resource Taxonomy v3.0. Stable ID; do not rename or recycle.","Elements; Legendary; Interstellar; Actinide; Am","active","","resource-taxonomy-v3.0","","Primarily Synthetic","true","true","Legendary","Particle Synthesis","Extraction, recovery, or processing","Particle Synthesis","true","95","Am","[95]","Actinide","7","","Solid","Primarily Synthetic","Partially Observed","Americium is chemical element 95 (Am). Scientific metadata is descriptive unless referenced by a gameplay rule.","2026-07-20T00:00:00.000Z","2026-07-20T00:00:00.000Z"
"RES-ELEMENT-097","Berkelium","Element","Elements","Actinide","","Legendary","#F59E0B","Interstellar","No","Particle Synthesis","Terrestrial; Dead; Lava; Gas Giant","","science; industry; research","1940","9999","Berkelium is the officially named chemical element with atomic number 97 and symbol Bk.","Canonical periodic-table record. Availability is governed separately from catalog presence.","Added by Resource Taxonomy v3.0. Stable ID; do not rename or recycle.","Elements; Legendary; Interstellar; Actinide; Bk","active","","resource-taxonomy-v3.0","","Primarily Synthetic","true","true","Legendary","Particle Synthesis","Extraction, recovery, or processing","Particle Synthesis","true","97","Bk","[97]","Actinide","7","","Solid","Primarily Synthetic","Partially Observed","Berkelium is chemical element 97 (Bk). Scientific metadata is descriptive unless referenced by a gameplay rule.","2026-07-20T00:00:00.000Z","2026-07-20T00:00:00.000Z"
"RES-ELEMENT-098","Californium","Element","Elements","Actinide","","Legendary","#F59E0B","Interstellar","No","Particle Synthesis","Terrestrial; Dead; Lava; Gas Giant","","science; industry; research","1960","9999","Californium is the officially named chemical element with atomic number 98 and symbol Cf.","Canonical periodic-table record. Availability is governed separately from catalog presence.","Added by Resource Taxonomy v3.0. Stable ID; do not rename or recycle.","Elements; Legendary; Interstellar; Actinide; Cf","active","","resource-taxonomy-v3.0","","Primarily Synthetic","true","true","Legendary","Particle Synthesis","Extraction, recovery, or processing","Particle Synthesis","true","98","Cf","[98]","Actinide","7","","Solid","Primarily Synthetic","Partially Observed","Californium is chemical element 98 (Cf). Scientific metadata is descriptive unless referenced by a gameplay rule.","2026-07-20T00:00:00.000Z","2026-07-20T00:00:00.000Z"
"RES-ELEMENT-096","Curium","Element","Elements","Actinide","","Legendary","#F59E0B","Interstellar","No","Particle Synthesis","Terrestrial; Dead; Lava; Gas Giant","","science; industry; research","1920","9999","Curium is the officially named chemical element with atomic number 96 and symbol Cm.","Canonical periodic-table record. Availability is governed separately from catalog presence.","Added by Resource Taxonomy v3.0. Stable ID; do not rename or recycle.","Elements; Legendary; Interstellar; Actinide; Cm","active","","resource-taxonomy-v3.0","","Primarily Synthetic","true","true","Legendary","Particle Synthesis","Extraction, recovery, or processing","Particle Synthesis","true","96","Cm","[96]","Actinide","7","","Solid","Primarily Synthetic","Partially Observed","Curium is chemical element 96 (Cm). Scientific metadata is descriptive unless referenced by a gameplay rule.","2026-07-20T00:00:00.000Z","2026-07-20T00:00:00.000Z"
"RES-ELEMENT-099","Einsteinium","Element","Elements","Actinide","","Legendary","#F59E0B","Interstellar","No","Particle Synthesis","Terrestrial; Dead; Lava; Gas Giant","","science; industry; research","1980","9999","Einsteinium is the officially named chemical element with atomic number 99 and symbol Es.","Canonical periodic-table record. Availability is governed separately from catalog presence.","Added by Resource Taxonomy v3.0. Stable ID; do not rename or recycle.","Elements; Legendary; Interstellar; Actinide; Es","active","","resource-taxonomy-v3.0","","Primarily Synthetic","true","true","Legendary","Particle Synthesis","Extraction, recovery, or processing","Particle Synthesis","true","99","Es","[99]","Actinide","7","","Solid","Primarily Synthetic","Partially Observed","Einsteinium is chemical element 99 (Es). Scientific metadata is descriptive unless referenced by a gameplay rule.","2026-07-20T00:00:00.000Z","2026-07-20T00:00:00.000Z"
"RES-ELEMENT-100","Fermium","Element","Elements","Actinide","","Legendary","#F59E0B","Interstellar","No","Particle Synthesis","Terrestrial; Dead; Lava; Gas Giant","","science; industry; research","2000","9999","Fermium is the officially named chemical element with atomic number 100 and symbol Fm.","Canonical periodic-table record. Availability is governed separately from catalog presence.","Added by Resource Taxonomy v3.0. Stable ID; do not rename or recycle.","Elements; Legendary; Interstellar; Actinide; Fm","active","","resource-taxonomy-v3.0","","Primarily Synthetic","true","true","Legendary","Particle Synthesis","Extraction, recovery, or processing","Particle Synthesis","true","100","Fm","[100]","Actinide","7","","Solid","Primarily Synthetic","Partially Observed","Fermium is chemical element 100 (Fm). Scientific metadata is descriptive unless referenced by a gameplay rule.","2026-07-20T00:00:00.000Z","2026-07-20T00:00:00.000Z"
"RES-ELEMENT-103","Lawrencium","Element","Elements","Actinide","","Legendary","#F59E0B","Interstellar","No","Particle Synthesis","Terrestrial; Dead; Lava; Gas Giant","","science; industry; research","2060","9999","Lawrencium is the officially named chemical element with atomic number 103 and symbol Lr.","Canonical periodic-table record. Availability is governed separately from catalog presence.","Added by Resource Taxonomy v3.0. Stable ID; do not rename or recycle.","Elements; Legendary; Interstellar; Actinide; Lr","active","","resource-taxonomy-v3.0","","Primarily Synthetic","true","true","Legendary","Particle Synthesis","Extraction, recovery, or processing","Particle Synthesis","true","103","Lr","[103]","Actinide","7","","Solid","Primarily Synthetic","Partially Observed","Lawrencium is chemical element 103 (Lr). Scientific metadata is descriptive unless referenced by a gameplay rule.","2026-07-20T00:00:00.000Z","2026-07-20T00:00:00.000Z"
"RES-ELEMENT-101","Mendelevium","Element","Elements","Actinide","","Legendary","#F59E0B","Interstellar","No","Particle Synthesis","Terrestrial; Dead; Lava; Gas Giant","","science; industry; research","2020","9999","Mendelevium is the officially named chemical element with atomic number 101 and symbol Md.","Canonical periodic-table record. Availability is governed separately from catalog presence.","Added by Resource Taxonomy v3.0. Stable ID; do not rename or recycle.","Elements; Legendary; Interstellar; Actinide; Md","active","","resource-taxonomy-v3.0","","Primarily Synthetic","true","true","Legendary","Particle Synthesis","Extraction, recovery, or processing","Particle Synthesis","true","101","Md","[101]","Actinide","7","","Solid","Primarily Synthetic","Partially Observed","Mendelevium is chemical element 101 (Md). Scientific metadata is descriptive unless referenced by a gameplay rule.","2026-07-20T00:00:00.000Z","2026-07-20T00:00:00.000Z"
"RES-ELEMENT-093","Neptunium","Element","Elements","Actinide","","Rare","#3498DB","Planetary","No","Radiation Handling","Terrestrial; Dead; Lava; Gas Giant","","science; industry; research","465","9999","Neptunium is the officially named chemical element with atomic number 93 and symbol Np.","Canonical periodic-table record. Availability is governed separately from catalog presence.","Added by Resource Taxonomy v3.0. Stable ID; do not rename or recycle.","Elements; Rare; Planetary; Actinide; Np","active","","resource-taxonomy-v3.0","","Trace Naturally Occurring","false","true","Rare","Radiation Handling","Extraction, recovery, or processing","Radiation Handling","true","93","Np","[93]","Actinide","7","","Solid","Trace Naturally Occurring","Observed","Neptunium is chemical element 93 (Np). Scientific metadata is descriptive unless referenced by a gameplay rule.","2026-07-20T00:00:00.000Z","2026-07-20T00:00:00.000Z"
"RES-ELEMENT-102","Nobelium","Element","Elements","Actinide","","Legendary","#F59E0B","Interstellar","No","Particle Synthesis","Terrestrial; Dead; Lava; Gas Giant","","science; industry; research","2040","9999","Nobelium is the officially named chemical element with atomic number 102 and symbol No.","Canonical periodic-table record. Availability is governed separately from catalog presence.","Added by Resource Taxonomy v3.0. Stable ID; do not rename or recycle.","Elements; Legendary; Interstellar; Actinide; No","active","","resource-taxonomy-v3.0","","Primarily Synthetic","true","true","Legendary","Particle Synthesis","Extraction, recovery, or processing","Particle Synthesis","true","102","No","[102]","Actinide","7","","Solid","Primarily Synthetic","Partially Observed","Nobelium is chemical element 102 (No). Scientific metadata is descriptive unless referenced by a gameplay rule.","2026-07-20T00:00:00.000Z","2026-07-20T00:00:00.000Z"
"RES-ELEMENT-094","Plutonium","Element","Elements","Actinide","","Rare","#3498DB","Planetary","No","Radiation Handling","Terrestrial; Dead; Lava; Gas Giant","","science; industry; research","470","9999","Plutonium is the officially named chemical element with atomic number 94 and symbol Pu.","Canonical periodic-table record. Availability is governed separately from catalog presence.","Added by Resource Taxonomy v3.0. Stable ID; do not rename or recycle.","Elements; Rare; Planetary; Actinide; Pu","active","","resource-taxonomy-v3.0","","Trace Naturally Occurring","false","true","Rare","Radiation Handling","Extraction, recovery, or processing","Radiation Handling","true","94","Pu","[94]","Actinide","7","","Solid","Trace Naturally Occurring","Observed","Plutonium is chemical element 94 (Pu). Scientific metadata is descriptive unless referenced by a gameplay rule.","2026-07-20T00:00:00.000Z","2026-07-20T00:00:00.000Z"
"RES-ELEMENT-091","Protactinium","Element","Elements","Actinide","","Rare","#3498DB","Planetary","Yes","Radiation Handling","Terrestrial; Dead; Lava; Gas Giant","","science; industry; research","455","9999","Protactinium is the officially named chemical element with atomic number 91 and symbol Pa.","Canonical periodic-table record. Availability is governed separately from catalog presence.","Added by Resource Taxonomy v3.0. Stable ID; do not rename or recycle.","Elements; Rare; Planetary; Actinide; Pa","active","","resource-taxonomy-v3.0","","Naturally Occurring","false","true","Rare","Radiation Handling","Extraction, recovery, or processing","Radiation Handling","true","91","Pa","[91]","Actinide","7","","Solid","Naturally Occurring","Observed","Protactinium is chemical element 91 (Pa). Scientific metadata is descriptive unless referenced by a gameplay rule.","2026-07-20T00:00:00.000Z","2026-07-20T00:00:00.000Z"
"RES-ELEMENT-090","Thorium","Element","Elements","Actinide","","Rare","#3498DB","Planetary","Yes","Radiation Handling","Terrestrial; Dead; Lava; Gas Giant","","science; industry; research","450","9999","Thorium is the officially named chemical element with atomic number 90 and symbol Th.","Canonical periodic-table record. Availability is governed separately from catalog presence.","Added by Resource Taxonomy v3.0. Stable ID; do not rename or recycle.","Elements; Rare; Planetary; Actinide; Th","active","","resource-taxonomy-v3.0","","Naturally Occurring","false","true","Rare","Radiation Handling","Extraction, recovery, or processing","Radiation Handling","true","90","Th","[90]","Actinide","7","","Solid","Naturally Occurring","Observed","Thorium is chemical element 90 (Th). Scientific metadata is descriptive unless referenced by a gameplay rule.","2026-07-20T00:00:00.000Z","2026-07-20T00:00:00.000Z"
"RES-0039","Uranium","Element","Elements","Actinide","","Rare","#3498DB","Earth","Yes","Industrial / Modern","Terrestrial; Desert; Dead; Lava","","advanced buildings; energy; robotics; and space program","120","9999","Radioactive fuel for nuclear power, advanced research, and strategic systems.","Earth-realistic rare resource.","Can exist before galaxy exploration but should be gated behind research/mining tech.","Radioactive; Rare; Earth; Actinide; U","active","Radioactive","resource-taxonomy-v3.0","","Naturally Occurring","false","true","Rare","Industrial / Modern","Extraction, recovery, or processing","Industrial / Modern","true","92","U","[92]","Actinide","7","","Solid","Naturally Occurring","Observed","Uranium is chemical element 92 (U). Scientific metadata is descriptive unless referenced by a gameplay rule.","2026-07-06T00:00:00.000Z","2026-07-06T00:00:00.000Z"
"RES-ELEMENT-055","Cesium","Element","Elements","Alkali Metal","","Common","#FFFFFF","Earth","Yes","Element Analysis","Terrestrial; Dead; Lava; Gas Giant","","science; industry; research","110","9999","Cesium is the officially named chemical element with atomic number 55 and symbol Cs.","Canonical periodic-table record. Availability is governed separately from catalog presence.","Added by Resource Taxonomy v3.0. Stable ID; do not rename or recycle.","Elements; Common; Earth; Alkali Metal; Cs","active","","resource-taxonomy-v3.0","","Naturally Occurring","false","false","Common","Element Analysis","Extraction, recovery, or processing","Element Analysis","true","55","Cs","Standard atomic weight","Alkali Metal","6","1","Solid","Naturally Occurring","Observed","Cesium is chemical element 55 (Cs). Scientific metadata is descriptive unless referenced by a gameplay rule.","2026-07-20T00:00:00.000Z","2026-07-20T00:00:00.000Z"
"RES-ELEMENT-087","Francium","Element","Elements","Alkali Metal","","Rare","#3498DB","Planetary","Yes","Radiation Handling","Terrestrial; Dead; Lava; Gas Giant","","science; industry; research","435","9999","Francium is the officially named chemical element with atomic number 87 and symbol Fr.","Canonical periodic-table record. Availability is governed separately from catalog presence.","Added by Resource Taxonomy v3.0. Stable ID; do not rename or recycle.","Elements; Rare; Planetary; Alkali Metal; Fr","active","","resource-taxonomy-v3.0","","Naturally Occurring","false","true","Rare","Radiation Handling","Extraction, recovery, or processing","Radiation Handling","true","87","Fr","[87]","Alkali Metal","7","1","Solid","Naturally Occurring","Observed","Francium is chemical element 87 (Fr). Scientific metadata is descriptive unless referenced by a gameplay rule.","2026-07-20T00:00:00.000Z","2026-07-20T00:00:00.000Z"
"RES-0026","Lithium","Element","Elements","Alkali Metal","","Uncommon","#2ECC71","Earth","Yes","Village / Town Industry","Terrestrial; Desert; Ocean; Dead","","energy; manufacturing; electronics; and trade","35","9999","Battery metal for energy storage, electronics, and electric transport.","Earth-realistic uncommon resource.","Earth-tier but less common than basic resources.","Metal; Uncommon; Earth; Alkali Metal; Li","active","Metal","resource-taxonomy-v3.0","","Naturally Occurring","false","false","Uncommon","Village / Town Industry","Extraction, recovery, or processing","Village / Town Industry","true","3","Li","Standard atomic weight","Alkali Metal","2","1","Solid","Naturally Occurring","Observed","Lithium is chemical element 3 (Li). Scientific metadata is descriptive unless referenced by a gameplay rule.","2026-07-06T00:00:00.000Z","2026-07-06T00:00:00.000Z"
"RES-ELEMENT-019","Potassium","Element","Elements","Alkali Metal","","Common","#FFFFFF","Earth","Yes","Element Analysis","Terrestrial; Dead; Lava; Gas Giant","","science; industry; research","38","9999","Potassium is the officially named chemical element with atomic number 19 and symbol K.","Canonical periodic-table record. Availability is governed separately from catalog presence.","Added by Resource Taxonomy v3.0. Stable ID; do not rename or recycle.","Elements; Common; Earth; Alkali Metal; K","active","","resource-taxonomy-v3.0","","Naturally Occurring","false","false","Common","Element Analysis","Extraction, recovery, or processing","Element Analysis","true","19","K","Standard atomic weight","Alkali Metal","4","1","Solid","Naturally Occurring","Observed","Potassium is chemical element 19 (K). Scientific metadata is descriptive unless referenced by a gameplay rule.","2026-07-20T00:00:00.000Z","2026-07-20T00:00:00.000Z"
"RES-ELEMENT-037","Rubidium","Element","Elements","Alkali Metal","","Common","#FFFFFF","Earth","Yes","Element Analysis","Terrestrial; Dead; Lava; Gas Giant","","science; industry; research","74","9999","Rubidium is the officially named chemical element with atomic number 37 and symbol Rb.","Canonical periodic-table record. Availability is governed separately from catalog presence.","Added by Resource Taxonomy v3.0. Stable ID; do not rename or recycle.","Elements; Common; Earth; Alkali Metal; Rb","active","","resource-taxonomy-v3.0","","Naturally Occurring","false","false","Common","Element Analysis","Extraction, recovery, or processing","Element Analysis","true","37","Rb","Standard atomic weight","Alkali Metal","5","1","Solid","Naturally Occurring","Observed","Rubidium is chemical element 37 (Rb). Scientific metadata is descriptive unless referenced by a gameplay rule.","2026-07-20T00:00:00.000Z","2026-07-20T00:00:00.000Z"
"RES-ELEMENT-011","Sodium","Element","Elements","Alkali Metal","","Common","#FFFFFF","Earth","Yes","Element Analysis","Terrestrial; Dead; Lava; Gas Giant","","science; industry; research","22","9999","Sodium is the officially named chemical element with atomic number 11 and symbol Na.","Canonical periodic-table record. Availability is governed separately from catalog presence.","Added by Resource Taxonomy v3.0. Stable ID; do not rename or recycle.","Elements; Common; Earth; Alkali Metal; Na","active","","resource-taxonomy-v3.0","","Naturally Occurring","false","false","Common","Element Analysis","Extraction, recovery, or processing","Element Analysis","true","11","Na","Standard atomic weight","Alkali Metal","3","1","Solid","Naturally Occurring","Observed","Sodium is chemical element 11 (Na). Scientific metadata is descriptive unless referenced by a gameplay rule.","2026-07-20T00:00:00.000Z","2026-07-20T00:00:00.000Z"
"RES-ELEMENT-056","Barium","Element","Elements","Alkaline Earth Metal","","Common","#FFFFFF","Earth","Yes","Element Analysis","Terrestrial; Dead; Lava; Gas Giant","","science; industry; research","112","9999","Barium is the officially named chemical element with atomic number 56 and symbol Ba.","Canonical periodic-table record. Availability is governed separately from catalog presence.","Added by Resource Taxonomy v3.0. Stable ID; do not rename or recycle.","Elements; Common; Earth; Alkaline Earth Metal; Ba","active","","resource-taxonomy-v3.0","","Naturally Occurring","false","false","Common","Element Analysis","Extraction, recovery, or processing","Element Analysis","true","56","Ba","Standard atomic weight","Alkaline Earth Metal","6","2","Solid","Naturally Occurring","Observed","Barium is chemical element 56 (Ba). Scientific metadata is descriptive unless referenced by a gameplay rule.","2026-07-20T00:00:00.000Z","2026-07-20T00:00:00.000Z"
"RES-ELEMENT-004","Beryllium","Element","Elements","Alkaline Earth Metal","","Common","#FFFFFF","Earth","Yes","Element Analysis","Terrestrial; Dead; Lava; Gas Giant","","science; industry; research","8","9999","Beryllium is the officially named chemical element with atomic number 4 and symbol Be.","Canonical periodic-table record. Availability is governed separately from catalog presence.","Added by Resource Taxonomy v3.0. Stable ID; do not rename or recycle.","Elements; Common; Earth; Alkaline Earth Metal; Be","active","","resource-taxonomy-v3.0","","Naturally Occurring","false","false","Common","Element Analysis","Extraction, recovery, or processing","Element Analysis","true","4","Be","Standard atomic weight","Alkaline Earth Metal","2","2","Solid","Naturally Occurring","Observed","Beryllium is chemical element 4 (Be). Scientific metadata is descriptive unless referenced by a gameplay rule.","2026-07-20T00:00:00.000Z","2026-07-20T00:00:00.000Z"
"RES-0055","Calcium","Element","Elements","Alkaline Earth Metal","","Uncommon","#2ECC71","Planetary","No","Orbital Flight / Planetary Mining","Ice; Ocean; Gas Giant; Dead; Primordial","","colonies; space infrastructure; fuel; and trade","80","9999","Biological and construction element used in agriculture and reef worlds.","Scientifically grounded planetary resource.","Unlock after orbital flight, satellites, or colony ships.","Element; Uncommon; Planetary; Alkaline Earth Metal; Ca","active","Element","resource-taxonomy-v3.0","","Naturally Occurring","false","false","Uncommon","Orbital Flight / Planetary Mining","Extraction, recovery, or processing","Orbital Flight / Planetary Mining","true","20","Ca","Standard atomic weight","Alkaline Earth Metal","4","2","Solid","Naturally Occurring","Observed","Calcium is chemical element 20 (Ca). Scientific metadata is descriptive unless referenced by a gameplay rule.","2026-07-06T00:00:00.000Z","2026-07-06T00:00:00.000Z"
"RES-PROFILE-MAGNESIUM","Magnesium","Element","Elements","Alkaline Earth Metal","","Uncommon","#2ECC71","Planetary","No","Planetary Survey","Terrestrial; Ocean; Desert; Ice; Lava; Gas Giant; Crystal; Toxic; Artificial; Void; Living; Bio; Ancient; Energy; Primordial; Dead","","planet generation; resource profiles; exploration","45","9999","Magnesium is a profile-normalized canonical resource used by deterministic planet generation.","Supplemental canonical resource inferred from Planet Resource Profiles v2.0 normalization.","Stable generated ID. Keep for save compatibility unless migrated through an explicit ID remap.","Planetary; Uncommon; Alkaline Earth Metal; Mg","active","Planetary","resource-taxonomy-v3.0","","Naturally Occurring","false","false","Uncommon","Planetary Survey","Extraction, recovery, or processing","Planetary Survey","true","12","Mg","Standard atomic weight","Alkaline Earth Metal","3","2","Solid","Naturally Occurring","Observed","Magnesium is chemical element 12 (Mg). Scientific metadata is descriptive unless referenced by a gameplay rule.","2026-07-09T00:00:00.000Z","2026-07-09T00:00:00.000Z"
"RES-ELEMENT-088","Radium","Element","Elements","Alkaline Earth Metal","","Rare","#3498DB","Planetary","Yes","Radiation Handling","Terrestrial; Dead; Lava; Gas Giant","","science; industry; research","440","9999","Radium is the officially named chemical element with atomic number 88 and symbol Ra.","Canonical periodic-table record. Availability is governed separately from catalog presence.","Added by Resource Taxonomy v3.0. Stable ID; do not rename or recycle.","Elements; Rare; Planetary; Alkaline Earth Metal; Ra","active","","resource-taxonomy-v3.0","","Naturally Occurring","false","true","Rare","Radiation Handling","Extraction, recovery, or processing","Radiation Handling","true","88","Ra","[88]","Alkaline Earth Metal","7","2","Solid","Naturally Occurring","Observed","Radium is chemical element 88 (Ra). Scientific metadata is descriptive unless referenced by a gameplay rule.","2026-07-20T00:00:00.000Z","2026-07-20T00:00:00.000Z"
"RES-ELEMENT-038","Strontium","Element","Elements","Alkaline Earth Metal","","Common","#FFFFFF","Earth","Yes","Element Analysis","Terrestrial; Dead; Lava; Gas Giant","","science; industry; research","76","9999","Strontium is the officially named chemical element with atomic number 38 and symbol Sr.","Canonical periodic-table record. Availability is governed separately from catalog presence.","Added by Resource Taxonomy v3.0. Stable ID; do not rename or recycle.","Elements; Common; Earth; Alkaline Earth Metal; Sr","active","","resource-taxonomy-v3.0","","Naturally Occurring","false","false","Common","Element Analysis","Extraction, recovery, or processing","Element Analysis","true","38","Sr","Standard atomic weight","Alkaline Earth Metal","5","2","Solid","Naturally Occurring","Observed","Strontium is chemical element 38 (Sr). Scientific metadata is descriptive unless referenced by a gameplay rule.","2026-07-20T00:00:00.000Z","2026-07-20T00:00:00.000Z"
"RES-ELEMENT-085","Astatine","Element","Elements","Halogen","","Rare","#3498DB","Planetary","Yes","Radiation Handling","Terrestrial; Dead; Lava; Gas Giant","","science; industry; research","425","9999","Astatine is the officially named chemical element with atomic number 85 and symbol At.","Canonical periodic-table record. Availability is governed separately from catalog presence.","Added by Resource Taxonomy v3.0. Stable ID; do not rename or recycle.","Elements; Rare; Planetary; Halogen; At","active","","resource-taxonomy-v3.0","","Naturally Occurring","false","true","Rare","Radiation Handling","Extraction, recovery, or processing","Radiation Handling","true","85","At","[85]","Halogen","6","17","Solid","Naturally Occurring","Observed","Astatine is chemical element 85 (At). Scientific metadata is descriptive unless referenced by a gameplay rule.","2026-07-20T00:00:00.000Z","2026-07-20T00:00:00.000Z"
"RES-ELEMENT-035","Bromine","Element","Elements","Halogen","Liquids > Elemental Liquids","Common","#FFFFFF","Earth","Yes","Element Analysis","Terrestrial; Dead; Lava; Gas Giant","","science; industry; research","70","9999","Bromine is the officially named chemical element with atomic number 35 and symbol Br.","Canonical periodic-table record. Availability is governed separately from catalog presence.","Added by Resource Taxonomy v3.0. Stable ID; do not rename or recycle.","Elements; Common; Earth; Halogen; Br","active","","resource-taxonomy-v3.0","","Naturally Occurring","false","false","Common","Element Analysis","Extraction, recovery, or processing","Element Analysis","true","35","Br","Standard atomic weight","Halogen","4","17","Liquid","Naturally Occurring","Observed","Bromine is chemical element 35 (Br). Scientific metadata is descriptive unless referenced by a gameplay rule.","2026-07-20T00:00:00.000Z","2026-07-20T00:00:00.000Z"
"RES-ELEMENT-017","Chlorine","Element","Elements","Halogen","Gases > Elemental Gases","Common","#FFFFFF","Earth","Yes","Element Analysis","Terrestrial; Dead; Lava; Gas Giant","","science; industry; research","34","9999","Chlorine is the officially named chemical element with atomic number 17 and symbol Cl.","Canonical periodic-table record. Availability is governed separately from catalog presence.","Added by Resource Taxonomy v3.0. Stable ID; do not rename or recycle.","Elements; Common; Earth; Halogen; Cl","active","","resource-taxonomy-v3.0","","Naturally Occurring","false","false","Common","Element Analysis","Extraction, recovery, or processing","Element Analysis","true","17","Cl","Standard atomic weight","Halogen","3","17","Gas","Naturally Occurring","Observed","Chlorine is chemical element 17 (Cl). Scientific metadata is descriptive unless referenced by a gameplay rule.","2026-07-20T00:00:00.000Z","2026-07-20T00:00:00.000Z"
"RES-ELEMENT-009","Fluorine","Element","Elements","Halogen","Gases > Elemental Gases","Common","#FFFFFF","Earth","Yes","Element Analysis","Terrestrial; Dead; Lava; Gas Giant","","science; industry; research","18","9999","Fluorine is the officially named chemical element with atomic number 9 and symbol F.","Canonical periodic-table record. Availability is governed separately from catalog presence.","Added by Resource Taxonomy v3.0. Stable ID; do not rename or recycle.","Elements; Common; Earth; Halogen; F","active","","resource-taxonomy-v3.0","","Naturally Occurring","false","false","Common","Element Analysis","Extraction, recovery, or processing","Element Analysis","true","9","F","Standard atomic weight","Halogen","2","17","Gas","Naturally Occurring","Observed","Fluorine is chemical element 9 (F). Scientific metadata is descriptive unless referenced by a gameplay rule.","2026-07-20T00:00:00.000Z","2026-07-20T00:00:00.000Z"
"RES-ELEMENT-053","Iodine","Element","Elements","Halogen","","Common","#FFFFFF","Earth","Yes","Element Analysis","Terrestrial; Dead; Lava; Gas Giant","","science; industry; research","106","9999","Iodine is the officially named chemical element with atomic number 53 and symbol I.","Canonical periodic-table record. Availability is governed separately from catalog presence.","Added by Resource Taxonomy v3.0. Stable ID; do not rename or recycle.","Elements; Common; Earth; Halogen; I","active","","resource-taxonomy-v3.0","","Naturally Occurring","false","false","Common","Element Analysis","Extraction, recovery, or processing","Element Analysis","true","53","I","Standard atomic weight","Halogen","5","17","Solid","Naturally Occurring","Observed","Iodine is chemical element 53 (I). Scientific metadata is descriptive unless referenced by a gameplay rule.","2026-07-20T00:00:00.000Z","2026-07-20T00:00:00.000Z"
"RES-ELEMENT-117","Tennessine","Element","Elements","Halogen","","Legendary","#F59E0B","Interstellar","No","Particle Synthesis","Artificial","","science; industry; research","2340","9999","Tennessine is the officially named chemical element with atomic number 117 and symbol Ts.","Canonical periodic-table record. Availability is governed separately from catalog presence.","Added by Resource Taxonomy v3.0. Stable ID; do not rename or recycle.","Elements; Legendary; Interstellar; Halogen; Ts","active","","resource-taxonomy-v3.0","","Synthetic","true","true","Legendary","Particle Synthesis","Particle accelerator synthesis","Particle Synthesis","false","117","Ts","[117]","Halogen","7","17","Unknown","Synthetic","Predicted","Tennessine is chemical element 117 (Ts). Scientific metadata is descriptive unless referenced by a gameplay rule.","2026-07-20T00:00:00.000Z","2026-07-20T00:00:00.000Z"
"RES-ELEMENT-058","Cerium","Element","Elements","Lanthanide","","Common","#FFFFFF","Earth","Yes","Element Analysis","Terrestrial; Dead; Lava; Gas Giant","","science; industry; research","116","9999","Cerium is the officially named chemical element with atomic number 58 and symbol Ce.","Canonical periodic-table record. Availability is governed separately from catalog presence.","Added by Resource Taxonomy v3.0. Stable ID; do not rename or recycle.","Elements; Common; Earth; Lanthanide; Ce","active","","resource-taxonomy-v3.0","","Naturally Occurring","false","false","Common","Element Analysis","Extraction, recovery, or processing","Element Analysis","true","58","Ce","Standard atomic weight","Lanthanide","6","","Solid","Naturally Occurring","Observed","Cerium is chemical element 58 (Ce). Scientific metadata is descriptive unless referenced by a gameplay rule.","2026-07-20T00:00:00.000Z","2026-07-20T00:00:00.000Z"
"RES-ELEMENT-066","Dysprosium","Element","Elements","Lanthanide","","Common","#FFFFFF","Earth","Yes","Element Analysis","Terrestrial; Dead; Lava; Gas Giant","","science; industry; research","132","9999","Dysprosium is the officially named chemical element with atomic number 66 and symbol Dy.","Canonical periodic-table record. Availability is governed separately from catalog presence.","Added by Resource Taxonomy v3.0. Stable ID; do not rename or recycle.","Elements; Common; Earth; Lanthanide; Dy","active","","resource-taxonomy-v3.0","","Naturally Occurring","false","false","Common","Element Analysis","Extraction, recovery, or processing","Element Analysis","true","66","Dy","Standard atomic weight","Lanthanide","6","","Solid","Naturally Occurring","Observed","Dysprosium is chemical element 66 (Dy). Scientific metadata is descriptive unless referenced by a gameplay rule.","2026-07-20T00:00:00.000Z","2026-07-20T00:00:00.000Z"
"RES-ELEMENT-068","Erbium","Element","Elements","Lanthanide","","Common","#FFFFFF","Earth","Yes","Element Analysis","Terrestrial; Dead; Lava; Gas Giant","","science; industry; research","136","9999","Erbium is the officially named chemical element with atomic number 68 and symbol Er.","Canonical periodic-table record. Availability is governed separately from catalog presence.","Added by Resource Taxonomy v3.0. Stable ID; do not rename or recycle.","Elements; Common; Earth; Lanthanide; Er","active","","resource-taxonomy-v3.0","","Naturally Occurring","false","false","Common","Element Analysis","Extraction, recovery, or processing","Element Analysis","true","68","Er","Standard atomic weight","Lanthanide","6","","Solid","Naturally Occurring","Observed","Erbium is chemical element 68 (Er). Scientific metadata is descriptive unless referenced by a gameplay rule.","2026-07-20T00:00:00.000Z","2026-07-20T00:00:00.000Z"
"RES-ELEMENT-063","Europium","Element","Elements","Lanthanide","","Common","#FFFFFF","Earth","Yes","Element Analysis","Terrestrial; Dead; Lava; Gas Giant","","science; industry; research","126","9999","Europium is the officially named chemical element with atomic number 63 and symbol Eu.","Canonical periodic-table record. Availability is governed separately from catalog presence.","Added by Resource Taxonomy v3.0. Stable ID; do not rename or recycle.","Elements; Common; Earth; Lanthanide; Eu","active","","resource-taxonomy-v3.0","","Naturally Occurring","false","false","Common","Element Analysis","Extraction, recovery, or processing","Element Analysis","true","63","Eu","Standard atomic weight","Lanthanide","6","","Solid","Naturally Occurring","Observed","Europium is chemical element 63 (Eu). Scientific metadata is descriptive unless referenced by a gameplay rule.","2026-07-20T00:00:00.000Z","2026-07-20T00:00:00.000Z"
"RES-ELEMENT-064","Gadolinium","Element","Elements","Lanthanide","","Common","#FFFFFF","Earth","Yes","Element Analysis","Terrestrial; Dead; Lava; Gas Giant","","science; industry; research","128","9999","Gadolinium is the officially named chemical element with atomic number 64 and symbol Gd.","Canonical periodic-table record. Availability is governed separately from catalog presence.","Added by Resource Taxonomy v3.0. Stable ID; do not rename or recycle.","Elements; Common; Earth; Lanthanide; Gd","active","","resource-taxonomy-v3.0","","Naturally Occurring","false","false","Common","Element Analysis","Extraction, recovery, or processing","Element Analysis","true","64","Gd","Standard atomic weight","Lanthanide","6","","Solid","Naturally Occurring","Observed","Gadolinium is chemical element 64 (Gd). Scientific metadata is descriptive unless referenced by a gameplay rule.","2026-07-20T00:00:00.000Z","2026-07-20T00:00:00.000Z"
"RES-ELEMENT-067","Holmium","Element","Elements","Lanthanide","","Common","#FFFFFF","Earth","Yes","Element Analysis","Terrestrial; Dead; Lava; Gas Giant","","science; industry; research","134","9999","Holmium is the officially named chemical element with atomic number 67 and symbol Ho.","Canonical periodic-table record. Availability is governed separately from catalog presence.","Added by Resource Taxonomy v3.0. Stable ID; do not rename or recycle.","Elements; Common; Earth; Lanthanide; Ho","active","","resource-taxonomy-v3.0","","Naturally Occurring","false","false","Common","Element Analysis","Extraction, recovery, or processing","Element Analysis","true","67","Ho","Standard atomic weight","Lanthanide","6","","Solid","Naturally Occurring","Observed","Holmium is chemical element 67 (Ho). Scientific metadata is descriptive unless referenced by a gameplay rule.","2026-07-20T00:00:00.000Z","2026-07-20T00:00:00.000Z"
"RES-ELEMENT-057","Lanthanum","Element","Elements","Lanthanide","","Common","#FFFFFF","Earth","Yes","Element Analysis","Terrestrial; Dead; Lava; Gas Giant","","science; industry; research","114","9999","Lanthanum is the officially named chemical element with atomic number 57 and symbol La.","Canonical periodic-table record. Availability is governed separately from catalog presence.","Added by Resource Taxonomy v3.0. Stable ID; do not rename or recycle.","Elements; Common; Earth; Lanthanide; La","active","","resource-taxonomy-v3.0","","Naturally Occurring","false","false","Common","Element Analysis","Extraction, recovery, or processing","Element Analysis","true","57","La","Standard atomic weight","Lanthanide","6","","Solid","Naturally Occurring","Observed","Lanthanum is chemical element 57 (La). Scientific metadata is descriptive unless referenced by a gameplay rule.","2026-07-20T00:00:00.000Z","2026-07-20T00:00:00.000Z"
"RES-ELEMENT-071","Lutetium","Element","Elements","Lanthanide","","Common","#FFFFFF","Earth","Yes","Element Analysis","Terrestrial; Dead; Lava; Gas Giant","","science; industry; research","142","9999","Lutetium is the officially named chemical element with atomic number 71 and symbol Lu.","Canonical periodic-table record. Availability is governed separately from catalog presence.","Added by Resource Taxonomy v3.0. Stable ID; do not rename or recycle.","Elements; Common; Earth; Lanthanide; Lu","active","","resource-taxonomy-v3.0","","Naturally Occurring","false","false","Common","Element Analysis","Extraction, recovery, or processing","Element Analysis","true","71","Lu","Standard atomic weight","Lanthanide","6","","Solid","Naturally Occurring","Observed","Lutetium is chemical element 71 (Lu). Scientific metadata is descriptive unless referenced by a gameplay rule.","2026-07-20T00:00:00.000Z","2026-07-20T00:00:00.000Z"
"RES-ELEMENT-060","Neodymium","Element","Elements","Lanthanide","","Common","#FFFFFF","Earth","Yes","Element Analysis","Terrestrial; Dead; Lava; Gas Giant","","science; industry; research","120","9999","Neodymium is the officially named chemical element with atomic number 60 and symbol Nd.","Canonical periodic-table record. Availability is governed separately from catalog presence.","Added by Resource Taxonomy v3.0. Stable ID; do not rename or recycle.","Elements; Common; Earth; Lanthanide; Nd","active","","resource-taxonomy-v3.0","","Naturally Occurring","false","false","Common","Element Analysis","Extraction, recovery, or processing","Element Analysis","true","60","Nd","Standard atomic weight","Lanthanide","6","","Solid","Naturally Occurring","Observed","Neodymium is chemical element 60 (Nd). Scientific metadata is descriptive unless referenced by a gameplay rule.","2026-07-20T00:00:00.000Z","2026-07-20T00:00:00.000Z"
"RES-ELEMENT-059","Praseodymium","Element","Elements","Lanthanide","","Common","#FFFFFF","Earth","Yes","Element Analysis","Terrestrial; Dead; Lava; Gas Giant","","science; industry; research","118","9999","Praseodymium is the officially named chemical element with atomic number 59 and symbol Pr.","Canonical periodic-table record. Availability is governed separately from catalog presence.","Added by Resource Taxonomy v3.0. Stable ID; do not rename or recycle.","Elements; Common; Earth; Lanthanide; Pr","active","","resource-taxonomy-v3.0","","Naturally Occurring","false","false","Common","Element Analysis","Extraction, recovery, or processing","Element Analysis","true","59","Pr","Standard atomic weight","Lanthanide","6","","Solid","Naturally Occurring","Observed","Praseodymium is chemical element 59 (Pr). Scientific metadata is descriptive unless referenced by a gameplay rule.","2026-07-20T00:00:00.000Z","2026-07-20T00:00:00.000Z"
"RES-ELEMENT-061","Promethium","Element","Elements","Lanthanide","","Rare","#3498DB","Planetary","No","Radiation Handling","Terrestrial; Dead; Lava; Gas Giant","","science; industry; research","305","9999","Promethium is the officially named chemical element with atomic number 61 and symbol Pm.","Canonical periodic-table record. Availability is governed separately from catalog presence.","Added by Resource Taxonomy v3.0. Stable ID; do not rename or recycle.","Elements; Rare; Planetary; Lanthanide; Pm","active","","resource-taxonomy-v3.0","","Trace Naturally Occurring","false","true","Rare","Radiation Handling","Extraction, recovery, or processing","Radiation Handling","true","61","Pm","Standard atomic weight","Lanthanide","6","","Solid","Trace Naturally Occurring","Observed","Promethium is chemical element 61 (Pm). Scientific metadata is descriptive unless referenced by a gameplay rule.","2026-07-20T00:00:00.000Z","2026-07-20T00:00:00.000Z"
"RES-ELEMENT-062","Samarium","Element","Elements","Lanthanide","","Common","#FFFFFF","Earth","Yes","Element Analysis","Terrestrial; Dead; Lava; Gas Giant","","science; industry; research","124","9999","Samarium is the officially named chemical element with atomic number 62 and symbol Sm.","Canonical periodic-table record. Availability is governed separately from catalog presence.","Added by Resource Taxonomy v3.0. Stable ID; do not rename or recycle.","Elements; Common; Earth; Lanthanide; Sm","active","","resource-taxonomy-v3.0","","Naturally Occurring","false","false","Common","Element Analysis","Extraction, recovery, or processing","Element Analysis","true","62","Sm","Standard atomic weight","Lanthanide","6","","Solid","Naturally Occurring","Observed","Samarium is chemical element 62 (Sm). Scientific metadata is descriptive unless referenced by a gameplay rule.","2026-07-20T00:00:00.000Z","2026-07-20T00:00:00.000Z"
"RES-ELEMENT-065","Terbium","Element","Elements","Lanthanide","","Common","#FFFFFF","Earth","Yes","Element Analysis","Terrestrial; Dead; Lava; Gas Giant","","science; industry; research","130","9999","Terbium is the officially named chemical element with atomic number 65 and symbol Tb.","Canonical periodic-table record. Availability is governed separately from catalog presence.","Added by Resource Taxonomy v3.0. Stable ID; do not rename or recycle.","Elements; Common; Earth; Lanthanide; Tb","active","","resource-taxonomy-v3.0","","Naturally Occurring","false","false","Common","Element Analysis","Extraction, recovery, or processing","Element Analysis","true","65","Tb","Standard atomic weight","Lanthanide","6","","Solid","Naturally Occurring","Observed","Terbium is chemical element 65 (Tb). Scientific metadata is descriptive unless referenced by a gameplay rule.","2026-07-20T00:00:00.000Z","2026-07-20T00:00:00.000Z"
"RES-ELEMENT-069","Thulium","Element","Elements","Lanthanide","","Common","#FFFFFF","Earth","Yes","Element Analysis","Terrestrial; Dead; Lava; Gas Giant","","science; industry; research","138","9999","Thulium is the officially named chemical element with atomic number 69 and symbol Tm.","Canonical periodic-table record. Availability is governed separately from catalog presence.","Added by Resource Taxonomy v3.0. Stable ID; do not rename or recycle.","Elements; Common; Earth; Lanthanide; Tm","active","","resource-taxonomy-v3.0","","Naturally Occurring","false","false","Common","Element Analysis","Extraction, recovery, or processing","Element Analysis","true","69","Tm","Standard atomic weight","Lanthanide","6","","Solid","Naturally Occurring","Observed","Thulium is chemical element 69 (Tm). Scientific metadata is descriptive unless referenced by a gameplay rule.","2026-07-20T00:00:00.000Z","2026-07-20T00:00:00.000Z"
"RES-ELEMENT-070","Ytterbium","Element","Elements","Lanthanide","","Common","#FFFFFF","Earth","Yes","Element Analysis","Terrestrial; Dead; Lava; Gas Giant","","science; industry; research","140","9999","Ytterbium is the officially named chemical element with atomic number 70 and symbol Yb.","Canonical periodic-table record. Availability is governed separately from catalog presence.","Added by Resource Taxonomy v3.0. Stable ID; do not rename or recycle.","Elements; Common; Earth; Lanthanide; Yb","active","","resource-taxonomy-v3.0","","Naturally Occurring","false","false","Common","Element Analysis","Extraction, recovery, or processing","Element Analysis","true","70","Yb","Standard atomic weight","Lanthanide","6","","Solid","Naturally Occurring","Observed","Ytterbium is chemical element 70 (Yb). Scientific metadata is descriptive unless referenced by a gameplay rule.","2026-07-20T00:00:00.000Z","2026-07-20T00:00:00.000Z"
"RES-ELEMENT-051","Antimony","Element","Elements","Metalloid","","Common","#FFFFFF","Earth","Yes","Element Analysis","Terrestrial; Dead; Lava; Gas Giant","","science; industry; research","102","9999","Antimony is the officially named chemical element with atomic number 51 and symbol Sb.","Canonical periodic-table record. Availability is governed separately from catalog presence.","Added by Resource Taxonomy v3.0. Stable ID; do not rename or recycle.","Elements; Common; Earth; Metalloid; Sb","active","","resource-taxonomy-v3.0","","Naturally Occurring","false","false","Common","Element Analysis","Extraction, recovery, or processing","Element Analysis","true","51","Sb","Standard atomic weight","Metalloid","5","15","Solid","Naturally Occurring","Observed","Antimony is chemical element 51 (Sb). Scientific metadata is descriptive unless referenced by a gameplay rule.","2026-07-20T00:00:00.000Z","2026-07-20T00:00:00.000Z"
"RES-ELEMENT-033","Arsenic","Element","Elements","Metalloid","","Common","#FFFFFF","Earth","Yes","Element Analysis","Terrestrial; Dead; Lava; Gas Giant","","science; industry; research","66","9999","Arsenic is the officially named chemical element with atomic number 33 and symbol As.","Canonical periodic-table record. Availability is governed separately from catalog presence.","Added by Resource Taxonomy v3.0. Stable ID; do not rename or recycle.","Elements; Common; Earth; Metalloid; As","active","","resource-taxonomy-v3.0","","Naturally Occurring","false","false","Common","Element Analysis","Extraction, recovery, or processing","Element Analysis","true","33","As","Standard atomic weight","Metalloid","4","15","Solid","Naturally Occurring","Observed","Arsenic is chemical element 33 (As). Scientific metadata is descriptive unless referenced by a gameplay rule.","2026-07-20T00:00:00.000Z","2026-07-20T00:00:00.000Z"
"RES-PROFILE-BORON","Boron","Element","Elements","Metalloid","","Uncommon","#2ECC71","Planetary","No","Planetary Survey","Terrestrial; Ocean; Desert; Ice; Lava; Gas Giant; Crystal; Toxic; Artificial; Void; Living; Bio; Ancient; Energy; Primordial; Dead","","planet generation; resource profiles; exploration","45","9999","Boron is a profile-normalized canonical resource used by deterministic planet generation.","Supplemental canonical resource inferred from Planet Resource Profiles v2.0 normalization.","Stable generated ID. Keep for save compatibility unless migrated through an explicit ID remap.","Planetary; Uncommon; Metalloid; B","active","Planetary","resource-taxonomy-v3.0","","Naturally Occurring","false","false","Uncommon","Planetary Survey","Extraction, recovery, or processing","Planetary Survey","true","5","B","Standard atomic weight","Metalloid","2","13","Solid","Naturally Occurring","Observed","Boron is chemical element 5 (B). Scientific metadata is descriptive unless referenced by a gameplay rule.","2026-07-09T00:00:00.000Z","2026-07-09T00:00:00.000Z"
"RES-ELEMENT-032","Germanium","Element","Elements","Metalloid","","Common","#FFFFFF","Earth","Yes","Element Analysis","Terrestrial; Dead; Lava; Gas Giant","","science; industry; research","64","9999","Germanium is the officially named chemical element with atomic number 32 and symbol Ge.","Canonical periodic-table record. Availability is governed separately from catalog presence.","Added by Resource Taxonomy v3.0. Stable ID; do not rename or recycle.","Elements; Common; Earth; Metalloid; Ge","active","","resource-taxonomy-v3.0","","Naturally Occurring","false","false","Common","Element Analysis","Extraction, recovery, or processing","Element Analysis","true","32","Ge","Standard atomic weight","Metalloid","4","14","Solid","Naturally Occurring","Observed","Germanium is chemical element 32 (Ge). Scientific metadata is descriptive unless referenced by a gameplay rule.","2026-07-20T00:00:00.000Z","2026-07-20T00:00:00.000Z"
"RES-0027","Silicon","Element","Elements","Metalloid","","Uncommon","#2ECC71","Earth","Yes","Village / Town Industry","Terrestrial; Desert; Ocean; Dead","","energy; manufacturing; electronics; and trade","35","9999","Core material for computing, solar panels, circuits, and advanced technology.","Earth-realistic uncommon resource.","Earth-tier but less common than basic resources.","Element; Uncommon; Earth; Metalloid; Si","active","Element","resource-taxonomy-v3.0","","Naturally Occurring","false","false","Uncommon","Village / Town Industry","Extraction, recovery, or processing","Village / Town Industry","true","14","Si","Standard atomic weight","Metalloid","3","14","Solid","Naturally Occurring","Observed","Silicon is chemical element 14 (Si). Scientific metadata is descriptive unless referenced by a gameplay rule.","2026-07-06T00:00:00.000Z","2026-07-06T00:00:00.000Z"
"RES-ELEMENT-052","Tellurium","Element","Elements","Metalloid","","Common","#FFFFFF","Earth","Yes","Element Analysis","Terrestrial; Dead; Lava; Gas Giant","","science; industry; research","104","9999","Tellurium is the officially named chemical element with atomic number 52 and symbol Te.","Canonical periodic-table record. Availability is governed separately from catalog presence.","Added by Resource Taxonomy v3.0. Stable ID; do not rename or recycle.","Elements; Common; Earth; Metalloid; Te","active","","resource-taxonomy-v3.0","","Naturally Occurring","false","false","Common","Element Analysis","Extraction, recovery, or processing","Element Analysis","true","52","Te","Standard atomic weight","Metalloid","5","16","Solid","Naturally Occurring","Observed","Tellurium is chemical element 52 (Te). Scientific metadata is descriptive unless referenced by a gameplay rule.","2026-07-20T00:00:00.000Z","2026-07-20T00:00:00.000Z"
"RES-ELEMENT-018","Argon","Element","Elements","Noble Gas","Gases > Elemental Gases","Common","#FFFFFF","Earth","Yes","Element Analysis","Terrestrial; Dead; Lava; Gas Giant","","science; industry; research","36","9999","Argon is the officially named chemical element with atomic number 18 and symbol Ar.","Canonical periodic-table record. Availability is governed separately from catalog presence.","Added by Resource Taxonomy v3.0. Stable ID; do not rename or recycle.","Elements; Common; Earth; Noble Gas; Ar","active","","resource-taxonomy-v3.0","","Naturally Occurring","false","false","Common","Element Analysis","Extraction, recovery, or processing","Element Analysis","true","18","Ar","Standard atomic weight","Noble Gas","3","18","Gas","Naturally Occurring","Observed","Argon is chemical element 18 (Ar). Scientific metadata is descriptive unless referenced by a gameplay rule.","2026-07-20T00:00:00.000Z","2026-07-20T00:00:00.000Z"
"RES-0178","Helium","Element","Elements","Noble Gas","Gases > Elemental Gases","Common","#FFFFFF","Space","No","Space Survey","Gas Giant; Ice; Toxic; Lava; Terrestrial; Dead","","planet generation; economy; crafting; research","10","9999","Common gas giant atmospheric resource and fusion economy precursor.","Supplemental canonical resource added by ResourceService to keep generation rules catalog-backed.","Stable generated ID. Do not rename or reuse.","Gas; Common; Space; Noble Gas; He","active","Gas","resource-taxonomy-v3.0","","Naturally Occurring","false","false","Common","Space Survey","Extraction, recovery, or processing","Space Survey","true","2","He","Standard atomic weight","Noble Gas","1","18","Gas","Naturally Occurring","Observed","Helium is chemical element 2 (He). Scientific metadata is descriptive unless referenced by a gameplay rule.","2026-07-09T00:00:00.000Z","2026-07-09T00:00:00.000Z"
"RES-ELEMENT-036","Krypton","Element","Elements","Noble Gas","Gases > Elemental Gases","Common","#FFFFFF","Earth","Yes","Element Analysis","Terrestrial; Dead; Lava; Gas Giant","","science; industry; research","72","9999","Krypton is the officially named chemical element with atomic number 36 and symbol Kr.","Canonical periodic-table record. Availability is governed separately from catalog presence.","Added by Resource Taxonomy v3.0. Stable ID; do not rename or recycle.","Elements; Common; Earth; Noble Gas; Kr","active","","resource-taxonomy-v3.0","","Naturally Occurring","false","false","Common","Element Analysis","Extraction, recovery, or processing","Element Analysis","true","36","Kr","Standard atomic weight","Noble Gas","4","18","Gas","Naturally Occurring","Observed","Krypton is chemical element 36 (Kr). Scientific metadata is descriptive unless referenced by a gameplay rule.","2026-07-20T00:00:00.000Z","2026-07-20T00:00:00.000Z"
"RES-ELEMENT-010","Neon","Element","Elements","Noble Gas","Gases > Elemental Gases","Common","#FFFFFF","Earth","Yes","Element Analysis","Terrestrial; Dead; Lava; Gas Giant","","science; industry; research","20","9999","Neon is the officially named chemical element with atomic number 10 and symbol Ne.","Canonical periodic-table record. Availability is governed separately from catalog presence.","Added by Resource Taxonomy v3.0. Stable ID; do not rename or recycle.","Elements; Common; Earth; Noble Gas; Ne","active","","resource-taxonomy-v3.0","","Naturally Occurring","false","false","Common","Element Analysis","Extraction, recovery, or processing","Element Analysis","true","10","Ne","Standard atomic weight","Noble Gas","2","18","Gas","Naturally Occurring","Observed","Neon is chemical element 10 (Ne). Scientific metadata is descriptive unless referenced by a gameplay rule.","2026-07-20T00:00:00.000Z","2026-07-20T00:00:00.000Z"
"RES-ELEMENT-118","Oganesson","Element","Elements","Noble Gas","","Legendary","#F59E0B","Interstellar","No","Particle Synthesis","Artificial","","science; industry; research","2360","9999","Oganesson is the officially named chemical element with atomic number 118 and symbol Og.","Canonical periodic-table record. Availability is governed separately from catalog presence.","Added by Resource Taxonomy v3.0. Stable ID; do not rename or recycle.","Elements; Legendary; Interstellar; Noble Gas; Og","active","","resource-taxonomy-v3.0","","Synthetic","true","true","Legendary","Particle Synthesis","Particle accelerator synthesis","Particle Synthesis","false","118","Og","[118]","Noble Gas","7","18","Unknown","Synthetic","Predicted","Oganesson is chemical element 118 (Og). Scientific metadata is descriptive unless referenced by a gameplay rule.","2026-07-20T00:00:00.000Z","2026-07-20T00:00:00.000Z"
"RES-ELEMENT-086","Radon","Element","Elements","Noble Gas","Gases > Elemental Gases","Rare","#3498DB","Planetary","Yes","Radiation Handling","Terrestrial; Dead; Lava; Gas Giant","","science; industry; research","430","9999","Radon is the officially named chemical element with atomic number 86 and symbol Rn.","Canonical periodic-table record. Availability is governed separately from catalog presence.","Added by Resource Taxonomy v3.0. Stable ID; do not rename or recycle.","Elements; Rare; Planetary; Noble Gas; Rn","active","","resource-taxonomy-v3.0","","Naturally Occurring","false","true","Rare","Radiation Handling","Extraction, recovery, or processing","Radiation Handling","true","86","Rn","[86]","Noble Gas","6","18","Gas","Naturally Occurring","Observed","Radon is chemical element 86 (Rn). Scientific metadata is descriptive unless referenced by a gameplay rule.","2026-07-20T00:00:00.000Z","2026-07-20T00:00:00.000Z"
"RES-ELEMENT-054","Xenon","Element","Elements","Noble Gas","Gases > Elemental Gases","Common","#FFFFFF","Earth","Yes","Element Analysis","Terrestrial; Dead; Lava; Gas Giant","","science; industry; research","108","9999","Xenon is the officially named chemical element with atomic number 54 and symbol Xe.","Canonical periodic-table record. Availability is governed separately from catalog presence.","Added by Resource Taxonomy v3.0. Stable ID; do not rename or recycle.","Elements; Common; Earth; Noble Gas; Xe","active","","resource-taxonomy-v3.0","","Naturally Occurring","false","false","Common","Element Analysis","Extraction, recovery, or processing","Element Analysis","true","54","Xe","Standard atomic weight","Noble Gas","5","18","Gas","Naturally Occurring","Observed","Xenon is chemical element 54 (Xe). Scientific metadata is descriptive unless referenced by a gameplay rule.","2026-07-20T00:00:00.000Z","2026-07-20T00:00:00.000Z"
"RES-0022","Aluminum","Element","Elements","Post-Transition Metal","","Uncommon","#2ECC71","Earth","Yes","Village / Town Industry","Terrestrial; Desert; Ocean; Dead","","energy; manufacturing; electronics; and trade","35","9999","Lightweight metal for modern structures, transportation, and aircraft.","Earth-realistic uncommon resource.","Earth-tier but less common than basic resources.","Metal; Uncommon; Earth; Post-Transition Metal; Al","active","Metal","resource-taxonomy-v3.0","","Naturally Occurring","false","false","Uncommon","Village / Town Industry","Extraction, recovery, or processing","Village / Town Industry","true","13","Al","Standard atomic weight","Post-Transition Metal","3","13","Solid","Naturally Occurring","Observed","Aluminum is chemical element 13 (Al). Scientific metadata is descriptive unless referenced by a gameplay rule.","2026-07-06T00:00:00.000Z","2026-07-06T00:00:00.000Z"
"RES-ELEMENT-083","Bismuth","Element","Elements","Post-Transition Metal","","Common","#FFFFFF","Earth","Yes","Element Analysis","Terrestrial; Dead; Lava; Gas Giant","","science; industry; research","166","9999","Bismuth is the officially named chemical element with atomic number 83 and symbol Bi.","Canonical periodic-table record. Availability is governed separately from catalog presence.","Added by Resource Taxonomy v3.0. Stable ID; do not rename or recycle.","Elements; Common; Earth; Post-Transition Metal; Bi","active","","resource-taxonomy-v3.0","","Naturally Occurring","false","false","Common","Element Analysis","Extraction, recovery, or processing","Element Analysis","true","83","Bi","Standard atomic weight","Post-Transition Metal","6","15","Solid","Naturally Occurring","Observed","Bismuth is chemical element 83 (Bi). Scientific metadata is descriptive unless referenced by a gameplay rule.","2026-07-20T00:00:00.000Z","2026-07-20T00:00:00.000Z"
"RES-ELEMENT-114","Flerovium","Element","Elements","Post-Transition Metal","","Legendary","#F59E0B","Interstellar","No","Particle Synthesis","Artificial","","science; industry; research","2280","9999","Flerovium is the officially named chemical element with atomic number 114 and symbol Fl.","Canonical periodic-table record. Availability is governed separately from catalog presence.","Added by Resource Taxonomy v3.0. Stable ID; do not rename or recycle.","Elements; Legendary; Interstellar; Post-Transition Metal; Fl","active","","resource-taxonomy-v3.0","","Synthetic","true","true","Legendary","Particle Synthesis","Particle accelerator synthesis","Particle Synthesis","false","114","Fl","[114]","Post-Transition Metal","7","14","Unknown","Synthetic","Predicted","Flerovium is chemical element 114 (Fl). Scientific metadata is descriptive unless referenced by a gameplay rule.","2026-07-20T00:00:00.000Z","2026-07-20T00:00:00.000Z"
"RES-ELEMENT-031","Gallium","Element","Elements","Post-Transition Metal","","Common","#FFFFFF","Earth","Yes","Element Analysis","Terrestrial; Dead; Lava; Gas Giant","","science; industry; research","62","9999","Gallium is the officially named chemical element with atomic number 31 and symbol Ga.","Canonical periodic-table record. Availability is governed separately from catalog presence.","Added by Resource Taxonomy v3.0. Stable ID; do not rename or recycle.","Elements; Common; Earth; Post-Transition Metal; Ga","active","","resource-taxonomy-v3.0","","Naturally Occurring","false","false","Common","Element Analysis","Extraction, recovery, or processing","Element Analysis","true","31","Ga","Standard atomic weight","Post-Transition Metal","4","13","Solid","Naturally Occurring","Observed","Gallium is chemical element 31 (Ga). Scientific metadata is descriptive unless referenced by a gameplay rule.","2026-07-20T00:00:00.000Z","2026-07-20T00:00:00.000Z"
"RES-ELEMENT-049","Indium","Element","Elements","Post-Transition Metal","","Common","#FFFFFF","Earth","Yes","Element Analysis","Terrestrial; Dead; Lava; Gas Giant","","science; industry; research","98","9999","Indium is the officially named chemical element with atomic number 49 and symbol In.","Canonical periodic-table record. Availability is governed separately from catalog presence.","Added by Resource Taxonomy v3.0. Stable ID; do not rename or recycle.","Elements; Common; Earth; Post-Transition Metal; In","active","","resource-taxonomy-v3.0","","Naturally Occurring","false","false","Common","Element Analysis","Extraction, recovery, or processing","Element Analysis","true","49","In","Standard atomic weight","Post-Transition Metal","5","13","Solid","Naturally Occurring","Observed","Indium is chemical element 49 (In). Scientific metadata is descriptive unless referenced by a gameplay rule.","2026-07-20T00:00:00.000Z","2026-07-20T00:00:00.000Z"
"RES-0013","Lead","Element","Elements","Post-Transition Metal","","Common","#FFFFFF","Earth","Yes","Start","Terrestrial; Desert; Dead; Lava","","early buildings; basic industry; crafting; and trade","10","9999","Dense metal used for shielding, batteries, and industrial components.","Earth-realistic common resource.","Available before space exploration.","Metal; Common; Earth; Post-Transition Metal; Pb","active","Metal","resource-taxonomy-v3.0","","Naturally Occurring","false","false","Common","Start","Extraction, recovery, or processing","Start","true","82","Pb","Standard atomic weight","Post-Transition Metal","6","14","Solid","Naturally Occurring","Observed","Lead is chemical element 82 (Pb). Scientific metadata is descriptive unless referenced by a gameplay rule.","2026-07-06T00:00:00.000Z","2026-07-06T00:00:00.000Z"
"RES-ELEMENT-116","Livermorium","Element","Elements","Post-Transition Metal","","Legendary","#F59E0B","Interstellar","No","Particle Synthesis","Artificial","","science; industry; research","2320","9999","Livermorium is the officially named chemical element with atomic number 116 and symbol Lv.","Canonical periodic-table record. Availability is governed separately from catalog presence.","Added by Resource Taxonomy v3.0. Stable ID; do not rename or recycle.","Elements; Legendary; Interstellar; Post-Transition Metal; Lv","active","","resource-taxonomy-v3.0","","Synthetic","true","true","Legendary","Particle Synthesis","Particle accelerator synthesis","Particle Synthesis","false","116","Lv","[116]","Post-Transition Metal","7","16","Unknown","Synthetic","Predicted","Livermorium is chemical element 116 (Lv). Scientific metadata is descriptive unless referenced by a gameplay rule.","2026-07-20T00:00:00.000Z","2026-07-20T00:00:00.000Z"
"RES-ELEMENT-115","Moscovium","Element","Elements","Post-Transition Metal","","Legendary","#F59E0B","Interstellar","No","Particle Synthesis","Artificial","","science; industry; research","2300","9999","Moscovium is the officially named chemical element with atomic number 115 and symbol Mc.","Canonical periodic-table record. Availability is governed separately from catalog presence.","Added by Resource Taxonomy v3.0. Stable ID; do not rename or recycle.","Elements; Legendary; Interstellar; Post-Transition Metal; Mc","active","","resource-taxonomy-v3.0","","Synthetic","true","true","Legendary","Particle Synthesis","Particle accelerator synthesis","Particle Synthesis","false","115","Mc","[115]","Post-Transition Metal","7","15","Unknown","Synthetic","Predicted","Moscovium is chemical element 115 (Mc). Scientific metadata is descriptive unless referenced by a gameplay rule.","2026-07-20T00:00:00.000Z","2026-07-20T00:00:00.000Z"
"RES-ELEMENT-113","Nihonium","Element","Elements","Post-Transition Metal","","Legendary","#F59E0B","Interstellar","No","Particle Synthesis","Artificial","","science; industry; research","2260","9999","Nihonium is the officially named chemical element with atomic number 113 and symbol Nh.","Canonical periodic-table record. Availability is governed separately from catalog presence.","Added by Resource Taxonomy v3.0. Stable ID; do not rename or recycle.","Elements; Legendary; Interstellar; Post-Transition Metal; Nh","active","","resource-taxonomy-v3.0","","Synthetic","true","true","Legendary","Particle Synthesis","Particle accelerator synthesis","Particle Synthesis","false","113","Nh","[113]","Post-Transition Metal","7","13","Unknown","Synthetic","Predicted","Nihonium is chemical element 113 (Nh). Scientific metadata is descriptive unless referenced by a gameplay rule.","2026-07-20T00:00:00.000Z","2026-07-20T00:00:00.000Z"
"RES-ELEMENT-084","Polonium","Element","Elements","Post-Transition Metal","","Rare","#3498DB","Planetary","Yes","Radiation Handling","Terrestrial; Dead; Lava; Gas Giant","","science; industry; research","420","9999","Polonium is the officially named chemical element with atomic number 84 and symbol Po.","Canonical periodic-table record. Availability is governed separately from catalog presence.","Added by Resource Taxonomy v3.0. Stable ID; do not rename or recycle.","Elements; Rare; Planetary; Post-Transition Metal; Po","active","","resource-taxonomy-v3.0","","Naturally Occurring","false","true","Rare","Radiation Handling","Extraction, recovery, or processing","Radiation Handling","true","84","Po","[84]","Post-Transition Metal","6","16","Solid","Naturally Occurring","Observed","Polonium is chemical element 84 (Po). Scientific metadata is descriptive unless referenced by a gameplay rule.","2026-07-20T00:00:00.000Z","2026-07-20T00:00:00.000Z"
"RES-ELEMENT-081","Thallium","Element","Elements","Post-Transition Metal","","Common","#FFFFFF","Earth","Yes","Element Analysis","Terrestrial; Dead; Lava; Gas Giant","","science; industry; research","162","9999","Thallium is the officially named chemical element with atomic number 81 and symbol Tl.","Canonical periodic-table record. Availability is governed separately from catalog presence.","Added by Resource Taxonomy v3.0. Stable ID; do not rename or recycle.","Elements; Common; Earth; Post-Transition Metal; Tl","active","","resource-taxonomy-v3.0","","Naturally Occurring","false","false","Common","Element Analysis","Extraction, recovery, or processing","Element Analysis","true","81","Tl","Standard atomic weight","Post-Transition Metal","6","13","Solid","Naturally Occurring","Observed","Thallium is chemical element 81 (Tl). Scientific metadata is descriptive unless referenced by a gameplay rule.","2026-07-20T00:00:00.000Z","2026-07-20T00:00:00.000Z"
"RES-0012","Tin","Element","Elements","Post-Transition Metal","","Common","#FFFFFF","Earth","Yes","Start","Terrestrial; Desert; Dead; Lava","","early buildings; basic industry; crafting; and trade","10","9999","Used in bronze, alloys, early tools, and manufacturing.","Earth-realistic common resource.","Available before space exploration.","Metal; Common; Earth; Post-Transition Metal; Sn","active","Metal","resource-taxonomy-v3.0","","Naturally Occurring","false","false","Common","Start","Extraction, recovery, or processing","Start","true","50","Sn","Standard atomic weight","Post-Transition Metal","5","14","Solid","Naturally Occurring","Observed","Tin is chemical element 50 (Sn). Scientific metadata is descriptive unless referenced by a gameplay rule.","2026-07-06T00:00:00.000Z","2026-07-06T00:00:00.000Z"
"RES-PROFILE-CARBON","Carbon","Element","Elements","Reactive Nonmetal","","Uncommon","#2ECC71","Planetary","No","Planetary Survey","Terrestrial; Ocean; Desert; Ice; Lava; Gas Giant; Crystal; Toxic; Artificial; Void; Living; Bio; Ancient; Energy; Primordial; Dead","","planet generation; resource profiles; exploration","45","9999","Carbon is a profile-normalized canonical resource used by deterministic planet generation.","Supplemental canonical resource inferred from Planet Resource Profiles v2.0 normalization.","Stable generated ID. Keep for save compatibility unless migrated through an explicit ID remap.","Planetary; Uncommon; Reactive Nonmetal; C","active","Planetary","resource-taxonomy-v3.0","","Naturally Occurring","false","false","Uncommon","Planetary Survey","Extraction, recovery, or processing","Planetary Survey","true","6","C","Standard atomic weight","Reactive Nonmetal","2","14","Solid","Naturally Occurring","Observed","Carbon is chemical element 6 (C). Scientific metadata is descriptive unless referenced by a gameplay rule.","2026-07-09T00:00:00.000Z","2026-07-09T00:00:00.000Z"
"RES-0177","Hydrogen","Element","Elements","Reactive Nonmetal","Gases > Elemental Gases","Common","#FFFFFF","Space","No","Space Survey","Gas Giant; Ice; Toxic; Lava; Terrestrial; Dead","","planet generation; economy; crafting; research","10","9999","Primary gas giant atmospheric fuel resource.","Supplemental canonical resource added by ResourceService to keep generation rules catalog-backed.","Stable generated ID. Do not rename or reuse.","Gas; Common; Space; Reactive Nonmetal; H","active","Gas","resource-taxonomy-v3.0","","Naturally Occurring","false","false","Common","Space Survey","Extraction, recovery, or processing","Space Survey","true","1","H","Standard atomic weight","Reactive Nonmetal","1","1","Gas","Naturally Occurring","Observed","Hydrogen is chemical element 1 (H). Scientific metadata is descriptive unless referenced by a gameplay rule.","2026-07-09T00:00:00.000Z","2026-07-09T00:00:00.000Z"
"RES-ELEMENT-007","Nitrogen","Element","Elements","Reactive Nonmetal","Gases > Elemental Gases","Common","#FFFFFF","Earth","Yes","Element Analysis","Terrestrial; Dead; Lava; Gas Giant","","science; industry; research","14","9999","Nitrogen is the officially named chemical element with atomic number 7 and symbol N.","Canonical periodic-table record. Availability is governed separately from catalog presence.","Added by Resource Taxonomy v3.0. Stable ID; do not rename or recycle.","Elements; Common; Earth; Reactive Nonmetal; N","active","","resource-taxonomy-v3.0","","Naturally Occurring","false","false","Common","Element Analysis","Extraction, recovery, or processing","Element Analysis","true","7","N","Standard atomic weight","Reactive Nonmetal","2","15","Gas","Naturally Occurring","Observed","Nitrogen is chemical element 7 (N). Scientific metadata is descriptive unless referenced by a gameplay rule.","2026-07-20T00:00:00.000Z","2026-07-20T00:00:00.000Z"
"RES-ELEMENT-008","Oxygen","Element","Elements","Reactive Nonmetal","Gases > Elemental Gases","Common","#FFFFFF","Earth","Yes","Element Analysis","Terrestrial; Dead; Lava; Gas Giant","","science; industry; research","16","9999","Oxygen is the officially named chemical element with atomic number 8 and symbol O.","Canonical periodic-table record. Availability is governed separately from catalog presence.","Added by Resource Taxonomy v3.0. Stable ID; do not rename or recycle.","Elements; Common; Earth; Reactive Nonmetal; O","active","","resource-taxonomy-v3.0","","Naturally Occurring","false","false","Common","Element Analysis","Extraction, recovery, or processing","Element Analysis","true","8","O","Standard atomic weight","Reactive Nonmetal","2","16","Gas","Naturally Occurring","Observed","Oxygen is chemical element 8 (O). Scientific metadata is descriptive unless referenced by a gameplay rule.","2026-07-20T00:00:00.000Z","2026-07-20T00:00:00.000Z"
"RES-0028","Phosphorus","Element","Elements","Reactive Nonmetal","","Uncommon","#2ECC71","Earth","Yes","Village / Town Industry","Terrestrial; Desert; Ocean; Dead","","energy; manufacturing; electronics; and trade","35","9999","Agriculture and bio resource used in fertilizers and life-support systems.","Earth-realistic uncommon resource.","Earth-tier but less common than basic resources.","Chemical; Uncommon; Earth; Reactive Nonmetal; P","active","Chemical","resource-taxonomy-v3.0","","Naturally Occurring","false","false","Uncommon","Village / Town Industry","Extraction, recovery, or processing","Village / Town Industry","true","15","P","Standard atomic weight","Reactive Nonmetal","3","15","Solid","Naturally Occurring","Observed","Phosphorus is chemical element 15 (P). Scientific metadata is descriptive unless referenced by a gameplay rule.","2026-07-06T00:00:00.000Z","2026-07-06T00:00:00.000Z"
"RES-ELEMENT-034","Selenium","Element","Elements","Reactive Nonmetal","","Common","#FFFFFF","Earth","Yes","Element Analysis","Terrestrial; Dead; Lava; Gas Giant","","science; industry; research","68","9999","Selenium is the officially named chemical element with atomic number 34 and symbol Se.","Canonical periodic-table record. Availability is governed separately from catalog presence.","Added by Resource Taxonomy v3.0. Stable ID; do not rename or recycle.","Elements; Common; Earth; Reactive Nonmetal; Se","active","","resource-taxonomy-v3.0","","Naturally Occurring","false","false","Common","Element Analysis","Extraction, recovery, or processing","Element Analysis","true","34","Se","Standard atomic weight","Reactive Nonmetal","4","16","Solid","Naturally Occurring","Observed","Selenium is chemical element 34 (Se). Scientific metadata is descriptive unless referenced by a gameplay rule.","2026-07-20T00:00:00.000Z","2026-07-20T00:00:00.000Z"
"RES-0015","Sulfur","Element","Elements","Reactive Nonmetal","","Common","#FFFFFF","Earth","Yes","Start","Terrestrial; Desert; Dead; Lava","","early buildings; basic industry; crafting; and trade","10","9999","Used in fertilizer, chemical production, fuel processing, and toxic worlds.","Earth-realistic common resource.","Available before space exploration.","Chemical; Common; Earth; Reactive Nonmetal; S","active","Chemical","resource-taxonomy-v3.0","","Naturally Occurring","false","false","Common","Start","Extraction, recovery, or processing","Start","true","16","S","Standard atomic weight","Reactive Nonmetal","3","16","Solid","Naturally Occurring","Observed","Sulfur is chemical element 16 (S). Scientific metadata is descriptive unless referenced by a gameplay rule.","2026-07-06T00:00:00.000Z","2026-07-06T00:00:00.000Z"
"RES-ELEMENT-107","Bohrium","Element","Elements","Transition Metal","","Legendary","#F59E0B","Interstellar","No","Particle Synthesis","Artificial","","science; industry; research","2140","9999","Bohrium is the officially named chemical element with atomic number 107 and symbol Bh.","Canonical periodic-table record. Availability is governed separately from catalog presence.","Added by Resource Taxonomy v3.0. Stable ID; do not rename or recycle.","Elements; Legendary; Interstellar; Transition Metal; Bh","active","","resource-taxonomy-v3.0","","Synthetic","true","true","Legendary","Particle Synthesis","Particle accelerator synthesis","Particle Synthesis","false","107","Bh","[107]","Transition Metal","7","7","Unknown","Synthetic","Predicted","Bohrium is chemical element 107 (Bh). Scientific metadata is descriptive unless referenced by a gameplay rule.","2026-07-20T00:00:00.000Z","2026-07-20T00:00:00.000Z"
"RES-ELEMENT-048","Cadmium","Element","Elements","Transition Metal","","Common","#FFFFFF","Earth","Yes","Element Analysis","Terrestrial; Dead; Lava; Gas Giant","","science; industry; research","96","9999","Cadmium is the officially named chemical element with atomic number 48 and symbol Cd.","Canonical periodic-table record. Availability is governed separately from catalog presence.","Added by Resource Taxonomy v3.0. Stable ID; do not rename or recycle.","Elements; Common; Earth; Transition Metal; Cd","active","","resource-taxonomy-v3.0","","Naturally Occurring","false","false","Common","Element Analysis","Extraction, recovery, or processing","Element Analysis","true","48","Cd","Standard atomic weight","Transition Metal","5","12","Solid","Naturally Occurring","Observed","Cadmium is chemical element 48 (Cd). Scientific metadata is descriptive unless referenced by a gameplay rule.","2026-07-20T00:00:00.000Z","2026-07-20T00:00:00.000Z"
"RES-0035","Chromium","Element","Elements","Transition Metal","","Rare","#3498DB","Earth","Yes","Industrial / Modern","Terrestrial; Desert; Dead; Lava","","advanced buildings; energy; robotics; and space program","120","9999","Alloy metal for stainless steel, armor, and industrial components.","Earth-realistic rare resource.","Can exist before galaxy exploration but should be gated behind research/mining tech.","Metal; Rare; Earth; Transition Metal; Cr","active","Metal","resource-taxonomy-v3.0","","Naturally Occurring","false","false","Rare","Industrial / Modern","Extraction, recovery, or processing","Industrial / Modern","true","24","Cr","Standard atomic weight","Transition Metal","4","6","Solid","Naturally Occurring","Observed","Chromium is chemical element 24 (Cr). Scientific metadata is descriptive unless referenced by a gameplay rule.","2026-07-06T00:00:00.000Z","2026-07-06T00:00:00.000Z"
"RES-0036","Cobalt","Element","Elements","Transition Metal","","Rare","#3498DB","Earth","Yes","Industrial / Modern","Terrestrial; Desert; Dead; Lava","","advanced buildings; energy; robotics; and space program","120","9999","Battery and superalloy metal for power systems and robotics.","Earth-realistic rare resource.","Can exist before galaxy exploration but should be gated behind research/mining tech.","Metal; Rare; Earth; Transition Metal; Co","active","Metal","resource-taxonomy-v3.0","","Naturally Occurring","false","false","Rare","Industrial / Modern","Extraction, recovery, or processing","Industrial / Modern","true","27","Co","Standard atomic weight","Transition Metal","4","9","Solid","Naturally Occurring","Observed","Cobalt is chemical element 27 (Co). Scientific metadata is descriptive unless referenced by a gameplay rule.","2026-07-06T00:00:00.000Z","2026-07-06T00:00:00.000Z"
"RES-ELEMENT-112","Copernicium","Element","Elements","Transition Metal","","Legendary","#F59E0B","Interstellar","No","Particle Synthesis","Artificial","","science; industry; research","2240","9999","Copernicium is the officially named chemical element with atomic number 112 and symbol Cn.","Canonical periodic-table record. Availability is governed separately from catalog presence.","Added by Resource Taxonomy v3.0. Stable ID; do not rename or recycle.","Elements; Legendary; Interstellar; Transition Metal; Cn","active","","resource-taxonomy-v3.0","","Synthetic","true","true","Legendary","Particle Synthesis","Particle accelerator synthesis","Particle Synthesis","false","112","Cn","[112]","Transition Metal","7","12","Unknown","Synthetic","Predicted","Copernicium is chemical element 112 (Cn). Scientific metadata is descriptive unless referenced by a gameplay rule.","2026-07-20T00:00:00.000Z","2026-07-20T00:00:00.000Z"
"RES-0011","Copper","Element","Elements","Transition Metal","","Common","#FFFFFF","Earth","Yes","Start","Terrestrial; Desert; Dead; Lava","","early buildings; basic industry; crafting; and trade","10","9999","Conductive metal for wiring, electronics, motors, and trade goods.","Earth-realistic common resource.","Available before space exploration.","Metal; Common; Earth; Transition Metal; Cu","active","Metal","resource-taxonomy-v3.0","","Naturally Occurring","false","false","Common","Start","Extraction, recovery, or processing","Start","true","29","Cu","Standard atomic weight","Transition Metal","4","11","Solid","Naturally Occurring","Observed","Copper is chemical element 29 (Cu). Scientific metadata is descriptive unless referenced by a gameplay rule.","2026-07-06T00:00:00.000Z","2026-07-06T00:00:00.000Z"
"RES-ELEMENT-110","Darmstadtium","Element","Elements","Transition Metal","","Legendary","#F59E0B","Interstellar","No","Particle Synthesis","Artificial","","science; industry; research","2200","9999","Darmstadtium is the officially named chemical element with atomic number 110 and symbol Ds.","Canonical periodic-table record. Availability is governed separately from catalog presence.","Added by Resource Taxonomy v3.0. Stable ID; do not rename or recycle.","Elements; Legendary; Interstellar; Transition Metal; Ds","active","","resource-taxonomy-v3.0","","Synthetic","true","true","Legendary","Particle Synthesis","Particle accelerator synthesis","Particle Synthesis","false","110","Ds","[110]","Transition Metal","7","10","Unknown","Synthetic","Predicted","Darmstadtium is chemical element 110 (Ds). Scientific metadata is descriptive unless referenced by a gameplay rule.","2026-07-20T00:00:00.000Z","2026-07-20T00:00:00.000Z"
"RES-ELEMENT-105","Dubnium","Element","Elements","Transition Metal","","Legendary","#F59E0B","Interstellar","No","Particle Synthesis","Artificial","","science; industry; research","2100","9999","Dubnium is the officially named chemical element with atomic number 105 and symbol Db.","Canonical periodic-table record. Availability is governed separately from catalog presence.","Added by Resource Taxonomy v3.0. Stable ID; do not rename or recycle.","Elements; Legendary; Interstellar; Transition Metal; Db","active","","resource-taxonomy-v3.0","","Synthetic","true","true","Legendary","Particle Synthesis","Particle accelerator synthesis","Particle Synthesis","false","105","Db","[105]","Transition Metal","7","5","Unknown","Synthetic","Predicted","Dubnium is chemical element 105 (Db). Scientific metadata is descriptive unless referenced by a gameplay rule.","2026-07-20T00:00:00.000Z","2026-07-20T00:00:00.000Z"
"RES-0025","Gold","Element","Elements","Transition Metal","","Uncommon","#2ECC71","Earth","Yes","Village / Town Industry","Terrestrial; Desert; Ocean; Dead","","energy; manufacturing; electronics; and trade","35","9999","High-value trade metal used in electronics, prestige, and commerce.","Earth-realistic uncommon resource.","Earth-tier but less common than basic resources.","Metal; Uncommon; Earth; Transition Metal; Au","active","Metal","resource-taxonomy-v3.0","","Naturally Occurring","false","false","Uncommon","Village / Town Industry","Extraction, recovery, or processing","Village / Town Industry","true","79","Au","Standard atomic weight","Transition Metal","6","11","Solid","Naturally Occurring","Observed","Gold is chemical element 79 (Au). Scientific metadata is descriptive unless referenced by a gameplay rule.","2026-07-06T00:00:00.000Z","2026-07-06T00:00:00.000Z"
"RES-ELEMENT-072","Hafnium","Element","Elements","Transition Metal","","Common","#FFFFFF","Earth","Yes","Element Analysis","Terrestrial; Dead; Lava; Gas Giant","","science; industry; research","144","9999","Hafnium is the officially named chemical element with atomic number 72 and symbol Hf.","Canonical periodic-table record. Availability is governed separately from catalog presence.","Added by Resource Taxonomy v3.0. Stable ID; do not rename or recycle.","Elements; Common; Earth; Transition Metal; Hf","active","","resource-taxonomy-v3.0","","Naturally Occurring","false","false","Common","Element Analysis","Extraction, recovery, or processing","Element Analysis","true","72","Hf","Standard atomic weight","Transition Metal","6","4","Solid","Naturally Occurring","Observed","Hafnium is chemical element 72 (Hf). Scientific metadata is descriptive unless referenced by a gameplay rule.","2026-07-20T00:00:00.000Z","2026-07-20T00:00:00.000Z"
"RES-ELEMENT-108","Hassium","Element","Elements","Transition Metal","","Legendary","#F59E0B","Interstellar","No","Particle Synthesis","Artificial","","science; industry; research","2160","9999","Hassium is the officially named chemical element with atomic number 108 and symbol Hs.","Canonical periodic-table record. Availability is governed separately from catalog presence.","Added by Resource Taxonomy v3.0. Stable ID; do not rename or recycle.","Elements; Legendary; Interstellar; Transition Metal; Hs","active","","resource-taxonomy-v3.0","","Synthetic","true","true","Legendary","Particle Synthesis","Particle accelerator synthesis","Particle Synthesis","false","108","Hs","[108]","Transition Metal","7","8","Unknown","Synthetic","Predicted","Hassium is chemical element 108 (Hs). Scientific metadata is descriptive unless referenced by a gameplay rule.","2026-07-20T00:00:00.000Z","2026-07-20T00:00:00.000Z"
"RES-0034","Iridium","Element","Elements","Transition Metal","","Rare","#3498DB","Earth","Yes","Industrial / Modern","Terrestrial; Desert; Dead; Lava","","advanced buildings; energy; robotics; and space program","120","9999","Ultra-dense rare metal linked to meteor impacts and advanced alloys.","Earth-realistic rare resource.","Can exist before galaxy exploration but should be gated behind research/mining tech.","Metal; Rare; Earth; Transition Metal; Ir","active","Metal","resource-taxonomy-v3.0","","Naturally Occurring","false","false","Rare","Industrial / Modern","Extraction, recovery, or processing","Industrial / Modern","true","77","Ir","Standard atomic weight","Transition Metal","6","9","Solid","Naturally Occurring","Observed","Iridium is chemical element 77 (Ir). Scientific metadata is descriptive unless referenced by a gameplay rule.","2026-07-06T00:00:00.000Z","2026-07-06T00:00:00.000Z"
"RES-0010","Iron","Element","Elements","Transition Metal","","Common","#FFFFFF","Earth","Yes","Start","Terrestrial; Desert; Dead; Lava","","early buildings; basic industry; crafting; and trade","10","9999","Core metal for tools, buildings, factories, machines, and infrastructure.","Earth-realistic common resource.","Available before space exploration.","Metal; Common; Earth; Transition Metal; Fe","active","Metal","resource-taxonomy-v3.0","","Naturally Occurring","false","false","Common","Start","Extraction, recovery, or processing","Start","true","26","Fe","Standard atomic weight","Transition Metal","4","8","Solid","Naturally Occurring","Observed","Iron is chemical element 26 (Fe). Scientific metadata is descriptive unless referenced by a gameplay rule.","2026-07-06T00:00:00.000Z","2026-07-06T00:00:00.000Z"
"RES-ELEMENT-025","Manganese","Element","Elements","Transition Metal","","Common","#FFFFFF","Earth","Yes","Element Analysis","Terrestrial; Dead; Lava; Gas Giant","","science; industry; research","50","9999","Manganese is the officially named chemical element with atomic number 25 and symbol Mn.","Canonical periodic-table record. Availability is governed separately from catalog presence.","Added by Resource Taxonomy v3.0. Stable ID; do not rename or recycle.","Elements; Common; Earth; Transition Metal; Mn","active","","resource-taxonomy-v3.0","","Naturally Occurring","false","false","Common","Element Analysis","Extraction, recovery, or processing","Element Analysis","true","25","Mn","Standard atomic weight","Transition Metal","4","7","Solid","Naturally Occurring","Observed","Manganese is chemical element 25 (Mn). Scientific metadata is descriptive unless referenced by a gameplay rule.","2026-07-20T00:00:00.000Z","2026-07-20T00:00:00.000Z"
"RES-ELEMENT-109","Meitnerium","Element","Elements","Transition Metal","","Legendary","#F59E0B","Interstellar","No","Particle Synthesis","Artificial","","science; industry; research","2180","9999","Meitnerium is the officially named chemical element with atomic number 109 and symbol Mt.","Canonical periodic-table record. Availability is governed separately from catalog presence.","Added by Resource Taxonomy v3.0. Stable ID; do not rename or recycle.","Elements; Legendary; Interstellar; Transition Metal; Mt","active","","resource-taxonomy-v3.0","","Synthetic","true","true","Legendary","Particle Synthesis","Particle accelerator synthesis","Particle Synthesis","false","109","Mt","[109]","Transition Metal","7","9","Unknown","Synthetic","Predicted","Meitnerium is chemical element 109 (Mt). Scientific metadata is descriptive unless referenced by a gameplay rule.","2026-07-20T00:00:00.000Z","2026-07-20T00:00:00.000Z"
"RES-ELEMENT-080","Mercury","Element","Elements","Transition Metal","Liquids > Elemental Liquids","Common","#FFFFFF","Earth","Yes","Element Analysis","Terrestrial; Dead; Lava; Gas Giant","","science; industry; research","160","9999","Mercury is the officially named chemical element with atomic number 80 and symbol Hg.","Canonical periodic-table record. Availability is governed separately from catalog presence.","Added by Resource Taxonomy v3.0. Stable ID; do not rename or recycle.","Elements; Common; Earth; Transition Metal; Hg","active","","resource-taxonomy-v3.0","","Naturally Occurring","false","false","Common","Element Analysis","Extraction, recovery, or processing","Element Analysis","true","80","Hg","Standard atomic weight","Transition Metal","6","12","Liquid","Naturally Occurring","Observed","Mercury is chemical element 80 (Hg). Scientific metadata is descriptive unless referenced by a gameplay rule.","2026-07-20T00:00:00.000Z","2026-07-20T00:00:00.000Z"
"RES-ELEMENT-042","Molybdenum","Element","Elements","Transition Metal","","Common","#FFFFFF","Earth","Yes","Element Analysis","Terrestrial; Dead; Lava; Gas Giant","","science; industry; research","84","9999","Molybdenum is the officially named chemical element with atomic number 42 and symbol Mo.","Canonical periodic-table record. Availability is governed separately from catalog presence.","Added by Resource Taxonomy v3.0. Stable ID; do not rename or recycle.","Elements; Common; Earth; Transition Metal; Mo","active","","resource-taxonomy-v3.0","","Naturally Occurring","false","false","Common","Element Analysis","Extraction, recovery, or processing","Element Analysis","true","42","Mo","Standard atomic weight","Transition Metal","5","6","Solid","Naturally Occurring","Observed","Molybdenum is chemical element 42 (Mo). Scientific metadata is descriptive unless referenced by a gameplay rule.","2026-07-20T00:00:00.000Z","2026-07-20T00:00:00.000Z"
"RES-0023","Nickel","Element","Elements","Transition Metal","","Uncommon","#2ECC71","Earth","Yes","Village / Town Industry","Terrestrial; Desert; Ocean; Dead","","energy; manufacturing; electronics; and trade","35","9999","Alloy metal used in stainless steel, batteries, and spacecraft.","Earth-realistic uncommon resource.","Earth-tier but less common than basic resources.","Metal; Uncommon; Earth; Transition Metal; Ni","active","Metal","resource-taxonomy-v3.0","","Naturally Occurring","false","false","Uncommon","Village / Town Industry","Extraction, recovery, or processing","Village / Town Industry","true","28","Ni","Standard atomic weight","Transition Metal","4","10","Solid","Naturally Occurring","Observed","Nickel is chemical element 28 (Ni). Scientific metadata is descriptive unless referenced by a gameplay rule.","2026-07-06T00:00:00.000Z","2026-07-06T00:00:00.000Z"
"RES-ELEMENT-041","Niobium","Element","Elements","Transition Metal","","Common","#FFFFFF","Earth","Yes","Element Analysis","Terrestrial; Dead; Lava; Gas Giant","","science; industry; research","82","9999","Niobium is the officially named chemical element with atomic number 41 and symbol Nb.","Canonical periodic-table record. Availability is governed separately from catalog presence.","Added by Resource Taxonomy v3.0. Stable ID; do not rename or recycle.","Elements; Common; Earth; Transition Metal; Nb","active","","resource-taxonomy-v3.0","","Naturally Occurring","false","false","Common","Element Analysis","Extraction, recovery, or processing","Element Analysis","true","41","Nb","Standard atomic weight","Transition Metal","5","5","Solid","Naturally Occurring","Observed","Niobium is chemical element 41 (Nb). Scientific metadata is descriptive unless referenced by a gameplay rule.","2026-07-20T00:00:00.000Z","2026-07-20T00:00:00.000Z"
"RES-ELEMENT-076","Osmium","Element","Elements","Transition Metal","","Common","#FFFFFF","Earth","Yes","Element Analysis","Terrestrial; Dead; Lava; Gas Giant","","science; industry; research","152","9999","Osmium is the officially named chemical element with atomic number 76 and symbol Os.","Canonical periodic-table record. Availability is governed separately from catalog presence.","Added by Resource Taxonomy v3.0. Stable ID; do not rename or recycle.","Elements; Common; Earth; Transition Metal; Os","active","","resource-taxonomy-v3.0","","Naturally Occurring","false","false","Common","Element Analysis","Extraction, recovery, or processing","Element Analysis","true","76","Os","Standard atomic weight","Transition Metal","6","8","Solid","Naturally Occurring","Observed","Osmium is chemical element 76 (Os). Scientific metadata is descriptive unless referenced by a gameplay rule.","2026-07-20T00:00:00.000Z","2026-07-20T00:00:00.000Z"
"RES-0033","Palladium","Element","Elements","Transition Metal","","Rare","#3498DB","Earth","Yes","Industrial / Modern","Terrestrial; Desert; Dead; Lava","","advanced buildings; energy; robotics; and space program","120","9999","Catalyst and electronics metal used in advanced manufacturing.","Earth-realistic rare resource.","Can exist before galaxy exploration but should be gated behind research/mining tech.","Metal; Rare; Earth; Transition Metal; Pd","active","Metal","resource-taxonomy-v3.0","","Naturally Occurring","false","false","Rare","Industrial / Modern","Extraction, recovery, or processing","Industrial / Modern","true","46","Pd","Standard atomic weight","Transition Metal","5","10","Solid","Naturally Occurring","Observed","Palladium is chemical element 46 (Pd). Scientific metadata is descriptive unless referenced by a gameplay rule.","2026-07-06T00:00:00.000Z","2026-07-06T00:00:00.000Z"
"RES-0032","Platinum","Element","Elements","Transition Metal","","Rare","#3498DB","Earth","Yes","Industrial / Modern","Terrestrial; Desert; Dead; Lava","","advanced buildings; energy; robotics; and space program","120","9999","Precious catalyst metal used in energy, chemistry, and high-value trade.","Earth-realistic rare resource.","Can exist before galaxy exploration but should be gated behind research/mining tech.","Metal; Rare; Earth; Transition Metal; Pt","active","Metal","resource-taxonomy-v3.0","","Naturally Occurring","false","false","Rare","Industrial / Modern","Extraction, recovery, or processing","Industrial / Modern","true","78","Pt","Standard atomic weight","Transition Metal","6","10","Solid","Naturally Occurring","Observed","Platinum is chemical element 78 (Pt). Scientific metadata is descriptive unless referenced by a gameplay rule.","2026-07-06T00:00:00.000Z","2026-07-06T00:00:00.000Z"
"RES-ELEMENT-075","Rhenium","Element","Elements","Transition Metal","","Common","#FFFFFF","Earth","Yes","Element Analysis","Terrestrial; Dead; Lava; Gas Giant","","science; industry; research","150","9999","Rhenium is the officially named chemical element with atomic number 75 and symbol Re.","Canonical periodic-table record. Availability is governed separately from catalog presence.","Added by Resource Taxonomy v3.0. Stable ID; do not rename or recycle.","Elements; Common; Earth; Transition Metal; Re","active","","resource-taxonomy-v3.0","","Naturally Occurring","false","false","Common","Element Analysis","Extraction, recovery, or processing","Element Analysis","true","75","Re","Standard atomic weight","Transition Metal","6","7","Solid","Naturally Occurring","Observed","Rhenium is chemical element 75 (Re). Scientific metadata is descriptive unless referenced by a gameplay rule.","2026-07-20T00:00:00.000Z","2026-07-20T00:00:00.000Z"
"RES-ELEMENT-045","Rhodium","Element","Elements","Transition Metal","","Common","#FFFFFF","Earth","Yes","Element Analysis","Terrestrial; Dead; Lava; Gas Giant","","science; industry; research","90","9999","Rhodium is the officially named chemical element with atomic number 45 and symbol Rh.","Canonical periodic-table record. Availability is governed separately from catalog presence.","Added by Resource Taxonomy v3.0. Stable ID; do not rename or recycle.","Elements; Common; Earth; Transition Metal; Rh","active","","resource-taxonomy-v3.0","","Naturally Occurring","false","false","Common","Element Analysis","Extraction, recovery, or processing","Element Analysis","true","45","Rh","Standard atomic weight","Transition Metal","5","9","Solid","Naturally Occurring","Observed","Rhodium is chemical element 45 (Rh). Scientific metadata is descriptive unless referenced by a gameplay rule.","2026-07-20T00:00:00.000Z","2026-07-20T00:00:00.000Z"
"RES-ELEMENT-111","Roentgenium","Element","Elements","Transition Metal","","Legendary","#F59E0B","Interstellar","No","Particle Synthesis","Artificial","","science; industry; research","2220","9999","Roentgenium is the officially named chemical element with atomic number 111 and symbol Rg.","Canonical periodic-table record. Availability is governed separately from catalog presence.","Added by Resource Taxonomy v3.0. Stable ID; do not rename or recycle.","Elements; Legendary; Interstellar; Transition Metal; Rg","active","","resource-taxonomy-v3.0","","Synthetic","true","true","Legendary","Particle Synthesis","Particle accelerator synthesis","Particle Synthesis","false","111","Rg","[111]","Transition Metal","7","11","Unknown","Synthetic","Predicted","Roentgenium is chemical element 111 (Rg). Scientific metadata is descriptive unless referenced by a gameplay rule.","2026-07-20T00:00:00.000Z","2026-07-20T00:00:00.000Z"
"RES-ELEMENT-044","Ruthenium","Element","Elements","Transition Metal","","Common","#FFFFFF","Earth","Yes","Element Analysis","Terrestrial; Dead; Lava; Gas Giant","","science; industry; research","88","9999","Ruthenium is the officially named chemical element with atomic number 44 and symbol Ru.","Canonical periodic-table record. Availability is governed separately from catalog presence.","Added by Resource Taxonomy v3.0. Stable ID; do not rename or recycle.","Elements; Common; Earth; Transition Metal; Ru","active","","resource-taxonomy-v3.0","","Naturally Occurring","false","false","Common","Element Analysis","Extraction, recovery, or processing","Element Analysis","true","44","Ru","Standard atomic weight","Transition Metal","5","8","Solid","Naturally Occurring","Observed","Ruthenium is chemical element 44 (Ru). Scientific metadata is descriptive unless referenced by a gameplay rule.","2026-07-20T00:00:00.000Z","2026-07-20T00:00:00.000Z"
"RES-ELEMENT-104","Rutherfordium","Element","Elements","Transition Metal","","Legendary","#F59E0B","Interstellar","No","Particle Synthesis","Artificial","","science; industry; research","2080","9999","Rutherfordium is the officially named chemical element with atomic number 104 and symbol Rf.","Canonical periodic-table record. Availability is governed separately from catalog presence.","Added by Resource Taxonomy v3.0. Stable ID; do not rename or recycle.","Elements; Legendary; Interstellar; Transition Metal; Rf","active","","resource-taxonomy-v3.0","","Synthetic","true","true","Legendary","Particle Synthesis","Particle accelerator synthesis","Particle Synthesis","false","104","Rf","[104]","Transition Metal","7","4","Unknown","Synthetic","Predicted","Rutherfordium is chemical element 104 (Rf). Scientific metadata is descriptive unless referenced by a gameplay rule.","2026-07-20T00:00:00.000Z","2026-07-20T00:00:00.000Z"
"RES-ELEMENT-021","Scandium","Element","Elements","Transition Metal","","Common","#FFFFFF","Earth","Yes","Element Analysis","Terrestrial; Dead; Lava; Gas Giant","","science; industry; research","42","9999","Scandium is the officially named chemical element with atomic number 21 and symbol Sc.","Canonical periodic-table record. Availability is governed separately from catalog presence.","Added by Resource Taxonomy v3.0. Stable ID; do not rename or recycle.","Elements; Common; Earth; Transition Metal; Sc","active","","resource-taxonomy-v3.0","","Naturally Occurring","false","false","Common","Element Analysis","Extraction, recovery, or processing","Element Analysis","true","21","Sc","Standard atomic weight","Transition Metal","4","3","Solid","Naturally Occurring","Observed","Scandium is chemical element 21 (Sc). Scientific metadata is descriptive unless referenced by a gameplay rule.","2026-07-20T00:00:00.000Z","2026-07-20T00:00:00.000Z"
"RES-ELEMENT-106","Seaborgium","Element","Elements","Transition Metal","","Legendary","#F59E0B","Interstellar","No","Particle Synthesis","Artificial","","science; industry; research","2120","9999","Seaborgium is the officially named chemical element with atomic number 106 and symbol Sg.","Canonical periodic-table record. Availability is governed separately from catalog presence.","Added by Resource Taxonomy v3.0. Stable ID; do not rename or recycle.","Elements; Legendary; Interstellar; Transition Metal; Sg","active","","resource-taxonomy-v3.0","","Synthetic","true","true","Legendary","Particle Synthesis","Particle accelerator synthesis","Particle Synthesis","false","106","Sg","[106]","Transition Metal","7","6","Unknown","Synthetic","Predicted","Seaborgium is chemical element 106 (Sg). Scientific metadata is descriptive unless referenced by a gameplay rule.","2026-07-20T00:00:00.000Z","2026-07-20T00:00:00.000Z"
"RES-0024","Silver","Element","Elements","Transition Metal","","Uncommon","#2ECC71","Earth","Yes","Village / Town Industry","Terrestrial; Desert; Ocean; Dead","","energy; manufacturing; electronics; and trade","35","9999","Precious conductive metal used in trade, electronics, and luxury systems.","Earth-realistic uncommon resource.","Earth-tier but less common than basic resources.","Metal; Uncommon; Earth; Transition Metal; Ag","active","Metal","resource-taxonomy-v3.0","","Naturally Occurring","false","false","Uncommon","Village / Town Industry","Extraction, recovery, or processing","Village / Town Industry","true","47","Ag","Standard atomic weight","Transition Metal","5","11","Solid","Naturally Occurring","Observed","Silver is chemical element 47 (Ag). Scientific metadata is descriptive unless referenced by a gameplay rule.","2026-07-06T00:00:00.000Z","2026-07-06T00:00:00.000Z"
"RES-ELEMENT-073","Tantalum","Element","Elements","Transition Metal","","Common","#FFFFFF","Earth","Yes","Element Analysis","Terrestrial; Dead; Lava; Gas Giant","","science; industry; research","146","9999","Tantalum is the officially named chemical element with atomic number 73 and symbol Ta.","Canonical periodic-table record. Availability is governed separately from catalog presence.","Added by Resource Taxonomy v3.0. Stable ID; do not rename or recycle.","Elements; Common; Earth; Transition Metal; Ta","active","","resource-taxonomy-v3.0","","Naturally Occurring","false","false","Common","Element Analysis","Extraction, recovery, or processing","Element Analysis","true","73","Ta","Standard atomic weight","Transition Metal","6","5","Solid","Naturally Occurring","Observed","Tantalum is chemical element 73 (Ta). Scientific metadata is descriptive unless referenced by a gameplay rule.","2026-07-20T00:00:00.000Z","2026-07-20T00:00:00.000Z"
"RES-ELEMENT-043","Technetium","Element","Elements","Transition Metal","","Rare","#3498DB","Planetary","No","Radiation Handling","Terrestrial; Dead; Lava; Gas Giant","","science; industry; research","215","9999","Technetium is the officially named chemical element with atomic number 43 and symbol Tc.","Canonical periodic-table record. Availability is governed separately from catalog presence.","Added by Resource Taxonomy v3.0. Stable ID; do not rename or recycle.","Elements; Rare; Planetary; Transition Metal; Tc","active","","resource-taxonomy-v3.0","","Trace Naturally Occurring","false","true","Rare","Radiation Handling","Extraction, recovery, or processing","Radiation Handling","true","43","Tc","Standard atomic weight","Transition Metal","5","7","Solid","Trace Naturally Occurring","Observed","Technetium is chemical element 43 (Tc). Scientific metadata is descriptive unless referenced by a gameplay rule.","2026-07-20T00:00:00.000Z","2026-07-20T00:00:00.000Z"
"RES-0031","Titanium","Element","Elements","Transition Metal","","Rare","#3498DB","Earth","Yes","Industrial / Modern","Terrestrial; Desert; Dead; Lava","","advanced buildings; energy; robotics; and space program","120","9999","High-strength lightweight metal for aerospace, robotics, ships, and advanced buildings.","Earth-realistic rare resource.","Can exist before galaxy exploration but should be gated behind research/mining tech.","Metal; Rare; Earth; Transition Metal; Ti","active","Metal","resource-taxonomy-v3.0","","Naturally Occurring","false","false","Rare","Industrial / Modern","Extraction, recovery, or processing","Industrial / Modern","true","22","Ti","Standard atomic weight","Transition Metal","4","4","Solid","Naturally Occurring","Observed","Titanium is chemical element 22 (Ti). Scientific metadata is descriptive unless referenced by a gameplay rule.","2026-07-06T00:00:00.000Z","2026-07-06T00:00:00.000Z"
"RES-0037","Tungsten","Element","Elements","Transition Metal","","Rare","#3498DB","Earth","Yes","Industrial / Modern","Terrestrial; Desert; Dead; Lava","","advanced buildings; energy; robotics; and space program","120","9999","Very dense heat-resistant metal for tools, reactors, and advanced industry.","Earth-realistic rare resource.","Can exist before galaxy exploration but should be gated behind research/mining tech.","Metal; Rare; Earth; Transition Metal; W","active","Metal","resource-taxonomy-v3.0","","Naturally Occurring","false","false","Rare","Industrial / Modern","Extraction, recovery, or processing","Industrial / Modern","true","74","W","Standard atomic weight","Transition Metal","6","6","Solid","Naturally Occurring","Observed","Tungsten is chemical element 74 (W). Scientific metadata is descriptive unless referenced by a gameplay rule.","2026-07-06T00:00:00.000Z","2026-07-06T00:00:00.000Z"
"RES-ELEMENT-023","Vanadium","Element","Elements","Transition Metal","","Common","#FFFFFF","Earth","Yes","Element Analysis","Terrestrial; Dead; Lava; Gas Giant","","science; industry; research","46","9999","Vanadium is the officially named chemical element with atomic number 23 and symbol V.","Canonical periodic-table record. Availability is governed separately from catalog presence.","Added by Resource Taxonomy v3.0. Stable ID; do not rename or recycle.","Elements; Common; Earth; Transition Metal; V","active","","resource-taxonomy-v3.0","","Naturally Occurring","false","false","Common","Element Analysis","Extraction, recovery, or processing","Element Analysis","true","23","V","Standard atomic weight","Transition Metal","4","5","Solid","Naturally Occurring","Observed","Vanadium is chemical element 23 (V). Scientific metadata is descriptive unless referenced by a gameplay rule.","2026-07-20T00:00:00.000Z","2026-07-20T00:00:00.000Z"
"RES-ELEMENT-039","Yttrium","Element","Elements","Transition Metal","","Common","#FFFFFF","Earth","Yes","Element Analysis","Terrestrial; Dead; Lava; Gas Giant","","science; industry; research","78","9999","Yttrium is the officially named chemical element with atomic number 39 and symbol Y.","Canonical periodic-table record. Availability is governed separately from catalog presence.","Added by Resource Taxonomy v3.0. Stable ID; do not rename or recycle.","Elements; Common; Earth; Transition Metal; Y","active","","resource-taxonomy-v3.0","","Naturally Occurring","false","false","Common","Element Analysis","Extraction, recovery, or processing","Element Analysis","true","39","Y","Standard atomic weight","Transition Metal","5","3","Solid","Naturally Occurring","Observed","Yttrium is chemical element 39 (Y). Scientific metadata is descriptive unless referenced by a gameplay rule.","2026-07-20T00:00:00.000Z","2026-07-20T00:00:00.000Z"
"RES-0014","Zinc","Element","Elements","Transition Metal","","Common","#FFFFFF","Earth","Yes","Start","Terrestrial; Desert; Dead; Lava","","early buildings; basic industry; crafting; and trade","10","9999","Used for alloys, galvanization, chemistry, and batteries.","Earth-realistic common resource.","Available before space exploration.","Metal; Common; Earth; Transition Metal; Zn","active","Metal","resource-taxonomy-v3.0","","Naturally Occurring","false","false","Common","Start","Extraction, recovery, or processing","Start","true","30","Zn","Standard atomic weight","Transition Metal","4","12","Solid","Naturally Occurring","Observed","Zinc is chemical element 30 (Zn). Scientific metadata is descriptive unless referenced by a gameplay rule.","2026-07-06T00:00:00.000Z","2026-07-06T00:00:00.000Z"
"RES-ELEMENT-040","Zirconium","Element","Elements","Transition Metal","","Common","#FFFFFF","Earth","Yes","Element Analysis","Terrestrial; Dead; Lava; Gas Giant","","science; industry; research","80","9999","Zirconium is the officially named chemical element with atomic number 40 and symbol Zr.","Canonical periodic-table record. Availability is governed separately from catalog presence.","Added by Resource Taxonomy v3.0. Stable ID; do not rename or recycle.","Elements; Common; Earth; Transition Metal; Zr","active","","resource-taxonomy-v3.0","","Naturally Occurring","false","false","Common","Element Analysis","Extraction, recovery, or processing","Element Analysis","true","40","Zr","Standard atomic weight","Transition Metal","5","4","Solid","Naturally Occurring","Observed","Zirconium is chemical element 40 (Zr). Scientific metadata is descriptive unless referenced by a gameplay rule.","2026-07-20T00:00:00.000Z","2026-07-20T00:00:00.000Z"
"RES-PROFILE-AURORA-CORE","Aurora Core","Energy Material","Energy Materials","Condensed Energy Cores","","Uncommon","#2ECC71","Planetary","No","Planetary Survey","Terrestrial; Ocean; Desert; Ice; Lava; Gas Giant; Crystal; Toxic; Artificial; Void; Living; Bio; Ancient; Energy; Primordial; Dead","","planet generation; resource profiles; exploration","45","9999","Aurora Core is a profile-normalized canonical resource used by deterministic planet generation.","Supplemental canonical resource inferred from Planet Resource Profiles v2.0 normalization.","Stable generated ID. Keep for save compatibility unless migrated through an explicit ID remap.","Energy; Uncommon; Planetary","active","Energy","resource-taxonomy-v3.0","","Canonical generation rules","false","false","Uncommon","Planetary Survey","Extraction, recovery, or processing","Planetary Survey","true","","","","","","","","","","","2026-07-09T00:00:00.000Z","2026-07-09T00:00:00.000Z"
"RES-0156","Charge Core","Energy Material","Energy Materials","Condensed Energy Cores","","Legendary","#F39C12","Cosmic","No","Void / Energy / Cosmic World Discovery","Void; Energy; Gas Giant; Primordial","","endgame energy; galaxy travel; wonders; research; and collectibles","5000","9999","Condensed charge resource from electrically unstable worlds.","Highly speculative science-fiction resource.","Roll only on high rarity planets or compatible world classes.","Energy Core; Legendary; Cosmic","active","Energy Core","resource-taxonomy-v3.0","","Canonical generation rules","false","false","Legendary","Void / Energy / Cosmic World Discovery","Extraction, recovery, or processing","Void / Energy / Cosmic World Discovery","true","","","","","","","","","","","2026-07-06T00:00:00.000Z","2026-07-06T00:00:00.000Z"
"RES-PROFILE-CRYO-CORE","Cryo Core","Energy Material","Energy Materials","Condensed Energy Cores","","Uncommon","#2ECC71","Planetary","No","Planetary Survey","Terrestrial; Ocean; Desert; Ice; Lava; Gas Giant; Crystal; Toxic; Artificial; Void; Living; Bio; Ancient; Energy; Primordial; Dead","","planet generation; resource profiles; exploration","45","9999","Cryo Core is a profile-normalized canonical resource used by deterministic planet generation.","Supplemental canonical resource inferred from Planet Resource Profiles v2.0 normalization.","Stable generated ID. Keep for save compatibility unless migrated through an explicit ID remap.","Energy; Uncommon; Planetary","active","Energy","resource-taxonomy-v3.0","","Canonical generation rules","false","false","Uncommon","Planetary Survey","Extraction, recovery, or processing","Planetary Survey","true","","","","","","","","","","","2026-07-09T00:00:00.000Z","2026-07-09T00:00:00.000Z"
"RES-PROFILE-DEEP-CORE-MINERALS","Deep Core Minerals","Energy Material","Energy Materials","Condensed Energy Cores","","Uncommon","#2ECC71","Planetary","No","Planetary Survey","Terrestrial; Ocean; Desert; Ice; Lava; Gas Giant; Crystal; Toxic; Artificial; Void; Living; Bio; Ancient; Energy; Primordial; Dead","","planet generation; resource profiles; exploration","45","9999","Deep Core Minerals is a profile-normalized canonical resource used by deterministic planet generation.","Supplemental canonical resource inferred from Planet Resource Profiles v2.0 normalization.","Stable generated ID. Keep for save compatibility unless migrated through an explicit ID remap.","Energy; Uncommon; Planetary","active","Energy","resource-taxonomy-v3.0","","Canonical generation rules","false","false","Uncommon","Planetary Survey","Extraction, recovery, or processing","Planetary Survey","true","","","","","","","","","","","2026-07-09T00:00:00.000Z","2026-07-09T00:00:00.000Z"
"RES-0154","Electromagnetic Core","Energy Material","Energy Materials","Condensed Energy Cores","","Legendary","#F39C12","Cosmic","No","Void / Energy / Cosmic World Discovery","Void; Energy; Gas Giant; Primordial","","endgame energy; galaxy travel; wonders; research; and collectibles","5000","9999","Core resource from electromagnetic worlds.","Highly speculative science-fiction resource.","Roll only on high rarity planets or compatible world classes.","Energy Core; Legendary; Cosmic","active","Energy Core","resource-taxonomy-v3.0","","Canonical generation rules","false","false","Legendary","Void / Energy / Cosmic World Discovery","Extraction, recovery, or processing","Void / Energy / Cosmic World Discovery","true","","","","","","","","","","","2026-07-06T00:00:00.000Z","2026-07-06T00:00:00.000Z"
"RES-PROFILE-EVOLUTION-CORE","Evolution Core","Energy Material","Energy Materials","Condensed Energy Cores","","Uncommon","#2ECC71","Planetary","No","Planetary Survey","Terrestrial; Ocean; Desert; Ice; Lava; Gas Giant; Crystal; Toxic; Artificial; Void; Living; Bio; Ancient; Energy; Primordial; Dead","","planet generation; resource profiles; exploration","45","9999","Evolution Core is a profile-normalized canonical resource used by deterministic planet generation.","Supplemental canonical resource inferred from Planet Resource Profiles v2.0 normalization.","Stable generated ID. Keep for save compatibility unless migrated through an explicit ID remap.","Energy; Uncommon; Planetary","active","Energy","resource-taxonomy-v3.0","","Canonical generation rules","false","false","Uncommon","Planetary Survey","Extraction, recovery, or processing","Planetary Survey","true","","","","","","","","","","","2026-07-09T00:00:00.000Z","2026-07-09T00:00:00.000Z"
"RES-PROFILE-ION-CORE","Ion Core","Energy Material","Energy Materials","Condensed Energy Cores","","Uncommon","#2ECC71","Planetary","No","Planetary Survey","Terrestrial; Ocean; Desert; Ice; Lava; Gas Giant; Crystal; Toxic; Artificial; Void; Living; Bio; Ancient; Energy; Primordial; Dead","","planet generation; resource profiles; exploration","45","9999","Ion Core is a profile-normalized canonical resource used by deterministic planet generation.","Supplemental canonical resource inferred from Planet Resource Profiles v2.0 normalization.","Stable generated ID. Keep for save compatibility unless migrated through an explicit ID remap.","Energy; Uncommon; Planetary","active","Energy","resource-taxonomy-v3.0","","Canonical generation rules","false","false","Uncommon","Planetary Survey","Extraction, recovery, or processing","Planetary Survey","true","","","","","","","","","","","2026-07-09T00:00:00.000Z","2026-07-09T00:00:00.000Z"
"RES-0155","Lightning Core","Energy Material","Energy Materials","Condensed Energy Cores","","Legendary","#F39C12","Cosmic","No","Void / Energy / Cosmic World Discovery","Void; Energy; Gas Giant; Primordial","","endgame energy; galaxy travel; wonders; research; and collectibles","5000","9999","Core resource generated by extreme storm planets.","Highly speculative science-fiction resource.","Roll only on high rarity planets or compatible world classes.","Energy Core; Legendary; Cosmic","active","Energy Core","resource-taxonomy-v3.0","","Canonical generation rules","false","false","Legendary","Void / Energy / Cosmic World Discovery","Extraction, recovery, or processing","Void / Energy / Cosmic World Discovery","true","","","","","","","","","","","2026-07-06T00:00:00.000Z","2026-07-06T00:00:00.000Z"
"RES-PROFILE-MAGMA-CORE","Magma Core","Energy Material","Energy Materials","Condensed Energy Cores","","Uncommon","#2ECC71","Planetary","No","Planetary Survey","Terrestrial; Ocean; Desert; Ice; Lava; Gas Giant; Crystal; Toxic; Artificial; Void; Living; Bio; Ancient; Energy; Primordial; Dead","","planet generation; resource profiles; exploration","45","9999","Magma Core is a profile-normalized canonical resource used by deterministic planet generation.","Supplemental canonical resource inferred from Planet Resource Profiles v2.0 normalization.","Stable generated ID. Keep for save compatibility unless migrated through an explicit ID remap.","Energy; Uncommon; Planetary","active","Energy","resource-taxonomy-v3.0","","Canonical generation rules","false","false","Uncommon","Planetary Survey","Extraction, recovery, or processing","Planetary Survey","true","","","","","","","","","","","2026-07-09T00:00:00.000Z","2026-07-09T00:00:00.000Z"
"RES-PROFILE-MUTATION-CORE","Mutation Core","Energy Material","Energy Materials","Condensed Energy Cores","","Uncommon","#2ECC71","Planetary","No","Planetary Survey","Terrestrial; Ocean; Desert; Ice; Lava; Gas Giant; Crystal; Toxic; Artificial; Void; Living; Bio; Ancient; Energy; Primordial; Dead","","planet generation; resource profiles; exploration","45","9999","Mutation Core is a profile-normalized canonical resource used by deterministic planet generation.","Supplemental canonical resource inferred from Planet Resource Profiles v2.0 normalization.","Stable generated ID. Keep for save compatibility unless migrated through an explicit ID remap.","Energy; Uncommon; Planetary","active","Energy","resource-taxonomy-v3.0","","Canonical generation rules","false","false","Uncommon","Planetary Survey","Extraction, recovery, or processing","Planetary Survey","true","","","","","","","","","","","2026-07-09T00:00:00.000Z","2026-07-09T00:00:00.000Z"
"RES-0152","Photon Core","Energy Material","Energy Materials","Condensed Energy Cores","","Legendary","#F39C12","Cosmic","No","Void / Energy / Cosmic World Discovery","Void; Energy; Gas Giant; Primordial","","endgame energy; galaxy travel; wonders; research; and collectibles","5000","9999","Concentrated light-energy core used in advanced energy systems.","Highly speculative science-fiction resource.","Roll only on high rarity planets or compatible world classes.","Energy Core; Legendary; Cosmic","active","Energy Core","resource-taxonomy-v3.0","","Canonical generation rules","false","false","Legendary","Void / Energy / Cosmic World Discovery","Extraction, recovery, or processing","Void / Energy / Cosmic World Discovery","true","","","","","","","","","","","2026-07-06T00:00:00.000Z","2026-07-06T00:00:00.000Z"
"RES-PROFILE-SHIELD-CORE","Shield Core","Energy Material","Energy Materials","Condensed Energy Cores","","Uncommon","#2ECC71","Planetary","No","Planetary Survey","Terrestrial; Ocean; Desert; Ice; Lava; Gas Giant; Crystal; Toxic; Artificial; Void; Living; Bio; Ancient; Energy; Primordial; Dead","","planet generation; resource profiles; exploration","45","9999","Shield Core is a profile-normalized canonical resource used by deterministic planet generation.","Supplemental canonical resource inferred from Planet Resource Profiles v2.0 normalization.","Stable generated ID. Keep for save compatibility unless migrated through an explicit ID remap.","Energy; Uncommon; Planetary","active","Energy","resource-taxonomy-v3.0","","Canonical generation rules","false","false","Uncommon","Planetary Survey","Extraction, recovery, or processing","Planetary Survey","true","","","","","","","","","","","2026-07-09T00:00:00.000Z","2026-07-09T00:00:00.000Z"
"RES-0185","Storm Core","Energy Material","Energy Materials","Condensed Energy Cores","","Exotic","#F39C12","Space","No","Space Survey","Gas Giant; Ice; Toxic; Lava; Terrestrial; Dead","","planet generation; economy; crafting; research","250","9999","Condensed atmospheric storm energy from extreme gas giant weather systems.","Supplemental canonical resource added by ResourceService to keep generation rules catalog-backed.","Stable generated ID. Do not rename or reuse.","Energy; Exotic; Space","active","Energy","resource-taxonomy-v3.0","","Canonical generation rules","false","false","Exotic","Space Survey","Extraction, recovery, or processing","Space Survey","true","","","","","","","","","","","2026-07-09T00:00:00.000Z","2026-07-09T00:00:00.000Z"
"RES-PROFILE-FUSION-CATALYST","Fusion Catalyst","Energy Material","Energy Materials","Energy Catalysts","","Uncommon","#2ECC71","Planetary","No","Planetary Survey","Terrestrial; Ocean; Desert; Ice; Lava; Gas Giant; Crystal; Toxic; Artificial; Void; Living; Bio; Ancient; Energy; Primordial; Dead","","planet generation; resource profiles; exploration","45","9999","Fusion Catalyst is a profile-normalized canonical resource used by deterministic planet generation.","Supplemental canonical resource inferred from Planet Resource Profiles v2.0 normalization.","Stable generated ID. Keep for save compatibility unless migrated through an explicit ID remap.","Energy; Uncommon; Planetary","active","Energy","resource-taxonomy-v3.0","","Canonical generation rules","false","false","Uncommon","Planetary Survey","Extraction, recovery, or processing","Planetary Survey","true","","","","","","","","","","","2026-07-09T00:00:00.000Z","2026-07-09T00:00:00.000Z"
"RES-0151","Infinite Energy","Energy Material","Energy Materials","Infinite Energy","","Legendary","#F39C12","Cosmic","No","Void / Energy / Cosmic World Discovery","Void; Energy; Gas Giant; Primordial","","endgame energy; galaxy travel; wonders; research; and collectibles","5000","9999","Endgame energy resource tied to cosmic and genesis discoveries.","Highly speculative science-fiction resource.","Roll only on high rarity planets or compatible world classes.","Energy; Legendary; Cosmic","active","Energy","resource-taxonomy-v3.0","","Canonical generation rules","false","false","Legendary","Void / Energy / Cosmic World Discovery","Extraction, recovery, or processing","Void / Energy / Cosmic World Discovery","true","","","","","","","","","","","2026-07-06T00:00:00.000Z","2026-07-06T00:00:00.000Z"
"RES-PROFILE-INFINITE-ENERGY-TRACE","Infinite Energy Trace","Energy Material","Energy Materials","Infinite Energy","","Exotic","#F39C12","Planetary","No","Planetary Survey","Terrestrial; Ocean; Desert; Ice; Lava; Gas Giant; Crystal; Toxic; Artificial; Void; Living; Bio; Ancient; Energy; Primordial; Dead","","planet generation; resource profiles; exploration","250","9999","Infinite Energy Trace is a profile-normalized canonical resource used by deterministic planet generation.","Supplemental canonical resource inferred from Planet Resource Profiles v2.0 normalization.","Stable generated ID. Keep for save compatibility unless migrated through an explicit ID remap.","Energy; Exotic; Planetary","active","Energy","resource-taxonomy-v3.0","","Canonical generation rules","false","false","Exotic","Planetary Survey","Extraction, recovery, or processing","Planetary Survey","true","","","","","","","","","","","2026-07-09T00:00:00.000Z","2026-07-09T00:00:00.000Z"
"RES-0145","Plasma","Energy Material","Energy Materials","Plasma Materials","","Legendary","#F39C12","Cosmic","No","Void / Energy / Cosmic World Discovery","Void; Energy; Gas Giant; Primordial","","endgame energy; galaxy travel; wonders; research; and collectibles","5000","9999","Ionized matter used in power systems and energy worlds.","Highly speculative science-fiction resource.","Roll only on high rarity planets or compatible world classes.","Energy; Legendary; Cosmic","active","Energy","resource-taxonomy-v3.0","","Canonical generation rules","false","false","Legendary","Void / Energy / Cosmic World Discovery","Extraction, recovery, or processing","Void / Energy / Cosmic World Discovery","true","","","","","","","","","","","2026-07-06T00:00:00.000Z","2026-07-06T00:00:00.000Z"
"RES-0153","Plasma Core","Energy Material","Energy Materials","Plasma Materials","","Legendary","#F39C12","Cosmic","No","Void / Energy / Cosmic World Discovery","Void; Energy; Gas Giant; Primordial","","endgame energy; galaxy travel; wonders; research; and collectibles","5000","9999","Stabilized plasma core for reactors and energy weapons.","Highly speculative science-fiction resource.","Roll only on high rarity planets or compatible world classes.","Energy Core; Legendary; Cosmic","active","Energy Core","resource-taxonomy-v3.0","","Canonical generation rules","false","false","Legendary","Void / Energy / Cosmic World Discovery","Extraction, recovery, or processing","Void / Energy / Cosmic World Discovery","true","","","","","","","","","","","2026-07-06T00:00:00.000Z","2026-07-06T00:00:00.000Z"
"RES-0143","Stellar Plasma","Energy Material","Energy Materials","Plasma Materials","","Legendary","#F39C12","Cosmic","No","Void / Energy / Cosmic World Discovery","Void; Energy; Gas Giant; Primordial","","endgame energy; galaxy travel; wonders; research; and collectibles","5000","9999","High-energy plasma used in reactors and stellar engineering.","Highly speculative science-fiction resource.","Roll only on high rarity planets or compatible world classes.","Energy; Legendary; Cosmic","active","Energy","resource-taxonomy-v3.0","","Canonical generation rules","false","false","Legendary","Void / Energy / Cosmic World Discovery","Extraction, recovery, or processing","Void / Energy / Cosmic World Discovery","true","","","","","","","","","","","2026-07-06T00:00:00.000Z","2026-07-06T00:00:00.000Z"
"RES-0144","Storm Plasma","Energy Material","Energy Materials","Plasma Materials","","Legendary","#F39C12","Cosmic","No","Void / Energy / Cosmic World Discovery","Void; Energy; Gas Giant; Primordial","","endgame energy; galaxy travel; wonders; research; and collectibles","5000","9999","Energetic plasma harvested from storms and gas giants.","Highly speculative science-fiction resource.","Roll only on high rarity planets or compatible world classes.","Energy; Legendary; Cosmic","active","Energy","resource-taxonomy-v3.0","","Canonical generation rules","false","false","Legendary","Void / Energy / Cosmic World Discovery","Extraction, recovery, or processing","Void / Energy / Cosmic World Discovery","true","","","","","","","","","","","2026-07-06T00:00:00.000Z","2026-07-06T00:00:00.000Z"
"RES-0189","Solar Energy","Energy Material","Energy Materials","Stellar Energy","","Common","#FFFFFF","Earth","Yes","Start","Gas Giant; Ice; Toxic; Lava; Terrestrial; Dead","","planet generation; economy; crafting; research","10","9999","Stellar energy harvested by solar systems and orbital infrastructure.","Supplemental canonical resource added by ResourceService to keep generation rules catalog-backed.","Stable generated ID. Do not rename or reuse.","Energy; Common; Earth","active","Energy","resource-taxonomy-v3.0","","Canonical generation rules","false","false","Common","Start","Extraction, recovery, or processing","Start","true","","","","","","","","","","","2026-07-09T00:00:00.000Z","2026-07-09T00:00:00.000Z"
"RES-0126","Dark Matter","Exotic Matter","Exotic Matter","Dark and Negative Matter","","Legendary","#F39C12","Cosmic","No","Void / Energy / Cosmic World Discovery","Void; Energy; Gas Giant; Primordial","","endgame energy; galaxy travel; wonders; research; and collectibles","5000","9999","Invisible exotic matter used in gravity, void, and late-game research.","Highly speculative science-fiction resource.","Roll only on high rarity planets or compatible world classes.","Cosmic; Legendary","active","Cosmic","resource-taxonomy-v3.0","","Canonical generation rules","false","false","Legendary","Void / Energy / Cosmic World Discovery","Extraction, recovery, or processing","Void / Energy / Cosmic World Discovery","true","","","","","","","","","","","2026-07-06T00:00:00.000Z","2026-07-06T00:00:00.000Z"
"RES-PROFILE-DARK-MATTER-TRACE","Dark Matter Trace","Exotic Matter","Exotic Matter","Dark and Negative Matter","","Exotic","#F39C12","Planetary","No","Planetary Survey","Terrestrial; Ocean; Desert; Ice; Lava; Gas Giant; Crystal; Toxic; Artificial; Void; Living; Bio; Ancient; Energy; Primordial; Dead","","planet generation; resource profiles; exploration","250","9999","Dark Matter Trace is a profile-normalized canonical resource used by deterministic planet generation.","Supplemental canonical resource inferred from Planet Resource Profiles v2.0 normalization.","Stable generated ID. Keep for save compatibility unless migrated through an explicit ID remap.","Planetary; Exotic","active","Planetary","resource-taxonomy-v3.0","","Canonical generation rules","false","false","Exotic","Planetary Survey","Extraction, recovery, or processing","Planetary Survey","true","","","","","","","","","","","2026-07-09T00:00:00.000Z","2026-07-09T00:00:00.000Z"
"RES-PROFILE-NEGATIVE-MATTER","Negative Matter","Exotic Matter","Exotic Matter","Dark and Negative Matter","","Uncommon","#2ECC71","Planetary","No","Planetary Survey","Terrestrial; Ocean; Desert; Ice; Lava; Gas Giant; Crystal; Toxic; Artificial; Void; Living; Bio; Ancient; Energy; Primordial; Dead","","planet generation; resource profiles; exploration","45","9999","Negative Matter is a profile-normalized canonical resource used by deterministic planet generation.","Supplemental canonical resource inferred from Planet Resource Profiles v2.0 normalization.","Stable generated ID. Keep for save compatibility unless migrated through an explicit ID remap.","Planetary; Uncommon","active","Planetary","resource-taxonomy-v3.0","","Canonical generation rules","false","false","Uncommon","Planetary Survey","Extraction, recovery, or processing","Planetary Survey","true","","","","","","","","","","","2026-07-09T00:00:00.000Z","2026-07-09T00:00:00.000Z"
"RES-0130","Collapsed Matter","Exotic Matter","Exotic Matter","General Exotic Matter","","Legendary","#F39C12","Cosmic","No","Void / Energy / Cosmic World Discovery","Void; Energy; Gas Giant; Primordial","","endgame energy; galaxy travel; wonders; research; and collectibles","5000","9999","Ultra-dense matter from extreme gravity environments.","Highly speculative science-fiction resource.","Roll only on high rarity planets or compatible world classes.","Cosmic; Legendary","active","Cosmic","resource-taxonomy-v3.0","","Canonical generation rules","false","false","Legendary","Void / Energy / Cosmic World Discovery","Extraction, recovery, or processing","Void / Energy / Cosmic World Discovery","true","","","","","","","","","","","2026-07-06T00:00:00.000Z","2026-07-06T00:00:00.000Z"
"RES-0127","Exotic Matter","Exotic Matter","Exotic Matter","General Exotic Matter","","Legendary","#F39C12","Cosmic","No","Void / Energy / Cosmic World Discovery","Void; Energy; Gas Giant; Primordial","","endgame energy; galaxy travel; wonders; research; and collectibles","5000","9999","Matter with unusual physical properties for advanced energy and space systems.","Highly speculative science-fiction resource.","Roll only on high rarity planets or compatible world classes.","Cosmic; Legendary","active","Cosmic","resource-taxonomy-v3.0","","Canonical generation rules","false","false","Legendary","Void / Energy / Cosmic World Discovery","Extraction, recovery, or processing","Void / Energy / Cosmic World Discovery","true","","","","","","","","","","","2026-07-06T00:00:00.000Z","2026-07-06T00:00:00.000Z"
"RES-PROFILE-EXOTIC-MATTER-TRACE","Exotic Matter Trace","Exotic Matter","Exotic Matter","General Exotic Matter","","Exotic","#F39C12","Planetary","No","Planetary Survey","Terrestrial; Ocean; Desert; Ice; Lava; Gas Giant; Crystal; Toxic; Artificial; Void; Living; Bio; Ancient; Energy; Primordial; Dead","","planet generation; resource profiles; exploration","250","9999","Exotic Matter Trace is a profile-normalized canonical resource used by deterministic planet generation.","Supplemental canonical resource inferred from Planet Resource Profiles v2.0 normalization.","Stable generated ID. Keep for save compatibility unless migrated through an explicit ID remap.","Planetary; Exotic","active","Planetary","resource-taxonomy-v3.0","","Canonical generation rules","false","false","Exotic","Planetary Survey","Extraction, recovery, or processing","Planetary Survey","true","","","","","","","","","","","2026-07-09T00:00:00.000Z","2026-07-09T00:00:00.000Z"
"RES-PROFILE-SHADOW-CORE","Shadow Core","Exotic Matter","Exotic Matter","General Exotic Matter","","Uncommon","#2ECC71","Planetary","No","Planetary Survey","Terrestrial; Ocean; Desert; Ice; Lava; Gas Giant; Crystal; Toxic; Artificial; Void; Living; Bio; Ancient; Energy; Primordial; Dead","","planet generation; resource profiles; exploration","45","9999","Shadow Core is a profile-normalized canonical resource used by deterministic planet generation.","Supplemental canonical resource inferred from Planet Resource Profiles v2.0 normalization.","Stable generated ID. Keep for save compatibility unless migrated through an explicit ID remap.","Energy; Uncommon; Planetary","active","Energy","resource-taxonomy-v3.0","","Canonical generation rules","false","false","Uncommon","Planetary Survey","Extraction, recovery, or processing","Planetary Survey","true","","","","","","","","","","","2026-07-09T00:00:00.000Z","2026-07-09T00:00:00.000Z"
"RES-0132","Gravitonium","Exotic Matter","Exotic Matter","Gravitic Matter","","Legendary","#F39C12","Cosmic","No","Void / Energy / Cosmic World Discovery","Void; Energy; Gas Giant; Primordial","","endgame energy; galaxy travel; wonders; research; and collectibles","5000","9999","Fictional gravity-manipulating material for space travel and wonders.","Highly speculative science-fiction resource.","Roll only on high rarity planets or compatible world classes.","Cosmic Element; Legendary; Cosmic","active","Cosmic Element","resource-taxonomy-v3.0","","Canonical generation rules","false","false","Legendary","Void / Energy / Cosmic World Discovery","Extraction, recovery, or processing","Void / Energy / Cosmic World Discovery","true","","","","","","","","","","","2026-07-06T00:00:00.000Z","2026-07-06T00:00:00.000Z"
"RES-0188","Gravitonium Trace","Exotic Matter","Exotic Matter","Gravitic Matter","","Exotic","#F39C12","Deep Space","No","Space Survey","Gas Giant; Ice; Toxic; Lava; Terrestrial; Dead","","planet generation; economy; crafting; research","250","9999","Trace gravitonium signature found in extreme gravity environments.","Supplemental canonical resource added by ResourceService to keep generation rules catalog-backed.","Stable generated ID. Do not rename or reuse.","Exotic; Deep Space","active","Exotic","resource-taxonomy-v3.0","","Canonical generation rules","false","false","Exotic","Space Survey","Extraction, recovery, or processing","Space Survey","true","","","","","","","","","","","2026-07-09T00:00:00.000Z","2026-07-09T00:00:00.000Z"
"RES-0102","Quantum Core","Exotic Matter","Exotic Matter","Quantum Matter","","Epic","#9B59B6","Ancient","No","Artificial / Ancient World Discovery","Artificial; Ancient; Energy","","AI; robotics; megastructures; wonders; and manufacturing","1200","9999","Advanced computational/energy core for AI and quantum buildings.","Speculative artificial resource.","Generally should not appear before Artificial or Ancient worlds.","Synthetic/Energy; Epic; Ancient","active","Synthetic/Energy","resource-taxonomy-v3.0","","Canonical generation rules","false","false","Epic","Artificial / Ancient World Discovery","Extraction, recovery, or processing","Artificial / Ancient World Discovery","true","","","","","","","","","","","2026-07-06T00:00:00.000Z","2026-07-06T00:00:00.000Z"
"RES-0129","Quantum Foam","Exotic Matter","Exotic Matter","Quantum Matter","","Legendary","#F39C12","Cosmic","No","Void / Energy / Cosmic World Discovery","Void; Energy; Gas Giant; Primordial","","endgame energy; galaxy travel; wonders; research; and collectibles","5000","9999","Extreme microstructure resource tied to quantum space-time.","Highly speculative science-fiction resource.","Roll only on high rarity planets or compatible world classes.","Cosmic; Legendary","active","Cosmic","resource-taxonomy-v3.0","","Canonical generation rules","false","false","Legendary","Void / Energy / Cosmic World Discovery","Extraction, recovery, or processing","Void / Energy / Cosmic World Discovery","true","","","","","","","","","","","2026-07-06T00:00:00.000Z","2026-07-06T00:00:00.000Z"
"RES-PROFILE-ENTROPY-SHARD","Entropy Shard","Exotic Matter","Exotic Matter","Reality-Bending Matter","","Uncommon","#2ECC71","Planetary","No","Planetary Survey","Terrestrial; Ocean; Desert; Ice; Lava; Gas Giant; Crystal; Toxic; Artificial; Void; Living; Bio; Ancient; Energy; Primordial; Dead","","planet generation; resource profiles; exploration","45","9999","Entropy Shard is a profile-normalized canonical resource used by deterministic planet generation.","Supplemental canonical resource inferred from Planet Resource Profiles v2.0 normalization.","Stable generated ID. Keep for save compatibility unless migrated through an explicit ID remap.","Planetary; Uncommon","active","Planetary","resource-taxonomy-v3.0","","Canonical generation rules","false","false","Uncommon","Planetary Survey","Extraction, recovery, or processing","Planetary Survey","true","","","","","","","","","","","2026-07-09T00:00:00.000Z","2026-07-09T00:00:00.000Z"
"RES-0135","Reality Fragment","Exotic Matter","Exotic Matter","Reality-Bending Matter","","Legendary","#F39C12","Cosmic","No","Void / Energy / Cosmic World Discovery","Void; Energy; Gas Giant; Primordial","","endgame energy; galaxy travel; wonders; research; and collectibles","5000","9999","Fragment of unstable reality used in endgame research and artifacts.","Highly speculative science-fiction resource.","Roll only on high rarity planets or compatible world classes.","Cosmic; Legendary","active","Cosmic","resource-taxonomy-v3.0","","Canonical generation rules","false","false","Legendary","Void / Energy / Cosmic World Discovery","Extraction, recovery, or processing","Void / Energy / Cosmic World Discovery","true","","","","","","","","","","","2026-07-06T00:00:00.000Z","2026-07-06T00:00:00.000Z"
"RES-PROFILE-UNIVERSAL-ANOMALY","Universal Anomaly","Exotic Matter","Exotic Matter","Reality-Bending Matter","","Uncommon","#2ECC71","Planetary","No","Planetary Survey","Terrestrial; Ocean; Desert; Ice; Lava; Gas Giant; Crystal; Toxic; Artificial; Void; Living; Bio; Ancient; Energy; Primordial; Dead","","planet generation; resource profiles; exploration","45","9999","Universal Anomaly is a profile-normalized canonical resource used by deterministic planet generation.","Supplemental canonical resource inferred from Planet Resource Profiles v2.0 normalization.","Stable generated ID. Keep for save compatibility unless migrated through an explicit ID remap.","Planetary; Uncommon","active","Planetary","resource-taxonomy-v3.0","","Canonical generation rules","false","false","Uncommon","Planetary Survey","Extraction, recovery, or processing","Planetary Survey","true","","","","","","","","","","","2026-07-09T00:00:00.000Z","2026-07-09T00:00:00.000Z"
"RES-0141","Black Hole Residue","Exotic Matter","Exotic Matter","Singularity Matter","","Legendary","#F39C12","Cosmic","No","Void / Energy / Cosmic World Discovery","Void; Energy; Gas Giant; Primordial","","endgame energy; galaxy travel; wonders; research; and collectibles","5000","9999","Ultra-rare residue from black hole-adjacent anomalies.","Highly speculative science-fiction resource.","Roll only on high rarity planets or compatible world classes.","Cosmic; Legendary","active","Cosmic","resource-taxonomy-v3.0","","Canonical generation rules","false","false","Legendary","Void / Energy / Cosmic World Discovery","Extraction, recovery, or processing","Void / Energy / Cosmic World Discovery","true","","","","","","","","","","","2026-07-06T00:00:00.000Z","2026-07-06T00:00:00.000Z"
"RES-0140","Event Horizon Fragment","Exotic Matter","Exotic Matter","Singularity Matter","","Legendary","#F39C12","Cosmic","No","Void / Energy / Cosmic World Discovery","Void; Energy; Gas Giant; Primordial","","endgame energy; galaxy travel; wonders; research; and collectibles","5000","9999","Rare material from extreme gravitational anomaly worlds.","Highly speculative science-fiction resource.","Roll only on high rarity planets or compatible world classes.","Cosmic; Legendary","active","Cosmic","resource-taxonomy-v3.0","","Canonical generation rules","false","false","Legendary","Void / Energy / Cosmic World Discovery","Extraction, recovery, or processing","Void / Energy / Cosmic World Discovery","true","","","","","","","","","","","2026-07-06T00:00:00.000Z","2026-07-06T00:00:00.000Z"
"RES-0105","Singularity Core","Exotic Matter","Exotic Matter","Singularity Matter","","Epic","#9B59B6","Ancient","No","Artificial / Ancient World Discovery","Artificial; Ancient; Energy","","AI; robotics; megastructures; wonders; and manufacturing","1200","9999","Ultra-advanced core tied to AI, gravity, and singularity technologies.","Speculative artificial resource.","Generally should not appear before Artificial or Ancient worlds.","Synthetic/Cosmic; Epic; Ancient","active","Synthetic/Cosmic","resource-taxonomy-v3.0","","Canonical generation rules","false","false","Epic","Artificial / Ancient World Discovery","Extraction, recovery, or processing","Artificial / Ancient World Discovery","true","","","","","","","","","","","2026-07-06T00:00:00.000Z","2026-07-06T00:00:00.000Z"
"RES-0139","Singularity Fragment","Exotic Matter","Exotic Matter","Singularity Matter","","Legendary","#F39C12","Cosmic","No","Void / Energy / Cosmic World Discovery","Void; Energy; Gas Giant; Primordial","","endgame energy; galaxy travel; wonders; research; and collectibles","5000","9999","Fragment harvested near singularity phenomena.","Highly speculative science-fiction resource.","Roll only on high rarity planets or compatible world classes.","Cosmic; Legendary","active","Cosmic","resource-taxonomy-v3.0","","Canonical generation rules","false","false","Legendary","Void / Energy / Cosmic World Discovery","Extraction, recovery, or processing","Void / Energy / Cosmic World Discovery","true","","","","","","","","","","","2026-07-06T00:00:00.000Z","2026-07-06T00:00:00.000Z"
"RES-0142","Stellar Fragment","Exotic Matter","Exotic Matter","Stellar Remnants","","Legendary","#F39C12","Cosmic","No","Void / Energy / Cosmic World Discovery","Void; Energy; Gas Giant; Primordial","","endgame energy; galaxy travel; wonders; research; and collectibles","5000","9999","Fragment of stellar material from impacts, stars, or cosmic events.","Highly speculative science-fiction resource.","Roll only on high rarity planets or compatible world classes.","Cosmic; Legendary","active","Cosmic","resource-taxonomy-v3.0","","Canonical generation rules","false","false","Legendary","Void / Energy / Cosmic World Discovery","Extraction, recovery, or processing","Void / Energy / Cosmic World Discovery","true","","","","","","","","","","","2026-07-06T00:00:00.000Z","2026-07-06T00:00:00.000Z"
"RES-0138","Temporal Shard","Exotic Matter","Exotic Matter","Temporal Matter","","Legendary","#F39C12","Cosmic","No","Void / Energy / Cosmic World Discovery","Void; Energy; Gas Giant; Primordial","","endgame energy; galaxy travel; wonders; research; and collectibles","5000","9999","Fragment tied to temporal anomalies and rare events.","Highly speculative science-fiction resource.","Roll only on high rarity planets or compatible world classes.","Cosmic; Legendary","active","Cosmic","resource-taxonomy-v3.0","","Canonical generation rules","false","false","Legendary","Void / Energy / Cosmic World Discovery","Extraction, recovery, or processing","Void / Energy / Cosmic World Discovery","true","","","","","","","","","","","2026-07-06T00:00:00.000Z","2026-07-06T00:00:00.000Z"
"RES-0133","Void Essence","Exotic Matter","Exotic Matter","Void Matter","","Legendary","#F39C12","Cosmic","No","Void / Energy / Cosmic World Discovery","Void; Energy; Gas Giant; Primordial","","endgame energy; galaxy travel; wonders; research; and collectibles","5000","9999","Concentrated void energy used in rare research and collectibles.","Highly speculative science-fiction resource.","Roll only on high rarity planets or compatible world classes.","Cosmic; Legendary","active","Cosmic","resource-taxonomy-v3.0","","Canonical generation rules","false","false","Legendary","Void / Energy / Cosmic World Discovery","Extraction, recovery, or processing","Void / Energy / Cosmic World Discovery","true","","","","","","","","","","","2026-07-06T00:00:00.000Z","2026-07-06T00:00:00.000Z"
"RES-0134","Void Heart","Exotic Matter","Exotic Matter","Void Matter","","Legendary","#F39C12","Cosmic","No","Void / Energy / Cosmic World Discovery","Void; Energy; Gas Giant; Primordial","","endgame energy; galaxy travel; wonders; research; and collectibles","5000","9999","Core-like void resource found only in extreme void worlds.","Highly speculative science-fiction resource.","Roll only on high rarity planets or compatible world classes.","Cosmic Core; Legendary; Cosmic","active","Cosmic Core","resource-taxonomy-v3.0","","Canonical generation rules","false","false","Legendary","Void / Energy / Cosmic World Discovery","Extraction, recovery, or processing","Void / Energy / Cosmic World Discovery","true","","","","","","","","","","","2026-07-06T00:00:00.000Z","2026-07-06T00:00:00.000Z"
"RES-0009","Coal","Fuel","Fuels","Fossil Fuels","","Common","#FFFFFF","Earth","Yes","Start","Terrestrial; Desert; Dead; Lava","","early buildings; basic industry; crafting; and trade","10","9999","Early industrial fuel for energy production and manufacturing.","Earth-realistic common resource.","Available before space exploration.","Fuel; Common; Earth","active","Fuel","resource-taxonomy-v3.0","","Canonical generation rules","false","false","Common","Start","Extraction, recovery, or processing","Start","true","","","","","","","","","","","2026-07-06T00:00:00.000Z","2026-07-06T00:00:00.000Z"
"RES-0191","Fusion Fuel","Fuel","Fuels","Fusion Fuels","","Uncommon","#F39C12","Space","No","Space Survey","Gas Giant; Ice; Toxic; Lava; Terrestrial; Dead","","planet generation; economy; crafting; research","250","9999","Refined fuel category produced from hydrogen isotopes and gas giant harvest loops.","Supplemental canonical resource added by ResourceService to keep generation rules catalog-backed.","Stable generated ID. Do not rename or reuse.","Fuel; Uncommon; Space","active","Fuel","resource-taxonomy-v3.0","","Canonical generation rules","false","false","Uncommon","Space Survey","Extraction, recovery, or processing","Space Survey","true","","","","","","","","","","","2026-07-09T00:00:00.000Z","2026-07-09T00:00:00.000Z"
"RES-0046","Methane Hydrates","Fuel","Fuels","Gaseous Fuels","","Uncommon","#2ECC71","Planetary","No","Orbital Flight / Planetary Mining","Ice; Ocean; Gas Giant; Dead; Primordial","","colonies; space infrastructure; fuel; and trade","80","9999","Frozen methane trapped in ice, useful for fuel and chemistry.","Scientifically grounded planetary resource.","Unlock after orbital flight, satellites, or colony ships.","Fuel; Uncommon; Planetary","active","Fuel","resource-taxonomy-v3.0","","Canonical generation rules","false","false","Uncommon","Orbital Flight / Planetary Mining","Extraction, recovery, or processing","Orbital Flight / Planetary Mining","true","","","","","","","","","","","2026-07-06T00:00:00.000Z","2026-07-06T00:00:00.000Z"
"RES-0029","Natural Gas","Fuel","Fuels","Gaseous Fuels","","Uncommon","#2ECC71","Earth","Yes","Village / Town Industry","Terrestrial; Desert; Ocean; Dead","","energy; manufacturing; electronics; and trade","35","9999","Transitional fuel for energy systems and industrial chemistry.","Earth-realistic uncommon resource.","Earth-tier but less common than basic resources.","Fuel; Uncommon; Earth","active","Fuel","resource-taxonomy-v3.0","","Canonical generation rules","false","false","Uncommon","Village / Town Industry","Extraction, recovery, or processing","Village / Town Industry","true","","","","","","","","","","","2026-07-06T00:00:00.000Z","2026-07-06T00:00:00.000Z"
"RES-0050","Metallic Hydrogen","Fuel","Fuels","High-Pressure Fuels","","Uncommon","#2ECC71","Planetary","No","Orbital Flight / Planetary Mining","Ice; Ocean; Gas Giant; Dead; Primordial","","colonies; space infrastructure; fuel; and trade","80","9999","High-pressure hydrogen phase used for advanced energy and propulsion.","Scientifically grounded planetary resource.","Unlock after orbital flight, satellites, or colony ships.","Exotic Fuel; Uncommon; Planetary","active","Exotic Fuel","resource-taxonomy-v3.0","","Canonical generation rules","false","false","Uncommon","Orbital Flight / Planetary Mining","Extraction, recovery, or processing","Orbital Flight / Planetary Mining","true","","","","","","","","","","","2026-07-06T00:00:00.000Z","2026-07-06T00:00:00.000Z"
"RES-0076","Atmospheric Organics","Gas","Gases","Biological Gases","","Epic","#9B59B6","Alien","No","Alien Planet Discovery","Ocean; Toxic; Bio; Living","","biotech; medicine; collectibles; special upgrades; and trade","650","9999","Complex organics suspended in alien atmospheres.","Speculative xenobiology resource.","Only roll on Alien-tier worlds or higher.","Organic/Gas; Epic; Alien","active","Organic/Gas","resource-taxonomy-v3.0","","Canonical generation rules","false","false","Epic","Alien Planet Discovery","Extraction, recovery, or processing","Alien Planet Discovery","true","","","","","","","","","","","2026-07-06T00:00:00.000Z","2026-07-06T00:00:00.000Z"
"RES-PROFILE-BIO-GAS","Bio Gas","Gas","Gases","Biological Gases","","Uncommon","#2ECC71","Planetary","No","Planetary Survey","Terrestrial; Ocean; Desert; Ice; Lava; Gas Giant; Crystal; Toxic; Artificial; Void; Living; Bio; Ancient; Energy; Primordial; Dead","","planet generation; resource profiles; exploration","45","9999","Bio Gas is a profile-normalized canonical resource used by deterministic planet generation.","Supplemental canonical resource inferred from Planet Resource Profiles v2.0 normalization.","Stable generated ID. Keep for save compatibility unless migrated through an explicit ID remap.","Gas; Uncommon; Planetary","active","Gas","resource-taxonomy-v3.0","","Canonical generation rules","false","false","Uncommon","Planetary Survey","Extraction, recovery, or processing","Planetary Survey","true","","","","","","","","","","","2026-07-09T00:00:00.000Z","2026-07-09T00:00:00.000Z"
"RES-0184","Bio Gas Trace","Gas","Gases","Biological Gases","","Exotic","#F39C12","Space","No","Space Survey","Gas Giant; Ice; Toxic; Lava; Terrestrial; Dead","","planet generation; economy; crafting; research","250","9999","Rare biological gas trace produced by unusual living or emerald gas giants.","Supplemental canonical resource added by ResourceService to keep generation rules catalog-backed.","Stable generated ID. Do not rename or reuse.","Gas/Organic; Exotic; Space","active","Gas/Organic","resource-taxonomy-v3.0","","Canonical generation rules","false","false","Exotic","Space Survey","Extraction, recovery, or processing","Space Survey","true","","","","","","","","","","","2026-07-09T00:00:00.000Z","2026-07-09T00:00:00.000Z"
"RES-0179","Ammonia","Gas","Gases","Chemical Gases","","Common","#FFFFFF","Space","No","Space Survey","Gas Giant; Ice; Toxic; Lava; Terrestrial; Dead","","planet generation; economy; crafting; research","10","9999","Volatile compound harvested from gas giants, ice giants, and outer moons.","Supplemental canonical resource added by ResourceService to keep generation rules catalog-backed.","Stable generated ID. Do not rename or reuse.","Gas/Chemical; Common; Space","active","Gas/Chemical","resource-taxonomy-v3.0","","Canonical generation rules","false","false","Common","Space Survey","Extraction, recovery, or processing","Space Survey","true","","","","","","","","","","","2026-07-09T00:00:00.000Z","2026-07-09T00:00:00.000Z"
"RES-0180","Methane","Gas","Gases","Chemical Gases","","Common","#FFFFFF","Space","No","Space Survey","Gas Giant; Ice; Toxic; Lava; Terrestrial; Dead","","planet generation; economy; crafting; research","10","9999","Hydrocarbon gas used for fuel, chemistry, and gas giant harvesting.","Supplemental canonical resource added by ResourceService to keep generation rules catalog-backed.","Stable generated ID. Do not rename or reuse.","Gas/Chemical; Common; Space","active","Gas/Chemical","resource-taxonomy-v3.0","","Canonical generation rules","false","false","Common","Space Survey","Extraction, recovery, or processing","Space Survey","true","","","","","","","","","","","2026-07-09T00:00:00.000Z","2026-07-09T00:00:00.000Z"
"RES-0148","Alien Gas","Gas","Gases","Exotic Gases","","Legendary","#F39C12","Cosmic","No","Void / Energy / Cosmic World Discovery","Void; Energy; Gas Giant; Primordial","","endgame energy; galaxy travel; wonders; research; and collectibles","5000","9999","Unusual gas from alien atmospheres used in biotech and chemistry.","Highly speculative science-fiction resource.","Roll only on high rarity planets or compatible world classes.","Gas; Legendary; Cosmic","active","Gas","resource-taxonomy-v3.0","","Canonical generation rules","false","false","Legendary","Void / Energy / Cosmic World Discovery","Extraction, recovery, or processing","Void / Energy / Cosmic World Discovery","true","","","","","","","","","","","2026-07-06T00:00:00.000Z","2026-07-06T00:00:00.000Z"
"RES-0147","Exotic Gas","Gas","Gases","Exotic Gases","","Legendary","#F39C12","Cosmic","No","Void / Energy / Cosmic World Discovery","Void; Energy; Gas Giant; Primordial","","endgame energy; galaxy travel; wonders; research; and collectibles","5000","9999","Rare atmospheric gas used for advanced industry and trade.","Highly speculative science-fiction resource.","Roll only on high rarity planets or compatible world classes.","Gas; Legendary; Cosmic","active","Gas","resource-taxonomy-v3.0","","Canonical generation rules","false","false","Legendary","Void / Energy / Cosmic World Discovery","Extraction, recovery, or processing","Void / Energy / Cosmic World Discovery","true","","","","","","","","","","","2026-07-06T00:00:00.000Z","2026-07-06T00:00:00.000Z"
"RES-0149","Quantum Gas","Gas","Gases","Exotic Gases","","Legendary","#F39C12","Cosmic","No","Void / Energy / Cosmic World Discovery","Void; Energy; Gas Giant; Primordial","","endgame energy; galaxy travel; wonders; research; and collectibles","5000","9999","Unstable gas with quantum behavior used in advanced physics research.","Highly speculative science-fiction resource.","Roll only on high rarity planets or compatible world classes.","Gas/Cosmic; Legendary; Cosmic","active","Gas/Cosmic","resource-taxonomy-v3.0","","Canonical generation rules","false","false","Legendary","Void / Energy / Cosmic World Discovery","Extraction, recovery, or processing","Void / Energy / Cosmic World Discovery","true","","","","","","","","","","","2026-07-06T00:00:00.000Z","2026-07-06T00:00:00.000Z"
"RES-0187","Quantum Gas Trace","Gas","Gases","Exotic Gases","","Exotic","#F39C12","Deep Space","No","Space Survey","Gas Giant; Ice; Toxic; Lava; Terrestrial; Dead","","planet generation; economy; crafting; research","250","9999","Trace quantum gas used in advanced research and exotic propulsion.","Supplemental canonical resource added by ResourceService to keep generation rules catalog-backed.","Stable generated ID. Do not rename or reuse.","Gas/Exotic; Exotic; Deep Space","active","Gas/Exotic","resource-taxonomy-v3.0","","Canonical generation rules","false","false","Exotic","Space Survey","Extraction, recovery, or processing","Space Survey","true","","","","","","","","","","","2026-07-09T00:00:00.000Z","2026-07-09T00:00:00.000Z"
"RES-0146","Ion Gas","Gas","Gases","Ionized Gases","","Legendary","#F39C12","Cosmic","No","Void / Energy / Cosmic World Discovery","Void; Energy; Gas Giant; Primordial","","endgame energy; galaxy travel; wonders; research; and collectibles","5000","9999","Ionized atmospheric gas used in reactors and energy infrastructure.","Highly speculative science-fiction resource.","Roll only on high rarity planets or compatible world classes.","Gas/Energy; Legendary; Cosmic","active","Gas/Energy","resource-taxonomy-v3.0","","Canonical generation rules","false","false","Legendary","Void / Energy / Cosmic World Discovery","Extraction, recovery, or processing","Void / Energy / Cosmic World Discovery","true","","","","","","","","","","","2026-07-06T00:00:00.000Z","2026-07-06T00:00:00.000Z"
"RES-PROFILE-TOXIC-GAS","Toxic Gas","Gas","Gases","Toxic Gases","","Uncommon","#2ECC71","Planetary","No","Planetary Survey","Terrestrial; Ocean; Desert; Ice; Lava; Gas Giant; Crystal; Toxic; Artificial; Void; Living; Bio; Ancient; Energy; Primordial; Dead","","planet generation; resource profiles; exploration","45","9999","Toxic Gas is a profile-normalized canonical resource used by deterministic planet generation.","Supplemental canonical resource inferred from Planet Resource Profiles v2.0 normalization.","Stable generated ID. Keep for save compatibility unless migrated through an explicit ID remap.","Gas; Uncommon; Planetary","active","Gas","resource-taxonomy-v3.0","","Canonical generation rules","false","false","Uncommon","Planetary Survey","Extraction, recovery, or processing","Planetary Survey","true","","","","","","","","","","","2026-07-09T00:00:00.000Z","2026-07-09T00:00:00.000Z"
"RES-0170","Genesis Alloy","Genesis Matter","Genesis Matter","Genesis Alloys","","Genesis","#FFD700","Genesis","No","Genesis Planet Discovery","Genesis; Void; Living; Primordial; Cosmic","","ultimate wonders; Harmony Ascendant; one-of-one collectibles; and final research","50000","9999","Ultimate alloy with impossible durability and construction value.","Intentionally science-fictional endgame resource.","Should be extremely rare and often unique per galaxy or season.","Genesis","active","Genesis","resource-taxonomy-v3.0","","Canonical generation rules","false","false","Genesis","Genesis Planet Discovery","Extraction, recovery, or processing","Genesis Planet Discovery","true","","","","","","","","","","","2026-07-06T00:00:00.000Z","2026-07-06T00:00:00.000Z"
"RES-0171","Genesis Biomass","Genesis Matter","Genesis Matter","Genesis Biological Matter","","Genesis","#FFD700","Genesis","No","Genesis Planet Discovery","Genesis; Void; Living; Primordial; Cosmic","","ultimate wonders; Harmony Ascendant; one-of-one collectibles; and final research","50000","9999","Pure biological creation material from Genesis-class life systems.","Intentionally science-fictional endgame resource.","Should be extremely rare and often unique per galaxy or season.","Genesis","active","Genesis","resource-taxonomy-v3.0","","Canonical generation rules","false","false","Genesis","Genesis Planet Discovery","Extraction, recovery, or processing","Genesis Planet Discovery","true","","","","","","","","","","","2026-07-06T00:00:00.000Z","2026-07-06T00:00:00.000Z"
"RES-PROFILE-GENESIS-BIOMASS-TRACE","Genesis Biomass Trace","Genesis Matter","Genesis Matter","Genesis Biological Matter","","Exotic","#F39C12","Planetary","No","Planetary Survey","Terrestrial; Ocean; Desert; Ice; Lava; Gas Giant; Crystal; Toxic; Artificial; Void; Living; Bio; Ancient; Energy; Primordial; Dead","","planet generation; resource profiles; exploration","250","9999","Genesis Biomass Trace is a profile-normalized canonical resource used by deterministic planet generation.","Supplemental canonical resource inferred from Planet Resource Profiles v2.0 normalization.","Stable generated ID. Keep for save compatibility unless migrated through an explicit ID remap.","Organic; Exotic; Planetary","active","Organic","resource-taxonomy-v3.0","","Canonical generation rules","false","false","Exotic","Planetary Survey","Extraction, recovery, or processing","Planetary Survey","true","","","","","","","","","","","2026-07-09T00:00:00.000Z","2026-07-09T00:00:00.000Z"
"RES-0172","Genesis Genome","Genesis Matter","Genesis Matter","Genesis Biological Matter","","Genesis","#FFD700","Genesis","No","Genesis Planet Discovery","Genesis; Void; Living; Primordial; Cosmic","","ultimate wonders; Harmony Ascendant; one-of-one collectibles; and final research","50000","9999","Perfect genetic archive used for ultimate biotech and life systems.","Intentionally science-fictional endgame resource.","Should be extremely rare and often unique per galaxy or season.","Genesis","active","Genesis","resource-taxonomy-v3.0","","Canonical generation rules","false","false","Genesis","Genesis Planet Discovery","Extraction, recovery, or processing","Genesis Planet Discovery","true","","","","","","","","","","","2026-07-06T00:00:00.000Z","2026-07-06T00:00:00.000Z"
"RES-PROFILE-GENESIS-GENOME-TRACE","Genesis Genome Trace","Genesis Matter","Genesis Matter","Genesis Biological Matter","","Exotic","#F39C12","Planetary","No","Planetary Survey","Terrestrial; Ocean; Desert; Ice; Lava; Gas Giant; Crystal; Toxic; Artificial; Void; Living; Bio; Ancient; Energy; Primordial; Dead","","planet generation; resource profiles; exploration","250","9999","Genesis Genome Trace is a profile-normalized canonical resource used by deterministic planet generation.","Supplemental canonical resource inferred from Planet Resource Profiles v2.0 normalization.","Stable generated ID. Keep for save compatibility unless migrated through an explicit ID remap.","Planetary; Exotic","active","Planetary","resource-taxonomy-v3.0","","Canonical generation rules","false","false","Exotic","Planetary Survey","Extraction, recovery, or processing","Planetary Survey","true","","","","","","","","","","","2026-07-09T00:00:00.000Z","2026-07-09T00:00:00.000Z"
"RES-0167","Genesis Core","Genesis Matter","Genesis Matter","Genesis Cores","","Genesis","#FFD700","Genesis","No","Genesis Planet Discovery","Genesis; Void; Living; Primordial; Cosmic","","ultimate wonders; Harmony Ascendant; one-of-one collectibles; and final research","50000","9999","Ultimate core of a Genesis world, used for the rarest systems and victory-tier content.","Intentionally science-fictional endgame resource.","Should be extremely rare and often unique per galaxy or season.","Genesis","active","Genesis","resource-taxonomy-v3.0","","Canonical generation rules","false","false","Genesis","Genesis Planet Discovery","Extraction, recovery, or processing","Genesis Planet Discovery","true","","","","","","","","","","","2026-07-06T00:00:00.000Z","2026-07-06T00:00:00.000Z"
"RES-0174","Genesis Heart","Genesis Matter","Genesis Matter","Genesis Cores","","Genesis","#FFD700","Genesis","No","Genesis Planet Discovery","Genesis; Void; Living; Primordial; Cosmic","","ultimate wonders; Harmony Ascendant; one-of-one collectibles; and final research","50000","9999","Mythic living core of a Genesis planet or ecosystem.","Intentionally science-fictional endgame resource.","Should be extremely rare and often unique per galaxy or season.","Genesis","active","Genesis","resource-taxonomy-v3.0","","Canonical generation rules","false","false","Genesis","Genesis Planet Discovery","Extraction, recovery, or processing","Genesis Planet Discovery","true","","","","","","","","","","","2026-07-06T00:00:00.000Z","2026-07-06T00:00:00.000Z"
"RES-0169","Genesis Crystal","Genesis Matter","Genesis Matter","Genesis Crystals","","Genesis","#FFD700","Genesis","No","Genesis Planet Discovery","Genesis; Void; Living; Primordial; Cosmic","","ultimate wonders; Harmony Ascendant; one-of-one collectibles; and final research","50000","9999","Perfect crystal resource from Genesis worlds, usable in top-tier wonders and collectibles.","Intentionally science-fictional endgame resource.","Should be extremely rare and often unique per galaxy or season.","Genesis","active","Genesis","resource-taxonomy-v3.0","","Canonical generation rules","false","false","Genesis","Genesis Planet Discovery","Extraction, recovery, or processing","Genesis Planet Discovery","true","","","","","","","","","","","2026-07-06T00:00:00.000Z","2026-07-06T00:00:00.000Z"
"RES-PROFILE-GENESIS-CRYSTAL-TRACE","Genesis Crystal Trace","Genesis Matter","Genesis Matter","Genesis Crystals","","Exotic","#F39C12","Planetary","No","Planetary Survey","Terrestrial; Ocean; Desert; Ice; Lava; Gas Giant; Crystal; Toxic; Artificial; Void; Living; Bio; Ancient; Energy; Primordial; Dead","","planet generation; resource profiles; exploration","250","9999","Genesis Crystal Trace is a profile-normalized canonical resource used by deterministic planet generation.","Supplemental canonical resource inferred from Planet Resource Profiles v2.0 normalization.","Stable generated ID. Keep for save compatibility unless migrated through an explicit ID remap.","Crystal; Exotic; Planetary","active","Crystal","resource-taxonomy-v3.0","","Canonical generation rules","false","false","Exotic","Planetary Survey","Extraction, recovery, or processing","Planetary Survey","true","","","","","","","","","","","2026-07-09T00:00:00.000Z","2026-07-09T00:00:00.000Z"
"RES-0175","Genesis Energy","Genesis Matter","Genesis Matter","Genesis Energy","","Genesis","#FFD700","Genesis","No","Genesis Planet Discovery","Genesis; Void; Living; Primordial; Cosmic","","ultimate wonders; Harmony Ascendant; one-of-one collectibles; and final research","50000","9999","Ultimate energy resource used for final-tier civilization systems.","Intentionally science-fictional endgame resource.","Should be extremely rare and often unique per galaxy or season.","Genesis","active","Genesis","resource-taxonomy-v3.0","","Canonical generation rules","false","false","Genesis","Genesis Planet Discovery","Extraction, recovery, or processing","Genesis Planet Discovery","true","","","","","","","","","","","2026-07-06T00:00:00.000Z","2026-07-06T00:00:00.000Z"
"RES-0173","Genesis Matrix","Genesis Matter","Genesis Matter","Genesis Matrices","","Genesis","#FFD700","Genesis","No","Genesis Planet Discovery","Genesis; Void; Living; Primordial; Cosmic","","ultimate wonders; Harmony Ascendant; one-of-one collectibles; and final research","50000","9999","Foundational reality/data matrix used in endgame AI and universal systems.","Intentionally science-fictional endgame resource.","Should be extremely rare and often unique per galaxy or season.","Genesis","active","Genesis","resource-taxonomy-v3.0","","Canonical generation rules","false","false","Genesis","Genesis Planet Discovery","Extraction, recovery, or processing","Genesis Planet Discovery","true","","","","","","","","","","","2026-07-06T00:00:00.000Z","2026-07-06T00:00:00.000Z"
"RES-0176","Genesis Memory","Genesis Matter","Genesis Matter","Genesis Matrices","","Genesis","#FFD700","Genesis","No","Genesis Planet Discovery","Genesis; Void; Living; Primordial; Cosmic","","ultimate wonders; Harmony Ascendant; one-of-one collectibles; and final research","50000","9999","Rare memory resource containing the history or blueprint of creation events.","Intentionally science-fictional endgame resource.","Should be extremely rare and often unique per galaxy or season.","Genesis","active","Genesis","resource-taxonomy-v3.0","","Canonical generation rules","false","false","Genesis","Genesis Planet Discovery","Extraction, recovery, or processing","Genesis Planet Discovery","true","","","","","","","","","","","2026-07-06T00:00:00.000Z","2026-07-06T00:00:00.000Z"
"RES-0168","Genesis Seed","Genesis Matter","Genesis Matter","Genesis Seeds","","Genesis","#FFD700","Genesis","No","Genesis Planet Discovery","Genesis; Void; Living; Primordial; Cosmic","","ultimate wonders; Harmony Ascendant; one-of-one collectibles; and final research","50000","9999","Creation-level seed resource used in terraforming, life creation, and ultimate planet development.","Intentionally science-fictional endgame resource.","Should be extremely rare and often unique per galaxy or season.","Genesis","active","Genesis","resource-taxonomy-v3.0","","Canonical generation rules","false","false","Genesis","Genesis Planet Discovery","Extraction, recovery, or processing","Genesis Planet Discovery","true","","","","","","","","","","","2026-07-06T00:00:00.000Z","2026-07-06T00:00:00.000Z"
"RES-0166","Genesis Seed Trace","Genesis Matter","Genesis Matter","Genesis Seeds","","Mythic","#E74C3C","Primordial","No","Primordial World Discovery","Primordial; Lava; Dead; Ocean","","terraforming; rare research; story events; and planet generation","4500","9999","Trace signal of Genesis-class creation material.","Primordial resources bridge science and creation lore.","Mostly tied to Primordial planet class or Genesis rarity.","Genesis Trace; Mythic; Primordial","active","Genesis Trace","resource-taxonomy-v3.0","","Canonical generation rules","false","false","Mythic","Primordial World Discovery","Extraction, recovery, or processing","Primordial World Discovery","true","","","","","","","","","","","2026-07-06T00:00:00.000Z","2026-07-06T00:00:00.000Z"
"RES-PROFILE-BLUE-ICE","Blue Ice","Ice","Ices and Frozen Volatiles","Exotic Ices","","Uncommon","#2ECC71","Planetary","No","Planetary Survey","Terrestrial; Ocean; Desert; Ice; Lava; Gas Giant; Crystal; Toxic; Artificial; Void; Living; Bio; Ancient; Energy; Primordial; Dead","","planet generation; resource profiles; exploration","45","9999","Blue Ice is a profile-normalized canonical resource used by deterministic planet generation.","Supplemental canonical resource inferred from Planet Resource Profiles v2.0 normalization.","Stable generated ID. Keep for save compatibility unless migrated through an explicit ID remap.","Volatile; Uncommon; Planetary","active","Volatile","resource-taxonomy-v3.0","","Canonical generation rules","false","false","Uncommon","Planetary Survey","Extraction, recovery, or processing","Planetary Survey","true","","","","","","","","","","","2026-07-09T00:00:00.000Z","2026-07-09T00:00:00.000Z"
"RES-0186","Exotic Ice","Ice","Ices and Frozen Volatiles","Exotic Ices","","Exotic","#F39C12","Deep Space","No","Space Survey","Gas Giant; Ice; Toxic; Lava; Terrestrial; Dead","","planet generation; economy; crafting; research","250","9999","Unusual cryogenic compound from ice giants and distant frozen worlds.","Supplemental canonical resource added by ResourceService to keep generation rules catalog-backed.","Stable generated ID. Do not rename or reuse.","Ice; Exotic; Deep Space","active","Ice","resource-taxonomy-v3.0","","Canonical generation rules","false","false","Exotic","Space Survey","Extraction, recovery, or processing","Space Survey","true","","","","","","","","","","","2026-07-09T00:00:00.000Z","2026-07-09T00:00:00.000Z"
"RES-PROFILE-FRACTURED-ICE","Fractured Ice","Ice","Ices and Frozen Volatiles","Exotic Ices","","Uncommon","#2ECC71","Planetary","No","Planetary Survey","Terrestrial; Ocean; Desert; Ice; Lava; Gas Giant; Crystal; Toxic; Artificial; Void; Living; Bio; Ancient; Energy; Primordial; Dead","","planet generation; resource profiles; exploration","45","9999","Fractured Ice is a profile-normalized canonical resource used by deterministic planet generation.","Supplemental canonical resource inferred from Planet Resource Profiles v2.0 normalization.","Stable generated ID. Keep for save compatibility unless migrated through an explicit ID remap.","Volatile; Uncommon; Planetary","active","Volatile","resource-taxonomy-v3.0","","Canonical generation rules","false","false","Uncommon","Planetary Survey","Extraction, recovery, or processing","Planetary Survey","true","","","","","","","","","","","2026-07-09T00:00:00.000Z","2026-07-09T00:00:00.000Z"
"RES-0043","Ammonia Ice","Ice","Ices and Frozen Volatiles","Frozen Volatiles","","Uncommon","#2ECC71","Planetary","No","Orbital Flight / Planetary Mining","Ice; Ocean; Gas Giant; Dead; Primordial","","colonies; space infrastructure; fuel; and trade","80","9999","Frozen ammonia useful for chemistry, fertilizer, and cryogenic worlds.","Scientifically grounded planetary resource.","Unlock after orbital flight, satellites, or colony ships.","Ice/Chemical; Uncommon; Planetary","active","Ice/Chemical","resource-taxonomy-v3.0","","Canonical generation rules","false","false","Uncommon","Orbital Flight / Planetary Mining","Extraction, recovery, or processing","Orbital Flight / Planetary Mining","true","","","","","","","","","","","2026-07-06T00:00:00.000Z","2026-07-06T00:00:00.000Z"
"RES-0044","Methane Ice","Ice","Ices and Frozen Volatiles","Frozen Volatiles","","Uncommon","#2ECC71","Planetary","No","Orbital Flight / Planetary Mining","Ice; Ocean; Gas Giant; Dead; Primordial","","colonies; space infrastructure; fuel; and trade","80","9999","Frozen methane used as fuel and chemical feedstock.","Scientifically grounded planetary resource.","Unlock after orbital flight, satellites, or colony ships.","Ice/Fuel; Uncommon; Planetary","active","Ice/Fuel","resource-taxonomy-v3.0","","Canonical generation rules","false","false","Uncommon","Orbital Flight / Planetary Mining","Extraction, recovery, or processing","Orbital Flight / Planetary Mining","true","","","","","","","","","","","2026-07-06T00:00:00.000Z","2026-07-06T00:00:00.000Z"
"RES-0045","Nitrogen Ice","Ice","Ices and Frozen Volatiles","Frozen Volatiles","","Uncommon","#2ECC71","Planetary","No","Orbital Flight / Planetary Mining","Ice; Ocean; Gas Giant; Dead; Primordial","","colonies; space infrastructure; fuel; and trade","80","9999","Volatile ice for atmosphere processing and cryogenic chemistry.","Scientifically grounded planetary resource.","Unlock after orbital flight, satellites, or colony ships.","Ice/Chemical; Uncommon; Planetary","active","Ice/Chemical","resource-taxonomy-v3.0","","Canonical generation rules","false","false","Uncommon","Orbital Flight / Planetary Mining","Extraction, recovery, or processing","Orbital Flight / Planetary Mining","true","","","","","","","","","","","2026-07-06T00:00:00.000Z","2026-07-06T00:00:00.000Z"
"RES-PROFILE-SNOW","Snow","Ice","Ices and Frozen Volatiles","Water Ice","","Uncommon","#2ECC71","Planetary","No","Planetary Survey","Terrestrial; Ocean; Desert; Ice; Lava; Gas Giant; Crystal; Toxic; Artificial; Void; Living; Bio; Ancient; Energy; Primordial; Dead","","planet generation; resource profiles; exploration","45","9999","Snow is a profile-normalized canonical resource used by deterministic planet generation.","Supplemental canonical resource inferred from Planet Resource Profiles v2.0 normalization.","Stable generated ID. Keep for save compatibility unless migrated through an explicit ID remap.","Volatile; Uncommon; Planetary","active","Volatile","resource-taxonomy-v3.0","","Canonical generation rules","false","false","Uncommon","Planetary Survey","Extraction, recovery, or processing","Planetary Survey","true","","","","","","","","","","","2026-07-09T00:00:00.000Z","2026-07-09T00:00:00.000Z"
"RES-0041","Water Ice","Ice","Ices and Frozen Volatiles","Water Ice","","Uncommon","#2ECC71","Planetary","No","Orbital Flight / Planetary Mining","Ice; Ocean; Gas Giant; Dead; Primordial","","colonies; space infrastructure; fuel; and trade","80","9999","Frozen water used for life support, fuel processing, and colonies.","Scientifically grounded planetary resource.","Unlock after orbital flight, satellites, or colony ships.","Ice; Uncommon; Planetary","active","Ice","resource-taxonomy-v3.0","","Canonical generation rules","false","false","Uncommon","Orbital Flight / Planetary Mining","Extraction, recovery, or processing","Orbital Flight / Planetary Mining","true","","","","","","","","","","","2026-07-06T00:00:00.000Z","2026-07-06T00:00:00.000Z"
"RES-PROFILE-WATER-ICE-TRACE","Water Ice Trace","Ice","Ices and Frozen Volatiles","Water Ice","","Exotic","#F39C12","Planetary","No","Planetary Survey","Terrestrial; Ocean; Desert; Ice; Lava; Gas Giant; Crystal; Toxic; Artificial; Void; Living; Bio; Ancient; Energy; Primordial; Dead","","planet generation; resource profiles; exploration","250","9999","Water Ice Trace is a profile-normalized canonical resource used by deterministic planet generation.","Supplemental canonical resource inferred from Planet Resource Profiles v2.0 normalization.","Stable generated ID. Keep for save compatibility unless migrated through an explicit ID remap.","Volatile; Exotic; Planetary","active","Volatile","resource-taxonomy-v3.0","","Canonical generation rules","false","false","Exotic","Planetary Survey","Extraction, recovery, or processing","Planetary Survey","true","","","","","","","","","","","2026-07-09T00:00:00.000Z","2026-07-09T00:00:00.000Z"
"RES-PROFILE-WATER-ICE-VAPOR","Water Ice Vapor","Ice","Ices and Frozen Volatiles","Water Ice","","Uncommon","#2ECC71","Planetary","No","Planetary Survey","Terrestrial; Ocean; Desert; Ice; Lava; Gas Giant; Crystal; Toxic; Artificial; Void; Living; Bio; Ancient; Energy; Primordial; Dead","","planet generation; resource profiles; exploration","45","9999","Water Ice Vapor is a profile-normalized canonical resource used by deterministic planet generation.","Supplemental canonical resource inferred from Planet Resource Profiles v2.0 normalization.","Stable generated ID. Keep for save compatibility unless migrated through an explicit ID remap.","Volatile; Uncommon; Planetary","active","Volatile","resource-taxonomy-v3.0","","Canonical generation rules","false","false","Uncommon","Planetary Survey","Extraction, recovery, or processing","Planetary Survey","true","","","","","","","","","","","2026-07-09T00:00:00.000Z","2026-07-09T00:00:00.000Z"
"RES-0049","Helium-3","Isotope","Isotopes","Helium and Solar Isotopes","","Uncommon","#2ECC71","Planetary","No","Orbital Flight / Planetary Mining","Ice; Ocean; Gas Giant; Dead; Primordial","","colonies; space infrastructure; fuel; and trade","80","9999","Valuable fusion fuel harvested from lunar regolith or gas giant atmospheres.","Scientifically grounded planetary resource.","Unlock after orbital flight, satellites, or colony ships.","Isotope; Uncommon; Planetary","active","Isotope","resource-taxonomy-v3.0","","Canonical generation rules","false","false","Uncommon","Orbital Flight / Planetary Mining","Extraction, recovery, or processing","Orbital Flight / Planetary Mining","true","","","","","","","","","","","2026-07-06T00:00:00.000Z","2026-07-06T00:00:00.000Z"
"RES-PROFILE-HELIUM-3-TRACE","Helium-3 Trace","Isotope","Isotopes","Helium and Solar Isotopes","","Exotic","#F39C12","Planetary","No","Planetary Survey","Terrestrial; Ocean; Desert; Ice; Lava; Gas Giant; Crystal; Toxic; Artificial; Void; Living; Bio; Ancient; Energy; Primordial; Dead","","planet generation; resource profiles; exploration","250","9999","Helium-3 Trace is a profile-normalized canonical resource used by deterministic planet generation.","Supplemental canonical resource inferred from Planet Resource Profiles v2.0 normalization.","Stable generated ID. Keep for save compatibility unless migrated through an explicit ID remap.","Planetary; Exotic","active","Planetary","resource-taxonomy-v3.0","","Canonical generation rules","false","false","Exotic","Planetary Survey","Extraction, recovery, or processing","Planetary Survey","true","","","","","","","","","","","2026-07-09T00:00:00.000Z","2026-07-09T00:00:00.000Z"
"RES-0052","Solar Wind Isotopes","Isotope","Isotopes","Helium and Solar Isotopes","","Uncommon","#2ECC71","Planetary","No","Orbital Flight / Planetary Mining","Ice; Ocean; Gas Giant; Dead; Primordial","","colonies; space infrastructure; fuel; and trade","80","9999","Captured particles useful in advanced energy and space research.","Scientifically grounded planetary resource.","Unlock after orbital flight, satellites, or colony ships.","Isotope; Uncommon; Planetary","active","Isotope","resource-taxonomy-v3.0","","Canonical generation rules","false","false","Uncommon","Orbital Flight / Planetary Mining","Extraction, recovery, or processing","Orbital Flight / Planetary Mining","true","","","","","","","","","","","2026-07-06T00:00:00.000Z","2026-07-06T00:00:00.000Z"
"RES-0048","Deuterium","Isotope","Isotopes","Hydrogen Isotopes","","Uncommon","#2ECC71","Planetary","No","Orbital Flight / Planetary Mining","Ice; Ocean; Gas Giant; Dead; Primordial","","colonies; space infrastructure; fuel; and trade","80","9999","Hydrogen isotope used for fusion fuel and advanced energy.","Scientifically grounded planetary resource.","Unlock after orbital flight, satellites, or colony ships.","Isotope; Uncommon; Planetary","active","Isotope","resource-taxonomy-v3.0","","Canonical generation rules","false","false","Uncommon","Orbital Flight / Planetary Mining","Extraction, recovery, or processing","Orbital Flight / Planetary Mining","true","","","","","","","","","","","2026-07-06T00:00:00.000Z","2026-07-06T00:00:00.000Z"
"RES-0006","Fresh Water","Liquid","Liquids","Fresh and Atmospheric Water","","Common","#FFFFFF","Earth","Yes","Start","Terrestrial; Desert; Dead; Lava","","early buildings; basic industry; crafting; and trade","10","9999","Essential for population growth, agriculture, sanitation, and colonization.","Earth-realistic common resource.","Available before space exploration.","Liquid; Common; Earth","active","Liquid","resource-taxonomy-v3.0","","Canonical generation rules","false","false","Common","Start","Extraction, recovery, or processing","Start","true","","","","","","","","","","","2026-07-06T00:00:00.000Z","2026-07-06T00:00:00.000Z"
"RES-PROFILE-STORM-WATER","Storm Water","Liquid","Liquids","Fresh and Atmospheric Water","","Uncommon","#2ECC71","Planetary","No","Planetary Survey","Terrestrial; Ocean; Desert; Ice; Lava; Gas Giant; Crystal; Toxic; Artificial; Void; Living; Bio; Ancient; Energy; Primordial; Dead","","planet generation; resource profiles; exploration","45","9999","Storm Water is a profile-normalized canonical resource used by deterministic planet generation.","Supplemental canonical resource inferred from Planet Resource Profiles v2.0 normalization.","Stable generated ID. Keep for save compatibility unless migrated through an explicit ID remap.","Volatile; Uncommon; Planetary","active","Volatile","resource-taxonomy-v3.0","","Canonical generation rules","false","false","Uncommon","Planetary Survey","Extraction, recovery, or processing","Planetary Survey","true","","","","","","","","","","","2026-07-09T00:00:00.000Z","2026-07-09T00:00:00.000Z"
"RES-PROFILE-CORROSIVE-FLUIDS","Corrosive Fluids","Liquid","Liquids","Hazardous Liquids","","Uncommon","#2ECC71","Planetary","No","Planetary Survey","Terrestrial; Ocean; Desert; Ice; Lava; Gas Giant; Crystal; Toxic; Artificial; Void; Living; Bio; Ancient; Energy; Primordial; Dead","","planet generation; resource profiles; exploration","45","9999","Corrosive Fluids is a profile-normalized canonical resource used by deterministic planet generation.","Supplemental canonical resource inferred from Planet Resource Profiles v2.0 normalization.","Stable generated ID. Keep for save compatibility unless migrated through an explicit ID remap.","Planetary; Uncommon","active","Planetary","resource-taxonomy-v3.0","","Canonical generation rules","false","false","Uncommon","Planetary Survey","Extraction, recovery, or processing","Planetary Survey","true","","","","","","","","","","","2026-07-09T00:00:00.000Z","2026-07-09T00:00:00.000Z"
"RES-PROFILE-TOXIC-WATER","Toxic Water","Liquid","Liquids","Hazardous Liquids","","Uncommon","#2ECC71","Planetary","No","Planetary Survey","Terrestrial; Ocean; Desert; Ice; Lava; Gas Giant; Crystal; Toxic; Artificial; Void; Living; Bio; Ancient; Energy; Primordial; Dead","","planet generation; resource profiles; exploration","45","9999","Toxic Water is a profile-normalized canonical resource used by deterministic planet generation.","Supplemental canonical resource inferred from Planet Resource Profiles v2.0 normalization.","Stable generated ID. Keep for save compatibility unless migrated through an explicit ID remap.","Volatile; Uncommon; Planetary","active","Volatile","resource-taxonomy-v3.0","","Canonical generation rules","false","false","Uncommon","Planetary Survey","Extraction, recovery, or processing","Planetary Survey","true","","","","","","","","","","","2026-07-09T00:00:00.000Z","2026-07-09T00:00:00.000Z"
"RES-0030","Oil","Liquid","Liquids","Hydrocarbon Liquids","","Uncommon","#2ECC71","Earth","Yes","Village / Town Industry","Terrestrial; Desert; Ocean; Dead","","energy; manufacturing; electronics; and trade","35","9999","Industrial fuel and chemical feedstock for plastics, transport, and manufacturing.","Earth-realistic uncommon resource.","Earth-tier but less common than basic resources.","Fuel; Uncommon; Earth","active","Fuel","resource-taxonomy-v3.0","","Canonical generation rules","false","false","Uncommon","Village / Town Industry","Extraction, recovery, or processing","Village / Town Industry","true","","","","","","","","","","","2026-07-06T00:00:00.000Z","2026-07-06T00:00:00.000Z"
"RES-PROFILE-CHEMICAL-SOLVENTS","Chemical Solvents","Liquid","Liquids","Industrial Solvents","","Uncommon","#2ECC71","Planetary","No","Planetary Survey","Terrestrial; Ocean; Desert; Ice; Lava; Gas Giant; Crystal; Toxic; Artificial; Void; Living; Bio; Ancient; Energy; Primordial; Dead","","planet generation; resource profiles; exploration","45","9999","Chemical Solvents is a profile-normalized canonical resource used by deterministic planet generation.","Supplemental canonical resource inferred from Planet Resource Profiles v2.0 normalization.","Stable generated ID. Keep for save compatibility unless migrated through an explicit ID remap.","Planetary; Uncommon","active","Planetary","resource-taxonomy-v3.0","","Canonical generation rules","false","false","Uncommon","Planetary Survey","Extraction, recovery, or processing","Planetary Survey","true","","","","","","","","","","","2026-07-09T00:00:00.000Z","2026-07-09T00:00:00.000Z"
"RES-PROFILE-LITHIUM-BRINE","Lithium Brine","Liquid","Liquids","Saline Liquids","","Uncommon","#2ECC71","Planetary","No","Planetary Survey","Terrestrial; Ocean; Desert; Ice; Lava; Gas Giant; Crystal; Toxic; Artificial; Void; Living; Bio; Ancient; Energy; Primordial; Dead","","planet generation; resource profiles; exploration","45","9999","Lithium Brine is a profile-normalized canonical resource used by deterministic planet generation.","Supplemental canonical resource inferred from Planet Resource Profiles v2.0 normalization.","Stable generated ID. Keep for save compatibility unless migrated through an explicit ID remap.","Planetary; Uncommon","active","Planetary","resource-taxonomy-v3.0","","Canonical generation rules","false","false","Uncommon","Planetary Survey","Extraction, recovery, or processing","Planetary Survey","true","","","","","","","","","","","2026-07-09T00:00:00.000Z","2026-07-09T00:00:00.000Z"
"RES-PROFILE-SALT-WATER","Salt Water","Liquid","Liquids","Saline Liquids","","Uncommon","#2ECC71","Planetary","No","Planetary Survey","Terrestrial; Ocean; Desert; Ice; Lava; Gas Giant; Crystal; Toxic; Artificial; Void; Living; Bio; Ancient; Energy; Primordial; Dead","","planet generation; resource profiles; exploration","45","9999","Salt Water is a profile-normalized canonical resource used by deterministic planet generation.","Supplemental canonical resource inferred from Planet Resource Profiles v2.0 normalization.","Stable generated ID. Keep for save compatibility unless migrated through an explicit ID remap.","Volatile; Uncommon; Planetary","active","Volatile","resource-taxonomy-v3.0","","Canonical generation rules","false","false","Uncommon","Planetary Survey","Extraction, recovery, or processing","Planetary Survey","true","","","","","","","","","","","2026-07-09T00:00:00.000Z","2026-07-09T00:00:00.000Z"
"RES-0047","Heavy Water","Liquid","Liquids","Specialized Water","","Uncommon","#2ECC71","Planetary","No","Orbital Flight / Planetary Mining","Ice; Ocean; Gas Giant; Dead; Primordial","","colonies; space infrastructure; fuel; and trade","80","9999","Deuterium-rich water for nuclear systems and research.","Scientifically grounded planetary resource.","Unlock after orbital flight, satellites, or colony ships.","Liquid; Uncommon; Planetary","active","Liquid","resource-taxonomy-v3.0","","Canonical generation rules","false","false","Uncommon","Orbital Flight / Planetary Mining","Extraction, recovery, or processing","Orbital Flight / Planetary Mining","true","","","","","","","","","","","2026-07-06T00:00:00.000Z","2026-07-06T00:00:00.000Z"
"RES-0165","Proto Water","Liquid","Liquids","Specialized Water","","Mythic","#E74C3C","Primordial","No","Primordial World Discovery","Primordial; Lava; Dead; Ocean","","terraforming; rare research; story events; and planet generation","4500","9999","Early planetary water with unusual chemistry and prebiotic potential.","Primordial resources bridge science and creation lore.","Mostly tied to Primordial planet class or Genesis rarity.","Liquid; Mythic; Primordial","active","Liquid","resource-taxonomy-v3.0","","Canonical generation rules","false","false","Mythic","Primordial World Discovery","Extraction, recovery, or processing","Primordial World Discovery","true","","","","","","","","","","","2026-07-06T00:00:00.000Z","2026-07-06T00:00:00.000Z"
"RES-0193","Galactic Cartography","Manufactured Component","Manufactured Components","Data Products","","Rare","#3498DB","Space","No","Space Survey","Gas Giant; Ice; Toxic; Lava; Terrestrial; Dead","","planet generation; economy; crafting; research","75","9999","Strategic mapping data for galaxy-scale navigation and exploration.","Supplemental canonical resource added by ResourceService to keep generation rules catalog-backed.","Stable generated ID. Do not rename or reuse.","Data; Rare; Space","active","Data","resource-taxonomy-v3.0","","Canonical generation rules","false","false","Rare","Space Survey","Extraction, recovery, or processing","Space Survey","true","","","","","","","","","","","2026-07-09T00:00:00.000Z","2026-07-09T00:00:00.000Z"
"RES-0194","Long Range Survey Data","Manufactured Component","Manufactured Components","Data Products","","Uncommon","#F39C12","Space","No","Space Survey","Gas Giant; Ice; Toxic; Lava; Terrestrial; Dead","","planet generation; economy; crafting; research","250","9999","Long-baseline scan data used to classify distant sectors and star systems.","Supplemental canonical resource added by ResourceService to keep generation rules catalog-backed.","Stable generated ID. Do not rename or reuse.","Data; Uncommon; Space","active","Data","resource-taxonomy-v3.0","","Canonical generation rules","false","false","Uncommon","Space Survey","Extraction, recovery, or processing","Space Survey","true","","","","","","","","","","","2026-07-09T00:00:00.000Z","2026-07-09T00:00:00.000Z"
"RES-0192","Survey Data","Manufactured Component","Manufactured Components","Data Products","","Common","#FFFFFF","Space","No","Space Survey","Gas Giant; Ice; Toxic; Lava; Terrestrial; Dead","","planet generation; economy; crafting; research","10","9999","Exploration data gathered through scans, probes, and orbital surveys.","Supplemental canonical resource added by ResourceService to keep generation rules catalog-backed.","Stable generated ID. Do not rename or reuse.","Data; Common; Space","active","Data","resource-taxonomy-v3.0","","Canonical generation rules","false","false","Common","Space Survey","Extraction, recovery, or processing","Space Survey","true","","","","","","","","","","","2026-07-09T00:00:00.000Z","2026-07-09T00:00:00.000Z"
"RES-PROFILE-PLANETARY-DEFENSE-MATRIX","Planetary Defense Matrix","Manufactured Component","Manufactured Components","Defense Systems","","Uncommon","#2ECC71","Planetary","No","Planetary Survey","Terrestrial; Ocean; Desert; Ice; Lava; Gas Giant; Crystal; Toxic; Artificial; Void; Living; Bio; Ancient; Energy; Primordial; Dead","","planet generation; resource profiles; exploration","45","9999","Planetary Defense Matrix is a profile-normalized canonical resource used by deterministic planet generation.","Supplemental canonical resource inferred from Planet Resource Profiles v2.0 normalization.","Stable generated ID. Keep for save compatibility unless migrated through an explicit ID remap.","Planetary; Uncommon","active","Planetary","resource-taxonomy-v3.0","","Canonical generation rules","false","false","Uncommon","Planetary Survey","Extraction, recovery, or processing","Planetary Survey","true","","","","","","","","","","","2026-07-09T00:00:00.000Z","2026-07-09T00:00:00.000Z"
"RES-0100","Circuitry","Manufactured Component","Manufactured Components","Electronics","","Epic","#9B59B6","Ancient","No","Artificial / Ancient World Discovery","Artificial; Ancient; Energy","","AI; robotics; megastructures; wonders; and manufacturing","1200","9999","Electronic circuits for computing and cyber worlds.","Speculative artificial resource.","Generally should not appear before Artificial or Ancient worlds.","Synthetic/Electronics; Epic; Ancient","active","Synthetic/Electronics","resource-taxonomy-v3.0","","Canonical generation rules","false","false","Epic","Artificial / Ancient World Discovery","Extraction, recovery, or processing","Artificial / Ancient World Discovery","true","","","","","","","","","","","2026-07-06T00:00:00.000Z","2026-07-06T00:00:00.000Z"
"RES-PROFILE-INDUSTRIAL-SCRAP","Industrial Scrap","Manufactured Component","Manufactured Components","Industrial Salvage","","Uncommon","#2ECC71","Planetary","No","Planetary Survey","Terrestrial; Ocean; Desert; Ice; Lava; Gas Giant; Crystal; Toxic; Artificial; Void; Living; Bio; Ancient; Energy; Primordial; Dead","","planet generation; resource profiles; exploration","45","9999","Industrial Scrap is a profile-normalized canonical resource used by deterministic planet generation.","Supplemental canonical resource inferred from Planet Resource Profiles v2.0 normalization.","Stable generated ID. Keep for save compatibility unless migrated through an explicit ID remap.","Planetary; Uncommon","active","Planetary","resource-taxonomy-v3.0","","Canonical generation rules","false","false","Uncommon","Planetary Survey","Extraction, recovery, or processing","Planetary Survey","true","","","","","","","","","","","2026-07-09T00:00:00.000Z","2026-07-09T00:00:00.000Z"
"RES-0099","Machine Parts","Manufactured Component","Manufactured Components","Mechanical Components","","Epic","#9B59B6","Ancient","No","Artificial / Ancient World Discovery","Artificial; Ancient; Energy","","AI; robotics; megastructures; wonders; and manufacturing","1200","9999","Salvaged mechanical components from artificial worlds.","Speculative artificial resource.","Generally should not appear before Artificial or Ancient worlds.","Synthetic; Epic; Ancient","active","Synthetic","resource-taxonomy-v3.0","","Canonical generation rules","false","false","Epic","Artificial / Ancient World Discovery","Extraction, recovery, or processing","Artificial / Ancient World Discovery","true","","","","","","","","","","","2026-07-06T00:00:00.000Z","2026-07-06T00:00:00.000Z"
"RES-0021","Graphite","Mineral","Minerals","Carbon Minerals","","Uncommon","#2ECC71","Earth","Yes","Village / Town Industry","Terrestrial; Desert; Ocean; Dead","","energy; manufacturing; electronics; and trade","35","9999","Carbon material used for batteries, industry, and advanced manufacturing.","Earth-realistic uncommon resource.","Earth-tier but less common than basic resources.","Carbon; Uncommon; Earth","active","Carbon","resource-taxonomy-v3.0","","Canonical generation rules","false","false","Uncommon","Village / Town Industry","Extraction, recovery, or processing","Village / Town Industry","true","","","","","","","","","","","2026-07-06T00:00:00.000Z","2026-07-06T00:00:00.000Z"
"RES-0164","Meteoric Carbon","Mineral","Minerals","Carbon Minerals","","Mythic","#E74C3C","Primordial","No","Primordial World Discovery","Primordial; Lava; Dead; Ocean","","terraforming; rare research; story events; and planet generation","4500","9999","Carbon-rich material delivered by ancient impacts.","Primordial resources bridge science and creation lore.","Mostly tied to Primordial planet class or Genesis rarity.","Carbon; Mythic; Primordial","active","Carbon","resource-taxonomy-v3.0","","Canonical generation rules","false","false","Mythic","Primordial World Discovery","Extraction, recovery, or processing","Primordial World Discovery","true","","","","","","","","","","","2026-07-06T00:00:00.000Z","2026-07-06T00:00:00.000Z"
"RES-0051","Meteoric Iron","Mineral","Minerals","Metallic Minerals","","Uncommon","#2ECC71","Planetary","No","Orbital Flight / Planetary Mining","Ice; Ocean; Gas Giant; Dead; Primordial","","colonies; space infrastructure; fuel; and trade","80","9999","Iron-rich impact material from asteroids and meteor strikes.","Scientifically grounded planetary resource.","Unlock after orbital flight, satellites, or colony ships.","Metal; Uncommon; Planetary","active","Metal","resource-taxonomy-v3.0","","Canonical generation rules","false","false","Uncommon","Orbital Flight / Planetary Mining","Extraction, recovery, or processing","Orbital Flight / Planetary Mining","true","","","","","","","","","","","2026-07-06T00:00:00.000Z","2026-07-06T00:00:00.000Z"
"RES-0056","Magnetite","Mineral","Minerals","Oxide Minerals","","Uncommon","#2ECC71","Planetary","No","Orbital Flight / Planetary Mining","Ice; Ocean; Gas Giant; Dead; Primordial","","colonies; space infrastructure; fuel; and trade","80","9999","Magnetic iron mineral useful for energy worlds and extraction.","Scientifically grounded planetary resource.","Unlock after orbital flight, satellites, or colony ships.","Mineral; Uncommon; Planetary","active","Mineral","resource-taxonomy-v3.0","","Canonical generation rules","false","false","Uncommon","Orbital Flight / Planetary Mining","Extraction, recovery, or processing","Orbital Flight / Planetary Mining","true","","","","","","","","","","","2026-07-06T00:00:00.000Z","2026-07-06T00:00:00.000Z"
"RES-0038","Rare Earth Elements","Ore","Ores","Critical Metal Ores","","Rare","#3498DB","Earth","Yes","Industrial / Modern","Terrestrial; Desert; Dead; Lava","","advanced buildings; energy; robotics; and space program","120","9999","Elements used in magnets, lasers, electronics, and advanced technology.","Earth-realistic rare resource.","Can exist before galaxy exploration but should be gated behind research/mining tech.","Element Group; Rare; Earth","active","Element Group","resource-taxonomy-v3.0","","Canonical generation rules","false","false","Rare","Industrial / Modern","Extraction, recovery, or processing","Industrial / Modern","true","","","","","","","","","","","2026-07-06T00:00:00.000Z","2026-07-06T00:00:00.000Z"
"RES-0183","Rare Metals","Ore","Ores","Critical Metal Ores","","Rare","#3498DB","Planetary","No","Space Survey","Gas Giant; Ice; Toxic; Lava; Terrestrial; Dead","","planet generation; economy; crafting; research","75","9999","High-value mixed metals used in advanced manufacturing and trade.","Supplemental canonical resource added by ResourceService to keep generation rules catalog-backed.","Stable generated ID. Do not rename or reuse.","Metal; Rare; Planetary","active","Metal","resource-taxonomy-v3.0","","Canonical generation rules","false","false","Rare","Space Survey","Extraction, recovery, or processing","Space Survey","true","","","","","","","","","","","2026-07-09T00:00:00.000Z","2026-07-09T00:00:00.000Z"
"RES-0128","Quantum Ore","Ore","Ores","Exotic Ores","","Legendary","#F39C12","Cosmic","No","Void / Energy / Cosmic World Discovery","Void; Energy; Gas Giant; Primordial","","endgame energy; galaxy travel; wonders; research; and collectibles","5000","9999","Rare ore with quantum properties for computing and reactors.","Highly speculative science-fiction resource.","Roll only on high rarity planets or compatible world classes.","Cosmic Ore; Legendary; Cosmic","active","Cosmic Ore","resource-taxonomy-v3.0","","Canonical generation rules","false","false","Legendary","Void / Energy / Cosmic World Discovery","Extraction, recovery, or processing","Void / Energy / Cosmic World Discovery","true","","","","","","","","","","","2026-07-06T00:00:00.000Z","2026-07-06T00:00:00.000Z"
"RES-PROFILE-QUANTUM-ORE-TRACE","Quantum Ore Trace","Ore","Ores","Exotic Ores","","Exotic","#F39C12","Planetary","No","Planetary Survey","Terrestrial; Ocean; Desert; Ice; Lava; Gas Giant; Crystal; Toxic; Artificial; Void; Living; Bio; Ancient; Energy; Primordial; Dead","","planet generation; resource profiles; exploration","250","9999","Quantum Ore Trace is a profile-normalized canonical resource used by deterministic planet generation.","Supplemental canonical resource inferred from Planet Resource Profiles v2.0 normalization.","Stable generated ID. Keep for save compatibility unless migrated through an explicit ID remap.","Planetary; Exotic","active","Planetary","resource-taxonomy-v3.0","","Canonical generation rules","false","false","Exotic","Planetary Survey","Extraction, recovery, or processing","Planetary Survey","true","","","","","","","","","","","2026-07-09T00:00:00.000Z","2026-07-09T00:00:00.000Z"
"RES-PROFILE-IRON-NODULES","Iron Nodules","Ore","Ores","Metal Ores","","Uncommon","#2ECC71","Planetary","No","Planetary Survey","Terrestrial; Ocean; Desert; Ice; Lava; Gas Giant; Crystal; Toxic; Artificial; Void; Living; Bio; Ancient; Energy; Primordial; Dead","","planet generation; resource profiles; exploration","45","9999","Iron Nodules is a profile-normalized canonical resource used by deterministic planet generation.","Supplemental canonical resource inferred from Planet Resource Profiles v2.0 normalization.","Stable generated ID. Keep for save compatibility unless migrated through an explicit ID remap.","Planetary; Uncommon","active","Planetary","resource-taxonomy-v3.0","","Canonical generation rules","false","false","Uncommon","Planetary Survey","Extraction, recovery, or processing","Planetary Survey","true","","","","","","","","","","","2026-07-09T00:00:00.000Z","2026-07-09T00:00:00.000Z"
"RES-0053","Manganese Nodules","Ore","Ores","Metal Ores","","Uncommon","#2ECC71","Planetary","No","Orbital Flight / Planetary Mining","Ice; Ocean; Gas Giant; Dead; Primordial","","colonies; space infrastructure; fuel; and trade","80","9999","Seafloor nodules containing manganese, nickel, cobalt, and copper.","Scientifically grounded planetary resource.","Unlock after orbital flight, satellites, or colony ships.","Metal/Ocean; Uncommon; Planetary","active","Metal/Ocean","resource-taxonomy-v3.0","","Canonical generation rules","false","false","Uncommon","Orbital Flight / Planetary Mining","Extraction, recovery, or processing","Orbital Flight / Planetary Mining","true","","","","","","","","","","","2026-07-06T00:00:00.000Z","2026-07-06T00:00:00.000Z"
"RES-0065","Hive Resin","Organic","Organic Materials","Biopolymers and Resins","","Epic","#9B59B6","Alien","No","Alien Planet Discovery","Ocean; Toxic; Bio; Living","","biotech; medicine; collectibles; special upgrades; and trade","650","9999","Structural resin secreted by hive ecosystems.","Speculative xenobiology resource.","Only roll on Alien-tier worlds or higher.","Organic; Epic; Alien","active","Organic","resource-taxonomy-v3.0","","Canonical generation rules","false","false","Epic","Alien Planet Discovery","Extraction, recovery, or processing","Alien Planet Discovery","true","","","","","","","","","","","2026-07-06T00:00:00.000Z","2026-07-06T00:00:00.000Z"
"RES-0062","Organic Polymer","Organic","Organic Materials","Biopolymers and Resins","","Epic","#9B59B6","Alien","No","Alien Planet Discovery","Ocean; Toxic; Bio; Living","","biotech; medicine; collectibles; special upgrades; and trade","650","9999","Durable alien polymer used in manufacturing and bioengineering.","Speculative xenobiology resource.","Only roll on Alien-tier worlds or higher.","Organic; Epic; Alien","active","Organic","resource-taxonomy-v3.0","","Canonical generation rules","false","false","Epic","Alien Planet Discovery","Extraction, recovery, or processing","Alien Planet Discovery","true","","","","","","","","","","","2026-07-06T00:00:00.000Z","2026-07-06T00:00:00.000Z"
"RES-0066","Fungal Matter","Organic","Organic Materials","Fungal Materials","","Epic","#9B59B6","Alien","No","Alien Planet Discovery","Ocean; Toxic; Bio; Living","","biotech; medicine; collectibles; special upgrades; and trade","650","9999","Fungal biomass from spore and fungal worlds.","Speculative xenobiology resource.","Only roll on Alien-tier worlds or higher.","Organic; Epic; Alien","active","Organic","resource-taxonomy-v3.0","","Canonical generation rules","false","false","Epic","Alien Planet Discovery","Extraction, recovery, or processing","Alien Planet Discovery","true","","","","","","","","","","","2026-07-06T00:00:00.000Z","2026-07-06T00:00:00.000Z"
"RES-0057","Alien Organics","Organic","Organic Materials","Organic Compounds","","Epic","#9B59B6","Alien","No","Alien Planet Discovery","Ocean; Toxic; Bio; Living","","biotech; medicine; collectibles; special upgrades; and trade","650","9999","Unknown organic compounds from alien biospheres used in biotech and collectibles.","Speculative xenobiology resource.","Only roll on Alien-tier worlds or higher.","Organic; Epic; Alien","active","Organic","resource-taxonomy-v3.0","","Canonical generation rules","false","false","Epic","Alien Planet Discovery","Extraction, recovery, or processing","Alien Planet Discovery","true","","","","","","","","","","","2026-07-06T00:00:00.000Z","2026-07-06T00:00:00.000Z"
"RES-PROFILE-ALIEN-ORGANICS-TRACE","Alien Organics Trace","Organic","Organic Materials","Organic Compounds","","Exotic","#F39C12","Planetary","No","Planetary Survey","Terrestrial; Ocean; Desert; Ice; Lava; Gas Giant; Crystal; Toxic; Artificial; Void; Living; Bio; Ancient; Energy; Primordial; Dead","","planet generation; resource profiles; exploration","250","9999","Alien Organics Trace is a profile-normalized canonical resource used by deterministic planet generation.","Supplemental canonical resource inferred from Planet Resource Profiles v2.0 normalization.","Stable generated ID. Keep for save compatibility unless migrated through an explicit ID remap.","Organic; Exotic; Planetary","active","Organic","resource-taxonomy-v3.0","","Canonical generation rules","false","false","Exotic","Planetary Survey","Extraction, recovery, or processing","Planetary Survey","true","","","","","","","","","","","2026-07-09T00:00:00.000Z","2026-07-09T00:00:00.000Z"
"RES-0075","Alien Spores","Organic","Organic Materials","Organic Compounds","","Epic","#9B59B6","Alien","No","Alien Planet Discovery","Ocean; Toxic; Bio; Living","","biotech; medicine; collectibles; special upgrades; and trade","650","9999","Airborne reproductive material from alien fungal worlds.","Speculative xenobiology resource.","Only roll on Alien-tier worlds or higher.","Organic; Epic; Alien","active","Organic","resource-taxonomy-v3.0","","Canonical generation rules","false","false","Epic","Alien Planet Discovery","Extraction, recovery, or processing","Alien Planet Discovery","true","","","","","","","","","","","2026-07-06T00:00:00.000Z","2026-07-06T00:00:00.000Z"
"RES-0074","Bioluminescent Organics","Organic","Organic Materials","Organic Compounds","","Epic","#9B59B6","Alien","No","Alien Planet Discovery","Ocean; Toxic; Bio; Living","","biotech; medicine; collectibles; special upgrades; and trade","650","9999","Glowing biological material used for visuals, medicine, and collectibles.","Speculative xenobiology resource.","Only roll on Alien-tier worlds or higher.","Organic; Epic; Alien","active","Organic","resource-taxonomy-v3.0","","Canonical generation rules","false","false","Epic","Alien Planet Discovery","Extraction, recovery, or processing","Alien Planet Discovery","true","","","","","","","","","","","2026-07-06T00:00:00.000Z","2026-07-06T00:00:00.000Z"
"RES-0190","Organic Compounds","Organic","Organic Materials","Organic Compounds","","Common","#FFFFFF","Planetary","No","Space Survey","Gas Giant; Ice; Toxic; Lava; Terrestrial; Dead","","planet generation; economy; crafting; research","10","9999","Carbon-based compounds used in biology, medicine, and chemistry.","Supplemental canonical resource added by ResourceService to keep generation rules catalog-backed.","Stable generated ID. Do not rename or reuse.","Organic/Chemical; Common; Planetary","active","Organic/Chemical","resource-taxonomy-v3.0","","Canonical generation rules","false","false","Common","Space Survey","Extraction, recovery, or processing","Space Survey","true","","","","","","","","","","","2026-07-09T00:00:00.000Z","2026-07-09T00:00:00.000Z"
"RES-PROFILE-VOID-ORGANICS-TRACE","Void Organics Trace","Organic","Organic Materials","Organic Compounds","","Exotic","#F39C12","Planetary","No","Planetary Survey","Terrestrial; Ocean; Desert; Ice; Lava; Gas Giant; Crystal; Toxic; Artificial; Void; Living; Bio; Ancient; Energy; Primordial; Dead","","planet generation; resource profiles; exploration","250","9999","Void Organics Trace is a profile-normalized canonical resource used by deterministic planet generation.","Supplemental canonical resource inferred from Planet Resource Profiles v2.0 normalization.","Stable generated ID. Keep for save compatibility unless migrated through an explicit ID remap.","Organic; Exotic; Planetary","active","Organic","resource-taxonomy-v3.0","","Canonical generation rules","false","false","Exotic","Planetary Survey","Extraction, recovery, or processing","Planetary Survey","true","","","","","","","","","","","2026-07-09T00:00:00.000Z","2026-07-09T00:00:00.000Z"
"RES-0067","Mycelium Fiber","Organic","Organic Materials","Plant Fibers","","Epic","#9B59B6","Alien","No","Alien Planet Discovery","Ocean; Toxic; Bio; Living","","biotech; medicine; collectibles; special upgrades; and trade","650","9999","Networked fungal fibers useful for bio-computing and ecological systems.","Speculative xenobiology resource.","Only roll on Alien-tier worlds or higher.","Organic; Epic; Alien","active","Organic","resource-taxonomy-v3.0","","Canonical generation rules","false","false","Epic","Alien Planet Discovery","Extraction, recovery, or processing","Alien Planet Discovery","true","","","","","","","","","","","2026-07-06T00:00:00.000Z","2026-07-06T00:00:00.000Z"
"RES-0005","Wood","Organic","Organic Materials","Plant Fibers","","Common","#FFFFFF","Earth","Yes","Start","Terrestrial; Desert; Dead; Lava","","early buildings; basic industry; crafting; and trade","10","9999","Early construction and fuel material from forests and living biomass.","Earth-realistic common resource.","Available before space exploration.","Organic; Common; Earth","active","Organic","resource-taxonomy-v3.0","","Canonical generation rules","false","false","Common","Start","Extraction, recovery, or processing","Start","true","","","","","","","","","","","2026-07-06T00:00:00.000Z","2026-07-06T00:00:00.000Z"
"RES-0064","Chitin","Organic","Organic Materials","Structural Organics","","Epic","#9B59B6","Alien","No","Alien Planet Discovery","Ocean; Toxic; Bio; Living","","biotech; medicine; collectibles; special upgrades; and trade","650","9999","Hard biological shell material from alien fauna and hive worlds.","Speculative xenobiology resource.","Only roll on Alien-tier worlds or higher.","Organic; Epic; Alien","active","Organic","resource-taxonomy-v3.0","","Canonical generation rules","false","false","Epic","Alien Planet Discovery","Extraction, recovery, or processing","Alien Planet Discovery","true","","","","","","","","","","","2026-07-06T00:00:00.000Z","2026-07-06T00:00:00.000Z"
"RES-0159","Ancient Core","Primordial Matter","Primordial Matter","Prime Matter","","Mythic","#E74C3C","Primordial","No","Primordial World Discovery","Primordial; Lava; Dead; Ocean","","terraforming; rare research; story events; and planet generation","4500","9999","Extremely old planetary core material exposed by primordial geology.","Primordial resources bridge science and creation lore.","Mostly tied to Primordial planet class or Genesis rarity.","Primordial/Core; Mythic; Primordial","active","Primordial/Core","resource-taxonomy-v3.0","","Canonical generation rules","false","false","Mythic","Primordial World Discovery","Extraction, recovery, or processing","Primordial World Discovery","true","","","","","","","","","","","2026-07-06T00:00:00.000Z","2026-07-06T00:00:00.000Z"
"RES-0160","Core Fragment","Primordial Matter","Primordial Matter","Prime Matter","","Mythic","#E74C3C","Primordial","No","Primordial World Discovery","Primordial; Lava; Dead; Ocean","","terraforming; rare research; story events; and planet generation","4500","9999","Broken fragment from a planet's deep interior.","Primordial resources bridge science and creation lore.","Mostly tied to Primordial planet class or Genesis rarity.","Primordial/Core; Mythic; Primordial","active","Primordial/Core","resource-taxonomy-v3.0","","Canonical generation rules","false","false","Mythic","Primordial World Discovery","Extraction, recovery, or processing","Primordial World Discovery","true","","","","","","","","","","","2026-07-06T00:00:00.000Z","2026-07-06T00:00:00.000Z"
"RES-0162","Fresh Crust","Primordial Matter","Primordial Matter","Prime Matter","","Mythic","#E74C3C","Primordial","No","Primordial World Discovery","Primordial; Lava; Dead; Ocean","","terraforming; rare research; story events; and planet generation","4500","9999","Newly formed crust useful for geology and mining research.","Primordial resources bridge science and creation lore.","Mostly tied to Primordial planet class or Genesis rarity.","Primordial/Mineral; Mythic; Primordial","active","Primordial/Mineral","resource-taxonomy-v3.0","","Canonical generation rules","false","false","Mythic","Primordial World Discovery","Extraction, recovery, or processing","Primordial World Discovery","true","","","","","","","","","","","2026-07-06T00:00:00.000Z","2026-07-06T00:00:00.000Z"
"RES-0161","Molten Rock","Primordial Matter","Primordial Matter","Prime Matter","","Mythic","#E74C3C","Primordial","No","Primordial World Discovery","Primordial; Lava; Dead; Ocean","","terraforming; rare research; story events; and planet generation","4500","9999","Semi-molten crust material from young or lava-like worlds.","Primordial resources bridge science and creation lore.","Mostly tied to Primordial planet class or Genesis rarity.","Primordial/Mineral; Mythic; Primordial","active","Primordial/Mineral","resource-taxonomy-v3.0","","Canonical generation rules","false","false","Mythic","Primordial World Discovery","Extraction, recovery, or processing","Primordial World Discovery","true","","","","","","","","","","","2026-07-06T00:00:00.000Z","2026-07-06T00:00:00.000Z"
"RES-PROFILE-PRIME-MATTER","Prime Matter","Primordial Matter","Primordial Matter","Prime Matter","","Uncommon","#2ECC71","Planetary","No","Planetary Survey","Terrestrial; Ocean; Desert; Ice; Lava; Gas Giant; Crystal; Toxic; Artificial; Void; Living; Bio; Ancient; Energy; Primordial; Dead","","planet generation; resource profiles; exploration","45","9999","Prime Matter is a profile-normalized canonical resource used by deterministic planet generation.","Supplemental canonical resource inferred from Planet Resource Profiles v2.0 normalization.","Stable generated ID. Keep for save compatibility unless migrated through an explicit ID remap.","Planetary; Uncommon","active","Planetary","resource-taxonomy-v3.0","","Canonical generation rules","false","false","Uncommon","Planetary Survey","Extraction, recovery, or processing","Planetary Survey","true","","","","","","","","","","","2026-07-09T00:00:00.000Z","2026-07-09T00:00:00.000Z"
"RES-0157","Proto Matter","Primordial Matter","Primordial Matter","Prime Matter","","Mythic","#E74C3C","Primordial","No","Primordial World Discovery","Primordial; Lava; Dead; Ocean","","terraforming; rare research; story events; and planet generation","4500","9999","Unstable early-formation matter from young planets and unformed worlds.","Primordial resources bridge science and creation lore.","Mostly tied to Primordial planet class or Genesis rarity.","Primordial; Mythic","active","Primordial","resource-taxonomy-v3.0","","Canonical generation rules","false","false","Mythic","Primordial World Discovery","Extraction, recovery, or processing","Primordial World Discovery","true","","","","","","","","","","","2026-07-06T00:00:00.000Z","2026-07-06T00:00:00.000Z"
"RES-0158","Planet Seed","Primordial Matter","Primordial Matter","World Seeds","","Mythic","#E74C3C","Primordial","No","Primordial World Discovery","Primordial; Lava; Dead; Ocean","","terraforming; rare research; story events; and planet generation","4500","9999","Rare core material used to terraform or seed new planetary systems.","Primordial resources bridge science and creation lore.","Mostly tied to Primordial planet class or Genesis rarity.","Primordial; Mythic","active","Primordial","resource-taxonomy-v3.0","","Canonical generation rules","false","false","Mythic","Primordial World Discovery","Extraction, recovery, or processing","Primordial World Discovery","true","","","","","","","","","","","2026-07-06T00:00:00.000Z","2026-07-06T00:00:00.000Z"
"RES-PROFILE-PLANET-SEED-TRACE","Planet Seed Trace","Primordial Matter","Primordial Matter","World Seeds","","Exotic","#F39C12","Planetary","No","Planetary Survey","Terrestrial; Ocean; Desert; Ice; Lava; Gas Giant; Crystal; Toxic; Artificial; Void; Living; Bio; Ancient; Energy; Primordial; Dead","","planet generation; resource profiles; exploration","250","9999","Planet Seed Trace is a profile-normalized canonical resource used by deterministic planet generation.","Supplemental canonical resource inferred from Planet Resource Profiles v2.0 normalization.","Stable generated ID. Keep for save compatibility unless migrated through an explicit ID remap.","Planetary; Exotic","active","Planetary","resource-taxonomy-v3.0","","Canonical generation rules","false","false","Exotic","Planetary Survey","Extraction, recovery, or processing","Planetary Survey","true","","","","","","","","","","","2026-07-09T00:00:00.000Z","2026-07-09T00:00:00.000Z"
"RES-PROFILE-WORLD-SEED","World Seed","Primordial Matter","Primordial Matter","World Seeds","","Uncommon","#2ECC71","Planetary","No","Planetary Survey","Terrestrial; Ocean; Desert; Ice; Lava; Gas Giant; Crystal; Toxic; Artificial; Void; Living; Bio; Ancient; Energy; Primordial; Dead","","planet generation; resource profiles; exploration","45","9999","World Seed is a profile-normalized canonical resource used by deterministic planet generation.","Supplemental canonical resource inferred from Planet Resource Profiles v2.0 normalization.","Stable generated ID. Keep for save compatibility unless migrated through an explicit ID remap.","Planetary; Uncommon","active","Planetary","resource-taxonomy-v3.0","","Canonical generation rules","false","false","Uncommon","Planetary Survey","Extraction, recovery, or processing","Planetary Survey","true","","","","","","","","","","","2026-07-09T00:00:00.000Z","2026-07-09T00:00:00.000Z"
"RES-PROFILE-BREATHSTONE","Breathstone","Rock","Rocks and Geological Materials","Exotic Geological Materials","","Uncommon","#2ECC71","Planetary","No","Planetary Survey","Terrestrial; Ocean; Desert; Ice; Lava; Gas Giant; Crystal; Toxic; Artificial; Void; Living; Bio; Ancient; Energy; Primordial; Dead","","planet generation; resource profiles; exploration","45","9999","Breathstone is a profile-normalized canonical resource used by deterministic planet generation.","Supplemental canonical resource inferred from Planet Resource Profiles v2.0 normalization.","Stable generated ID. Keep for save compatibility unless migrated through an explicit ID remap.","Planetary; Uncommon","active","Planetary","resource-taxonomy-v3.0","","Canonical generation rules","false","false","Uncommon","Planetary Survey","Extraction, recovery, or processing","Planetary Survey","true","","","","","","","","","","","2026-07-09T00:00:00.000Z","2026-07-09T00:00:00.000Z"
"RES-PROFILE-CHARGED-STONE","Charged Stone","Rock","Rocks and Geological Materials","Exotic Geological Materials","","Uncommon","#2ECC71","Planetary","No","Planetary Survey","Terrestrial; Ocean; Desert; Ice; Lava; Gas Giant; Crystal; Toxic; Artificial; Void; Living; Bio; Ancient; Energy; Primordial; Dead","","planet generation; resource profiles; exploration","45","9999","Charged Stone is a profile-normalized canonical resource used by deterministic planet generation.","Supplemental canonical resource inferred from Planet Resource Profiles v2.0 normalization.","Stable generated ID. Keep for save compatibility unless migrated through an explicit ID remap.","Planetary; Uncommon","active","Planetary","resource-taxonomy-v3.0","","Canonical generation rules","false","false","Uncommon","Planetary Survey","Extraction, recovery, or processing","Planetary Survey","true","","","","","","","","","","","2026-07-09T00:00:00.000Z","2026-07-09T00:00:00.000Z"
"RES-PROFILE-FRACTURED-STONE","Fractured Stone","Rock","Rocks and Geological Materials","Exotic Geological Materials","","Uncommon","#2ECC71","Planetary","No","Planetary Survey","Terrestrial; Ocean; Desert; Ice; Lava; Gas Giant; Crystal; Toxic; Artificial; Void; Living; Bio; Ancient; Energy; Primordial; Dead","","planet generation; resource profiles; exploration","45","9999","Fractured Stone is a profile-normalized canonical resource used by deterministic planet generation.","Supplemental canonical resource inferred from Planet Resource Profiles v2.0 normalization.","Stable generated ID. Keep for save compatibility unless migrated through an explicit ID remap.","Planetary; Uncommon","active","Planetary","resource-taxonomy-v3.0","","Canonical generation rules","false","false","Uncommon","Planetary Survey","Extraction, recovery, or processing","Planetary Survey","true","","","","","","","","","","","2026-07-09T00:00:00.000Z","2026-07-09T00:00:00.000Z"
"RES-PROFILE-ASH-GLASS","Ash Glass","Rock","Rocks and Geological Materials","Natural Glass","","Uncommon","#2ECC71","Planetary","No","Planetary Survey","Terrestrial; Ocean; Desert; Ice; Lava; Gas Giant; Crystal; Toxic; Artificial; Void; Living; Bio; Ancient; Energy; Primordial; Dead","","planet generation; resource profiles; exploration","45","9999","Ash Glass is a profile-normalized canonical resource used by deterministic planet generation.","Supplemental canonical resource inferred from Planet Resource Profiles v2.0 normalization.","Stable generated ID. Keep for save compatibility unless migrated through an explicit ID remap.","Planetary; Uncommon","active","Planetary","resource-taxonomy-v3.0","","Canonical generation rules","false","false","Uncommon","Planetary Survey","Extraction, recovery, or processing","Planetary Survey","true","","","","","","","","","","","2026-07-09T00:00:00.000Z","2026-07-09T00:00:00.000Z"
"RES-0020","Obsidian","Rock","Rocks and Geological Materials","Natural Glass","","Uncommon","#2ECC71","Earth","Yes","Village / Town Industry","Terrestrial; Desert; Ocean; Dead","","energy; manufacturing; electronics; and trade","35","9999","Volcanic glass used in early tools, trade goods, and lava-world resources.","Earth-realistic uncommon resource.","Earth-tier but less common than basic resources.","Mineral/Glass; Uncommon; Earth","active","Mineral/Glass","resource-taxonomy-v3.0","","Canonical generation rules","false","false","Uncommon","Village / Town Industry","Extraction, recovery, or processing","Village / Town Industry","true","","","","","","","","","","","2026-07-06T00:00:00.000Z","2026-07-06T00:00:00.000Z"
"RES-PROFILE-VOLCANIC-GLASS","Volcanic Glass","Rock","Rocks and Geological Materials","Natural Glass","","Uncommon","#2ECC71","Planetary","No","Planetary Survey","Terrestrial; Ocean; Desert; Ice; Lava; Gas Giant; Crystal; Toxic; Artificial; Void; Living; Bio; Ancient; Energy; Primordial; Dead","","planet generation; resource profiles; exploration","45","9999","Volcanic Glass is a profile-normalized canonical resource used by deterministic planet generation.","Supplemental canonical resource inferred from Planet Resource Profiles v2.0 normalization.","Stable generated ID. Keep for save compatibility unless migrated through an explicit ID remap.","Planetary; Uncommon","active","Planetary","resource-taxonomy-v3.0","","Canonical generation rules","false","false","Uncommon","Planetary Survey","Extraction, recovery, or processing","Planetary Survey","true","","","","","","","","","","","2026-07-09T00:00:00.000Z","2026-07-09T00:00:00.000Z"
"RES-0018","Basalt","Rock","Rocks and Geological Materials","Rock Types","","Uncommon","#2ECC71","Earth","Yes","Village / Town Industry","Terrestrial; Desert; Ocean; Dead","","energy; manufacturing; electronics; and trade","35","9999","Volcanic rock used in construction, lava-world mining, and industry.","Earth-realistic uncommon resource.","Earth-tier but less common than basic resources.","Mineral; Uncommon; Earth","active","Mineral","resource-taxonomy-v3.0","","Canonical generation rules","false","false","Uncommon","Village / Town Industry","Extraction, recovery, or processing","Village / Town Industry","true","","","","","","","","","","","2026-07-06T00:00:00.000Z","2026-07-06T00:00:00.000Z"
"RES-0017","Granite","Rock","Rocks and Geological Materials","Rock Types","","Uncommon","#2ECC71","Earth","Yes","Village / Town Industry","Terrestrial; Desert; Ocean; Dead","","energy; manufacturing; electronics; and trade","35","9999","Strong building stone for advanced civic and mountain structures.","Earth-realistic uncommon resource.","Earth-tier but less common than basic resources.","Mineral; Uncommon; Earth","active","Mineral","resource-taxonomy-v3.0","","Canonical generation rules","false","false","Uncommon","Village / Town Industry","Extraction, recovery, or processing","Village / Town Industry","true","","","","","","","","","","","2026-07-06T00:00:00.000Z","2026-07-06T00:00:00.000Z"
"RES-0008","Limestone","Rock","Rocks and Geological Materials","Rock Types","","Common","#FFFFFF","Earth","Yes","Start","Terrestrial; Desert; Dead; Lava","","early buildings; basic industry; crafting; and trade","10","9999","Construction material for roads, buildings, cement, and civic infrastructure.","Earth-realistic common resource.","Available before space exploration.","Mineral; Common; Earth","active","Mineral","resource-taxonomy-v3.0","","Canonical generation rules","false","false","Common","Start","Extraction, recovery, or processing","Start","true","","","","","","","","","","","2026-07-06T00:00:00.000Z","2026-07-06T00:00:00.000Z"
"RES-0019","Marble","Rock","Rocks and Geological Materials","Rock Types","","Uncommon","#2ECC71","Earth","Yes","Village / Town Industry","Terrestrial; Desert; Ocean; Dead","","energy; manufacturing; electronics; and trade","35","9999","Decorative stone for civic, culture, and prestige buildings.","Earth-realistic uncommon resource.","Earth-tier but less common than basic resources.","Mineral; Uncommon; Earth","active","Mineral","resource-taxonomy-v3.0","","Canonical generation rules","false","false","Uncommon","Village / Town Industry","Extraction, recovery, or processing","Village / Town Industry","true","","","","","","","","","","","2026-07-06T00:00:00.000Z","2026-07-06T00:00:00.000Z"
"RES-0001","Stone","Rock","Rocks and Geological Materials","Rock Types","","Common","#FFFFFF","Earth","Yes","Start","Terrestrial; Desert; Dead; Lava","","early buildings; basic industry; crafting; and trade","10","9999","Basic construction material used in early buildings and infrastructure.","Earth-realistic common resource.","Available before space exploration.","Mineral; Common; Earth","active","Mineral","resource-taxonomy-v3.0","","Canonical generation rules","false","false","Common","Start","Extraction, recovery, or processing","Start","true","","","","","","","","","","","2026-07-06T00:00:00.000Z","2026-07-06T00:00:00.000Z"
"RES-0003","Clay","Rock","Rocks and Geological Materials","Sediments and Soils","","Common","#FFFFFF","Earth","Yes","Start","Terrestrial; Desert; Dead; Lava","","early buildings; basic industry; crafting; and trade","10","9999","Useful for bricks, pottery, early storage, and settlement construction.","Earth-realistic common resource.","Available before space exploration.","Mineral; Common; Earth","active","Mineral","resource-taxonomy-v3.0","","Canonical generation rules","false","false","Common","Start","Extraction, recovery, or processing","Start","true","","","","","","","","","","","2026-07-06T00:00:00.000Z","2026-07-06T00:00:00.000Z"
"RES-PROFILE-DUST","Dust","Rock","Rocks and Geological Materials","Sediments and Soils","","Uncommon","#2ECC71","Planetary","No","Planetary Survey","Terrestrial; Ocean; Desert; Ice; Lava; Gas Giant; Crystal; Toxic; Artificial; Void; Living; Bio; Ancient; Energy; Primordial; Dead","","planet generation; resource profiles; exploration","45","9999","Dust is a profile-normalized canonical resource used by deterministic planet generation.","Supplemental canonical resource inferred from Planet Resource Profiles v2.0 normalization.","Stable generated ID. Keep for save compatibility unless migrated through an explicit ID remap.","Planetary; Uncommon","active","Planetary","resource-taxonomy-v3.0","","Canonical generation rules","false","false","Uncommon","Planetary Survey","Extraction, recovery, or processing","Planetary Survey","true","","","","","","","","","","","2026-07-09T00:00:00.000Z","2026-07-09T00:00:00.000Z"
"RES-0042","Regolith","Rock","Rocks and Geological Materials","Sediments and Soils","","Uncommon","#2ECC71","Planetary","No","Orbital Flight / Planetary Mining","Ice; Ocean; Gas Giant; Dead; Primordial","","colonies; space infrastructure; fuel; and trade","80","9999","Loose airless surface material used in lunar construction and extraction.","Scientifically grounded planetary resource.","Unlock after orbital flight, satellites, or colony ships.","Mineral; Uncommon; Planetary","active","Mineral","resource-taxonomy-v3.0","","Canonical generation rules","false","false","Uncommon","Orbital Flight / Planetary Mining","Extraction, recovery, or processing","Orbital Flight / Planetary Mining","true","","","","","","","","","","","2026-07-06T00:00:00.000Z","2026-07-06T00:00:00.000Z"
"RES-0002","Sand","Rock","Rocks and Geological Materials","Sediments and Soils","","Common","#FFFFFF","Earth","Yes","Start","Terrestrial; Desert; Dead; Lava","","early buildings; basic industry; crafting; and trade","10","9999","Loose granular material used for glass, silicon processing, and construction.","Earth-realistic common resource.","Available before space exploration.","Mineral; Common; Earth","active","Mineral","resource-taxonomy-v3.0","","Canonical generation rules","false","false","Common","Start","Extraction, recovery, or processing","Start","true","","","","","","","","","","","2026-07-06T00:00:00.000Z","2026-07-06T00:00:00.000Z"
"RES-PROFILE-SANDSTONE","Sandstone","Rock","Rocks and Geological Materials","Sediments and Soils","","Uncommon","#2ECC71","Planetary","No","Planetary Survey","Terrestrial; Ocean; Desert; Ice; Lava; Gas Giant; Crystal; Toxic; Artificial; Void; Living; Bio; Ancient; Energy; Primordial; Dead","","planet generation; resource profiles; exploration","45","9999","Sandstone is a profile-normalized canonical resource used by deterministic planet generation.","Supplemental canonical resource inferred from Planet Resource Profiles v2.0 normalization.","Stable generated ID. Keep for save compatibility unless migrated through an explicit ID remap.","Planetary; Uncommon","active","Planetary","resource-taxonomy-v3.0","","Canonical generation rules","false","false","Uncommon","Planetary Survey","Extraction, recovery, or processing","Planetary Survey","true","","","","","","","","","","","2026-07-09T00:00:00.000Z","2026-07-09T00:00:00.000Z"
"RES-0004","Soil","Rock","Rocks and Geological Materials","Sediments and Soils","","Common","#FFFFFF","Earth","Yes","Start","Terrestrial; Desert; Dead; Lava","","early buildings; basic industry; crafting; and trade","10","9999","Supports agriculture, population growth, and early farming systems.","Earth-realistic common resource.","Available before space exploration.","Organic/Mineral; Common; Earth","active","Organic/Mineral","resource-taxonomy-v3.0","","Canonical generation rules","false","false","Common","Start","Extraction, recovery, or processing","Start","true","","","","","","","","","","","2026-07-06T00:00:00.000Z","2026-07-06T00:00:00.000Z"
"RES-PROFILE-POTASH","Potash","Rock","Rocks and Geological Materials","Volcanic Materials","","Uncommon","#2ECC71","Planetary","No","Planetary Survey","Terrestrial; Ocean; Desert; Ice; Lava; Gas Giant; Crystal; Toxic; Artificial; Void; Living; Bio; Ancient; Energy; Primordial; Dead","","planet generation; resource profiles; exploration","45","9999","Potash is a profile-normalized canonical resource used by deterministic planet generation.","Supplemental canonical resource inferred from Planet Resource Profiles v2.0 normalization.","Stable generated ID. Keep for save compatibility unless migrated through an explicit ID remap.","Planetary; Uncommon","active","Planetary","resource-taxonomy-v3.0","","Canonical generation rules","false","false","Uncommon","Planetary Survey","Extraction, recovery, or processing","Planetary Survey","true","","","","","","","","","","","2026-07-09T00:00:00.000Z","2026-07-09T00:00:00.000Z"
"RES-0163","Volcanic Ash","Rock","Rocks and Geological Materials","Volcanic Materials","","Mythic","#E74C3C","Primordial","No","Primordial World Discovery","Primordial; Lava; Dead; Ocean","","terraforming; rare research; story events; and planet generation","4500","9999","Ash deposited by eruptions, useful for chemistry and geology.","Primordial resources bridge science and creation lore.","Mostly tied to Primordial planet class or Genesis rarity.","Mineral; Mythic; Primordial","active","Mineral","resource-taxonomy-v3.0","","Canonical generation rules","false","false","Mythic","Primordial World Discovery","Extraction, recovery, or processing","Primordial World Discovery","true","","","","","","","","","","","2026-07-06T00:00:00.000Z","2026-07-06T00:00:00.000Z"
"RES-0098","Self-Replicating Nanites","Synthetic Material","Synthetic and Nanotechnology Materials","Nanomachines","","Epic","#9B59B6","Ancient","No","Artificial / Ancient World Discovery","Artificial; Ancient; Energy","","AI; robotics; megastructures; wonders; and manufacturing","1200","9999","Autonomous nanotech resource used in ultimate manufacturing.","Speculative artificial resource.","Generally should not appear before Artificial or Ancient worlds.","Synthetic; Epic; Ancient","active","Synthetic","resource-taxonomy-v3.0","","Canonical generation rules","true","false","Epic","Artificial / Ancient World Discovery","Extraction, recovery, or processing","Artificial / Ancient World Discovery","true","","","","","","","","","","","2026-07-06T00:00:00.000Z","2026-07-06T00:00:00.000Z"
"RES-0097","Nano Fiber","Synthetic Material","Synthetic and Nanotechnology Materials","Nanomaterials","","Epic","#9B59B6","Ancient","No","Artificial / Ancient World Discovery","Artificial; Ancient; Energy","","AI; robotics; megastructures; wonders; and manufacturing","1200","9999","Ultra-light strong fiber for robotics, ships, and future buildings.","Speculative artificial resource.","Generally should not appear before Artificial or Ancient worlds.","Synthetic; Epic; Ancient","active","Synthetic","resource-taxonomy-v3.0","","Canonical generation rules","true","false","Epic","Artificial / Ancient World Discovery","Extraction, recovery, or processing","Artificial / Ancient World Discovery","true","","","","","","","","","","","2026-07-06T00:00:00.000Z","2026-07-06T00:00:00.000Z"
"RES-0104","Machine Consciousness","Synthetic Material","Synthetic and Nanotechnology Materials","Synthetic Intelligence Materials","","Epic","#9B59B6","Ancient","No","Artificial / Ancient World Discovery","Artificial; Ancient; Energy","","AI; robotics; megastructures; wonders; and manufacturing","1200","9999","Rare AI essence or data construct from machine worlds.","Speculative artificial resource.","Generally should not appear before Artificial or Ancient worlds.","Synthetic/AI; Epic; Ancient","active","Synthetic/AI","resource-taxonomy-v3.0","","Canonical generation rules","true","false","Epic","Artificial / Ancient World Discovery","Extraction, recovery, or processing","Artificial / Ancient World Discovery","true","","","","","","","","","","","2026-07-06T00:00:00.000Z","2026-07-06T00:00:00.000Z"
"RES-0103","Neural Matrix","Synthetic Material","Synthetic and Nanotechnology Materials","Synthetic Intelligence Materials","","Epic","#9B59B6","Ancient","No","Artificial / Ancient World Discovery","Artificial; Ancient; Energy","","AI; robotics; megastructures; wonders; and manufacturing","1200","9999","Hybrid neural substrate for AI, cybernetics, and consciousness systems.","Speculative artificial resource.","Generally should not appear before Artificial or Ancient worlds.","Synthetic/Biological; Epic; Ancient","active","Synthetic/Biological","resource-taxonomy-v3.0","","Canonical generation rules","true","false","Epic","Artificial / Ancient World Discovery","Extraction, recovery, or processing","Artificial / Ancient World Discovery","true","","","","","","","","","","","2026-07-06T00:00:00.000Z","2026-07-06T00:00:00.000Z"
"RES-0096","Synthetic Matter","Synthetic Material","Synthetic and Nanotechnology Materials","Synthetic Matter","","Epic","#9B59B6","Ancient","No","Artificial / Ancient World Discovery","Artificial; Ancient; Energy","","AI; robotics; megastructures; wonders; and manufacturing","1200","9999","Engineered matter feedstock for nanotech and fabrication.","Speculative artificial resource.","Generally should not appear before Artificial or Ancient worlds.","Synthetic; Epic; Ancient","active","Synthetic","resource-taxonomy-v3.0","","Canonical generation rules","true","false","Epic","Artificial / Ancient World Discovery","Extraction, recovery, or processing","Artificial / Ancient World Discovery","true","","","","","","","","","","","2026-07-06T00:00:00.000Z","2026-07-06T00:00:00.000Z"
