promptId,archetypeId,archetypeName,outputType,outputName,aspectRatio,positivePrompt,negativePrompt,version,status
NB2-CRE-IV-001-PLASMA-LIFE-FULL-BODY,CRE-IV-001-PLASMA-LIFE,Plasma Life,full-body,Full Body Production Render,3:4,"Create a canonical NOVERIS Nano Banana 2 visual for Plasma Life: Full Body Production Render.

Canonical archetype:
A canonical plasma life designed as a scientifically plausible lifeform whose body plan, support system, locomotion, sensing, metabolism, ecology, and environmental adaptations are internally coherent.

Required visual and biological rules:
• functional anatomy
• credible center of mass
• coherent locomotion
• environment-linked materials
• ecologically plausible scale
• stable field topology
• controlled luminosity
• readable nonhumanoid silhouette

Production request:
Create complete mature specimen, neutral pose, entire body visible.

Studio-resolved canonical values:
{{canonicalId}}, {{displayName}}, {{scientificName}}, {{originPlanet}}, {{planetType}}, {{biome}}, {{gravity}}, {{atmosphere}}, {{climate}}, {{temperatureRange}}, {{sizeScale}}, {{coloration}}, {{materials}}, {{distinctiveFeatures}}, {{lockedTraits}}, {{rarity}}, {{artDirection}}.

Preserve every locked canonical field exactly. The result must use NOVERIS Scientific Realism: premium AAA science-fiction quality, museum-grade reference presentation, scientifically plausible structure, coherent materials, restrained coloration unless canon requires otherwise, readable silhouette, consistent scale and anatomy or growth across all views, soft neutral studio lighting, pure black background for isolated references, full requested subject visibility, generous negative space, and PSD-friendly extraction. Habitat and biome outputs may use the canonical environment. No baked-in text, labels, watermark, logo, border, or UI.

Create four clearly different but canon-compliant versions. Preserve body plan or growth architecture, structural counts, environmental adaptations, materials, defining features, and locked coloration. Vary only permitted secondary proportions, markings, surface detail, minor ornamentation, natural wear, and pose or growth irregularity.

Recommended aspect ratio: 3:4.","text, labels, watermark, signature, logo, border, frame, UI, HUD, cropped subject, duplicate anatomy, contradictory anatomy, impossible balance, unsupported structures, random wings, random horns, humanoid default, fantasy armor, weapons, cartoon, anime, toy-like materials, excessive neon, excessive glow, oversaturated colors, busy background, motion blur, low resolution, compression artifacts, generic Earth copy, unsupported fantasy styling, traits conflicting with locked canon",1.0.0,canonical
NB2-CRE-IV-001-PLASMA-LIFE-PORTRAIT,CRE-IV-001-PLASMA-LIFE,Plasma Life,portrait,Portrait,1:1,"Create a canonical NOVERIS Nano Banana 2 visual for Plasma Life: Portrait.

Canonical archetype:
A canonical plasma life designed as a scientifically plausible lifeform whose body plan, support system, locomotion, sensing, metabolism, ecology, and environmental adaptations are internally coherent.

Required visual and biological rules:
• functional anatomy
• credible center of mass
• coherent locomotion
• environment-linked materials
• ecologically plausible scale
• stable field topology
• controlled luminosity
• readable nonhumanoid silhouette

Production request:
Create head and upper body emphasizing sensory anatomy and defining materials.

Studio-resolved canonical values:
{{canonicalId}}, {{displayName}}, {{scientificName}}, {{originPlanet}}, {{planetType}}, {{biome}}, {{gravity}}, {{atmosphere}}, {{climate}}, {{temperatureRange}}, {{sizeScale}}, {{coloration}}, {{materials}}, {{distinctiveFeatures}}, {{lockedTraits}}, {{rarity}}, {{artDirection}}.

Preserve every locked canonical field exactly. The result must use NOVERIS Scientific Realism: premium AAA science-fiction quality, museum-grade reference presentation, scientifically plausible structure, coherent materials, restrained coloration unless canon requires otherwise, readable silhouette, consistent scale and anatomy or growth across all views, soft neutral studio lighting, pure black background for isolated references, full requested subject visibility, generous negative space, and PSD-friendly extraction. Habitat and biome outputs may use the canonical environment. No baked-in text, labels, watermark, logo, border, or UI.

Create four clearly different but canon-compliant versions. Preserve body plan or growth architecture, structural counts, environmental adaptations, materials, defining features, and locked coloration. Vary only permitted secondary proportions, markings, surface detail, minor ornamentation, natural wear, and pose or growth irregularity.

Recommended aspect ratio: 1:1.","text, labels, watermark, signature, logo, border, frame, UI, HUD, cropped subject, duplicate anatomy, contradictory anatomy, impossible balance, unsupported structures, random wings, random horns, humanoid default, fantasy armor, weapons, cartoon, anime, toy-like materials, excessive neon, excessive glow, oversaturated colors, busy background, motion blur, low resolution, compression artifacts, generic Earth copy, unsupported fantasy styling, traits conflicting with locked canon",1.0.0,canonical
NB2-CRE-IV-001-PLASMA-LIFE-ORTHO-FRONT,CRE-IV-001-PLASMA-LIFE,Plasma Life,ortho-front,Orthographic Front,3:4,"Create a canonical NOVERIS Nano Banana 2 visual for Plasma Life: Orthographic Front.

Canonical archetype:
A canonical plasma life designed as a scientifically plausible lifeform whose body plan, support system, locomotion, sensing, metabolism, ecology, and environmental adaptations are internally coherent.

Required visual and biological rules:
• functional anatomy
• credible center of mass
• coherent locomotion
• environment-linked materials
• ecologically plausible scale
• stable field topology
• controlled luminosity
• readable nonhumanoid silhouette

Production request:
Create exact front orthographic view.

Studio-resolved canonical values:
{{canonicalId}}, {{displayName}}, {{scientificName}}, {{originPlanet}}, {{planetType}}, {{biome}}, {{gravity}}, {{atmosphere}}, {{climate}}, {{temperatureRange}}, {{sizeScale}}, {{coloration}}, {{materials}}, {{distinctiveFeatures}}, {{lockedTraits}}, {{rarity}}, {{artDirection}}.

Preserve every locked canonical field exactly. The result must use NOVERIS Scientific Realism: premium AAA science-fiction quality, museum-grade reference presentation, scientifically plausible structure, coherent materials, restrained coloration unless canon requires otherwise, readable silhouette, consistent scale and anatomy or growth across all views, soft neutral studio lighting, pure black background for isolated references, full requested subject visibility, generous negative space, and PSD-friendly extraction. Habitat and biome outputs may use the canonical environment. No baked-in text, labels, watermark, logo, border, or UI.

Create four clearly different but canon-compliant versions. Preserve body plan or growth architecture, structural counts, environmental adaptations, materials, defining features, and locked coloration. Vary only permitted secondary proportions, markings, surface detail, minor ornamentation, natural wear, and pose or growth irregularity.

Recommended aspect ratio: 3:4.","text, labels, watermark, signature, logo, border, frame, UI, HUD, cropped subject, duplicate anatomy, contradictory anatomy, impossible balance, unsupported structures, random wings, random horns, humanoid default, fantasy armor, weapons, cartoon, anime, toy-like materials, excessive neon, excessive glow, oversaturated colors, busy background, motion blur, low resolution, compression artifacts, generic Earth copy, unsupported fantasy styling, traits conflicting with locked canon",1.0.0,canonical
NB2-CRE-IV-001-PLASMA-LIFE-ORTHO-SIDE,CRE-IV-001-PLASMA-LIFE,Plasma Life,ortho-side,Orthographic Side,3:4,"Create a canonical NOVERIS Nano Banana 2 visual for Plasma Life: Orthographic Side.

Canonical archetype:
A canonical plasma life designed as a scientifically plausible lifeform whose body plan, support system, locomotion, sensing, metabolism, ecology, and environmental adaptations are internally coherent.

Required visual and biological rules:
• functional anatomy
• credible center of mass
• coherent locomotion
• environment-linked materials
• ecologically plausible scale
• stable field topology
• controlled luminosity
• readable nonhumanoid silhouette

Production request:
Create exact side orthographic view.

Studio-resolved canonical values:
{{canonicalId}}, {{displayName}}, {{scientificName}}, {{originPlanet}}, {{planetType}}, {{biome}}, {{gravity}}, {{atmosphere}}, {{climate}}, {{temperatureRange}}, {{sizeScale}}, {{coloration}}, {{materials}}, {{distinctiveFeatures}}, {{lockedTraits}}, {{rarity}}, {{artDirection}}.

Preserve every locked canonical field exactly. The result must use NOVERIS Scientific Realism: premium AAA science-fiction quality, museum-grade reference presentation, scientifically plausible structure, coherent materials, restrained coloration unless canon requires otherwise, readable silhouette, consistent scale and anatomy or growth across all views, soft neutral studio lighting, pure black background for isolated references, full requested subject visibility, generous negative space, and PSD-friendly extraction. Habitat and biome outputs may use the canonical environment. No baked-in text, labels, watermark, logo, border, or UI.

Create four clearly different but canon-compliant versions. Preserve body plan or growth architecture, structural counts, environmental adaptations, materials, defining features, and locked coloration. Vary only permitted secondary proportions, markings, surface detail, minor ornamentation, natural wear, and pose or growth irregularity.

Recommended aspect ratio: 3:4.","text, labels, watermark, signature, logo, border, frame, UI, HUD, cropped subject, duplicate anatomy, contradictory anatomy, impossible balance, unsupported structures, random wings, random horns, humanoid default, fantasy armor, weapons, cartoon, anime, toy-like materials, excessive neon, excessive glow, oversaturated colors, busy background, motion blur, low resolution, compression artifacts, generic Earth copy, unsupported fantasy styling, traits conflicting with locked canon",1.0.0,canonical
NB2-CRE-IV-001-PLASMA-LIFE-ORTHO-REAR,CRE-IV-001-PLASMA-LIFE,Plasma Life,ortho-rear,Orthographic Rear,3:4,"Create a canonical NOVERIS Nano Banana 2 visual for Plasma Life: Orthographic Rear.

Canonical archetype:
A canonical plasma life designed as a scientifically plausible lifeform whose body plan, support system, locomotion, sensing, metabolism, ecology, and environmental adaptations are internally coherent.

Required visual and biological rules:
• functional anatomy
• credible center of mass
• coherent locomotion
• environment-linked materials
• ecologically plausible scale
• stable field topology
• controlled luminosity
• readable nonhumanoid silhouette

Production request:
Create exact rear orthographic view.

Studio-resolved canonical values:
{{canonicalId}}, {{displayName}}, {{scientificName}}, {{originPlanet}}, {{planetType}}, {{biome}}, {{gravity}}, {{atmosphere}}, {{climate}}, {{temperatureRange}}, {{sizeScale}}, {{coloration}}, {{materials}}, {{distinctiveFeatures}}, {{lockedTraits}}, {{rarity}}, {{artDirection}}.

Preserve every locked canonical field exactly. The result must use NOVERIS Scientific Realism: premium AAA science-fiction quality, museum-grade reference presentation, scientifically plausible structure, coherent materials, restrained coloration unless canon requires otherwise, readable silhouette, consistent scale and anatomy or growth across all views, soft neutral studio lighting, pure black background for isolated references, full requested subject visibility, generous negative space, and PSD-friendly extraction. Habitat and biome outputs may use the canonical environment. No baked-in text, labels, watermark, logo, border, or UI.

Create four clearly different but canon-compliant versions. Preserve body plan or growth architecture, structural counts, environmental adaptations, materials, defining features, and locked coloration. Vary only permitted secondary proportions, markings, surface detail, minor ornamentation, natural wear, and pose or growth irregularity.

Recommended aspect ratio: 3:4.","text, labels, watermark, signature, logo, border, frame, UI, HUD, cropped subject, duplicate anatomy, contradictory anatomy, impossible balance, unsupported structures, random wings, random horns, humanoid default, fantasy armor, weapons, cartoon, anime, toy-like materials, excessive neon, excessive glow, oversaturated colors, busy background, motion blur, low resolution, compression artifacts, generic Earth copy, unsupported fantasy styling, traits conflicting with locked canon",1.0.0,canonical
NB2-CRE-IV-001-PLASMA-LIFE-TURNAROUND,CRE-IV-001-PLASMA-LIFE,Plasma Life,turnaround,Turnaround Sheet,16:9,"Create a canonical NOVERIS Nano Banana 2 visual for Plasma Life: Turnaround Sheet.

Canonical archetype:
A canonical plasma life designed as a scientifically plausible lifeform whose body plan, support system, locomotion, sensing, metabolism, ecology, and environmental adaptations are internally coherent.

Required visual and biological rules:
• functional anatomy
• credible center of mass
• coherent locomotion
• environment-linked materials
• ecologically plausible scale
• stable field topology
• controlled luminosity
• readable nonhumanoid silhouette

Production request:
Create front, side, rear, top and underside at identical scale.

Studio-resolved canonical values:
{{canonicalId}}, {{displayName}}, {{scientificName}}, {{originPlanet}}, {{planetType}}, {{biome}}, {{gravity}}, {{atmosphere}}, {{climate}}, {{temperatureRange}}, {{sizeScale}}, {{coloration}}, {{materials}}, {{distinctiveFeatures}}, {{lockedTraits}}, {{rarity}}, {{artDirection}}.

Preserve every locked canonical field exactly. The result must use NOVERIS Scientific Realism: premium AAA science-fiction quality, museum-grade reference presentation, scientifically plausible structure, coherent materials, restrained coloration unless canon requires otherwise, readable silhouette, consistent scale and anatomy or growth across all views, soft neutral studio lighting, pure black background for isolated references, full requested subject visibility, generous negative space, and PSD-friendly extraction. Habitat and biome outputs may use the canonical environment. No baked-in text, labels, watermark, logo, border, or UI.

Create four clearly different but canon-compliant versions. Preserve body plan or growth architecture, structural counts, environmental adaptations, materials, defining features, and locked coloration. Vary only permitted secondary proportions, markings, surface detail, minor ornamentation, natural wear, and pose or growth irregularity.

Recommended aspect ratio: 16:9.","text, labels, watermark, signature, logo, border, frame, UI, HUD, cropped subject, duplicate anatomy, contradictory anatomy, impossible balance, unsupported structures, random wings, random horns, humanoid default, fantasy armor, weapons, cartoon, anime, toy-like materials, excessive neon, excessive glow, oversaturated colors, busy background, motion blur, low resolution, compression artifacts, generic Earth copy, unsupported fantasy styling, traits conflicting with locked canon",1.0.0,canonical
NB2-CRE-IV-001-PLASMA-LIFE-SUPPORT,CRE-IV-001-PLASMA-LIFE,Plasma Life,support,Skeleton or Support Structure,16:9,"Create a canonical NOVERIS Nano Banana 2 visual for Plasma Life: Skeleton or Support Structure.

Canonical archetype:
A canonical plasma life designed as a scientifically plausible lifeform whose body plan, support system, locomotion, sensing, metabolism, ecology, and environmental adaptations are internally coherent.

Required visual and biological rules:
• functional anatomy
• credible center of mass
• coherent locomotion
• environment-linked materials
• ecologically plausible scale
• stable field topology
• controlled luminosity
• readable nonhumanoid silhouette

Production request:
Create complete mechanical support system and joint logic.

Studio-resolved canonical values:
{{canonicalId}}, {{displayName}}, {{scientificName}}, {{originPlanet}}, {{planetType}}, {{biome}}, {{gravity}}, {{atmosphere}}, {{climate}}, {{temperatureRange}}, {{sizeScale}}, {{coloration}}, {{materials}}, {{distinctiveFeatures}}, {{lockedTraits}}, {{rarity}}, {{artDirection}}.

Preserve every locked canonical field exactly. The result must use NOVERIS Scientific Realism: premium AAA science-fiction quality, museum-grade reference presentation, scientifically plausible structure, coherent materials, restrained coloration unless canon requires otherwise, readable silhouette, consistent scale and anatomy or growth across all views, soft neutral studio lighting, pure black background for isolated references, full requested subject visibility, generous negative space, and PSD-friendly extraction. Habitat and biome outputs may use the canonical environment. No baked-in text, labels, watermark, logo, border, or UI.

Create four clearly different but canon-compliant versions. Preserve body plan or growth architecture, structural counts, environmental adaptations, materials, defining features, and locked coloration. Vary only permitted secondary proportions, markings, surface detail, minor ornamentation, natural wear, and pose or growth irregularity.

Recommended aspect ratio: 16:9.","text, labels, watermark, signature, logo, border, frame, UI, HUD, cropped subject, duplicate anatomy, contradictory anatomy, impossible balance, unsupported structures, random wings, random horns, humanoid default, fantasy armor, weapons, cartoon, anime, toy-like materials, excessive neon, excessive glow, oversaturated colors, busy background, motion blur, low resolution, compression artifacts, generic Earth copy, unsupported fantasy styling, traits conflicting with locked canon",1.0.0,canonical
NB2-CRE-IV-001-PLASMA-LIFE-ANATOMY,CRE-IV-001-PLASMA-LIFE,Plasma Life,anatomy,Internal Anatomy,16:9,"Create a canonical NOVERIS Nano Banana 2 visual for Plasma Life: Internal Anatomy.

Canonical archetype:
A canonical plasma life designed as a scientifically plausible lifeform whose body plan, support system, locomotion, sensing, metabolism, ecology, and environmental adaptations are internally coherent.

Required visual and biological rules:
• functional anatomy
• credible center of mass
• coherent locomotion
• environment-linked materials
• ecologically plausible scale
• stable field topology
• controlled luminosity
• readable nonhumanoid silhouette

Production request:
Create major respiratory, circulatory, digestive, sensory and reproductive systems.

Studio-resolved canonical values:
{{canonicalId}}, {{displayName}}, {{scientificName}}, {{originPlanet}}, {{planetType}}, {{biome}}, {{gravity}}, {{atmosphere}}, {{climate}}, {{temperatureRange}}, {{sizeScale}}, {{coloration}}, {{materials}}, {{distinctiveFeatures}}, {{lockedTraits}}, {{rarity}}, {{artDirection}}.

Preserve every locked canonical field exactly. The result must use NOVERIS Scientific Realism: premium AAA science-fiction quality, museum-grade reference presentation, scientifically plausible structure, coherent materials, restrained coloration unless canon requires otherwise, readable silhouette, consistent scale and anatomy or growth across all views, soft neutral studio lighting, pure black background for isolated references, full requested subject visibility, generous negative space, and PSD-friendly extraction. Habitat and biome outputs may use the canonical environment. No baked-in text, labels, watermark, logo, border, or UI.

Create four clearly different but canon-compliant versions. Preserve body plan or growth architecture, structural counts, environmental adaptations, materials, defining features, and locked coloration. Vary only permitted secondary proportions, markings, surface detail, minor ornamentation, natural wear, and pose or growth irregularity.

Recommended aspect ratio: 16:9.","text, labels, watermark, signature, logo, border, frame, UI, HUD, cropped subject, duplicate anatomy, contradictory anatomy, impossible balance, unsupported structures, random wings, random horns, humanoid default, fantasy armor, weapons, cartoon, anime, toy-like materials, excessive neon, excessive glow, oversaturated colors, busy background, motion blur, low resolution, compression artifacts, generic Earth copy, unsupported fantasy styling, traits conflicting with locked canon",1.0.0,canonical
NB2-CRE-IV-001-PLASMA-LIFE-LIFECYCLE,CRE-IV-001-PLASMA-LIFE,Plasma Life,lifecycle,Lifecycle Sheet,16:9,"Create a canonical NOVERIS Nano Banana 2 visual for Plasma Life: Lifecycle Sheet.

Canonical archetype:
A canonical plasma life designed as a scientifically plausible lifeform whose body plan, support system, locomotion, sensing, metabolism, ecology, and environmental adaptations are internally coherent.

Required visual and biological rules:
• functional anatomy
• credible center of mass
• coherent locomotion
• environment-linked materials
• ecologically plausible scale
• stable field topology
• controlled luminosity
• readable nonhumanoid silhouette

Production request:
Create reproductive form, juvenile, adult and elder stages.

Studio-resolved canonical values:
{{canonicalId}}, {{displayName}}, {{scientificName}}, {{originPlanet}}, {{planetType}}, {{biome}}, {{gravity}}, {{atmosphere}}, {{climate}}, {{temperatureRange}}, {{sizeScale}}, {{coloration}}, {{materials}}, {{distinctiveFeatures}}, {{lockedTraits}}, {{rarity}}, {{artDirection}}.

Preserve every locked canonical field exactly. The result must use NOVERIS Scientific Realism: premium AAA science-fiction quality, museum-grade reference presentation, scientifically plausible structure, coherent materials, restrained coloration unless canon requires otherwise, readable silhouette, consistent scale and anatomy or growth across all views, soft neutral studio lighting, pure black background for isolated references, full requested subject visibility, generous negative space, and PSD-friendly extraction. Habitat and biome outputs may use the canonical environment. No baked-in text, labels, watermark, logo, border, or UI.

Create four clearly different but canon-compliant versions. Preserve body plan or growth architecture, structural counts, environmental adaptations, materials, defining features, and locked coloration. Vary only permitted secondary proportions, markings, surface detail, minor ornamentation, natural wear, and pose or growth irregularity.

Recommended aspect ratio: 16:9.","text, labels, watermark, signature, logo, border, frame, UI, HUD, cropped subject, duplicate anatomy, contradictory anatomy, impossible balance, unsupported structures, random wings, random horns, humanoid default, fantasy armor, weapons, cartoon, anime, toy-like materials, excessive neon, excessive glow, oversaturated colors, busy background, motion blur, low resolution, compression artifacts, generic Earth copy, unsupported fantasy styling, traits conflicting with locked canon",1.0.0,canonical
NB2-CRE-IV-001-PLASMA-LIFE-VARIANTS,CRE-IV-001-PLASMA-LIFE,Plasma Life,variants,Canonical Variants,16:9,"Create a canonical NOVERIS Nano Banana 2 visual for Plasma Life: Canonical Variants.

Canonical archetype:
A canonical plasma life designed as a scientifically plausible lifeform whose body plan, support system, locomotion, sensing, metabolism, ecology, and environmental adaptations are internally coherent.

Required visual and biological rules:
• functional anatomy
• credible center of mass
• coherent locomotion
• environment-linked materials
• ecologically plausible scale
• stable field topology
• controlled luminosity
• readable nonhumanoid silhouette

Production request:
Create regional, seasonal, sex, caste, morph or engineered variants.

Studio-resolved canonical values:
{{canonicalId}}, {{displayName}}, {{scientificName}}, {{originPlanet}}, {{planetType}}, {{biome}}, {{gravity}}, {{atmosphere}}, {{climate}}, {{temperatureRange}}, {{sizeScale}}, {{coloration}}, {{materials}}, {{distinctiveFeatures}}, {{lockedTraits}}, {{rarity}}, {{artDirection}}.

Preserve every locked canonical field exactly. The result must use NOVERIS Scientific Realism: premium AAA science-fiction quality, museum-grade reference presentation, scientifically plausible structure, coherent materials, restrained coloration unless canon requires otherwise, readable silhouette, consistent scale and anatomy or growth across all views, soft neutral studio lighting, pure black background for isolated references, full requested subject visibility, generous negative space, and PSD-friendly extraction. Habitat and biome outputs may use the canonical environment. No baked-in text, labels, watermark, logo, border, or UI.

Create four clearly different but canon-compliant versions. Preserve body plan or growth architecture, structural counts, environmental adaptations, materials, defining features, and locked coloration. Vary only permitted secondary proportions, markings, surface detail, minor ornamentation, natural wear, and pose or growth irregularity.

Recommended aspect ratio: 16:9.","text, labels, watermark, signature, logo, border, frame, UI, HUD, cropped subject, duplicate anatomy, contradictory anatomy, impossible balance, unsupported structures, random wings, random horns, humanoid default, fantasy armor, weapons, cartoon, anime, toy-like materials, excessive neon, excessive glow, oversaturated colors, busy background, motion blur, low resolution, compression artifacts, generic Earth copy, unsupported fantasy styling, traits conflicting with locked canon",1.0.0,canonical
NB2-CRE-IV-001-PLASMA-LIFE-BEHAVIOR,CRE-IV-001-PLASMA-LIFE,Plasma Life,behavior,Behavior Sheet,16:9,"Create a canonical NOVERIS Nano Banana 2 visual for Plasma Life: Behavior Sheet.

Canonical archetype:
A canonical plasma life designed as a scientifically plausible lifeform whose body plan, support system, locomotion, sensing, metabolism, ecology, and environmental adaptations are internally coherent.

Required visual and biological rules:
• functional anatomy
• credible center of mass
• coherent locomotion
• environment-linked materials
• ecologically plausible scale
• stable field topology
• controlled luminosity
• readable nonhumanoid silhouette

Production request:
Create idle, feeding, locomotion, social, defense and rest.

Studio-resolved canonical values:
{{canonicalId}}, {{displayName}}, {{scientificName}}, {{originPlanet}}, {{planetType}}, {{biome}}, {{gravity}}, {{atmosphere}}, {{climate}}, {{temperatureRange}}, {{sizeScale}}, {{coloration}}, {{materials}}, {{distinctiveFeatures}}, {{lockedTraits}}, {{rarity}}, {{artDirection}}.

Preserve every locked canonical field exactly. The result must use NOVERIS Scientific Realism: premium AAA science-fiction quality, museum-grade reference presentation, scientifically plausible structure, coherent materials, restrained coloration unless canon requires otherwise, readable silhouette, consistent scale and anatomy or growth across all views, soft neutral studio lighting, pure black background for isolated references, full requested subject visibility, generous negative space, and PSD-friendly extraction. Habitat and biome outputs may use the canonical environment. No baked-in text, labels, watermark, logo, border, or UI.

Create four clearly different but canon-compliant versions. Preserve body plan or growth architecture, structural counts, environmental adaptations, materials, defining features, and locked coloration. Vary only permitted secondary proportions, markings, surface detail, minor ornamentation, natural wear, and pose or growth irregularity.

Recommended aspect ratio: 16:9.","text, labels, watermark, signature, logo, border, frame, UI, HUD, cropped subject, duplicate anatomy, contradictory anatomy, impossible balance, unsupported structures, random wings, random horns, humanoid default, fantasy armor, weapons, cartoon, anime, toy-like materials, excessive neon, excessive glow, oversaturated colors, busy background, motion blur, low resolution, compression artifacts, generic Earth copy, unsupported fantasy styling, traits conflicting with locked canon",1.0.0,canonical
NB2-CRE-IV-001-PLASMA-LIFE-HABITAT,CRE-IV-001-PLASMA-LIFE,Plasma Life,habitat,Native Habitat Scene,16:9,"Create a canonical NOVERIS Nano Banana 2 visual for Plasma Life: Native Habitat Scene.

Canonical archetype:
A canonical plasma life designed as a scientifically plausible lifeform whose body plan, support system, locomotion, sensing, metabolism, ecology, and environmental adaptations are internally coherent.

Required visual and biological rules:
• functional anatomy
• credible center of mass
• coherent locomotion
• environment-linked materials
• ecologically plausible scale
• stable field topology
• controlled luminosity
• readable nonhumanoid silhouette

Production request:
Create natural behavior in canonical planet and biome.

Studio-resolved canonical values:
{{canonicalId}}, {{displayName}}, {{scientificName}}, {{originPlanet}}, {{planetType}}, {{biome}}, {{gravity}}, {{atmosphere}}, {{climate}}, {{temperatureRange}}, {{sizeScale}}, {{coloration}}, {{materials}}, {{distinctiveFeatures}}, {{lockedTraits}}, {{rarity}}, {{artDirection}}.

Preserve every locked canonical field exactly. The result must use NOVERIS Scientific Realism: premium AAA science-fiction quality, museum-grade reference presentation, scientifically plausible structure, coherent materials, restrained coloration unless canon requires otherwise, readable silhouette, consistent scale and anatomy or growth across all views, soft neutral studio lighting, pure black background for isolated references, full requested subject visibility, generous negative space, and PSD-friendly extraction. Habitat and biome outputs may use the canonical environment. No baked-in text, labels, watermark, logo, border, or UI.

Create four clearly different but canon-compliant versions. Preserve body plan or growth architecture, structural counts, environmental adaptations, materials, defining features, and locked coloration. Vary only permitted secondary proportions, markings, surface detail, minor ornamentation, natural wear, and pose or growth irregularity.

Recommended aspect ratio: 16:9.","text, labels, watermark, signature, logo, border, frame, UI, HUD, cropped subject, duplicate anatomy, contradictory anatomy, impossible balance, unsupported structures, random wings, random horns, humanoid default, fantasy armor, weapons, cartoon, anime, toy-like materials, excessive neon, excessive glow, oversaturated colors, busy background, motion blur, low resolution, compression artifacts, generic Earth copy, unsupported fantasy styling, traits conflicting with locked canon",1.0.0,canonical
NB2-CRE-IV-001-PLASMA-LIFE-DISCOVERY,CRE-IV-001-PLASMA-LIFE,Plasma Life,discovery,Discovery Scan,16:9,"Create a canonical NOVERIS Nano Banana 2 visual for Plasma Life: Discovery Scan.

Canonical archetype:
A canonical plasma life designed as a scientifically plausible lifeform whose body plan, support system, locomotion, sensing, metabolism, ecology, and environmental adaptations are internally coherent.

Required visual and biological rules:
• functional anatomy
• credible center of mass
• coherent locomotion
• environment-linked materials
• ecologically plausible scale
• stable field topology
• controlled luminosity
• readable nonhumanoid silhouette

Production request:
Create centered scientific scan source without labels.

Studio-resolved canonical values:
{{canonicalId}}, {{displayName}}, {{scientificName}}, {{originPlanet}}, {{planetType}}, {{biome}}, {{gravity}}, {{atmosphere}}, {{climate}}, {{temperatureRange}}, {{sizeScale}}, {{coloration}}, {{materials}}, {{distinctiveFeatures}}, {{lockedTraits}}, {{rarity}}, {{artDirection}}.

Preserve every locked canonical field exactly. The result must use NOVERIS Scientific Realism: premium AAA science-fiction quality, museum-grade reference presentation, scientifically plausible structure, coherent materials, restrained coloration unless canon requires otherwise, readable silhouette, consistent scale and anatomy or growth across all views, soft neutral studio lighting, pure black background for isolated references, full requested subject visibility, generous negative space, and PSD-friendly extraction. Habitat and biome outputs may use the canonical environment. No baked-in text, labels, watermark, logo, border, or UI.

Create four clearly different but canon-compliant versions. Preserve body plan or growth architecture, structural counts, environmental adaptations, materials, defining features, and locked coloration. Vary only permitted secondary proportions, markings, surface detail, minor ornamentation, natural wear, and pose or growth irregularity.

Recommended aspect ratio: 16:9.","text, labels, watermark, signature, logo, border, frame, UI, HUD, cropped subject, duplicate anatomy, contradictory anatomy, impossible balance, unsupported structures, random wings, random horns, humanoid default, fantasy armor, weapons, cartoon, anime, toy-like materials, excessive neon, excessive glow, oversaturated colors, busy background, motion blur, low resolution, compression artifacts, generic Earth copy, unsupported fantasy styling, traits conflicting with locked canon",1.0.0,canonical
NB2-CRE-IV-001-PLASMA-LIFE-ICON,CRE-IV-001-PLASMA-LIFE,Plasma Life,icon,UI Icon,1:1,"Create a canonical NOVERIS Nano Banana 2 visual for Plasma Life: UI Icon.

Canonical archetype:
A canonical plasma life designed as a scientifically plausible lifeform whose body plan, support system, locomotion, sensing, metabolism, ecology, and environmental adaptations are internally coherent.

Required visual and biological rules:
• functional anatomy
• credible center of mass
• coherent locomotion
• environment-linked materials
• ecologically plausible scale
• stable field topology
• controlled luminosity
• readable nonhumanoid silhouette

Production request:
Create isolated silhouette readable at 64 pixels.

Studio-resolved canonical values:
{{canonicalId}}, {{displayName}}, {{scientificName}}, {{originPlanet}}, {{planetType}}, {{biome}}, {{gravity}}, {{atmosphere}}, {{climate}}, {{temperatureRange}}, {{sizeScale}}, {{coloration}}, {{materials}}, {{distinctiveFeatures}}, {{lockedTraits}}, {{rarity}}, {{artDirection}}.

Preserve every locked canonical field exactly. The result must use NOVERIS Scientific Realism: premium AAA science-fiction quality, museum-grade reference presentation, scientifically plausible structure, coherent materials, restrained coloration unless canon requires otherwise, readable silhouette, consistent scale and anatomy or growth across all views, soft neutral studio lighting, pure black background for isolated references, full requested subject visibility, generous negative space, and PSD-friendly extraction. Habitat and biome outputs may use the canonical environment. No baked-in text, labels, watermark, logo, border, or UI.

Create four clearly different but canon-compliant versions. Preserve body plan or growth architecture, structural counts, environmental adaptations, materials, defining features, and locked coloration. Vary only permitted secondary proportions, markings, surface detail, minor ornamentation, natural wear, and pose or growth irregularity.

Recommended aspect ratio: 1:1.","text, labels, watermark, signature, logo, border, frame, UI, HUD, cropped subject, duplicate anatomy, contradictory anatomy, impossible balance, unsupported structures, random wings, random horns, humanoid default, fantasy armor, weapons, cartoon, anime, toy-like materials, excessive neon, excessive glow, oversaturated colors, busy background, motion blur, low resolution, compression artifacts, generic Earth copy, unsupported fantasy styling, traits conflicting with locked canon",1.0.0,canonical
NB2-CRE-IV-001-PLASMA-LIFE-SCALE,CRE-IV-001-PLASMA-LIFE,Plasma Life,scale,Scale Comparison,16:9,"Create a canonical NOVERIS Nano Banana 2 visual for Plasma Life: Scale Comparison.

Canonical archetype:
A canonical plasma life designed as a scientifically plausible lifeform whose body plan, support system, locomotion, sensing, metabolism, ecology, and environmental adaptations are internally coherent.

Required visual and biological rules:
• functional anatomy
• credible center of mass
• coherent locomotion
• environment-linked materials
• ecologically plausible scale
• stable field topology
• controlled luminosity
• readable nonhumanoid silhouette

Production request:
Create side view with adult human silhouette and one-meter bar.

Studio-resolved canonical values:
{{canonicalId}}, {{displayName}}, {{scientificName}}, {{originPlanet}}, {{planetType}}, {{biome}}, {{gravity}}, {{atmosphere}}, {{climate}}, {{temperatureRange}}, {{sizeScale}}, {{coloration}}, {{materials}}, {{distinctiveFeatures}}, {{lockedTraits}}, {{rarity}}, {{artDirection}}.

Preserve every locked canonical field exactly. The result must use NOVERIS Scientific Realism: premium AAA science-fiction quality, museum-grade reference presentation, scientifically plausible structure, coherent materials, restrained coloration unless canon requires otherwise, readable silhouette, consistent scale and anatomy or growth across all views, soft neutral studio lighting, pure black background for isolated references, full requested subject visibility, generous negative space, and PSD-friendly extraction. Habitat and biome outputs may use the canonical environment. No baked-in text, labels, watermark, logo, border, or UI.

Create four clearly different but canon-compliant versions. Preserve body plan or growth architecture, structural counts, environmental adaptations, materials, defining features, and locked coloration. Vary only permitted secondary proportions, markings, surface detail, minor ornamentation, natural wear, and pose or growth irregularity.

Recommended aspect ratio: 16:9.","text, labels, watermark, signature, logo, border, frame, UI, HUD, cropped subject, duplicate anatomy, contradictory anatomy, impossible balance, unsupported structures, random wings, random horns, humanoid default, fantasy armor, weapons, cartoon, anime, toy-like materials, excessive neon, excessive glow, oversaturated colors, busy background, motion blur, low resolution, compression artifacts, generic Earth copy, unsupported fantasy styling, traits conflicting with locked canon",1.0.0,canonical
NB2-CRE-IV-001-PLASMA-LIFE-SPECIES-PLATE,CRE-IV-001-PLASMA-LIFE,Plasma Life,species-plate,Master Species Plate,16:9,"Create a canonical NOVERIS Nano Banana 2 visual for Plasma Life: Master Species Plate.

Canonical archetype:
A canonical plasma life designed as a scientifically plausible lifeform whose body plan, support system, locomotion, sensing, metabolism, ecology, and environmental adaptations are internally coherent.

Required visual and biological rules:
• functional anatomy
• credible center of mass
• coherent locomotion
• environment-linked materials
• ecologically plausible scale
• stable field topology
• controlled luminosity
• readable nonhumanoid silhouette

Production request:
Create full body, portrait, views, support system, lifecycle, variants, materials and habitat vignette.

Studio-resolved canonical values:
{{canonicalId}}, {{displayName}}, {{scientificName}}, {{originPlanet}}, {{planetType}}, {{biome}}, {{gravity}}, {{atmosphere}}, {{climate}}, {{temperatureRange}}, {{sizeScale}}, {{coloration}}, {{materials}}, {{distinctiveFeatures}}, {{lockedTraits}}, {{rarity}}, {{artDirection}}.

Preserve every locked canonical field exactly. The result must use NOVERIS Scientific Realism: premium AAA science-fiction quality, museum-grade reference presentation, scientifically plausible structure, coherent materials, restrained coloration unless canon requires otherwise, readable silhouette, consistent scale and anatomy or growth across all views, soft neutral studio lighting, pure black background for isolated references, full requested subject visibility, generous negative space, and PSD-friendly extraction. Habitat and biome outputs may use the canonical environment. No baked-in text, labels, watermark, logo, border, or UI.

Create four clearly different but canon-compliant versions. Preserve body plan or growth architecture, structural counts, environmental adaptations, materials, defining features, and locked coloration. Vary only permitted secondary proportions, markings, surface detail, minor ornamentation, natural wear, and pose or growth irregularity.

Recommended aspect ratio: 16:9.","text, labels, watermark, signature, logo, border, frame, UI, HUD, cropped subject, duplicate anatomy, contradictory anatomy, impossible balance, unsupported structures, random wings, random horns, humanoid default, fantasy armor, weapons, cartoon, anime, toy-like materials, excessive neon, excessive glow, oversaturated colors, busy background, motion blur, low resolution, compression artifacts, generic Earth copy, unsupported fantasy styling, traits conflicting with locked canon",1.0.0,canonical
NB2-CRE-IV-001-PLASMA-LIFE-ANIMATION,CRE-IV-001-PLASMA-LIFE,Plasma Life,animation,Animation Reference,16:9,"Create a canonical NOVERIS Nano Banana 2 visual for Plasma Life: Animation Reference.

Canonical archetype:
A canonical plasma life designed as a scientifically plausible lifeform whose body plan, support system, locomotion, sensing, metabolism, ecology, and environmental adaptations are internally coherent.

Required visual and biological rules:
• functional anatomy
• credible center of mass
• coherent locomotion
• environment-linked materials
• ecologically plausible scale
• stable field topology
• controlled luminosity
• readable nonhumanoid silhouette

Production request:
Create idle, locomotion, interaction, feeding, defense, rest and death or shutdown.

Studio-resolved canonical values:
{{canonicalId}}, {{displayName}}, {{scientificName}}, {{originPlanet}}, {{planetType}}, {{biome}}, {{gravity}}, {{atmosphere}}, {{climate}}, {{temperatureRange}}, {{sizeScale}}, {{coloration}}, {{materials}}, {{distinctiveFeatures}}, {{lockedTraits}}, {{rarity}}, {{artDirection}}.

Preserve every locked canonical field exactly. The result must use NOVERIS Scientific Realism: premium AAA science-fiction quality, museum-grade reference presentation, scientifically plausible structure, coherent materials, restrained coloration unless canon requires otherwise, readable silhouette, consistent scale and anatomy or growth across all views, soft neutral studio lighting, pure black background for isolated references, full requested subject visibility, generous negative space, and PSD-friendly extraction. Habitat and biome outputs may use the canonical environment. No baked-in text, labels, watermark, logo, border, or UI.

Create four clearly different but canon-compliant versions. Preserve body plan or growth architecture, structural counts, environmental adaptations, materials, defining features, and locked coloration. Vary only permitted secondary proportions, markings, surface detail, minor ornamentation, natural wear, and pose or growth irregularity.

Recommended aspect ratio: 16:9.","text, labels, watermark, signature, logo, border, frame, UI, HUD, cropped subject, duplicate anatomy, contradictory anatomy, impossible balance, unsupported structures, random wings, random horns, humanoid default, fantasy armor, weapons, cartoon, anime, toy-like materials, excessive neon, excessive glow, oversaturated colors, busy background, motion blur, low resolution, compression artifacts, generic Earth copy, unsupported fantasy styling, traits conflicting with locked canon",1.0.0,canonical
NB2-CRE-IV-001-PLASMA-LIFE-PSD,CRE-IV-001-PLASMA-LIFE,Plasma Life,psd,PSD Extraction Board,16:9,"Create a canonical NOVERIS Nano Banana 2 visual for Plasma Life: PSD Extraction Board.

Canonical archetype:
A canonical plasma life designed as a scientifically plausible lifeform whose body plan, support system, locomotion, sensing, metabolism, ecology, and environmental adaptations are internally coherent.

Required visual and biological rules:
• functional anatomy
• credible center of mass
• coherent locomotion
• environment-linked materials
• ecologically plausible scale
• stable field topology
• controlled luminosity
• readable nonhumanoid silhouette

Production request:
Create isolated whole subject, major parts, silhouette and material references.

Studio-resolved canonical values:
{{canonicalId}}, {{displayName}}, {{scientificName}}, {{originPlanet}}, {{planetType}}, {{biome}}, {{gravity}}, {{atmosphere}}, {{climate}}, {{temperatureRange}}, {{sizeScale}}, {{coloration}}, {{materials}}, {{distinctiveFeatures}}, {{lockedTraits}}, {{rarity}}, {{artDirection}}.

Preserve every locked canonical field exactly. The result must use NOVERIS Scientific Realism: premium AAA science-fiction quality, museum-grade reference presentation, scientifically plausible structure, coherent materials, restrained coloration unless canon requires otherwise, readable silhouette, consistent scale and anatomy or growth across all views, soft neutral studio lighting, pure black background for isolated references, full requested subject visibility, generous negative space, and PSD-friendly extraction. Habitat and biome outputs may use the canonical environment. No baked-in text, labels, watermark, logo, border, or UI.

Create four clearly different but canon-compliant versions. Preserve body plan or growth architecture, structural counts, environmental adaptations, materials, defining features, and locked coloration. Vary only permitted secondary proportions, markings, surface detail, minor ornamentation, natural wear, and pose or growth irregularity.

Recommended aspect ratio: 16:9.","text, labels, watermark, signature, logo, border, frame, UI, HUD, cropped subject, duplicate anatomy, contradictory anatomy, impossible balance, unsupported structures, random wings, random horns, humanoid default, fantasy armor, weapons, cartoon, anime, toy-like materials, excessive neon, excessive glow, oversaturated colors, busy background, motion blur, low resolution, compression artifacts, generic Earth copy, unsupported fantasy styling, traits conflicting with locked canon",1.0.0,canonical
NB2-CRE-IV-002-GAS-LIFE-FULL-BODY,CRE-IV-002-GAS-LIFE,Gas Life,full-body,Full Body Production Render,3:4,"Create a canonical NOVERIS Nano Banana 2 visual for Gas Life: Full Body Production Render.

Canonical archetype:
A canonical gas life designed as a scientifically plausible lifeform whose body plan, support system, locomotion, sensing, metabolism, ecology, and environmental adaptations are internally coherent.

Required visual and biological rules:
• functional anatomy
• credible center of mass
• coherent locomotion
• environment-linked materials
• ecologically plausible scale
• stable field topology
• controlled luminosity
• readable nonhumanoid silhouette

Production request:
Create complete mature specimen, neutral pose, entire body visible.

Studio-resolved canonical values:
{{canonicalId}}, {{displayName}}, {{scientificName}}, {{originPlanet}}, {{planetType}}, {{biome}}, {{gravity}}, {{atmosphere}}, {{climate}}, {{temperatureRange}}, {{sizeScale}}, {{coloration}}, {{materials}}, {{distinctiveFeatures}}, {{lockedTraits}}, {{rarity}}, {{artDirection}}.

Preserve every locked canonical field exactly. The result must use NOVERIS Scientific Realism: premium AAA science-fiction quality, museum-grade reference presentation, scientifically plausible structure, coherent materials, restrained coloration unless canon requires otherwise, readable silhouette, consistent scale and anatomy or growth across all views, soft neutral studio lighting, pure black background for isolated references, full requested subject visibility, generous negative space, and PSD-friendly extraction. Habitat and biome outputs may use the canonical environment. No baked-in text, labels, watermark, logo, border, or UI.

Create four clearly different but canon-compliant versions. Preserve body plan or growth architecture, structural counts, environmental adaptations, materials, defining features, and locked coloration. Vary only permitted secondary proportions, markings, surface detail, minor ornamentation, natural wear, and pose or growth irregularity.

Recommended aspect ratio: 3:4.","text, labels, watermark, signature, logo, border, frame, UI, HUD, cropped subject, duplicate anatomy, contradictory anatomy, impossible balance, unsupported structures, random wings, random horns, humanoid default, fantasy armor, weapons, cartoon, anime, toy-like materials, excessive neon, excessive glow, oversaturated colors, busy background, motion blur, low resolution, compression artifacts, generic Earth copy, unsupported fantasy styling, traits conflicting with locked canon",1.0.0,canonical
NB2-CRE-IV-002-GAS-LIFE-PORTRAIT,CRE-IV-002-GAS-LIFE,Gas Life,portrait,Portrait,1:1,"Create a canonical NOVERIS Nano Banana 2 visual for Gas Life: Portrait.

Canonical archetype:
A canonical gas life designed as a scientifically plausible lifeform whose body plan, support system, locomotion, sensing, metabolism, ecology, and environmental adaptations are internally coherent.

Required visual and biological rules:
• functional anatomy
• credible center of mass
• coherent locomotion
• environment-linked materials
• ecologically plausible scale
• stable field topology
• controlled luminosity
• readable nonhumanoid silhouette

Production request:
Create head and upper body emphasizing sensory anatomy and defining materials.

Studio-resolved canonical values:
{{canonicalId}}, {{displayName}}, {{scientificName}}, {{originPlanet}}, {{planetType}}, {{biome}}, {{gravity}}, {{atmosphere}}, {{climate}}, {{temperatureRange}}, {{sizeScale}}, {{coloration}}, {{materials}}, {{distinctiveFeatures}}, {{lockedTraits}}, {{rarity}}, {{artDirection}}.

Preserve every locked canonical field exactly. The result must use NOVERIS Scientific Realism: premium AAA science-fiction quality, museum-grade reference presentation, scientifically plausible structure, coherent materials, restrained coloration unless canon requires otherwise, readable silhouette, consistent scale and anatomy or growth across all views, soft neutral studio lighting, pure black background for isolated references, full requested subject visibility, generous negative space, and PSD-friendly extraction. Habitat and biome outputs may use the canonical environment. No baked-in text, labels, watermark, logo, border, or UI.

Create four clearly different but canon-compliant versions. Preserve body plan or growth architecture, structural counts, environmental adaptations, materials, defining features, and locked coloration. Vary only permitted secondary proportions, markings, surface detail, minor ornamentation, natural wear, and pose or growth irregularity.

Recommended aspect ratio: 1:1.","text, labels, watermark, signature, logo, border, frame, UI, HUD, cropped subject, duplicate anatomy, contradictory anatomy, impossible balance, unsupported structures, random wings, random horns, humanoid default, fantasy armor, weapons, cartoon, anime, toy-like materials, excessive neon, excessive glow, oversaturated colors, busy background, motion blur, low resolution, compression artifacts, generic Earth copy, unsupported fantasy styling, traits conflicting with locked canon",1.0.0,canonical
NB2-CRE-IV-002-GAS-LIFE-ORTHO-FRONT,CRE-IV-002-GAS-LIFE,Gas Life,ortho-front,Orthographic Front,3:4,"Create a canonical NOVERIS Nano Banana 2 visual for Gas Life: Orthographic Front.

Canonical archetype:
A canonical gas life designed as a scientifically plausible lifeform whose body plan, support system, locomotion, sensing, metabolism, ecology, and environmental adaptations are internally coherent.

Required visual and biological rules:
• functional anatomy
• credible center of mass
• coherent locomotion
• environment-linked materials
• ecologically plausible scale
• stable field topology
• controlled luminosity
• readable nonhumanoid silhouette

Production request:
Create exact front orthographic view.

Studio-resolved canonical values:
{{canonicalId}}, {{displayName}}, {{scientificName}}, {{originPlanet}}, {{planetType}}, {{biome}}, {{gravity}}, {{atmosphere}}, {{climate}}, {{temperatureRange}}, {{sizeScale}}, {{coloration}}, {{materials}}, {{distinctiveFeatures}}, {{lockedTraits}}, {{rarity}}, {{artDirection}}.

Preserve every locked canonical field exactly. The result must use NOVERIS Scientific Realism: premium AAA science-fiction quality, museum-grade reference presentation, scientifically plausible structure, coherent materials, restrained coloration unless canon requires otherwise, readable silhouette, consistent scale and anatomy or growth across all views, soft neutral studio lighting, pure black background for isolated references, full requested subject visibility, generous negative space, and PSD-friendly extraction. Habitat and biome outputs may use the canonical environment. No baked-in text, labels, watermark, logo, border, or UI.

Create four clearly different but canon-compliant versions. Preserve body plan or growth architecture, structural counts, environmental adaptations, materials, defining features, and locked coloration. Vary only permitted secondary proportions, markings, surface detail, minor ornamentation, natural wear, and pose or growth irregularity.

Recommended aspect ratio: 3:4.","text, labels, watermark, signature, logo, border, frame, UI, HUD, cropped subject, duplicate anatomy, contradictory anatomy, impossible balance, unsupported structures, random wings, random horns, humanoid default, fantasy armor, weapons, cartoon, anime, toy-like materials, excessive neon, excessive glow, oversaturated colors, busy background, motion blur, low resolution, compression artifacts, generic Earth copy, unsupported fantasy styling, traits conflicting with locked canon",1.0.0,canonical
NB2-CRE-IV-002-GAS-LIFE-ORTHO-SIDE,CRE-IV-002-GAS-LIFE,Gas Life,ortho-side,Orthographic Side,3:4,"Create a canonical NOVERIS Nano Banana 2 visual for Gas Life: Orthographic Side.

Canonical archetype:
A canonical gas life designed as a scientifically plausible lifeform whose body plan, support system, locomotion, sensing, metabolism, ecology, and environmental adaptations are internally coherent.

Required visual and biological rules:
• functional anatomy
• credible center of mass
• coherent locomotion
• environment-linked materials
• ecologically plausible scale
• stable field topology
• controlled luminosity
• readable nonhumanoid silhouette

Production request:
Create exact side orthographic view.

Studio-resolved canonical values:
{{canonicalId}}, {{displayName}}, {{scientificName}}, {{originPlanet}}, {{planetType}}, {{biome}}, {{gravity}}, {{atmosphere}}, {{climate}}, {{temperatureRange}}, {{sizeScale}}, {{coloration}}, {{materials}}, {{distinctiveFeatures}}, {{lockedTraits}}, {{rarity}}, {{artDirection}}.

Preserve every locked canonical field exactly. The result must use NOVERIS Scientific Realism: premium AAA science-fiction quality, museum-grade reference presentation, scientifically plausible structure, coherent materials, restrained coloration unless canon requires otherwise, readable silhouette, consistent scale and anatomy or growth across all views, soft neutral studio lighting, pure black background for isolated references, full requested subject visibility, generous negative space, and PSD-friendly extraction. Habitat and biome outputs may use the canonical environment. No baked-in text, labels, watermark, logo, border, or UI.

Create four clearly different but canon-compliant versions. Preserve body plan or growth architecture, structural counts, environmental adaptations, materials, defining features, and locked coloration. Vary only permitted secondary proportions, markings, surface detail, minor ornamentation, natural wear, and pose or growth irregularity.

Recommended aspect ratio: 3:4.","text, labels, watermark, signature, logo, border, frame, UI, HUD, cropped subject, duplicate anatomy, contradictory anatomy, impossible balance, unsupported structures, random wings, random horns, humanoid default, fantasy armor, weapons, cartoon, anime, toy-like materials, excessive neon, excessive glow, oversaturated colors, busy background, motion blur, low resolution, compression artifacts, generic Earth copy, unsupported fantasy styling, traits conflicting with locked canon",1.0.0,canonical
NB2-CRE-IV-002-GAS-LIFE-ORTHO-REAR,CRE-IV-002-GAS-LIFE,Gas Life,ortho-rear,Orthographic Rear,3:4,"Create a canonical NOVERIS Nano Banana 2 visual for Gas Life: Orthographic Rear.

Canonical archetype:
A canonical gas life designed as a scientifically plausible lifeform whose body plan, support system, locomotion, sensing, metabolism, ecology, and environmental adaptations are internally coherent.

Required visual and biological rules:
• functional anatomy
• credible center of mass
• coherent locomotion
• environment-linked materials
• ecologically plausible scale
• stable field topology
• controlled luminosity
• readable nonhumanoid silhouette

Production request:
Create exact rear orthographic view.

Studio-resolved canonical values:
{{canonicalId}}, {{displayName}}, {{scientificName}}, {{originPlanet}}, {{planetType}}, {{biome}}, {{gravity}}, {{atmosphere}}, {{climate}}, {{temperatureRange}}, {{sizeScale}}, {{coloration}}, {{materials}}, {{distinctiveFeatures}}, {{lockedTraits}}, {{rarity}}, {{artDirection}}.

Preserve every locked canonical field exactly. The result must use NOVERIS Scientific Realism: premium AAA science-fiction quality, museum-grade reference presentation, scientifically plausible structure, coherent materials, restrained coloration unless canon requires otherwise, readable silhouette, consistent scale and anatomy or growth across all views, soft neutral studio lighting, pure black background for isolated references, full requested subject visibility, generous negative space, and PSD-friendly extraction. Habitat and biome outputs may use the canonical environment. No baked-in text, labels, watermark, logo, border, or UI.

Create four clearly different but canon-compliant versions. Preserve body plan or growth architecture, structural counts, environmental adaptations, materials, defining features, and locked coloration. Vary only permitted secondary proportions, markings, surface detail, minor ornamentation, natural wear, and pose or growth irregularity.

Recommended aspect ratio: 3:4.","text, labels, watermark, signature, logo, border, frame, UI, HUD, cropped subject, duplicate anatomy, contradictory anatomy, impossible balance, unsupported structures, random wings, random horns, humanoid default, fantasy armor, weapons, cartoon, anime, toy-like materials, excessive neon, excessive glow, oversaturated colors, busy background, motion blur, low resolution, compression artifacts, generic Earth copy, unsupported fantasy styling, traits conflicting with locked canon",1.0.0,canonical
NB2-CRE-IV-002-GAS-LIFE-TURNAROUND,CRE-IV-002-GAS-LIFE,Gas Life,turnaround,Turnaround Sheet,16:9,"Create a canonical NOVERIS Nano Banana 2 visual for Gas Life: Turnaround Sheet.

Canonical archetype:
A canonical gas life designed as a scientifically plausible lifeform whose body plan, support system, locomotion, sensing, metabolism, ecology, and environmental adaptations are internally coherent.

Required visual and biological rules:
• functional anatomy
• credible center of mass
• coherent locomotion
• environment-linked materials
• ecologically plausible scale
• stable field topology
• controlled luminosity
• readable nonhumanoid silhouette

Production request:
Create front, side, rear, top and underside at identical scale.

Studio-resolved canonical values:
{{canonicalId}}, {{displayName}}, {{scientificName}}, {{originPlanet}}, {{planetType}}, {{biome}}, {{gravity}}, {{atmosphere}}, {{climate}}, {{temperatureRange}}, {{sizeScale}}, {{coloration}}, {{materials}}, {{distinctiveFeatures}}, {{lockedTraits}}, {{rarity}}, {{artDirection}}.

Preserve every locked canonical field exactly. The result must use NOVERIS Scientific Realism: premium AAA science-fiction quality, museum-grade reference presentation, scientifically plausible structure, coherent materials, restrained coloration unless canon requires otherwise, readable silhouette, consistent scale and anatomy or growth across all views, soft neutral studio lighting, pure black background for isolated references, full requested subject visibility, generous negative space, and PSD-friendly extraction. Habitat and biome outputs may use the canonical environment. No baked-in text, labels, watermark, logo, border, or UI.

Create four clearly different but canon-compliant versions. Preserve body plan or growth architecture, structural counts, environmental adaptations, materials, defining features, and locked coloration. Vary only permitted secondary proportions, markings, surface detail, minor ornamentation, natural wear, and pose or growth irregularity.

Recommended aspect ratio: 16:9.","text, labels, watermark, signature, logo, border, frame, UI, HUD, cropped subject, duplicate anatomy, contradictory anatomy, impossible balance, unsupported structures, random wings, random horns, humanoid default, fantasy armor, weapons, cartoon, anime, toy-like materials, excessive neon, excessive glow, oversaturated colors, busy background, motion blur, low resolution, compression artifacts, generic Earth copy, unsupported fantasy styling, traits conflicting with locked canon",1.0.0,canonical
NB2-CRE-IV-002-GAS-LIFE-SUPPORT,CRE-IV-002-GAS-LIFE,Gas Life,support,Skeleton or Support Structure,16:9,"Create a canonical NOVERIS Nano Banana 2 visual for Gas Life: Skeleton or Support Structure.

Canonical archetype:
A canonical gas life designed as a scientifically plausible lifeform whose body plan, support system, locomotion, sensing, metabolism, ecology, and environmental adaptations are internally coherent.

Required visual and biological rules:
• functional anatomy
• credible center of mass
• coherent locomotion
• environment-linked materials
• ecologically plausible scale
• stable field topology
• controlled luminosity
• readable nonhumanoid silhouette

Production request:
Create complete mechanical support system and joint logic.

Studio-resolved canonical values:
{{canonicalId}}, {{displayName}}, {{scientificName}}, {{originPlanet}}, {{planetType}}, {{biome}}, {{gravity}}, {{atmosphere}}, {{climate}}, {{temperatureRange}}, {{sizeScale}}, {{coloration}}, {{materials}}, {{distinctiveFeatures}}, {{lockedTraits}}, {{rarity}}, {{artDirection}}.

Preserve every locked canonical field exactly. The result must use NOVERIS Scientific Realism: premium AAA science-fiction quality, museum-grade reference presentation, scientifically plausible structure, coherent materials, restrained coloration unless canon requires otherwise, readable silhouette, consistent scale and anatomy or growth across all views, soft neutral studio lighting, pure black background for isolated references, full requested subject visibility, generous negative space, and PSD-friendly extraction. Habitat and biome outputs may use the canonical environment. No baked-in text, labels, watermark, logo, border, or UI.

Create four clearly different but canon-compliant versions. Preserve body plan or growth architecture, structural counts, environmental adaptations, materials, defining features, and locked coloration. Vary only permitted secondary proportions, markings, surface detail, minor ornamentation, natural wear, and pose or growth irregularity.

Recommended aspect ratio: 16:9.","text, labels, watermark, signature, logo, border, frame, UI, HUD, cropped subject, duplicate anatomy, contradictory anatomy, impossible balance, unsupported structures, random wings, random horns, humanoid default, fantasy armor, weapons, cartoon, anime, toy-like materials, excessive neon, excessive glow, oversaturated colors, busy background, motion blur, low resolution, compression artifacts, generic Earth copy, unsupported fantasy styling, traits conflicting with locked canon",1.0.0,canonical
NB2-CRE-IV-002-GAS-LIFE-ANATOMY,CRE-IV-002-GAS-LIFE,Gas Life,anatomy,Internal Anatomy,16:9,"Create a canonical NOVERIS Nano Banana 2 visual for Gas Life: Internal Anatomy.

Canonical archetype:
A canonical gas life designed as a scientifically plausible lifeform whose body plan, support system, locomotion, sensing, metabolism, ecology, and environmental adaptations are internally coherent.

Required visual and biological rules:
• functional anatomy
• credible center of mass
• coherent locomotion
• environment-linked materials
• ecologically plausible scale
• stable field topology
• controlled luminosity
• readable nonhumanoid silhouette

Production request:
Create major respiratory, circulatory, digestive, sensory and reproductive systems.

Studio-resolved canonical values:
{{canonicalId}}, {{displayName}}, {{scientificName}}, {{originPlanet}}, {{planetType}}, {{biome}}, {{gravity}}, {{atmosphere}}, {{climate}}, {{temperatureRange}}, {{sizeScale}}, {{coloration}}, {{materials}}, {{distinctiveFeatures}}, {{lockedTraits}}, {{rarity}}, {{artDirection}}.

Preserve every locked canonical field exactly. The result must use NOVERIS Scientific Realism: premium AAA science-fiction quality, museum-grade reference presentation, scientifically plausible structure, coherent materials, restrained coloration unless canon requires otherwise, readable silhouette, consistent scale and anatomy or growth across all views, soft neutral studio lighting, pure black background for isolated references, full requested subject visibility, generous negative space, and PSD-friendly extraction. Habitat and biome outputs may use the canonical environment. No baked-in text, labels, watermark, logo, border, or UI.

Create four clearly different but canon-compliant versions. Preserve body plan or growth architecture, structural counts, environmental adaptations, materials, defining features, and locked coloration. Vary only permitted secondary proportions, markings, surface detail, minor ornamentation, natural wear, and pose or growth irregularity.

Recommended aspect ratio: 16:9.","text, labels, watermark, signature, logo, border, frame, UI, HUD, cropped subject, duplicate anatomy, contradictory anatomy, impossible balance, unsupported structures, random wings, random horns, humanoid default, fantasy armor, weapons, cartoon, anime, toy-like materials, excessive neon, excessive glow, oversaturated colors, busy background, motion blur, low resolution, compression artifacts, generic Earth copy, unsupported fantasy styling, traits conflicting with locked canon",1.0.0,canonical
NB2-CRE-IV-002-GAS-LIFE-LIFECYCLE,CRE-IV-002-GAS-LIFE,Gas Life,lifecycle,Lifecycle Sheet,16:9,"Create a canonical NOVERIS Nano Banana 2 visual for Gas Life: Lifecycle Sheet.

Canonical archetype:
A canonical gas life designed as a scientifically plausible lifeform whose body plan, support system, locomotion, sensing, metabolism, ecology, and environmental adaptations are internally coherent.

Required visual and biological rules:
• functional anatomy
• credible center of mass
• coherent locomotion
• environment-linked materials
• ecologically plausible scale
• stable field topology
• controlled luminosity
• readable nonhumanoid silhouette

Production request:
Create reproductive form, juvenile, adult and elder stages.

Studio-resolved canonical values:
{{canonicalId}}, {{displayName}}, {{scientificName}}, {{originPlanet}}, {{planetType}}, {{biome}}, {{gravity}}, {{atmosphere}}, {{climate}}, {{temperatureRange}}, {{sizeScale}}, {{coloration}}, {{materials}}, {{distinctiveFeatures}}, {{lockedTraits}}, {{rarity}}, {{artDirection}}.

Preserve every locked canonical field exactly. The result must use NOVERIS Scientific Realism: premium AAA science-fiction quality, museum-grade reference presentation, scientifically plausible structure, coherent materials, restrained coloration unless canon requires otherwise, readable silhouette, consistent scale and anatomy or growth across all views, soft neutral studio lighting, pure black background for isolated references, full requested subject visibility, generous negative space, and PSD-friendly extraction. Habitat and biome outputs may use the canonical environment. No baked-in text, labels, watermark, logo, border, or UI.

Create four clearly different but canon-compliant versions. Preserve body plan or growth architecture, structural counts, environmental adaptations, materials, defining features, and locked coloration. Vary only permitted secondary proportions, markings, surface detail, minor ornamentation, natural wear, and pose or growth irregularity.

Recommended aspect ratio: 16:9.","text, labels, watermark, signature, logo, border, frame, UI, HUD, cropped subject, duplicate anatomy, contradictory anatomy, impossible balance, unsupported structures, random wings, random horns, humanoid default, fantasy armor, weapons, cartoon, anime, toy-like materials, excessive neon, excessive glow, oversaturated colors, busy background, motion blur, low resolution, compression artifacts, generic Earth copy, unsupported fantasy styling, traits conflicting with locked canon",1.0.0,canonical
NB2-CRE-IV-002-GAS-LIFE-VARIANTS,CRE-IV-002-GAS-LIFE,Gas Life,variants,Canonical Variants,16:9,"Create a canonical NOVERIS Nano Banana 2 visual for Gas Life: Canonical Variants.

Canonical archetype:
A canonical gas life designed as a scientifically plausible lifeform whose body plan, support system, locomotion, sensing, metabolism, ecology, and environmental adaptations are internally coherent.

Required visual and biological rules:
• functional anatomy
• credible center of mass
• coherent locomotion
• environment-linked materials
• ecologically plausible scale
• stable field topology
• controlled luminosity
• readable nonhumanoid silhouette

Production request:
Create regional, seasonal, sex, caste, morph or engineered variants.

Studio-resolved canonical values:
{{canonicalId}}, {{displayName}}, {{scientificName}}, {{originPlanet}}, {{planetType}}, {{biome}}, {{gravity}}, {{atmosphere}}, {{climate}}, {{temperatureRange}}, {{sizeScale}}, {{coloration}}, {{materials}}, {{distinctiveFeatures}}, {{lockedTraits}}, {{rarity}}, {{artDirection}}.

Preserve every locked canonical field exactly. The result must use NOVERIS Scientific Realism: premium AAA science-fiction quality, museum-grade reference presentation, scientifically plausible structure, coherent materials, restrained coloration unless canon requires otherwise, readable silhouette, consistent scale and anatomy or growth across all views, soft neutral studio lighting, pure black background for isolated references, full requested subject visibility, generous negative space, and PSD-friendly extraction. Habitat and biome outputs may use the canonical environment. No baked-in text, labels, watermark, logo, border, or UI.

Create four clearly different but canon-compliant versions. Preserve body plan or growth architecture, structural counts, environmental adaptations, materials, defining features, and locked coloration. Vary only permitted secondary proportions, markings, surface detail, minor ornamentation, natural wear, and pose or growth irregularity.

Recommended aspect ratio: 16:9.","text, labels, watermark, signature, logo, border, frame, UI, HUD, cropped subject, duplicate anatomy, contradictory anatomy, impossible balance, unsupported structures, random wings, random horns, humanoid default, fantasy armor, weapons, cartoon, anime, toy-like materials, excessive neon, excessive glow, oversaturated colors, busy background, motion blur, low resolution, compression artifacts, generic Earth copy, unsupported fantasy styling, traits conflicting with locked canon",1.0.0,canonical
NB2-CRE-IV-002-GAS-LIFE-BEHAVIOR,CRE-IV-002-GAS-LIFE,Gas Life,behavior,Behavior Sheet,16:9,"Create a canonical NOVERIS Nano Banana 2 visual for Gas Life: Behavior Sheet.

Canonical archetype:
A canonical gas life designed as a scientifically plausible lifeform whose body plan, support system, locomotion, sensing, metabolism, ecology, and environmental adaptations are internally coherent.

Required visual and biological rules:
• functional anatomy
• credible center of mass
• coherent locomotion
• environment-linked materials
• ecologically plausible scale
• stable field topology
• controlled luminosity
• readable nonhumanoid silhouette

Production request:
Create idle, feeding, locomotion, social, defense and rest.

Studio-resolved canonical values:
{{canonicalId}}, {{displayName}}, {{scientificName}}, {{originPlanet}}, {{planetType}}, {{biome}}, {{gravity}}, {{atmosphere}}, {{climate}}, {{temperatureRange}}, {{sizeScale}}, {{coloration}}, {{materials}}, {{distinctiveFeatures}}, {{lockedTraits}}, {{rarity}}, {{artDirection}}.

Preserve every locked canonical field exactly. The result must use NOVERIS Scientific Realism: premium AAA science-fiction quality, museum-grade reference presentation, scientifically plausible structure, coherent materials, restrained coloration unless canon requires otherwise, readable silhouette, consistent scale and anatomy or growth across all views, soft neutral studio lighting, pure black background for isolated references, full requested subject visibility, generous negative space, and PSD-friendly extraction. Habitat and biome outputs may use the canonical environment. No baked-in text, labels, watermark, logo, border, or UI.

Create four clearly different but canon-compliant versions. Preserve body plan or growth architecture, structural counts, environmental adaptations, materials, defining features, and locked coloration. Vary only permitted secondary proportions, markings, surface detail, minor ornamentation, natural wear, and pose or growth irregularity.

Recommended aspect ratio: 16:9.","text, labels, watermark, signature, logo, border, frame, UI, HUD, cropped subject, duplicate anatomy, contradictory anatomy, impossible balance, unsupported structures, random wings, random horns, humanoid default, fantasy armor, weapons, cartoon, anime, toy-like materials, excessive neon, excessive glow, oversaturated colors, busy background, motion blur, low resolution, compression artifacts, generic Earth copy, unsupported fantasy styling, traits conflicting with locked canon",1.0.0,canonical
NB2-CRE-IV-002-GAS-LIFE-HABITAT,CRE-IV-002-GAS-LIFE,Gas Life,habitat,Native Habitat Scene,16:9,"Create a canonical NOVERIS Nano Banana 2 visual for Gas Life: Native Habitat Scene.

Canonical archetype:
A canonical gas life designed as a scientifically plausible lifeform whose body plan, support system, locomotion, sensing, metabolism, ecology, and environmental adaptations are internally coherent.

Required visual and biological rules:
• functional anatomy
• credible center of mass
• coherent locomotion
• environment-linked materials
• ecologically plausible scale
• stable field topology
• controlled luminosity
• readable nonhumanoid silhouette

Production request:
Create natural behavior in canonical planet and biome.

Studio-resolved canonical values:
{{canonicalId}}, {{displayName}}, {{scientificName}}, {{originPlanet}}, {{planetType}}, {{biome}}, {{gravity}}, {{atmosphere}}, {{climate}}, {{temperatureRange}}, {{sizeScale}}, {{coloration}}, {{materials}}, {{distinctiveFeatures}}, {{lockedTraits}}, {{rarity}}, {{artDirection}}.

Preserve every locked canonical field exactly. The result must use NOVERIS Scientific Realism: premium AAA science-fiction quality, museum-grade reference presentation, scientifically plausible structure, coherent materials, restrained coloration unless canon requires otherwise, readable silhouette, consistent scale and anatomy or growth across all views, soft neutral studio lighting, pure black background for isolated references, full requested subject visibility, generous negative space, and PSD-friendly extraction. Habitat and biome outputs may use the canonical environment. No baked-in text, labels, watermark, logo, border, or UI.

Create four clearly different but canon-compliant versions. Preserve body plan or growth architecture, structural counts, environmental adaptations, materials, defining features, and locked coloration. Vary only permitted secondary proportions, markings, surface detail, minor ornamentation, natural wear, and pose or growth irregularity.

Recommended aspect ratio: 16:9.","text, labels, watermark, signature, logo, border, frame, UI, HUD, cropped subject, duplicate anatomy, contradictory anatomy, impossible balance, unsupported structures, random wings, random horns, humanoid default, fantasy armor, weapons, cartoon, anime, toy-like materials, excessive neon, excessive glow, oversaturated colors, busy background, motion blur, low resolution, compression artifacts, generic Earth copy, unsupported fantasy styling, traits conflicting with locked canon",1.0.0,canonical
NB2-CRE-IV-002-GAS-LIFE-DISCOVERY,CRE-IV-002-GAS-LIFE,Gas Life,discovery,Discovery Scan,16:9,"Create a canonical NOVERIS Nano Banana 2 visual for Gas Life: Discovery Scan.

Canonical archetype:
A canonical gas life designed as a scientifically plausible lifeform whose body plan, support system, locomotion, sensing, metabolism, ecology, and environmental adaptations are internally coherent.

Required visual and biological rules:
• functional anatomy
• credible center of mass
• coherent locomotion
• environment-linked materials
• ecologically plausible scale
• stable field topology
• controlled luminosity
• readable nonhumanoid silhouette

Production request:
Create centered scientific scan source without labels.

Studio-resolved canonical values:
{{canonicalId}}, {{displayName}}, {{scientificName}}, {{originPlanet}}, {{planetType}}, {{biome}}, {{gravity}}, {{atmosphere}}, {{climate}}, {{temperatureRange}}, {{sizeScale}}, {{coloration}}, {{materials}}, {{distinctiveFeatures}}, {{lockedTraits}}, {{rarity}}, {{artDirection}}.

Preserve every locked canonical field exactly. The result must use NOVERIS Scientific Realism: premium AAA science-fiction quality, museum-grade reference presentation, scientifically plausible structure, coherent materials, restrained coloration unless canon requires otherwise, readable silhouette, consistent scale and anatomy or growth across all views, soft neutral studio lighting, pure black background for isolated references, full requested subject visibility, generous negative space, and PSD-friendly extraction. Habitat and biome outputs may use the canonical environment. No baked-in text, labels, watermark, logo, border, or UI.

Create four clearly different but canon-compliant versions. Preserve body plan or growth architecture, structural counts, environmental adaptations, materials, defining features, and locked coloration. Vary only permitted secondary proportions, markings, surface detail, minor ornamentation, natural wear, and pose or growth irregularity.

Recommended aspect ratio: 16:9.","text, labels, watermark, signature, logo, border, frame, UI, HUD, cropped subject, duplicate anatomy, contradictory anatomy, impossible balance, unsupported structures, random wings, random horns, humanoid default, fantasy armor, weapons, cartoon, anime, toy-like materials, excessive neon, excessive glow, oversaturated colors, busy background, motion blur, low resolution, compression artifacts, generic Earth copy, unsupported fantasy styling, traits conflicting with locked canon",1.0.0,canonical
NB2-CRE-IV-002-GAS-LIFE-ICON,CRE-IV-002-GAS-LIFE,Gas Life,icon,UI Icon,1:1,"Create a canonical NOVERIS Nano Banana 2 visual for Gas Life: UI Icon.

Canonical archetype:
A canonical gas life designed as a scientifically plausible lifeform whose body plan, support system, locomotion, sensing, metabolism, ecology, and environmental adaptations are internally coherent.

Required visual and biological rules:
• functional anatomy
• credible center of mass
• coherent locomotion
• environment-linked materials
• ecologically plausible scale
• stable field topology
• controlled luminosity
• readable nonhumanoid silhouette

Production request:
Create isolated silhouette readable at 64 pixels.

Studio-resolved canonical values:
{{canonicalId}}, {{displayName}}, {{scientificName}}, {{originPlanet}}, {{planetType}}, {{biome}}, {{gravity}}, {{atmosphere}}, {{climate}}, {{temperatureRange}}, {{sizeScale}}, {{coloration}}, {{materials}}, {{distinctiveFeatures}}, {{lockedTraits}}, {{rarity}}, {{artDirection}}.

Preserve every locked canonical field exactly. The result must use NOVERIS Scientific Realism: premium AAA science-fiction quality, museum-grade reference presentation, scientifically plausible structure, coherent materials, restrained coloration unless canon requires otherwise, readable silhouette, consistent scale and anatomy or growth across all views, soft neutral studio lighting, pure black background for isolated references, full requested subject visibility, generous negative space, and PSD-friendly extraction. Habitat and biome outputs may use the canonical environment. No baked-in text, labels, watermark, logo, border, or UI.

Create four clearly different but canon-compliant versions. Preserve body plan or growth architecture, structural counts, environmental adaptations, materials, defining features, and locked coloration. Vary only permitted secondary proportions, markings, surface detail, minor ornamentation, natural wear, and pose or growth irregularity.

Recommended aspect ratio: 1:1.","text, labels, watermark, signature, logo, border, frame, UI, HUD, cropped subject, duplicate anatomy, contradictory anatomy, impossible balance, unsupported structures, random wings, random horns, humanoid default, fantasy armor, weapons, cartoon, anime, toy-like materials, excessive neon, excessive glow, oversaturated colors, busy background, motion blur, low resolution, compression artifacts, generic Earth copy, unsupported fantasy styling, traits conflicting with locked canon",1.0.0,canonical
NB2-CRE-IV-002-GAS-LIFE-SCALE,CRE-IV-002-GAS-LIFE,Gas Life,scale,Scale Comparison,16:9,"Create a canonical NOVERIS Nano Banana 2 visual for Gas Life: Scale Comparison.

Canonical archetype:
A canonical gas life designed as a scientifically plausible lifeform whose body plan, support system, locomotion, sensing, metabolism, ecology, and environmental adaptations are internally coherent.

Required visual and biological rules:
• functional anatomy
• credible center of mass
• coherent locomotion
• environment-linked materials
• ecologically plausible scale
• stable field topology
• controlled luminosity
• readable nonhumanoid silhouette

Production request:
Create side view with adult human silhouette and one-meter bar.

Studio-resolved canonical values:
{{canonicalId}}, {{displayName}}, {{scientificName}}, {{originPlanet}}, {{planetType}}, {{biome}}, {{gravity}}, {{atmosphere}}, {{climate}}, {{temperatureRange}}, {{sizeScale}}, {{coloration}}, {{materials}}, {{distinctiveFeatures}}, {{lockedTraits}}, {{rarity}}, {{artDirection}}.

Preserve every locked canonical field exactly. The result must use NOVERIS Scientific Realism: premium AAA science-fiction quality, museum-grade reference presentation, scientifically plausible structure, coherent materials, restrained coloration unless canon requires otherwise, readable silhouette, consistent scale and anatomy or growth across all views, soft neutral studio lighting, pure black background for isolated references, full requested subject visibility, generous negative space, and PSD-friendly extraction. Habitat and biome outputs may use the canonical environment. No baked-in text, labels, watermark, logo, border, or UI.

Create four clearly different but canon-compliant versions. Preserve body plan or growth architecture, structural counts, environmental adaptations, materials, defining features, and locked coloration. Vary only permitted secondary proportions, markings, surface detail, minor ornamentation, natural wear, and pose or growth irregularity.

Recommended aspect ratio: 16:9.","text, labels, watermark, signature, logo, border, frame, UI, HUD, cropped subject, duplicate anatomy, contradictory anatomy, impossible balance, unsupported structures, random wings, random horns, humanoid default, fantasy armor, weapons, cartoon, anime, toy-like materials, excessive neon, excessive glow, oversaturated colors, busy background, motion blur, low resolution, compression artifacts, generic Earth copy, unsupported fantasy styling, traits conflicting with locked canon",1.0.0,canonical
NB2-CRE-IV-002-GAS-LIFE-SPECIES-PLATE,CRE-IV-002-GAS-LIFE,Gas Life,species-plate,Master Species Plate,16:9,"Create a canonical NOVERIS Nano Banana 2 visual for Gas Life: Master Species Plate.

Canonical archetype:
A canonical gas life designed as a scientifically plausible lifeform whose body plan, support system, locomotion, sensing, metabolism, ecology, and environmental adaptations are internally coherent.

Required visual and biological rules:
• functional anatomy
• credible center of mass
• coherent locomotion
• environment-linked materials
• ecologically plausible scale
• stable field topology
• controlled luminosity
• readable nonhumanoid silhouette

Production request:
Create full body, portrait, views, support system, lifecycle, variants, materials and habitat vignette.

Studio-resolved canonical values:
{{canonicalId}}, {{displayName}}, {{scientificName}}, {{originPlanet}}, {{planetType}}, {{biome}}, {{gravity}}, {{atmosphere}}, {{climate}}, {{temperatureRange}}, {{sizeScale}}, {{coloration}}, {{materials}}, {{distinctiveFeatures}}, {{lockedTraits}}, {{rarity}}, {{artDirection}}.

Preserve every locked canonical field exactly. The result must use NOVERIS Scientific Realism: premium AAA science-fiction quality, museum-grade reference presentation, scientifically plausible structure, coherent materials, restrained coloration unless canon requires otherwise, readable silhouette, consistent scale and anatomy or growth across all views, soft neutral studio lighting, pure black background for isolated references, full requested subject visibility, generous negative space, and PSD-friendly extraction. Habitat and biome outputs may use the canonical environment. No baked-in text, labels, watermark, logo, border, or UI.

Create four clearly different but canon-compliant versions. Preserve body plan or growth architecture, structural counts, environmental adaptations, materials, defining features, and locked coloration. Vary only permitted secondary proportions, markings, surface detail, minor ornamentation, natural wear, and pose or growth irregularity.

Recommended aspect ratio: 16:9.","text, labels, watermark, signature, logo, border, frame, UI, HUD, cropped subject, duplicate anatomy, contradictory anatomy, impossible balance, unsupported structures, random wings, random horns, humanoid default, fantasy armor, weapons, cartoon, anime, toy-like materials, excessive neon, excessive glow, oversaturated colors, busy background, motion blur, low resolution, compression artifacts, generic Earth copy, unsupported fantasy styling, traits conflicting with locked canon",1.0.0,canonical
NB2-CRE-IV-002-GAS-LIFE-ANIMATION,CRE-IV-002-GAS-LIFE,Gas Life,animation,Animation Reference,16:9,"Create a canonical NOVERIS Nano Banana 2 visual for Gas Life: Animation Reference.

Canonical archetype:
A canonical gas life designed as a scientifically plausible lifeform whose body plan, support system, locomotion, sensing, metabolism, ecology, and environmental adaptations are internally coherent.

Required visual and biological rules:
• functional anatomy
• credible center of mass
• coherent locomotion
• environment-linked materials
• ecologically plausible scale
• stable field topology
• controlled luminosity
• readable nonhumanoid silhouette

Production request:
Create idle, locomotion, interaction, feeding, defense, rest and death or shutdown.

Studio-resolved canonical values:
{{canonicalId}}, {{displayName}}, {{scientificName}}, {{originPlanet}}, {{planetType}}, {{biome}}, {{gravity}}, {{atmosphere}}, {{climate}}, {{temperatureRange}}, {{sizeScale}}, {{coloration}}, {{materials}}, {{distinctiveFeatures}}, {{lockedTraits}}, {{rarity}}, {{artDirection}}.

Preserve every locked canonical field exactly. The result must use NOVERIS Scientific Realism: premium AAA science-fiction quality, museum-grade reference presentation, scientifically plausible structure, coherent materials, restrained coloration unless canon requires otherwise, readable silhouette, consistent scale and anatomy or growth across all views, soft neutral studio lighting, pure black background for isolated references, full requested subject visibility, generous negative space, and PSD-friendly extraction. Habitat and biome outputs may use the canonical environment. No baked-in text, labels, watermark, logo, border, or UI.

Create four clearly different but canon-compliant versions. Preserve body plan or growth architecture, structural counts, environmental adaptations, materials, defining features, and locked coloration. Vary only permitted secondary proportions, markings, surface detail, minor ornamentation, natural wear, and pose or growth irregularity.

Recommended aspect ratio: 16:9.","text, labels, watermark, signature, logo, border, frame, UI, HUD, cropped subject, duplicate anatomy, contradictory anatomy, impossible balance, unsupported structures, random wings, random horns, humanoid default, fantasy armor, weapons, cartoon, anime, toy-like materials, excessive neon, excessive glow, oversaturated colors, busy background, motion blur, low resolution, compression artifacts, generic Earth copy, unsupported fantasy styling, traits conflicting with locked canon",1.0.0,canonical
NB2-CRE-IV-002-GAS-LIFE-PSD,CRE-IV-002-GAS-LIFE,Gas Life,psd,PSD Extraction Board,16:9,"Create a canonical NOVERIS Nano Banana 2 visual for Gas Life: PSD Extraction Board.

Canonical archetype:
A canonical gas life designed as a scientifically plausible lifeform whose body plan, support system, locomotion, sensing, metabolism, ecology, and environmental adaptations are internally coherent.

Required visual and biological rules:
• functional anatomy
• credible center of mass
• coherent locomotion
• environment-linked materials
• ecologically plausible scale
• stable field topology
• controlled luminosity
• readable nonhumanoid silhouette

Production request:
Create isolated whole subject, major parts, silhouette and material references.

Studio-resolved canonical values:
{{canonicalId}}, {{displayName}}, {{scientificName}}, {{originPlanet}}, {{planetType}}, {{biome}}, {{gravity}}, {{atmosphere}}, {{climate}}, {{temperatureRange}}, {{sizeScale}}, {{coloration}}, {{materials}}, {{distinctiveFeatures}}, {{lockedTraits}}, {{rarity}}, {{artDirection}}.

Preserve every locked canonical field exactly. The result must use NOVERIS Scientific Realism: premium AAA science-fiction quality, museum-grade reference presentation, scientifically plausible structure, coherent materials, restrained coloration unless canon requires otherwise, readable silhouette, consistent scale and anatomy or growth across all views, soft neutral studio lighting, pure black background for isolated references, full requested subject visibility, generous negative space, and PSD-friendly extraction. Habitat and biome outputs may use the canonical environment. No baked-in text, labels, watermark, logo, border, or UI.

Create four clearly different but canon-compliant versions. Preserve body plan or growth architecture, structural counts, environmental adaptations, materials, defining features, and locked coloration. Vary only permitted secondary proportions, markings, surface detail, minor ornamentation, natural wear, and pose or growth irregularity.

Recommended aspect ratio: 16:9.","text, labels, watermark, signature, logo, border, frame, UI, HUD, cropped subject, duplicate anatomy, contradictory anatomy, impossible balance, unsupported structures, random wings, random horns, humanoid default, fantasy armor, weapons, cartoon, anime, toy-like materials, excessive neon, excessive glow, oversaturated colors, busy background, motion blur, low resolution, compression artifacts, generic Earth copy, unsupported fantasy styling, traits conflicting with locked canon",1.0.0,canonical
NB2-CRE-IV-003-ENERGY-LIFE-FULL-BODY,CRE-IV-003-ENERGY-LIFE,Energy Life,full-body,Full Body Production Render,3:4,"Create a canonical NOVERIS Nano Banana 2 visual for Energy Life: Full Body Production Render.

Canonical archetype:
A canonical energy life designed as a scientifically plausible lifeform whose body plan, support system, locomotion, sensing, metabolism, ecology, and environmental adaptations are internally coherent.

Required visual and biological rules:
• functional anatomy
• credible center of mass
• coherent locomotion
• environment-linked materials
• ecologically plausible scale
• stable field topology
• controlled luminosity
• readable nonhumanoid silhouette

Production request:
Create complete mature specimen, neutral pose, entire body visible.

Studio-resolved canonical values:
{{canonicalId}}, {{displayName}}, {{scientificName}}, {{originPlanet}}, {{planetType}}, {{biome}}, {{gravity}}, {{atmosphere}}, {{climate}}, {{temperatureRange}}, {{sizeScale}}, {{coloration}}, {{materials}}, {{distinctiveFeatures}}, {{lockedTraits}}, {{rarity}}, {{artDirection}}.

Preserve every locked canonical field exactly. The result must use NOVERIS Scientific Realism: premium AAA science-fiction quality, museum-grade reference presentation, scientifically plausible structure, coherent materials, restrained coloration unless canon requires otherwise, readable silhouette, consistent scale and anatomy or growth across all views, soft neutral studio lighting, pure black background for isolated references, full requested subject visibility, generous negative space, and PSD-friendly extraction. Habitat and biome outputs may use the canonical environment. No baked-in text, labels, watermark, logo, border, or UI.

Create four clearly different but canon-compliant versions. Preserve body plan or growth architecture, structural counts, environmental adaptations, materials, defining features, and locked coloration. Vary only permitted secondary proportions, markings, surface detail, minor ornamentation, natural wear, and pose or growth irregularity.

Recommended aspect ratio: 3:4.","text, labels, watermark, signature, logo, border, frame, UI, HUD, cropped subject, duplicate anatomy, contradictory anatomy, impossible balance, unsupported structures, random wings, random horns, humanoid default, fantasy armor, weapons, cartoon, anime, toy-like materials, excessive neon, excessive glow, oversaturated colors, busy background, motion blur, low resolution, compression artifacts, generic Earth copy, unsupported fantasy styling, traits conflicting with locked canon",1.0.0,canonical
NB2-CRE-IV-003-ENERGY-LIFE-PORTRAIT,CRE-IV-003-ENERGY-LIFE,Energy Life,portrait,Portrait,1:1,"Create a canonical NOVERIS Nano Banana 2 visual for Energy Life: Portrait.

Canonical archetype:
A canonical energy life designed as a scientifically plausible lifeform whose body plan, support system, locomotion, sensing, metabolism, ecology, and environmental adaptations are internally coherent.

Required visual and biological rules:
• functional anatomy
• credible center of mass
• coherent locomotion
• environment-linked materials
• ecologically plausible scale
• stable field topology
• controlled luminosity
• readable nonhumanoid silhouette

Production request:
Create head and upper body emphasizing sensory anatomy and defining materials.

Studio-resolved canonical values:
{{canonicalId}}, {{displayName}}, {{scientificName}}, {{originPlanet}}, {{planetType}}, {{biome}}, {{gravity}}, {{atmosphere}}, {{climate}}, {{temperatureRange}}, {{sizeScale}}, {{coloration}}, {{materials}}, {{distinctiveFeatures}}, {{lockedTraits}}, {{rarity}}, {{artDirection}}.

Preserve every locked canonical field exactly. The result must use NOVERIS Scientific Realism: premium AAA science-fiction quality, museum-grade reference presentation, scientifically plausible structure, coherent materials, restrained coloration unless canon requires otherwise, readable silhouette, consistent scale and anatomy or growth across all views, soft neutral studio lighting, pure black background for isolated references, full requested subject visibility, generous negative space, and PSD-friendly extraction. Habitat and biome outputs may use the canonical environment. No baked-in text, labels, watermark, logo, border, or UI.

Create four clearly different but canon-compliant versions. Preserve body plan or growth architecture, structural counts, environmental adaptations, materials, defining features, and locked coloration. Vary only permitted secondary proportions, markings, surface detail, minor ornamentation, natural wear, and pose or growth irregularity.

Recommended aspect ratio: 1:1.","text, labels, watermark, signature, logo, border, frame, UI, HUD, cropped subject, duplicate anatomy, contradictory anatomy, impossible balance, unsupported structures, random wings, random horns, humanoid default, fantasy armor, weapons, cartoon, anime, toy-like materials, excessive neon, excessive glow, oversaturated colors, busy background, motion blur, low resolution, compression artifacts, generic Earth copy, unsupported fantasy styling, traits conflicting with locked canon",1.0.0,canonical
NB2-CRE-IV-003-ENERGY-LIFE-ORTHO-FRONT,CRE-IV-003-ENERGY-LIFE,Energy Life,ortho-front,Orthographic Front,3:4,"Create a canonical NOVERIS Nano Banana 2 visual for Energy Life: Orthographic Front.

Canonical archetype:
A canonical energy life designed as a scientifically plausible lifeform whose body plan, support system, locomotion, sensing, metabolism, ecology, and environmental adaptations are internally coherent.

Required visual and biological rules:
• functional anatomy
• credible center of mass
• coherent locomotion
• environment-linked materials
• ecologically plausible scale
• stable field topology
• controlled luminosity
• readable nonhumanoid silhouette

Production request:
Create exact front orthographic view.

Studio-resolved canonical values:
{{canonicalId}}, {{displayName}}, {{scientificName}}, {{originPlanet}}, {{planetType}}, {{biome}}, {{gravity}}, {{atmosphere}}, {{climate}}, {{temperatureRange}}, {{sizeScale}}, {{coloration}}, {{materials}}, {{distinctiveFeatures}}, {{lockedTraits}}, {{rarity}}, {{artDirection}}.

Preserve every locked canonical field exactly. The result must use NOVERIS Scientific Realism: premium AAA science-fiction quality, museum-grade reference presentation, scientifically plausible structure, coherent materials, restrained coloration unless canon requires otherwise, readable silhouette, consistent scale and anatomy or growth across all views, soft neutral studio lighting, pure black background for isolated references, full requested subject visibility, generous negative space, and PSD-friendly extraction. Habitat and biome outputs may use the canonical environment. No baked-in text, labels, watermark, logo, border, or UI.

Create four clearly different but canon-compliant versions. Preserve body plan or growth architecture, structural counts, environmental adaptations, materials, defining features, and locked coloration. Vary only permitted secondary proportions, markings, surface detail, minor ornamentation, natural wear, and pose or growth irregularity.

Recommended aspect ratio: 3:4.","text, labels, watermark, signature, logo, border, frame, UI, HUD, cropped subject, duplicate anatomy, contradictory anatomy, impossible balance, unsupported structures, random wings, random horns, humanoid default, fantasy armor, weapons, cartoon, anime, toy-like materials, excessive neon, excessive glow, oversaturated colors, busy background, motion blur, low resolution, compression artifacts, generic Earth copy, unsupported fantasy styling, traits conflicting with locked canon",1.0.0,canonical
NB2-CRE-IV-003-ENERGY-LIFE-ORTHO-SIDE,CRE-IV-003-ENERGY-LIFE,Energy Life,ortho-side,Orthographic Side,3:4,"Create a canonical NOVERIS Nano Banana 2 visual for Energy Life: Orthographic Side.

Canonical archetype:
A canonical energy life designed as a scientifically plausible lifeform whose body plan, support system, locomotion, sensing, metabolism, ecology, and environmental adaptations are internally coherent.

Required visual and biological rules:
• functional anatomy
• credible center of mass
• coherent locomotion
• environment-linked materials
• ecologically plausible scale
• stable field topology
• controlled luminosity
• readable nonhumanoid silhouette

Production request:
Create exact side orthographic view.

Studio-resolved canonical values:
{{canonicalId}}, {{displayName}}, {{scientificName}}, {{originPlanet}}, {{planetType}}, {{biome}}, {{gravity}}, {{atmosphere}}, {{climate}}, {{temperatureRange}}, {{sizeScale}}, {{coloration}}, {{materials}}, {{distinctiveFeatures}}, {{lockedTraits}}, {{rarity}}, {{artDirection}}.

Preserve every locked canonical field exactly. The result must use NOVERIS Scientific Realism: premium AAA science-fiction quality, museum-grade reference presentation, scientifically plausible structure, coherent materials, restrained coloration unless canon requires otherwise, readable silhouette, consistent scale and anatomy or growth across all views, soft neutral studio lighting, pure black background for isolated references, full requested subject visibility, generous negative space, and PSD-friendly extraction. Habitat and biome outputs may use the canonical environment. No baked-in text, labels, watermark, logo, border, or UI.

Create four clearly different but canon-compliant versions. Preserve body plan or growth architecture, structural counts, environmental adaptations, materials, defining features, and locked coloration. Vary only permitted secondary proportions, markings, surface detail, minor ornamentation, natural wear, and pose or growth irregularity.

Recommended aspect ratio: 3:4.","text, labels, watermark, signature, logo, border, frame, UI, HUD, cropped subject, duplicate anatomy, contradictory anatomy, impossible balance, unsupported structures, random wings, random horns, humanoid default, fantasy armor, weapons, cartoon, anime, toy-like materials, excessive neon, excessive glow, oversaturated colors, busy background, motion blur, low resolution, compression artifacts, generic Earth copy, unsupported fantasy styling, traits conflicting with locked canon",1.0.0,canonical
NB2-CRE-IV-003-ENERGY-LIFE-ORTHO-REAR,CRE-IV-003-ENERGY-LIFE,Energy Life,ortho-rear,Orthographic Rear,3:4,"Create a canonical NOVERIS Nano Banana 2 visual for Energy Life: Orthographic Rear.

Canonical archetype:
A canonical energy life designed as a scientifically plausible lifeform whose body plan, support system, locomotion, sensing, metabolism, ecology, and environmental adaptations are internally coherent.

Required visual and biological rules:
• functional anatomy
• credible center of mass
• coherent locomotion
• environment-linked materials
• ecologically plausible scale
• stable field topology
• controlled luminosity
• readable nonhumanoid silhouette

Production request:
Create exact rear orthographic view.

Studio-resolved canonical values:
{{canonicalId}}, {{displayName}}, {{scientificName}}, {{originPlanet}}, {{planetType}}, {{biome}}, {{gravity}}, {{atmosphere}}, {{climate}}, {{temperatureRange}}, {{sizeScale}}, {{coloration}}, {{materials}}, {{distinctiveFeatures}}, {{lockedTraits}}, {{rarity}}, {{artDirection}}.

Preserve every locked canonical field exactly. The result must use NOVERIS Scientific Realism: premium AAA science-fiction quality, museum-grade reference presentation, scientifically plausible structure, coherent materials, restrained coloration unless canon requires otherwise, readable silhouette, consistent scale and anatomy or growth across all views, soft neutral studio lighting, pure black background for isolated references, full requested subject visibility, generous negative space, and PSD-friendly extraction. Habitat and biome outputs may use the canonical environment. No baked-in text, labels, watermark, logo, border, or UI.

Create four clearly different but canon-compliant versions. Preserve body plan or growth architecture, structural counts, environmental adaptations, materials, defining features, and locked coloration. Vary only permitted secondary proportions, markings, surface detail, minor ornamentation, natural wear, and pose or growth irregularity.

Recommended aspect ratio: 3:4.","text, labels, watermark, signature, logo, border, frame, UI, HUD, cropped subject, duplicate anatomy, contradictory anatomy, impossible balance, unsupported structures, random wings, random horns, humanoid default, fantasy armor, weapons, cartoon, anime, toy-like materials, excessive neon, excessive glow, oversaturated colors, busy background, motion blur, low resolution, compression artifacts, generic Earth copy, unsupported fantasy styling, traits conflicting with locked canon",1.0.0,canonical
NB2-CRE-IV-003-ENERGY-LIFE-TURNAROUND,CRE-IV-003-ENERGY-LIFE,Energy Life,turnaround,Turnaround Sheet,16:9,"Create a canonical NOVERIS Nano Banana 2 visual for Energy Life: Turnaround Sheet.

Canonical archetype:
A canonical energy life designed as a scientifically plausible lifeform whose body plan, support system, locomotion, sensing, metabolism, ecology, and environmental adaptations are internally coherent.

Required visual and biological rules:
• functional anatomy
• credible center of mass
• coherent locomotion
• environment-linked materials
• ecologically plausible scale
• stable field topology
• controlled luminosity
• readable nonhumanoid silhouette

Production request:
Create front, side, rear, top and underside at identical scale.

Studio-resolved canonical values:
{{canonicalId}}, {{displayName}}, {{scientificName}}, {{originPlanet}}, {{planetType}}, {{biome}}, {{gravity}}, {{atmosphere}}, {{climate}}, {{temperatureRange}}, {{sizeScale}}, {{coloration}}, {{materials}}, {{distinctiveFeatures}}, {{lockedTraits}}, {{rarity}}, {{artDirection}}.

Preserve every locked canonical field exactly. The result must use NOVERIS Scientific Realism: premium AAA science-fiction quality, museum-grade reference presentation, scientifically plausible structure, coherent materials, restrained coloration unless canon requires otherwise, readable silhouette, consistent scale and anatomy or growth across all views, soft neutral studio lighting, pure black background for isolated references, full requested subject visibility, generous negative space, and PSD-friendly extraction. Habitat and biome outputs may use the canonical environment. No baked-in text, labels, watermark, logo, border, or UI.

Create four clearly different but canon-compliant versions. Preserve body plan or growth architecture, structural counts, environmental adaptations, materials, defining features, and locked coloration. Vary only permitted secondary proportions, markings, surface detail, minor ornamentation, natural wear, and pose or growth irregularity.

Recommended aspect ratio: 16:9.","text, labels, watermark, signature, logo, border, frame, UI, HUD, cropped subject, duplicate anatomy, contradictory anatomy, impossible balance, unsupported structures, random wings, random horns, humanoid default, fantasy armor, weapons, cartoon, anime, toy-like materials, excessive neon, excessive glow, oversaturated colors, busy background, motion blur, low resolution, compression artifacts, generic Earth copy, unsupported fantasy styling, traits conflicting with locked canon",1.0.0,canonical
NB2-CRE-IV-003-ENERGY-LIFE-SUPPORT,CRE-IV-003-ENERGY-LIFE,Energy Life,support,Skeleton or Support Structure,16:9,"Create a canonical NOVERIS Nano Banana 2 visual for Energy Life: Skeleton or Support Structure.

Canonical archetype:
A canonical energy life designed as a scientifically plausible lifeform whose body plan, support system, locomotion, sensing, metabolism, ecology, and environmental adaptations are internally coherent.

Required visual and biological rules:
• functional anatomy
• credible center of mass
• coherent locomotion
• environment-linked materials
• ecologically plausible scale
• stable field topology
• controlled luminosity
• readable nonhumanoid silhouette

Production request:
Create complete mechanical support system and joint logic.

Studio-resolved canonical values:
{{canonicalId}}, {{displayName}}, {{scientificName}}, {{originPlanet}}, {{planetType}}, {{biome}}, {{gravity}}, {{atmosphere}}, {{climate}}, {{temperatureRange}}, {{sizeScale}}, {{coloration}}, {{materials}}, {{distinctiveFeatures}}, {{lockedTraits}}, {{rarity}}, {{artDirection}}.

Preserve every locked canonical field exactly. The result must use NOVERIS Scientific Realism: premium AAA science-fiction quality, museum-grade reference presentation, scientifically plausible structure, coherent materials, restrained coloration unless canon requires otherwise, readable silhouette, consistent scale and anatomy or growth across all views, soft neutral studio lighting, pure black background for isolated references, full requested subject visibility, generous negative space, and PSD-friendly extraction. Habitat and biome outputs may use the canonical environment. No baked-in text, labels, watermark, logo, border, or UI.

Create four clearly different but canon-compliant versions. Preserve body plan or growth architecture, structural counts, environmental adaptations, materials, defining features, and locked coloration. Vary only permitted secondary proportions, markings, surface detail, minor ornamentation, natural wear, and pose or growth irregularity.

Recommended aspect ratio: 16:9.","text, labels, watermark, signature, logo, border, frame, UI, HUD, cropped subject, duplicate anatomy, contradictory anatomy, impossible balance, unsupported structures, random wings, random horns, humanoid default, fantasy armor, weapons, cartoon, anime, toy-like materials, excessive neon, excessive glow, oversaturated colors, busy background, motion blur, low resolution, compression artifacts, generic Earth copy, unsupported fantasy styling, traits conflicting with locked canon",1.0.0,canonical
NB2-CRE-IV-003-ENERGY-LIFE-ANATOMY,CRE-IV-003-ENERGY-LIFE,Energy Life,anatomy,Internal Anatomy,16:9,"Create a canonical NOVERIS Nano Banana 2 visual for Energy Life: Internal Anatomy.

Canonical archetype:
A canonical energy life designed as a scientifically plausible lifeform whose body plan, support system, locomotion, sensing, metabolism, ecology, and environmental adaptations are internally coherent.

Required visual and biological rules:
• functional anatomy
• credible center of mass
• coherent locomotion
• environment-linked materials
• ecologically plausible scale
• stable field topology
• controlled luminosity
• readable nonhumanoid silhouette

Production request:
Create major respiratory, circulatory, digestive, sensory and reproductive systems.

Studio-resolved canonical values:
{{canonicalId}}, {{displayName}}, {{scientificName}}, {{originPlanet}}, {{planetType}}, {{biome}}, {{gravity}}, {{atmosphere}}, {{climate}}, {{temperatureRange}}, {{sizeScale}}, {{coloration}}, {{materials}}, {{distinctiveFeatures}}, {{lockedTraits}}, {{rarity}}, {{artDirection}}.

Preserve every locked canonical field exactly. The result must use NOVERIS Scientific Realism: premium AAA science-fiction quality, museum-grade reference presentation, scientifically plausible structure, coherent materials, restrained coloration unless canon requires otherwise, readable silhouette, consistent scale and anatomy or growth across all views, soft neutral studio lighting, pure black background for isolated references, full requested subject visibility, generous negative space, and PSD-friendly extraction. Habitat and biome outputs may use the canonical environment. No baked-in text, labels, watermark, logo, border, or UI.

Create four clearly different but canon-compliant versions. Preserve body plan or growth architecture, structural counts, environmental adaptations, materials, defining features, and locked coloration. Vary only permitted secondary proportions, markings, surface detail, minor ornamentation, natural wear, and pose or growth irregularity.

Recommended aspect ratio: 16:9.","text, labels, watermark, signature, logo, border, frame, UI, HUD, cropped subject, duplicate anatomy, contradictory anatomy, impossible balance, unsupported structures, random wings, random horns, humanoid default, fantasy armor, weapons, cartoon, anime, toy-like materials, excessive neon, excessive glow, oversaturated colors, busy background, motion blur, low resolution, compression artifacts, generic Earth copy, unsupported fantasy styling, traits conflicting with locked canon",1.0.0,canonical
NB2-CRE-IV-003-ENERGY-LIFE-LIFECYCLE,CRE-IV-003-ENERGY-LIFE,Energy Life,lifecycle,Lifecycle Sheet,16:9,"Create a canonical NOVERIS Nano Banana 2 visual for Energy Life: Lifecycle Sheet.

Canonical archetype:
A canonical energy life designed as a scientifically plausible lifeform whose body plan, support system, locomotion, sensing, metabolism, ecology, and environmental adaptations are internally coherent.

Required visual and biological rules:
• functional anatomy
• credible center of mass
• coherent locomotion
• environment-linked materials
• ecologically plausible scale
• stable field topology
• controlled luminosity
• readable nonhumanoid silhouette

Production request:
Create reproductive form, juvenile, adult and elder stages.

Studio-resolved canonical values:
{{canonicalId}}, {{displayName}}, {{scientificName}}, {{originPlanet}}, {{planetType}}, {{biome}}, {{gravity}}, {{atmosphere}}, {{climate}}, {{temperatureRange}}, {{sizeScale}}, {{coloration}}, {{materials}}, {{distinctiveFeatures}}, {{lockedTraits}}, {{rarity}}, {{artDirection}}.

Preserve every locked canonical field exactly. The result must use NOVERIS Scientific Realism: premium AAA science-fiction quality, museum-grade reference presentation, scientifically plausible structure, coherent materials, restrained coloration unless canon requires otherwise, readable silhouette, consistent scale and anatomy or growth across all views, soft neutral studio lighting, pure black background for isolated references, full requested subject visibility, generous negative space, and PSD-friendly extraction. Habitat and biome outputs may use the canonical environment. No baked-in text, labels, watermark, logo, border, or UI.

Create four clearly different but canon-compliant versions. Preserve body plan or growth architecture, structural counts, environmental adaptations, materials, defining features, and locked coloration. Vary only permitted secondary proportions, markings, surface detail, minor ornamentation, natural wear, and pose or growth irregularity.

Recommended aspect ratio: 16:9.","text, labels, watermark, signature, logo, border, frame, UI, HUD, cropped subject, duplicate anatomy, contradictory anatomy, impossible balance, unsupported structures, random wings, random horns, humanoid default, fantasy armor, weapons, cartoon, anime, toy-like materials, excessive neon, excessive glow, oversaturated colors, busy background, motion blur, low resolution, compression artifacts, generic Earth copy, unsupported fantasy styling, traits conflicting with locked canon",1.0.0,canonical
NB2-CRE-IV-003-ENERGY-LIFE-VARIANTS,CRE-IV-003-ENERGY-LIFE,Energy Life,variants,Canonical Variants,16:9,"Create a canonical NOVERIS Nano Banana 2 visual for Energy Life: Canonical Variants.

Canonical archetype:
A canonical energy life designed as a scientifically plausible lifeform whose body plan, support system, locomotion, sensing, metabolism, ecology, and environmental adaptations are internally coherent.

Required visual and biological rules:
• functional anatomy
• credible center of mass
• coherent locomotion
• environment-linked materials
• ecologically plausible scale
• stable field topology
• controlled luminosity
• readable nonhumanoid silhouette

Production request:
Create regional, seasonal, sex, caste, morph or engineered variants.

Studio-resolved canonical values:
{{canonicalId}}, {{displayName}}, {{scientificName}}, {{originPlanet}}, {{planetType}}, {{biome}}, {{gravity}}, {{atmosphere}}, {{climate}}, {{temperatureRange}}, {{sizeScale}}, {{coloration}}, {{materials}}, {{distinctiveFeatures}}, {{lockedTraits}}, {{rarity}}, {{artDirection}}.

Preserve every locked canonical field exactly. The result must use NOVERIS Scientific Realism: premium AAA science-fiction quality, museum-grade reference presentation, scientifically plausible structure, coherent materials, restrained coloration unless canon requires otherwise, readable silhouette, consistent scale and anatomy or growth across all views, soft neutral studio lighting, pure black background for isolated references, full requested subject visibility, generous negative space, and PSD-friendly extraction. Habitat and biome outputs may use the canonical environment. No baked-in text, labels, watermark, logo, border, or UI.

Create four clearly different but canon-compliant versions. Preserve body plan or growth architecture, structural counts, environmental adaptations, materials, defining features, and locked coloration. Vary only permitted secondary proportions, markings, surface detail, minor ornamentation, natural wear, and pose or growth irregularity.

Recommended aspect ratio: 16:9.","text, labels, watermark, signature, logo, border, frame, UI, HUD, cropped subject, duplicate anatomy, contradictory anatomy, impossible balance, unsupported structures, random wings, random horns, humanoid default, fantasy armor, weapons, cartoon, anime, toy-like materials, excessive neon, excessive glow, oversaturated colors, busy background, motion blur, low resolution, compression artifacts, generic Earth copy, unsupported fantasy styling, traits conflicting with locked canon",1.0.0,canonical
NB2-CRE-IV-003-ENERGY-LIFE-BEHAVIOR,CRE-IV-003-ENERGY-LIFE,Energy Life,behavior,Behavior Sheet,16:9,"Create a canonical NOVERIS Nano Banana 2 visual for Energy Life: Behavior Sheet.

Canonical archetype:
A canonical energy life designed as a scientifically plausible lifeform whose body plan, support system, locomotion, sensing, metabolism, ecology, and environmental adaptations are internally coherent.

Required visual and biological rules:
• functional anatomy
• credible center of mass
• coherent locomotion
• environment-linked materials
• ecologically plausible scale
• stable field topology
• controlled luminosity
• readable nonhumanoid silhouette

Production request:
Create idle, feeding, locomotion, social, defense and rest.

Studio-resolved canonical values:
{{canonicalId}}, {{displayName}}, {{scientificName}}, {{originPlanet}}, {{planetType}}, {{biome}}, {{gravity}}, {{atmosphere}}, {{climate}}, {{temperatureRange}}, {{sizeScale}}, {{coloration}}, {{materials}}, {{distinctiveFeatures}}, {{lockedTraits}}, {{rarity}}, {{artDirection}}.

Preserve every locked canonical field exactly. The result must use NOVERIS Scientific Realism: premium AAA science-fiction quality, museum-grade reference presentation, scientifically plausible structure, coherent materials, restrained coloration unless canon requires otherwise, readable silhouette, consistent scale and anatomy or growth across all views, soft neutral studio lighting, pure black background for isolated references, full requested subject visibility, generous negative space, and PSD-friendly extraction. Habitat and biome outputs may use the canonical environment. No baked-in text, labels, watermark, logo, border, or UI.

Create four clearly different but canon-compliant versions. Preserve body plan or growth architecture, structural counts, environmental adaptations, materials, defining features, and locked coloration. Vary only permitted secondary proportions, markings, surface detail, minor ornamentation, natural wear, and pose or growth irregularity.

Recommended aspect ratio: 16:9.","text, labels, watermark, signature, logo, border, frame, UI, HUD, cropped subject, duplicate anatomy, contradictory anatomy, impossible balance, unsupported structures, random wings, random horns, humanoid default, fantasy armor, weapons, cartoon, anime, toy-like materials, excessive neon, excessive glow, oversaturated colors, busy background, motion blur, low resolution, compression artifacts, generic Earth copy, unsupported fantasy styling, traits conflicting with locked canon",1.0.0,canonical
NB2-CRE-IV-003-ENERGY-LIFE-HABITAT,CRE-IV-003-ENERGY-LIFE,Energy Life,habitat,Native Habitat Scene,16:9,"Create a canonical NOVERIS Nano Banana 2 visual for Energy Life: Native Habitat Scene.

Canonical archetype:
A canonical energy life designed as a scientifically plausible lifeform whose body plan, support system, locomotion, sensing, metabolism, ecology, and environmental adaptations are internally coherent.

Required visual and biological rules:
• functional anatomy
• credible center of mass
• coherent locomotion
• environment-linked materials
• ecologically plausible scale
• stable field topology
• controlled luminosity
• readable nonhumanoid silhouette

Production request:
Create natural behavior in canonical planet and biome.

Studio-resolved canonical values:
{{canonicalId}}, {{displayName}}, {{scientificName}}, {{originPlanet}}, {{planetType}}, {{biome}}, {{gravity}}, {{atmosphere}}, {{climate}}, {{temperatureRange}}, {{sizeScale}}, {{coloration}}, {{materials}}, {{distinctiveFeatures}}, {{lockedTraits}}, {{rarity}}, {{artDirection}}.

Preserve every locked canonical field exactly. The result must use NOVERIS Scientific Realism: premium AAA science-fiction quality, museum-grade reference presentation, scientifically plausible structure, coherent materials, restrained coloration unless canon requires otherwise, readable silhouette, consistent scale and anatomy or growth across all views, soft neutral studio lighting, pure black background for isolated references, full requested subject visibility, generous negative space, and PSD-friendly extraction. Habitat and biome outputs may use the canonical environment. No baked-in text, labels, watermark, logo, border, or UI.

Create four clearly different but canon-compliant versions. Preserve body plan or growth architecture, structural counts, environmental adaptations, materials, defining features, and locked coloration. Vary only permitted secondary proportions, markings, surface detail, minor ornamentation, natural wear, and pose or growth irregularity.

Recommended aspect ratio: 16:9.","text, labels, watermark, signature, logo, border, frame, UI, HUD, cropped subject, duplicate anatomy, contradictory anatomy, impossible balance, unsupported structures, random wings, random horns, humanoid default, fantasy armor, weapons, cartoon, anime, toy-like materials, excessive neon, excessive glow, oversaturated colors, busy background, motion blur, low resolution, compression artifacts, generic Earth copy, unsupported fantasy styling, traits conflicting with locked canon",1.0.0,canonical
NB2-CRE-IV-003-ENERGY-LIFE-DISCOVERY,CRE-IV-003-ENERGY-LIFE,Energy Life,discovery,Discovery Scan,16:9,"Create a canonical NOVERIS Nano Banana 2 visual for Energy Life: Discovery Scan.

Canonical archetype:
A canonical energy life designed as a scientifically plausible lifeform whose body plan, support system, locomotion, sensing, metabolism, ecology, and environmental adaptations are internally coherent.

Required visual and biological rules:
• functional anatomy
• credible center of mass
• coherent locomotion
• environment-linked materials
• ecologically plausible scale
• stable field topology
• controlled luminosity
• readable nonhumanoid silhouette

Production request:
Create centered scientific scan source without labels.

Studio-resolved canonical values:
{{canonicalId}}, {{displayName}}, {{scientificName}}, {{originPlanet}}, {{planetType}}, {{biome}}, {{gravity}}, {{atmosphere}}, {{climate}}, {{temperatureRange}}, {{sizeScale}}, {{coloration}}, {{materials}}, {{distinctiveFeatures}}, {{lockedTraits}}, {{rarity}}, {{artDirection}}.

Preserve every locked canonical field exactly. The result must use NOVERIS Scientific Realism: premium AAA science-fiction quality, museum-grade reference presentation, scientifically plausible structure, coherent materials, restrained coloration unless canon requires otherwise, readable silhouette, consistent scale and anatomy or growth across all views, soft neutral studio lighting, pure black background for isolated references, full requested subject visibility, generous negative space, and PSD-friendly extraction. Habitat and biome outputs may use the canonical environment. No baked-in text, labels, watermark, logo, border, or UI.

Create four clearly different but canon-compliant versions. Preserve body plan or growth architecture, structural counts, environmental adaptations, materials, defining features, and locked coloration. Vary only permitted secondary proportions, markings, surface detail, minor ornamentation, natural wear, and pose or growth irregularity.

Recommended aspect ratio: 16:9.","text, labels, watermark, signature, logo, border, frame, UI, HUD, cropped subject, duplicate anatomy, contradictory anatomy, impossible balance, unsupported structures, random wings, random horns, humanoid default, fantasy armor, weapons, cartoon, anime, toy-like materials, excessive neon, excessive glow, oversaturated colors, busy background, motion blur, low resolution, compression artifacts, generic Earth copy, unsupported fantasy styling, traits conflicting with locked canon",1.0.0,canonical
NB2-CRE-IV-003-ENERGY-LIFE-ICON,CRE-IV-003-ENERGY-LIFE,Energy Life,icon,UI Icon,1:1,"Create a canonical NOVERIS Nano Banana 2 visual for Energy Life: UI Icon.

Canonical archetype:
A canonical energy life designed as a scientifically plausible lifeform whose body plan, support system, locomotion, sensing, metabolism, ecology, and environmental adaptations are internally coherent.

Required visual and biological rules:
• functional anatomy
• credible center of mass
• coherent locomotion
• environment-linked materials
• ecologically plausible scale
• stable field topology
• controlled luminosity
• readable nonhumanoid silhouette

Production request:
Create isolated silhouette readable at 64 pixels.

Studio-resolved canonical values:
{{canonicalId}}, {{displayName}}, {{scientificName}}, {{originPlanet}}, {{planetType}}, {{biome}}, {{gravity}}, {{atmosphere}}, {{climate}}, {{temperatureRange}}, {{sizeScale}}, {{coloration}}, {{materials}}, {{distinctiveFeatures}}, {{lockedTraits}}, {{rarity}}, {{artDirection}}.

Preserve every locked canonical field exactly. The result must use NOVERIS Scientific Realism: premium AAA science-fiction quality, museum-grade reference presentation, scientifically plausible structure, coherent materials, restrained coloration unless canon requires otherwise, readable silhouette, consistent scale and anatomy or growth across all views, soft neutral studio lighting, pure black background for isolated references, full requested subject visibility, generous negative space, and PSD-friendly extraction. Habitat and biome outputs may use the canonical environment. No baked-in text, labels, watermark, logo, border, or UI.

Create four clearly different but canon-compliant versions. Preserve body plan or growth architecture, structural counts, environmental adaptations, materials, defining features, and locked coloration. Vary only permitted secondary proportions, markings, surface detail, minor ornamentation, natural wear, and pose or growth irregularity.

Recommended aspect ratio: 1:1.","text, labels, watermark, signature, logo, border, frame, UI, HUD, cropped subject, duplicate anatomy, contradictory anatomy, impossible balance, unsupported structures, random wings, random horns, humanoid default, fantasy armor, weapons, cartoon, anime, toy-like materials, excessive neon, excessive glow, oversaturated colors, busy background, motion blur, low resolution, compression artifacts, generic Earth copy, unsupported fantasy styling, traits conflicting with locked canon",1.0.0,canonical
NB2-CRE-IV-003-ENERGY-LIFE-SCALE,CRE-IV-003-ENERGY-LIFE,Energy Life,scale,Scale Comparison,16:9,"Create a canonical NOVERIS Nano Banana 2 visual for Energy Life: Scale Comparison.

Canonical archetype:
A canonical energy life designed as a scientifically plausible lifeform whose body plan, support system, locomotion, sensing, metabolism, ecology, and environmental adaptations are internally coherent.

Required visual and biological rules:
• functional anatomy
• credible center of mass
• coherent locomotion
• environment-linked materials
• ecologically plausible scale
• stable field topology
• controlled luminosity
• readable nonhumanoid silhouette

Production request:
Create side view with adult human silhouette and one-meter bar.

Studio-resolved canonical values:
{{canonicalId}}, {{displayName}}, {{scientificName}}, {{originPlanet}}, {{planetType}}, {{biome}}, {{gravity}}, {{atmosphere}}, {{climate}}, {{temperatureRange}}, {{sizeScale}}, {{coloration}}, {{materials}}, {{distinctiveFeatures}}, {{lockedTraits}}, {{rarity}}, {{artDirection}}.

Preserve every locked canonical field exactly. The result must use NOVERIS Scientific Realism: premium AAA science-fiction quality, museum-grade reference presentation, scientifically plausible structure, coherent materials, restrained coloration unless canon requires otherwise, readable silhouette, consistent scale and anatomy or growth across all views, soft neutral studio lighting, pure black background for isolated references, full requested subject visibility, generous negative space, and PSD-friendly extraction. Habitat and biome outputs may use the canonical environment. No baked-in text, labels, watermark, logo, border, or UI.

Create four clearly different but canon-compliant versions. Preserve body plan or growth architecture, structural counts, environmental adaptations, materials, defining features, and locked coloration. Vary only permitted secondary proportions, markings, surface detail, minor ornamentation, natural wear, and pose or growth irregularity.

Recommended aspect ratio: 16:9.","text, labels, watermark, signature, logo, border, frame, UI, HUD, cropped subject, duplicate anatomy, contradictory anatomy, impossible balance, unsupported structures, random wings, random horns, humanoid default, fantasy armor, weapons, cartoon, anime, toy-like materials, excessive neon, excessive glow, oversaturated colors, busy background, motion blur, low resolution, compression artifacts, generic Earth copy, unsupported fantasy styling, traits conflicting with locked canon",1.0.0,canonical
NB2-CRE-IV-003-ENERGY-LIFE-SPECIES-PLATE,CRE-IV-003-ENERGY-LIFE,Energy Life,species-plate,Master Species Plate,16:9,"Create a canonical NOVERIS Nano Banana 2 visual for Energy Life: Master Species Plate.

Canonical archetype:
A canonical energy life designed as a scientifically plausible lifeform whose body plan, support system, locomotion, sensing, metabolism, ecology, and environmental adaptations are internally coherent.

Required visual and biological rules:
• functional anatomy
• credible center of mass
• coherent locomotion
• environment-linked materials
• ecologically plausible scale
• stable field topology
• controlled luminosity
• readable nonhumanoid silhouette

Production request:
Create full body, portrait, views, support system, lifecycle, variants, materials and habitat vignette.

Studio-resolved canonical values:
{{canonicalId}}, {{displayName}}, {{scientificName}}, {{originPlanet}}, {{planetType}}, {{biome}}, {{gravity}}, {{atmosphere}}, {{climate}}, {{temperatureRange}}, {{sizeScale}}, {{coloration}}, {{materials}}, {{distinctiveFeatures}}, {{lockedTraits}}, {{rarity}}, {{artDirection}}.

Preserve every locked canonical field exactly. The result must use NOVERIS Scientific Realism: premium AAA science-fiction quality, museum-grade reference presentation, scientifically plausible structure, coherent materials, restrained coloration unless canon requires otherwise, readable silhouette, consistent scale and anatomy or growth across all views, soft neutral studio lighting, pure black background for isolated references, full requested subject visibility, generous negative space, and PSD-friendly extraction. Habitat and biome outputs may use the canonical environment. No baked-in text, labels, watermark, logo, border, or UI.

Create four clearly different but canon-compliant versions. Preserve body plan or growth architecture, structural counts, environmental adaptations, materials, defining features, and locked coloration. Vary only permitted secondary proportions, markings, surface detail, minor ornamentation, natural wear, and pose or growth irregularity.

Recommended aspect ratio: 16:9.","text, labels, watermark, signature, logo, border, frame, UI, HUD, cropped subject, duplicate anatomy, contradictory anatomy, impossible balance, unsupported structures, random wings, random horns, humanoid default, fantasy armor, weapons, cartoon, anime, toy-like materials, excessive neon, excessive glow, oversaturated colors, busy background, motion blur, low resolution, compression artifacts, generic Earth copy, unsupported fantasy styling, traits conflicting with locked canon",1.0.0,canonical
NB2-CRE-IV-003-ENERGY-LIFE-ANIMATION,CRE-IV-003-ENERGY-LIFE,Energy Life,animation,Animation Reference,16:9,"Create a canonical NOVERIS Nano Banana 2 visual for Energy Life: Animation Reference.

Canonical archetype:
A canonical energy life designed as a scientifically plausible lifeform whose body plan, support system, locomotion, sensing, metabolism, ecology, and environmental adaptations are internally coherent.

Required visual and biological rules:
• functional anatomy
• credible center of mass
• coherent locomotion
• environment-linked materials
• ecologically plausible scale
• stable field topology
• controlled luminosity
• readable nonhumanoid silhouette

Production request:
Create idle, locomotion, interaction, feeding, defense, rest and death or shutdown.

Studio-resolved canonical values:
{{canonicalId}}, {{displayName}}, {{scientificName}}, {{originPlanet}}, {{planetType}}, {{biome}}, {{gravity}}, {{atmosphere}}, {{climate}}, {{temperatureRange}}, {{sizeScale}}, {{coloration}}, {{materials}}, {{distinctiveFeatures}}, {{lockedTraits}}, {{rarity}}, {{artDirection}}.

Preserve every locked canonical field exactly. The result must use NOVERIS Scientific Realism: premium AAA science-fiction quality, museum-grade reference presentation, scientifically plausible structure, coherent materials, restrained coloration unless canon requires otherwise, readable silhouette, consistent scale and anatomy or growth across all views, soft neutral studio lighting, pure black background for isolated references, full requested subject visibility, generous negative space, and PSD-friendly extraction. Habitat and biome outputs may use the canonical environment. No baked-in text, labels, watermark, logo, border, or UI.

Create four clearly different but canon-compliant versions. Preserve body plan or growth architecture, structural counts, environmental adaptations, materials, defining features, and locked coloration. Vary only permitted secondary proportions, markings, surface detail, minor ornamentation, natural wear, and pose or growth irregularity.

Recommended aspect ratio: 16:9.","text, labels, watermark, signature, logo, border, frame, UI, HUD, cropped subject, duplicate anatomy, contradictory anatomy, impossible balance, unsupported structures, random wings, random horns, humanoid default, fantasy armor, weapons, cartoon, anime, toy-like materials, excessive neon, excessive glow, oversaturated colors, busy background, motion blur, low resolution, compression artifacts, generic Earth copy, unsupported fantasy styling, traits conflicting with locked canon",1.0.0,canonical
NB2-CRE-IV-003-ENERGY-LIFE-PSD,CRE-IV-003-ENERGY-LIFE,Energy Life,psd,PSD Extraction Board,16:9,"Create a canonical NOVERIS Nano Banana 2 visual for Energy Life: PSD Extraction Board.

Canonical archetype:
A canonical energy life designed as a scientifically plausible lifeform whose body plan, support system, locomotion, sensing, metabolism, ecology, and environmental adaptations are internally coherent.

Required visual and biological rules:
• functional anatomy
• credible center of mass
• coherent locomotion
• environment-linked materials
• ecologically plausible scale
• stable field topology
• controlled luminosity
• readable nonhumanoid silhouette

Production request:
Create isolated whole subject, major parts, silhouette and material references.

Studio-resolved canonical values:
{{canonicalId}}, {{displayName}}, {{scientificName}}, {{originPlanet}}, {{planetType}}, {{biome}}, {{gravity}}, {{atmosphere}}, {{climate}}, {{temperatureRange}}, {{sizeScale}}, {{coloration}}, {{materials}}, {{distinctiveFeatures}}, {{lockedTraits}}, {{rarity}}, {{artDirection}}.

Preserve every locked canonical field exactly. The result must use NOVERIS Scientific Realism: premium AAA science-fiction quality, museum-grade reference presentation, scientifically plausible structure, coherent materials, restrained coloration unless canon requires otherwise, readable silhouette, consistent scale and anatomy or growth across all views, soft neutral studio lighting, pure black background for isolated references, full requested subject visibility, generous negative space, and PSD-friendly extraction. Habitat and biome outputs may use the canonical environment. No baked-in text, labels, watermark, logo, border, or UI.

Create four clearly different but canon-compliant versions. Preserve body plan or growth architecture, structural counts, environmental adaptations, materials, defining features, and locked coloration. Vary only permitted secondary proportions, markings, surface detail, minor ornamentation, natural wear, and pose or growth irregularity.

Recommended aspect ratio: 16:9.","text, labels, watermark, signature, logo, border, frame, UI, HUD, cropped subject, duplicate anatomy, contradictory anatomy, impossible balance, unsupported structures, random wings, random horns, humanoid default, fantasy armor, weapons, cartoon, anime, toy-like materials, excessive neon, excessive glow, oversaturated colors, busy background, motion blur, low resolution, compression artifacts, generic Earth copy, unsupported fantasy styling, traits conflicting with locked canon",1.0.0,canonical
NB2-CRE-IV-004-ELECTROMAGNETIC-LIFE-FULL-BODY,CRE-IV-004-ELECTROMAGNETIC-LIFE,Electromagnetic Life,full-body,Full Body Production Render,3:4,"Create a canonical NOVERIS Nano Banana 2 visual for Electromagnetic Life: Full Body Production Render.

Canonical archetype:
A canonical electromagnetic life designed as a scientifically plausible lifeform whose body plan, support system, locomotion, sensing, metabolism, ecology, and environmental adaptations are internally coherent.

Required visual and biological rules:
• functional anatomy
• credible center of mass
• coherent locomotion
• environment-linked materials
• ecologically plausible scale
• stable field topology
• controlled luminosity
• readable nonhumanoid silhouette

Production request:
Create complete mature specimen, neutral pose, entire body visible.

Studio-resolved canonical values:
{{canonicalId}}, {{displayName}}, {{scientificName}}, {{originPlanet}}, {{planetType}}, {{biome}}, {{gravity}}, {{atmosphere}}, {{climate}}, {{temperatureRange}}, {{sizeScale}}, {{coloration}}, {{materials}}, {{distinctiveFeatures}}, {{lockedTraits}}, {{rarity}}, {{artDirection}}.

Preserve every locked canonical field exactly. The result must use NOVERIS Scientific Realism: premium AAA science-fiction quality, museum-grade reference presentation, scientifically plausible structure, coherent materials, restrained coloration unless canon requires otherwise, readable silhouette, consistent scale and anatomy or growth across all views, soft neutral studio lighting, pure black background for isolated references, full requested subject visibility, generous negative space, and PSD-friendly extraction. Habitat and biome outputs may use the canonical environment. No baked-in text, labels, watermark, logo, border, or UI.

Create four clearly different but canon-compliant versions. Preserve body plan or growth architecture, structural counts, environmental adaptations, materials, defining features, and locked coloration. Vary only permitted secondary proportions, markings, surface detail, minor ornamentation, natural wear, and pose or growth irregularity.

Recommended aspect ratio: 3:4.","text, labels, watermark, signature, logo, border, frame, UI, HUD, cropped subject, duplicate anatomy, contradictory anatomy, impossible balance, unsupported structures, random wings, random horns, humanoid default, fantasy armor, weapons, cartoon, anime, toy-like materials, excessive neon, excessive glow, oversaturated colors, busy background, motion blur, low resolution, compression artifacts, generic Earth copy, unsupported fantasy styling, traits conflicting with locked canon",1.0.0,canonical
NB2-CRE-IV-004-ELECTROMAGNETIC-LIFE-PORTRAIT,CRE-IV-004-ELECTROMAGNETIC-LIFE,Electromagnetic Life,portrait,Portrait,1:1,"Create a canonical NOVERIS Nano Banana 2 visual for Electromagnetic Life: Portrait.

Canonical archetype:
A canonical electromagnetic life designed as a scientifically plausible lifeform whose body plan, support system, locomotion, sensing, metabolism, ecology, and environmental adaptations are internally coherent.

Required visual and biological rules:
• functional anatomy
• credible center of mass
• coherent locomotion
• environment-linked materials
• ecologically plausible scale
• stable field topology
• controlled luminosity
• readable nonhumanoid silhouette

Production request:
Create head and upper body emphasizing sensory anatomy and defining materials.

Studio-resolved canonical values:
{{canonicalId}}, {{displayName}}, {{scientificName}}, {{originPlanet}}, {{planetType}}, {{biome}}, {{gravity}}, {{atmosphere}}, {{climate}}, {{temperatureRange}}, {{sizeScale}}, {{coloration}}, {{materials}}, {{distinctiveFeatures}}, {{lockedTraits}}, {{rarity}}, {{artDirection}}.

Preserve every locked canonical field exactly. The result must use NOVERIS Scientific Realism: premium AAA science-fiction quality, museum-grade reference presentation, scientifically plausible structure, coherent materials, restrained coloration unless canon requires otherwise, readable silhouette, consistent scale and anatomy or growth across all views, soft neutral studio lighting, pure black background for isolated references, full requested subject visibility, generous negative space, and PSD-friendly extraction. Habitat and biome outputs may use the canonical environment. No baked-in text, labels, watermark, logo, border, or UI.

Create four clearly different but canon-compliant versions. Preserve body plan or growth architecture, structural counts, environmental adaptations, materials, defining features, and locked coloration. Vary only permitted secondary proportions, markings, surface detail, minor ornamentation, natural wear, and pose or growth irregularity.

Recommended aspect ratio: 1:1.","text, labels, watermark, signature, logo, border, frame, UI, HUD, cropped subject, duplicate anatomy, contradictory anatomy, impossible balance, unsupported structures, random wings, random horns, humanoid default, fantasy armor, weapons, cartoon, anime, toy-like materials, excessive neon, excessive glow, oversaturated colors, busy background, motion blur, low resolution, compression artifacts, generic Earth copy, unsupported fantasy styling, traits conflicting with locked canon",1.0.0,canonical
NB2-CRE-IV-004-ELECTROMAGNETIC-LIFE-ORTHO-FRONT,CRE-IV-004-ELECTROMAGNETIC-LIFE,Electromagnetic Life,ortho-front,Orthographic Front,3:4,"Create a canonical NOVERIS Nano Banana 2 visual for Electromagnetic Life: Orthographic Front.

Canonical archetype:
A canonical electromagnetic life designed as a scientifically plausible lifeform whose body plan, support system, locomotion, sensing, metabolism, ecology, and environmental adaptations are internally coherent.

Required visual and biological rules:
• functional anatomy
• credible center of mass
• coherent locomotion
• environment-linked materials
• ecologically plausible scale
• stable field topology
• controlled luminosity
• readable nonhumanoid silhouette

Production request:
Create exact front orthographic view.

Studio-resolved canonical values:
{{canonicalId}}, {{displayName}}, {{scientificName}}, {{originPlanet}}, {{planetType}}, {{biome}}, {{gravity}}, {{atmosphere}}, {{climate}}, {{temperatureRange}}, {{sizeScale}}, {{coloration}}, {{materials}}, {{distinctiveFeatures}}, {{lockedTraits}}, {{rarity}}, {{artDirection}}.

Preserve every locked canonical field exactly. The result must use NOVERIS Scientific Realism: premium AAA science-fiction quality, museum-grade reference presentation, scientifically plausible structure, coherent materials, restrained coloration unless canon requires otherwise, readable silhouette, consistent scale and anatomy or growth across all views, soft neutral studio lighting, pure black background for isolated references, full requested subject visibility, generous negative space, and PSD-friendly extraction. Habitat and biome outputs may use the canonical environment. No baked-in text, labels, watermark, logo, border, or UI.

Create four clearly different but canon-compliant versions. Preserve body plan or growth architecture, structural counts, environmental adaptations, materials, defining features, and locked coloration. Vary only permitted secondary proportions, markings, surface detail, minor ornamentation, natural wear, and pose or growth irregularity.

Recommended aspect ratio: 3:4.","text, labels, watermark, signature, logo, border, frame, UI, HUD, cropped subject, duplicate anatomy, contradictory anatomy, impossible balance, unsupported structures, random wings, random horns, humanoid default, fantasy armor, weapons, cartoon, anime, toy-like materials, excessive neon, excessive glow, oversaturated colors, busy background, motion blur, low resolution, compression artifacts, generic Earth copy, unsupported fantasy styling, traits conflicting with locked canon",1.0.0,canonical
NB2-CRE-IV-004-ELECTROMAGNETIC-LIFE-ORTHO-SIDE,CRE-IV-004-ELECTROMAGNETIC-LIFE,Electromagnetic Life,ortho-side,Orthographic Side,3:4,"Create a canonical NOVERIS Nano Banana 2 visual for Electromagnetic Life: Orthographic Side.

Canonical archetype:
A canonical electromagnetic life designed as a scientifically plausible lifeform whose body plan, support system, locomotion, sensing, metabolism, ecology, and environmental adaptations are internally coherent.

Required visual and biological rules:
• functional anatomy
• credible center of mass
• coherent locomotion
• environment-linked materials
• ecologically plausible scale
• stable field topology
• controlled luminosity
• readable nonhumanoid silhouette

Production request:
Create exact side orthographic view.

Studio-resolved canonical values:
{{canonicalId}}, {{displayName}}, {{scientificName}}, {{originPlanet}}, {{planetType}}, {{biome}}, {{gravity}}, {{atmosphere}}, {{climate}}, {{temperatureRange}}, {{sizeScale}}, {{coloration}}, {{materials}}, {{distinctiveFeatures}}, {{lockedTraits}}, {{rarity}}, {{artDirection}}.

Preserve every locked canonical field exactly. The result must use NOVERIS Scientific Realism: premium AAA science-fiction quality, museum-grade reference presentation, scientifically plausible structure, coherent materials, restrained coloration unless canon requires otherwise, readable silhouette, consistent scale and anatomy or growth across all views, soft neutral studio lighting, pure black background for isolated references, full requested subject visibility, generous negative space, and PSD-friendly extraction. Habitat and biome outputs may use the canonical environment. No baked-in text, labels, watermark, logo, border, or UI.

Create four clearly different but canon-compliant versions. Preserve body plan or growth architecture, structural counts, environmental adaptations, materials, defining features, and locked coloration. Vary only permitted secondary proportions, markings, surface detail, minor ornamentation, natural wear, and pose or growth irregularity.

Recommended aspect ratio: 3:4.","text, labels, watermark, signature, logo, border, frame, UI, HUD, cropped subject, duplicate anatomy, contradictory anatomy, impossible balance, unsupported structures, random wings, random horns, humanoid default, fantasy armor, weapons, cartoon, anime, toy-like materials, excessive neon, excessive glow, oversaturated colors, busy background, motion blur, low resolution, compression artifacts, generic Earth copy, unsupported fantasy styling, traits conflicting with locked canon",1.0.0,canonical
NB2-CRE-IV-004-ELECTROMAGNETIC-LIFE-ORTHO-REAR,CRE-IV-004-ELECTROMAGNETIC-LIFE,Electromagnetic Life,ortho-rear,Orthographic Rear,3:4,"Create a canonical NOVERIS Nano Banana 2 visual for Electromagnetic Life: Orthographic Rear.

Canonical archetype:
A canonical electromagnetic life designed as a scientifically plausible lifeform whose body plan, support system, locomotion, sensing, metabolism, ecology, and environmental adaptations are internally coherent.

Required visual and biological rules:
• functional anatomy
• credible center of mass
• coherent locomotion
• environment-linked materials
• ecologically plausible scale
• stable field topology
• controlled luminosity
• readable nonhumanoid silhouette

Production request:
Create exact rear orthographic view.

Studio-resolved canonical values:
{{canonicalId}}, {{displayName}}, {{scientificName}}, {{originPlanet}}, {{planetType}}, {{biome}}, {{gravity}}, {{atmosphere}}, {{climate}}, {{temperatureRange}}, {{sizeScale}}, {{coloration}}, {{materials}}, {{distinctiveFeatures}}, {{lockedTraits}}, {{rarity}}, {{artDirection}}.

Preserve every locked canonical field exactly. The result must use NOVERIS Scientific Realism: premium AAA science-fiction quality, museum-grade reference presentation, scientifically plausible structure, coherent materials, restrained coloration unless canon requires otherwise, readable silhouette, consistent scale and anatomy or growth across all views, soft neutral studio lighting, pure black background for isolated references, full requested subject visibility, generous negative space, and PSD-friendly extraction. Habitat and biome outputs may use the canonical environment. No baked-in text, labels, watermark, logo, border, or UI.

Create four clearly different but canon-compliant versions. Preserve body plan or growth architecture, structural counts, environmental adaptations, materials, defining features, and locked coloration. Vary only permitted secondary proportions, markings, surface detail, minor ornamentation, natural wear, and pose or growth irregularity.

Recommended aspect ratio: 3:4.","text, labels, watermark, signature, logo, border, frame, UI, HUD, cropped subject, duplicate anatomy, contradictory anatomy, impossible balance, unsupported structures, random wings, random horns, humanoid default, fantasy armor, weapons, cartoon, anime, toy-like materials, excessive neon, excessive glow, oversaturated colors, busy background, motion blur, low resolution, compression artifacts, generic Earth copy, unsupported fantasy styling, traits conflicting with locked canon",1.0.0,canonical
NB2-CRE-IV-004-ELECTROMAGNETIC-LIFE-TURNAROUND,CRE-IV-004-ELECTROMAGNETIC-LIFE,Electromagnetic Life,turnaround,Turnaround Sheet,16:9,"Create a canonical NOVERIS Nano Banana 2 visual for Electromagnetic Life: Turnaround Sheet.

Canonical archetype:
A canonical electromagnetic life designed as a scientifically plausible lifeform whose body plan, support system, locomotion, sensing, metabolism, ecology, and environmental adaptations are internally coherent.

Required visual and biological rules:
• functional anatomy
• credible center of mass
• coherent locomotion
• environment-linked materials
• ecologically plausible scale
• stable field topology
• controlled luminosity
• readable nonhumanoid silhouette

Production request:
Create front, side, rear, top and underside at identical scale.

Studio-resolved canonical values:
{{canonicalId}}, {{displayName}}, {{scientificName}}, {{originPlanet}}, {{planetType}}, {{biome}}, {{gravity}}, {{atmosphere}}, {{climate}}, {{temperatureRange}}, {{sizeScale}}, {{coloration}}, {{materials}}, {{distinctiveFeatures}}, {{lockedTraits}}, {{rarity}}, {{artDirection}}.

Preserve every locked canonical field exactly. The result must use NOVERIS Scientific Realism: premium AAA science-fiction quality, museum-grade reference presentation, scientifically plausible structure, coherent materials, restrained coloration unless canon requires otherwise, readable silhouette, consistent scale and anatomy or growth across all views, soft neutral studio lighting, pure black background for isolated references, full requested subject visibility, generous negative space, and PSD-friendly extraction. Habitat and biome outputs may use the canonical environment. No baked-in text, labels, watermark, logo, border, or UI.

Create four clearly different but canon-compliant versions. Preserve body plan or growth architecture, structural counts, environmental adaptations, materials, defining features, and locked coloration. Vary only permitted secondary proportions, markings, surface detail, minor ornamentation, natural wear, and pose or growth irregularity.

Recommended aspect ratio: 16:9.","text, labels, watermark, signature, logo, border, frame, UI, HUD, cropped subject, duplicate anatomy, contradictory anatomy, impossible balance, unsupported structures, random wings, random horns, humanoid default, fantasy armor, weapons, cartoon, anime, toy-like materials, excessive neon, excessive glow, oversaturated colors, busy background, motion blur, low resolution, compression artifacts, generic Earth copy, unsupported fantasy styling, traits conflicting with locked canon",1.0.0,canonical
NB2-CRE-IV-004-ELECTROMAGNETIC-LIFE-SUPPORT,CRE-IV-004-ELECTROMAGNETIC-LIFE,Electromagnetic Life,support,Skeleton or Support Structure,16:9,"Create a canonical NOVERIS Nano Banana 2 visual for Electromagnetic Life: Skeleton or Support Structure.

Canonical archetype:
A canonical electromagnetic life designed as a scientifically plausible lifeform whose body plan, support system, locomotion, sensing, metabolism, ecology, and environmental adaptations are internally coherent.

Required visual and biological rules:
• functional anatomy
• credible center of mass
• coherent locomotion
• environment-linked materials
• ecologically plausible scale
• stable field topology
• controlled luminosity
• readable nonhumanoid silhouette

Production request:
Create complete mechanical support system and joint logic.

Studio-resolved canonical values:
{{canonicalId}}, {{displayName}}, {{scientificName}}, {{originPlanet}}, {{planetType}}, {{biome}}, {{gravity}}, {{atmosphere}}, {{climate}}, {{temperatureRange}}, {{sizeScale}}, {{coloration}}, {{materials}}, {{distinctiveFeatures}}, {{lockedTraits}}, {{rarity}}, {{artDirection}}.

Preserve every locked canonical field exactly. The result must use NOVERIS Scientific Realism: premium AAA science-fiction quality, museum-grade reference presentation, scientifically plausible structure, coherent materials, restrained coloration unless canon requires otherwise, readable silhouette, consistent scale and anatomy or growth across all views, soft neutral studio lighting, pure black background for isolated references, full requested subject visibility, generous negative space, and PSD-friendly extraction. Habitat and biome outputs may use the canonical environment. No baked-in text, labels, watermark, logo, border, or UI.

Create four clearly different but canon-compliant versions. Preserve body plan or growth architecture, structural counts, environmental adaptations, materials, defining features, and locked coloration. Vary only permitted secondary proportions, markings, surface detail, minor ornamentation, natural wear, and pose or growth irregularity.

Recommended aspect ratio: 16:9.","text, labels, watermark, signature, logo, border, frame, UI, HUD, cropped subject, duplicate anatomy, contradictory anatomy, impossible balance, unsupported structures, random wings, random horns, humanoid default, fantasy armor, weapons, cartoon, anime, toy-like materials, excessive neon, excessive glow, oversaturated colors, busy background, motion blur, low resolution, compression artifacts, generic Earth copy, unsupported fantasy styling, traits conflicting with locked canon",1.0.0,canonical
NB2-CRE-IV-004-ELECTROMAGNETIC-LIFE-ANATOMY,CRE-IV-004-ELECTROMAGNETIC-LIFE,Electromagnetic Life,anatomy,Internal Anatomy,16:9,"Create a canonical NOVERIS Nano Banana 2 visual for Electromagnetic Life: Internal Anatomy.

Canonical archetype:
A canonical electromagnetic life designed as a scientifically plausible lifeform whose body plan, support system, locomotion, sensing, metabolism, ecology, and environmental adaptations are internally coherent.

Required visual and biological rules:
• functional anatomy
• credible center of mass
• coherent locomotion
• environment-linked materials
• ecologically plausible scale
• stable field topology
• controlled luminosity
• readable nonhumanoid silhouette

Production request:
Create major respiratory, circulatory, digestive, sensory and reproductive systems.

Studio-resolved canonical values:
{{canonicalId}}, {{displayName}}, {{scientificName}}, {{originPlanet}}, {{planetType}}, {{biome}}, {{gravity}}, {{atmosphere}}, {{climate}}, {{temperatureRange}}, {{sizeScale}}, {{coloration}}, {{materials}}, {{distinctiveFeatures}}, {{lockedTraits}}, {{rarity}}, {{artDirection}}.

Preserve every locked canonical field exactly. The result must use NOVERIS Scientific Realism: premium AAA science-fiction quality, museum-grade reference presentation, scientifically plausible structure, coherent materials, restrained coloration unless canon requires otherwise, readable silhouette, consistent scale and anatomy or growth across all views, soft neutral studio lighting, pure black background for isolated references, full requested subject visibility, generous negative space, and PSD-friendly extraction. Habitat and biome outputs may use the canonical environment. No baked-in text, labels, watermark, logo, border, or UI.

Create four clearly different but canon-compliant versions. Preserve body plan or growth architecture, structural counts, environmental adaptations, materials, defining features, and locked coloration. Vary only permitted secondary proportions, markings, surface detail, minor ornamentation, natural wear, and pose or growth irregularity.

Recommended aspect ratio: 16:9.","text, labels, watermark, signature, logo, border, frame, UI, HUD, cropped subject, duplicate anatomy, contradictory anatomy, impossible balance, unsupported structures, random wings, random horns, humanoid default, fantasy armor, weapons, cartoon, anime, toy-like materials, excessive neon, excessive glow, oversaturated colors, busy background, motion blur, low resolution, compression artifacts, generic Earth copy, unsupported fantasy styling, traits conflicting with locked canon",1.0.0,canonical
NB2-CRE-IV-004-ELECTROMAGNETIC-LIFE-LIFECYCLE,CRE-IV-004-ELECTROMAGNETIC-LIFE,Electromagnetic Life,lifecycle,Lifecycle Sheet,16:9,"Create a canonical NOVERIS Nano Banana 2 visual for Electromagnetic Life: Lifecycle Sheet.

Canonical archetype:
A canonical electromagnetic life designed as a scientifically plausible lifeform whose body plan, support system, locomotion, sensing, metabolism, ecology, and environmental adaptations are internally coherent.

Required visual and biological rules:
• functional anatomy
• credible center of mass
• coherent locomotion
• environment-linked materials
• ecologically plausible scale
• stable field topology
• controlled luminosity
• readable nonhumanoid silhouette

Production request:
Create reproductive form, juvenile, adult and elder stages.

Studio-resolved canonical values:
{{canonicalId}}, {{displayName}}, {{scientificName}}, {{originPlanet}}, {{planetType}}, {{biome}}, {{gravity}}, {{atmosphere}}, {{climate}}, {{temperatureRange}}, {{sizeScale}}, {{coloration}}, {{materials}}, {{distinctiveFeatures}}, {{lockedTraits}}, {{rarity}}, {{artDirection}}.

Preserve every locked canonical field exactly. The result must use NOVERIS Scientific Realism: premium AAA science-fiction quality, museum-grade reference presentation, scientifically plausible structure, coherent materials, restrained coloration unless canon requires otherwise, readable silhouette, consistent scale and anatomy or growth across all views, soft neutral studio lighting, pure black background for isolated references, full requested subject visibility, generous negative space, and PSD-friendly extraction. Habitat and biome outputs may use the canonical environment. No baked-in text, labels, watermark, logo, border, or UI.

Create four clearly different but canon-compliant versions. Preserve body plan or growth architecture, structural counts, environmental adaptations, materials, defining features, and locked coloration. Vary only permitted secondary proportions, markings, surface detail, minor ornamentation, natural wear, and pose or growth irregularity.

Recommended aspect ratio: 16:9.","text, labels, watermark, signature, logo, border, frame, UI, HUD, cropped subject, duplicate anatomy, contradictory anatomy, impossible balance, unsupported structures, random wings, random horns, humanoid default, fantasy armor, weapons, cartoon, anime, toy-like materials, excessive neon, excessive glow, oversaturated colors, busy background, motion blur, low resolution, compression artifacts, generic Earth copy, unsupported fantasy styling, traits conflicting with locked canon",1.0.0,canonical
NB2-CRE-IV-004-ELECTROMAGNETIC-LIFE-VARIANTS,CRE-IV-004-ELECTROMAGNETIC-LIFE,Electromagnetic Life,variants,Canonical Variants,16:9,"Create a canonical NOVERIS Nano Banana 2 visual for Electromagnetic Life: Canonical Variants.

Canonical archetype:
A canonical electromagnetic life designed as a scientifically plausible lifeform whose body plan, support system, locomotion, sensing, metabolism, ecology, and environmental adaptations are internally coherent.

Required visual and biological rules:
• functional anatomy
• credible center of mass
• coherent locomotion
• environment-linked materials
• ecologically plausible scale
• stable field topology
• controlled luminosity
• readable nonhumanoid silhouette

Production request:
Create regional, seasonal, sex, caste, morph or engineered variants.

Studio-resolved canonical values:
{{canonicalId}}, {{displayName}}, {{scientificName}}, {{originPlanet}}, {{planetType}}, {{biome}}, {{gravity}}, {{atmosphere}}, {{climate}}, {{temperatureRange}}, {{sizeScale}}, {{coloration}}, {{materials}}, {{distinctiveFeatures}}, {{lockedTraits}}, {{rarity}}, {{artDirection}}.

Preserve every locked canonical field exactly. The result must use NOVERIS Scientific Realism: premium AAA science-fiction quality, museum-grade reference presentation, scientifically plausible structure, coherent materials, restrained coloration unless canon requires otherwise, readable silhouette, consistent scale and anatomy or growth across all views, soft neutral studio lighting, pure black background for isolated references, full requested subject visibility, generous negative space, and PSD-friendly extraction. Habitat and biome outputs may use the canonical environment. No baked-in text, labels, watermark, logo, border, or UI.

Create four clearly different but canon-compliant versions. Preserve body plan or growth architecture, structural counts, environmental adaptations, materials, defining features, and locked coloration. Vary only permitted secondary proportions, markings, surface detail, minor ornamentation, natural wear, and pose or growth irregularity.

Recommended aspect ratio: 16:9.","text, labels, watermark, signature, logo, border, frame, UI, HUD, cropped subject, duplicate anatomy, contradictory anatomy, impossible balance, unsupported structures, random wings, random horns, humanoid default, fantasy armor, weapons, cartoon, anime, toy-like materials, excessive neon, excessive glow, oversaturated colors, busy background, motion blur, low resolution, compression artifacts, generic Earth copy, unsupported fantasy styling, traits conflicting with locked canon",1.0.0,canonical
NB2-CRE-IV-004-ELECTROMAGNETIC-LIFE-BEHAVIOR,CRE-IV-004-ELECTROMAGNETIC-LIFE,Electromagnetic Life,behavior,Behavior Sheet,16:9,"Create a canonical NOVERIS Nano Banana 2 visual for Electromagnetic Life: Behavior Sheet.

Canonical archetype:
A canonical electromagnetic life designed as a scientifically plausible lifeform whose body plan, support system, locomotion, sensing, metabolism, ecology, and environmental adaptations are internally coherent.

Required visual and biological rules:
• functional anatomy
• credible center of mass
• coherent locomotion
• environment-linked materials
• ecologically plausible scale
• stable field topology
• controlled luminosity
• readable nonhumanoid silhouette

Production request:
Create idle, feeding, locomotion, social, defense and rest.

Studio-resolved canonical values:
{{canonicalId}}, {{displayName}}, {{scientificName}}, {{originPlanet}}, {{planetType}}, {{biome}}, {{gravity}}, {{atmosphere}}, {{climate}}, {{temperatureRange}}, {{sizeScale}}, {{coloration}}, {{materials}}, {{distinctiveFeatures}}, {{lockedTraits}}, {{rarity}}, {{artDirection}}.

Preserve every locked canonical field exactly. The result must use NOVERIS Scientific Realism: premium AAA science-fiction quality, museum-grade reference presentation, scientifically plausible structure, coherent materials, restrained coloration unless canon requires otherwise, readable silhouette, consistent scale and anatomy or growth across all views, soft neutral studio lighting, pure black background for isolated references, full requested subject visibility, generous negative space, and PSD-friendly extraction. Habitat and biome outputs may use the canonical environment. No baked-in text, labels, watermark, logo, border, or UI.

Create four clearly different but canon-compliant versions. Preserve body plan or growth architecture, structural counts, environmental adaptations, materials, defining features, and locked coloration. Vary only permitted secondary proportions, markings, surface detail, minor ornamentation, natural wear, and pose or growth irregularity.

Recommended aspect ratio: 16:9.","text, labels, watermark, signature, logo, border, frame, UI, HUD, cropped subject, duplicate anatomy, contradictory anatomy, impossible balance, unsupported structures, random wings, random horns, humanoid default, fantasy armor, weapons, cartoon, anime, toy-like materials, excessive neon, excessive glow, oversaturated colors, busy background, motion blur, low resolution, compression artifacts, generic Earth copy, unsupported fantasy styling, traits conflicting with locked canon",1.0.0,canonical
NB2-CRE-IV-004-ELECTROMAGNETIC-LIFE-HABITAT,CRE-IV-004-ELECTROMAGNETIC-LIFE,Electromagnetic Life,habitat,Native Habitat Scene,16:9,"Create a canonical NOVERIS Nano Banana 2 visual for Electromagnetic Life: Native Habitat Scene.

Canonical archetype:
A canonical electromagnetic life designed as a scientifically plausible lifeform whose body plan, support system, locomotion, sensing, metabolism, ecology, and environmental adaptations are internally coherent.

Required visual and biological rules:
• functional anatomy
• credible center of mass
• coherent locomotion
• environment-linked materials
• ecologically plausible scale
• stable field topology
• controlled luminosity
• readable nonhumanoid silhouette

Production request:
Create natural behavior in canonical planet and biome.

Studio-resolved canonical values:
{{canonicalId}}, {{displayName}}, {{scientificName}}, {{originPlanet}}, {{planetType}}, {{biome}}, {{gravity}}, {{atmosphere}}, {{climate}}, {{temperatureRange}}, {{sizeScale}}, {{coloration}}, {{materials}}, {{distinctiveFeatures}}, {{lockedTraits}}, {{rarity}}, {{artDirection}}.

Preserve every locked canonical field exactly. The result must use NOVERIS Scientific Realism: premium AAA science-fiction quality, museum-grade reference presentation, scientifically plausible structure, coherent materials, restrained coloration unless canon requires otherwise, readable silhouette, consistent scale and anatomy or growth across all views, soft neutral studio lighting, pure black background for isolated references, full requested subject visibility, generous negative space, and PSD-friendly extraction. Habitat and biome outputs may use the canonical environment. No baked-in text, labels, watermark, logo, border, or UI.

Create four clearly different but canon-compliant versions. Preserve body plan or growth architecture, structural counts, environmental adaptations, materials, defining features, and locked coloration. Vary only permitted secondary proportions, markings, surface detail, minor ornamentation, natural wear, and pose or growth irregularity.

Recommended aspect ratio: 16:9.","text, labels, watermark, signature, logo, border, frame, UI, HUD, cropped subject, duplicate anatomy, contradictory anatomy, impossible balance, unsupported structures, random wings, random horns, humanoid default, fantasy armor, weapons, cartoon, anime, toy-like materials, excessive neon, excessive glow, oversaturated colors, busy background, motion blur, low resolution, compression artifacts, generic Earth copy, unsupported fantasy styling, traits conflicting with locked canon",1.0.0,canonical
NB2-CRE-IV-004-ELECTROMAGNETIC-LIFE-DISCOVERY,CRE-IV-004-ELECTROMAGNETIC-LIFE,Electromagnetic Life,discovery,Discovery Scan,16:9,"Create a canonical NOVERIS Nano Banana 2 visual for Electromagnetic Life: Discovery Scan.

Canonical archetype:
A canonical electromagnetic life designed as a scientifically plausible lifeform whose body plan, support system, locomotion, sensing, metabolism, ecology, and environmental adaptations are internally coherent.

Required visual and biological rules:
• functional anatomy
• credible center of mass
• coherent locomotion
• environment-linked materials
• ecologically plausible scale
• stable field topology
• controlled luminosity
• readable nonhumanoid silhouette

Production request:
Create centered scientific scan source without labels.

Studio-resolved canonical values:
{{canonicalId}}, {{displayName}}, {{scientificName}}, {{originPlanet}}, {{planetType}}, {{biome}}, {{gravity}}, {{atmosphere}}, {{climate}}, {{temperatureRange}}, {{sizeScale}}, {{coloration}}, {{materials}}, {{distinctiveFeatures}}, {{lockedTraits}}, {{rarity}}, {{artDirection}}.

Preserve every locked canonical field exactly. The result must use NOVERIS Scientific Realism: premium AAA science-fiction quality, museum-grade reference presentation, scientifically plausible structure, coherent materials, restrained coloration unless canon requires otherwise, readable silhouette, consistent scale and anatomy or growth across all views, soft neutral studio lighting, pure black background for isolated references, full requested subject visibility, generous negative space, and PSD-friendly extraction. Habitat and biome outputs may use the canonical environment. No baked-in text, labels, watermark, logo, border, or UI.

Create four clearly different but canon-compliant versions. Preserve body plan or growth architecture, structural counts, environmental adaptations, materials, defining features, and locked coloration. Vary only permitted secondary proportions, markings, surface detail, minor ornamentation, natural wear, and pose or growth irregularity.

Recommended aspect ratio: 16:9.","text, labels, watermark, signature, logo, border, frame, UI, HUD, cropped subject, duplicate anatomy, contradictory anatomy, impossible balance, unsupported structures, random wings, random horns, humanoid default, fantasy armor, weapons, cartoon, anime, toy-like materials, excessive neon, excessive glow, oversaturated colors, busy background, motion blur, low resolution, compression artifacts, generic Earth copy, unsupported fantasy styling, traits conflicting with locked canon",1.0.0,canonical
NB2-CRE-IV-004-ELECTROMAGNETIC-LIFE-ICON,CRE-IV-004-ELECTROMAGNETIC-LIFE,Electromagnetic Life,icon,UI Icon,1:1,"Create a canonical NOVERIS Nano Banana 2 visual for Electromagnetic Life: UI Icon.

Canonical archetype:
A canonical electromagnetic life designed as a scientifically plausible lifeform whose body plan, support system, locomotion, sensing, metabolism, ecology, and environmental adaptations are internally coherent.

Required visual and biological rules:
• functional anatomy
• credible center of mass
• coherent locomotion
• environment-linked materials
• ecologically plausible scale
• stable field topology
• controlled luminosity
• readable nonhumanoid silhouette

Production request:
Create isolated silhouette readable at 64 pixels.

Studio-resolved canonical values:
{{canonicalId}}, {{displayName}}, {{scientificName}}, {{originPlanet}}, {{planetType}}, {{biome}}, {{gravity}}, {{atmosphere}}, {{climate}}, {{temperatureRange}}, {{sizeScale}}, {{coloration}}, {{materials}}, {{distinctiveFeatures}}, {{lockedTraits}}, {{rarity}}, {{artDirection}}.

Preserve every locked canonical field exactly. The result must use NOVERIS Scientific Realism: premium AAA science-fiction quality, museum-grade reference presentation, scientifically plausible structure, coherent materials, restrained coloration unless canon requires otherwise, readable silhouette, consistent scale and anatomy or growth across all views, soft neutral studio lighting, pure black background for isolated references, full requested subject visibility, generous negative space, and PSD-friendly extraction. Habitat and biome outputs may use the canonical environment. No baked-in text, labels, watermark, logo, border, or UI.

Create four clearly different but canon-compliant versions. Preserve body plan or growth architecture, structural counts, environmental adaptations, materials, defining features, and locked coloration. Vary only permitted secondary proportions, markings, surface detail, minor ornamentation, natural wear, and pose or growth irregularity.

Recommended aspect ratio: 1:1.","text, labels, watermark, signature, logo, border, frame, UI, HUD, cropped subject, duplicate anatomy, contradictory anatomy, impossible balance, unsupported structures, random wings, random horns, humanoid default, fantasy armor, weapons, cartoon, anime, toy-like materials, excessive neon, excessive glow, oversaturated colors, busy background, motion blur, low resolution, compression artifacts, generic Earth copy, unsupported fantasy styling, traits conflicting with locked canon",1.0.0,canonical
NB2-CRE-IV-004-ELECTROMAGNETIC-LIFE-SCALE,CRE-IV-004-ELECTROMAGNETIC-LIFE,Electromagnetic Life,scale,Scale Comparison,16:9,"Create a canonical NOVERIS Nano Banana 2 visual for Electromagnetic Life: Scale Comparison.

Canonical archetype:
A canonical electromagnetic life designed as a scientifically plausible lifeform whose body plan, support system, locomotion, sensing, metabolism, ecology, and environmental adaptations are internally coherent.

Required visual and biological rules:
• functional anatomy
• credible center of mass
• coherent locomotion
• environment-linked materials
• ecologically plausible scale
• stable field topology
• controlled luminosity
• readable nonhumanoid silhouette

Production request:
Create side view with adult human silhouette and one-meter bar.

Studio-resolved canonical values:
{{canonicalId}}, {{displayName}}, {{scientificName}}, {{originPlanet}}, {{planetType}}, {{biome}}, {{gravity}}, {{atmosphere}}, {{climate}}, {{temperatureRange}}, {{sizeScale}}, {{coloration}}, {{materials}}, {{distinctiveFeatures}}, {{lockedTraits}}, {{rarity}}, {{artDirection}}.

Preserve every locked canonical field exactly. The result must use NOVERIS Scientific Realism: premium AAA science-fiction quality, museum-grade reference presentation, scientifically plausible structure, coherent materials, restrained coloration unless canon requires otherwise, readable silhouette, consistent scale and anatomy or growth across all views, soft neutral studio lighting, pure black background for isolated references, full requested subject visibility, generous negative space, and PSD-friendly extraction. Habitat and biome outputs may use the canonical environment. No baked-in text, labels, watermark, logo, border, or UI.

Create four clearly different but canon-compliant versions. Preserve body plan or growth architecture, structural counts, environmental adaptations, materials, defining features, and locked coloration. Vary only permitted secondary proportions, markings, surface detail, minor ornamentation, natural wear, and pose or growth irregularity.

Recommended aspect ratio: 16:9.","text, labels, watermark, signature, logo, border, frame, UI, HUD, cropped subject, duplicate anatomy, contradictory anatomy, impossible balance, unsupported structures, random wings, random horns, humanoid default, fantasy armor, weapons, cartoon, anime, toy-like materials, excessive neon, excessive glow, oversaturated colors, busy background, motion blur, low resolution, compression artifacts, generic Earth copy, unsupported fantasy styling, traits conflicting with locked canon",1.0.0,canonical
NB2-CRE-IV-004-ELECTROMAGNETIC-LIFE-SPECIES-PLATE,CRE-IV-004-ELECTROMAGNETIC-LIFE,Electromagnetic Life,species-plate,Master Species Plate,16:9,"Create a canonical NOVERIS Nano Banana 2 visual for Electromagnetic Life: Master Species Plate.

Canonical archetype:
A canonical electromagnetic life designed as a scientifically plausible lifeform whose body plan, support system, locomotion, sensing, metabolism, ecology, and environmental adaptations are internally coherent.

Required visual and biological rules:
• functional anatomy
• credible center of mass
• coherent locomotion
• environment-linked materials
• ecologically plausible scale
• stable field topology
• controlled luminosity
• readable nonhumanoid silhouette

Production request:
Create full body, portrait, views, support system, lifecycle, variants, materials and habitat vignette.

Studio-resolved canonical values:
{{canonicalId}}, {{displayName}}, {{scientificName}}, {{originPlanet}}, {{planetType}}, {{biome}}, {{gravity}}, {{atmosphere}}, {{climate}}, {{temperatureRange}}, {{sizeScale}}, {{coloration}}, {{materials}}, {{distinctiveFeatures}}, {{lockedTraits}}, {{rarity}}, {{artDirection}}.

Preserve every locked canonical field exactly. The result must use NOVERIS Scientific Realism: premium AAA science-fiction quality, museum-grade reference presentation, scientifically plausible structure, coherent materials, restrained coloration unless canon requires otherwise, readable silhouette, consistent scale and anatomy or growth across all views, soft neutral studio lighting, pure black background for isolated references, full requested subject visibility, generous negative space, and PSD-friendly extraction. Habitat and biome outputs may use the canonical environment. No baked-in text, labels, watermark, logo, border, or UI.

Create four clearly different but canon-compliant versions. Preserve body plan or growth architecture, structural counts, environmental adaptations, materials, defining features, and locked coloration. Vary only permitted secondary proportions, markings, surface detail, minor ornamentation, natural wear, and pose or growth irregularity.

Recommended aspect ratio: 16:9.","text, labels, watermark, signature, logo, border, frame, UI, HUD, cropped subject, duplicate anatomy, contradictory anatomy, impossible balance, unsupported structures, random wings, random horns, humanoid default, fantasy armor, weapons, cartoon, anime, toy-like materials, excessive neon, excessive glow, oversaturated colors, busy background, motion blur, low resolution, compression artifacts, generic Earth copy, unsupported fantasy styling, traits conflicting with locked canon",1.0.0,canonical
NB2-CRE-IV-004-ELECTROMAGNETIC-LIFE-ANIMATION,CRE-IV-004-ELECTROMAGNETIC-LIFE,Electromagnetic Life,animation,Animation Reference,16:9,"Create a canonical NOVERIS Nano Banana 2 visual for Electromagnetic Life: Animation Reference.

Canonical archetype:
A canonical electromagnetic life designed as a scientifically plausible lifeform whose body plan, support system, locomotion, sensing, metabolism, ecology, and environmental adaptations are internally coherent.

Required visual and biological rules:
• functional anatomy
• credible center of mass
• coherent locomotion
• environment-linked materials
• ecologically plausible scale
• stable field topology
• controlled luminosity
• readable nonhumanoid silhouette

Production request:
Create idle, locomotion, interaction, feeding, defense, rest and death or shutdown.

Studio-resolved canonical values:
{{canonicalId}}, {{displayName}}, {{scientificName}}, {{originPlanet}}, {{planetType}}, {{biome}}, {{gravity}}, {{atmosphere}}, {{climate}}, {{temperatureRange}}, {{sizeScale}}, {{coloration}}, {{materials}}, {{distinctiveFeatures}}, {{lockedTraits}}, {{rarity}}, {{artDirection}}.

Preserve every locked canonical field exactly. The result must use NOVERIS Scientific Realism: premium AAA science-fiction quality, museum-grade reference presentation, scientifically plausible structure, coherent materials, restrained coloration unless canon requires otherwise, readable silhouette, consistent scale and anatomy or growth across all views, soft neutral studio lighting, pure black background for isolated references, full requested subject visibility, generous negative space, and PSD-friendly extraction. Habitat and biome outputs may use the canonical environment. No baked-in text, labels, watermark, logo, border, or UI.

Create four clearly different but canon-compliant versions. Preserve body plan or growth architecture, structural counts, environmental adaptations, materials, defining features, and locked coloration. Vary only permitted secondary proportions, markings, surface detail, minor ornamentation, natural wear, and pose or growth irregularity.

Recommended aspect ratio: 16:9.","text, labels, watermark, signature, logo, border, frame, UI, HUD, cropped subject, duplicate anatomy, contradictory anatomy, impossible balance, unsupported structures, random wings, random horns, humanoid default, fantasy armor, weapons, cartoon, anime, toy-like materials, excessive neon, excessive glow, oversaturated colors, busy background, motion blur, low resolution, compression artifacts, generic Earth copy, unsupported fantasy styling, traits conflicting with locked canon",1.0.0,canonical
NB2-CRE-IV-004-ELECTROMAGNETIC-LIFE-PSD,CRE-IV-004-ELECTROMAGNETIC-LIFE,Electromagnetic Life,psd,PSD Extraction Board,16:9,"Create a canonical NOVERIS Nano Banana 2 visual for Electromagnetic Life: PSD Extraction Board.

Canonical archetype:
A canonical electromagnetic life designed as a scientifically plausible lifeform whose body plan, support system, locomotion, sensing, metabolism, ecology, and environmental adaptations are internally coherent.

Required visual and biological rules:
• functional anatomy
• credible center of mass
• coherent locomotion
• environment-linked materials
• ecologically plausible scale
• stable field topology
• controlled luminosity
• readable nonhumanoid silhouette

Production request:
Create isolated whole subject, major parts, silhouette and material references.

Studio-resolved canonical values:
{{canonicalId}}, {{displayName}}, {{scientificName}}, {{originPlanet}}, {{planetType}}, {{biome}}, {{gravity}}, {{atmosphere}}, {{climate}}, {{temperatureRange}}, {{sizeScale}}, {{coloration}}, {{materials}}, {{distinctiveFeatures}}, {{lockedTraits}}, {{rarity}}, {{artDirection}}.

Preserve every locked canonical field exactly. The result must use NOVERIS Scientific Realism: premium AAA science-fiction quality, museum-grade reference presentation, scientifically plausible structure, coherent materials, restrained coloration unless canon requires otherwise, readable silhouette, consistent scale and anatomy or growth across all views, soft neutral studio lighting, pure black background for isolated references, full requested subject visibility, generous negative space, and PSD-friendly extraction. Habitat and biome outputs may use the canonical environment. No baked-in text, labels, watermark, logo, border, or UI.

Create four clearly different but canon-compliant versions. Preserve body plan or growth architecture, structural counts, environmental adaptations, materials, defining features, and locked coloration. Vary only permitted secondary proportions, markings, surface detail, minor ornamentation, natural wear, and pose or growth irregularity.

Recommended aspect ratio: 16:9.","text, labels, watermark, signature, logo, border, frame, UI, HUD, cropped subject, duplicate anatomy, contradictory anatomy, impossible balance, unsupported structures, random wings, random horns, humanoid default, fantasy armor, weapons, cartoon, anime, toy-like materials, excessive neon, excessive glow, oversaturated colors, busy background, motion blur, low resolution, compression artifacts, generic Earth copy, unsupported fantasy styling, traits conflicting with locked canon",1.0.0,canonical
NB2-CRE-IV-005-PHOTONIC-LIFE-FULL-BODY,CRE-IV-005-PHOTONIC-LIFE,Photonic Life,full-body,Full Body Production Render,3:4,"Create a canonical NOVERIS Nano Banana 2 visual for Photonic Life: Full Body Production Render.

Canonical archetype:
A canonical photonic life designed as a scientifically plausible lifeform whose body plan, support system, locomotion, sensing, metabolism, ecology, and environmental adaptations are internally coherent.

Required visual and biological rules:
• functional anatomy
• credible center of mass
• coherent locomotion
• environment-linked materials
• ecologically plausible scale
• stable field topology
• controlled luminosity
• readable nonhumanoid silhouette

Production request:
Create complete mature specimen, neutral pose, entire body visible.

Studio-resolved canonical values:
{{canonicalId}}, {{displayName}}, {{scientificName}}, {{originPlanet}}, {{planetType}}, {{biome}}, {{gravity}}, {{atmosphere}}, {{climate}}, {{temperatureRange}}, {{sizeScale}}, {{coloration}}, {{materials}}, {{distinctiveFeatures}}, {{lockedTraits}}, {{rarity}}, {{artDirection}}.

Preserve every locked canonical field exactly. The result must use NOVERIS Scientific Realism: premium AAA science-fiction quality, museum-grade reference presentation, scientifically plausible structure, coherent materials, restrained coloration unless canon requires otherwise, readable silhouette, consistent scale and anatomy or growth across all views, soft neutral studio lighting, pure black background for isolated references, full requested subject visibility, generous negative space, and PSD-friendly extraction. Habitat and biome outputs may use the canonical environment. No baked-in text, labels, watermark, logo, border, or UI.

Create four clearly different but canon-compliant versions. Preserve body plan or growth architecture, structural counts, environmental adaptations, materials, defining features, and locked coloration. Vary only permitted secondary proportions, markings, surface detail, minor ornamentation, natural wear, and pose or growth irregularity.

Recommended aspect ratio: 3:4.","text, labels, watermark, signature, logo, border, frame, UI, HUD, cropped subject, duplicate anatomy, contradictory anatomy, impossible balance, unsupported structures, random wings, random horns, humanoid default, fantasy armor, weapons, cartoon, anime, toy-like materials, excessive neon, excessive glow, oversaturated colors, busy background, motion blur, low resolution, compression artifacts, generic Earth copy, unsupported fantasy styling, traits conflicting with locked canon",1.0.0,canonical
NB2-CRE-IV-005-PHOTONIC-LIFE-PORTRAIT,CRE-IV-005-PHOTONIC-LIFE,Photonic Life,portrait,Portrait,1:1,"Create a canonical NOVERIS Nano Banana 2 visual for Photonic Life: Portrait.

Canonical archetype:
A canonical photonic life designed as a scientifically plausible lifeform whose body plan, support system, locomotion, sensing, metabolism, ecology, and environmental adaptations are internally coherent.

Required visual and biological rules:
• functional anatomy
• credible center of mass
• coherent locomotion
• environment-linked materials
• ecologically plausible scale
• stable field topology
• controlled luminosity
• readable nonhumanoid silhouette

Production request:
Create head and upper body emphasizing sensory anatomy and defining materials.

Studio-resolved canonical values:
{{canonicalId}}, {{displayName}}, {{scientificName}}, {{originPlanet}}, {{planetType}}, {{biome}}, {{gravity}}, {{atmosphere}}, {{climate}}, {{temperatureRange}}, {{sizeScale}}, {{coloration}}, {{materials}}, {{distinctiveFeatures}}, {{lockedTraits}}, {{rarity}}, {{artDirection}}.

Preserve every locked canonical field exactly. The result must use NOVERIS Scientific Realism: premium AAA science-fiction quality, museum-grade reference presentation, scientifically plausible structure, coherent materials, restrained coloration unless canon requires otherwise, readable silhouette, consistent scale and anatomy or growth across all views, soft neutral studio lighting, pure black background for isolated references, full requested subject visibility, generous negative space, and PSD-friendly extraction. Habitat and biome outputs may use the canonical environment. No baked-in text, labels, watermark, logo, border, or UI.

Create four clearly different but canon-compliant versions. Preserve body plan or growth architecture, structural counts, environmental adaptations, materials, defining features, and locked coloration. Vary only permitted secondary proportions, markings, surface detail, minor ornamentation, natural wear, and pose or growth irregularity.

Recommended aspect ratio: 1:1.","text, labels, watermark, signature, logo, border, frame, UI, HUD, cropped subject, duplicate anatomy, contradictory anatomy, impossible balance, unsupported structures, random wings, random horns, humanoid default, fantasy armor, weapons, cartoon, anime, toy-like materials, excessive neon, excessive glow, oversaturated colors, busy background, motion blur, low resolution, compression artifacts, generic Earth copy, unsupported fantasy styling, traits conflicting with locked canon",1.0.0,canonical
NB2-CRE-IV-005-PHOTONIC-LIFE-ORTHO-FRONT,CRE-IV-005-PHOTONIC-LIFE,Photonic Life,ortho-front,Orthographic Front,3:4,"Create a canonical NOVERIS Nano Banana 2 visual for Photonic Life: Orthographic Front.

Canonical archetype:
A canonical photonic life designed as a scientifically plausible lifeform whose body plan, support system, locomotion, sensing, metabolism, ecology, and environmental adaptations are internally coherent.

Required visual and biological rules:
• functional anatomy
• credible center of mass
• coherent locomotion
• environment-linked materials
• ecologically plausible scale
• stable field topology
• controlled luminosity
• readable nonhumanoid silhouette

Production request:
Create exact front orthographic view.

Studio-resolved canonical values:
{{canonicalId}}, {{displayName}}, {{scientificName}}, {{originPlanet}}, {{planetType}}, {{biome}}, {{gravity}}, {{atmosphere}}, {{climate}}, {{temperatureRange}}, {{sizeScale}}, {{coloration}}, {{materials}}, {{distinctiveFeatures}}, {{lockedTraits}}, {{rarity}}, {{artDirection}}.

Preserve every locked canonical field exactly. The result must use NOVERIS Scientific Realism: premium AAA science-fiction quality, museum-grade reference presentation, scientifically plausible structure, coherent materials, restrained coloration unless canon requires otherwise, readable silhouette, consistent scale and anatomy or growth across all views, soft neutral studio lighting, pure black background for isolated references, full requested subject visibility, generous negative space, and PSD-friendly extraction. Habitat and biome outputs may use the canonical environment. No baked-in text, labels, watermark, logo, border, or UI.

Create four clearly different but canon-compliant versions. Preserve body plan or growth architecture, structural counts, environmental adaptations, materials, defining features, and locked coloration. Vary only permitted secondary proportions, markings, surface detail, minor ornamentation, natural wear, and pose or growth irregularity.

Recommended aspect ratio: 3:4.","text, labels, watermark, signature, logo, border, frame, UI, HUD, cropped subject, duplicate anatomy, contradictory anatomy, impossible balance, unsupported structures, random wings, random horns, humanoid default, fantasy armor, weapons, cartoon, anime, toy-like materials, excessive neon, excessive glow, oversaturated colors, busy background, motion blur, low resolution, compression artifacts, generic Earth copy, unsupported fantasy styling, traits conflicting with locked canon",1.0.0,canonical
NB2-CRE-IV-005-PHOTONIC-LIFE-ORTHO-SIDE,CRE-IV-005-PHOTONIC-LIFE,Photonic Life,ortho-side,Orthographic Side,3:4,"Create a canonical NOVERIS Nano Banana 2 visual for Photonic Life: Orthographic Side.

Canonical archetype:
A canonical photonic life designed as a scientifically plausible lifeform whose body plan, support system, locomotion, sensing, metabolism, ecology, and environmental adaptations are internally coherent.

Required visual and biological rules:
• functional anatomy
• credible center of mass
• coherent locomotion
• environment-linked materials
• ecologically plausible scale
• stable field topology
• controlled luminosity
• readable nonhumanoid silhouette

Production request:
Create exact side orthographic view.

Studio-resolved canonical values:
{{canonicalId}}, {{displayName}}, {{scientificName}}, {{originPlanet}}, {{planetType}}, {{biome}}, {{gravity}}, {{atmosphere}}, {{climate}}, {{temperatureRange}}, {{sizeScale}}, {{coloration}}, {{materials}}, {{distinctiveFeatures}}, {{lockedTraits}}, {{rarity}}, {{artDirection}}.

Preserve every locked canonical field exactly. The result must use NOVERIS Scientific Realism: premium AAA science-fiction quality, museum-grade reference presentation, scientifically plausible structure, coherent materials, restrained coloration unless canon requires otherwise, readable silhouette, consistent scale and anatomy or growth across all views, soft neutral studio lighting, pure black background for isolated references, full requested subject visibility, generous negative space, and PSD-friendly extraction. Habitat and biome outputs may use the canonical environment. No baked-in text, labels, watermark, logo, border, or UI.

Create four clearly different but canon-compliant versions. Preserve body plan or growth architecture, structural counts, environmental adaptations, materials, defining features, and locked coloration. Vary only permitted secondary proportions, markings, surface detail, minor ornamentation, natural wear, and pose or growth irregularity.

Recommended aspect ratio: 3:4.","text, labels, watermark, signature, logo, border, frame, UI, HUD, cropped subject, duplicate anatomy, contradictory anatomy, impossible balance, unsupported structures, random wings, random horns, humanoid default, fantasy armor, weapons, cartoon, anime, toy-like materials, excessive neon, excessive glow, oversaturated colors, busy background, motion blur, low resolution, compression artifacts, generic Earth copy, unsupported fantasy styling, traits conflicting with locked canon",1.0.0,canonical
NB2-CRE-IV-005-PHOTONIC-LIFE-ORTHO-REAR,CRE-IV-005-PHOTONIC-LIFE,Photonic Life,ortho-rear,Orthographic Rear,3:4,"Create a canonical NOVERIS Nano Banana 2 visual for Photonic Life: Orthographic Rear.

Canonical archetype:
A canonical photonic life designed as a scientifically plausible lifeform whose body plan, support system, locomotion, sensing, metabolism, ecology, and environmental adaptations are internally coherent.

Required visual and biological rules:
• functional anatomy
• credible center of mass
• coherent locomotion
• environment-linked materials
• ecologically plausible scale
• stable field topology
• controlled luminosity
• readable nonhumanoid silhouette

Production request:
Create exact rear orthographic view.

Studio-resolved canonical values:
{{canonicalId}}, {{displayName}}, {{scientificName}}, {{originPlanet}}, {{planetType}}, {{biome}}, {{gravity}}, {{atmosphere}}, {{climate}}, {{temperatureRange}}, {{sizeScale}}, {{coloration}}, {{materials}}, {{distinctiveFeatures}}, {{lockedTraits}}, {{rarity}}, {{artDirection}}.

Preserve every locked canonical field exactly. The result must use NOVERIS Scientific Realism: premium AAA science-fiction quality, museum-grade reference presentation, scientifically plausible structure, coherent materials, restrained coloration unless canon requires otherwise, readable silhouette, consistent scale and anatomy or growth across all views, soft neutral studio lighting, pure black background for isolated references, full requested subject visibility, generous negative space, and PSD-friendly extraction. Habitat and biome outputs may use the canonical environment. No baked-in text, labels, watermark, logo, border, or UI.

Create four clearly different but canon-compliant versions. Preserve body plan or growth architecture, structural counts, environmental adaptations, materials, defining features, and locked coloration. Vary only permitted secondary proportions, markings, surface detail, minor ornamentation, natural wear, and pose or growth irregularity.

Recommended aspect ratio: 3:4.","text, labels, watermark, signature, logo, border, frame, UI, HUD, cropped subject, duplicate anatomy, contradictory anatomy, impossible balance, unsupported structures, random wings, random horns, humanoid default, fantasy armor, weapons, cartoon, anime, toy-like materials, excessive neon, excessive glow, oversaturated colors, busy background, motion blur, low resolution, compression artifacts, generic Earth copy, unsupported fantasy styling, traits conflicting with locked canon",1.0.0,canonical
NB2-CRE-IV-005-PHOTONIC-LIFE-TURNAROUND,CRE-IV-005-PHOTONIC-LIFE,Photonic Life,turnaround,Turnaround Sheet,16:9,"Create a canonical NOVERIS Nano Banana 2 visual for Photonic Life: Turnaround Sheet.

Canonical archetype:
A canonical photonic life designed as a scientifically plausible lifeform whose body plan, support system, locomotion, sensing, metabolism, ecology, and environmental adaptations are internally coherent.

Required visual and biological rules:
• functional anatomy
• credible center of mass
• coherent locomotion
• environment-linked materials
• ecologically plausible scale
• stable field topology
• controlled luminosity
• readable nonhumanoid silhouette

Production request:
Create front, side, rear, top and underside at identical scale.

Studio-resolved canonical values:
{{canonicalId}}, {{displayName}}, {{scientificName}}, {{originPlanet}}, {{planetType}}, {{biome}}, {{gravity}}, {{atmosphere}}, {{climate}}, {{temperatureRange}}, {{sizeScale}}, {{coloration}}, {{materials}}, {{distinctiveFeatures}}, {{lockedTraits}}, {{rarity}}, {{artDirection}}.

Preserve every locked canonical field exactly. The result must use NOVERIS Scientific Realism: premium AAA science-fiction quality, museum-grade reference presentation, scientifically plausible structure, coherent materials, restrained coloration unless canon requires otherwise, readable silhouette, consistent scale and anatomy or growth across all views, soft neutral studio lighting, pure black background for isolated references, full requested subject visibility, generous negative space, and PSD-friendly extraction. Habitat and biome outputs may use the canonical environment. No baked-in text, labels, watermark, logo, border, or UI.

Create four clearly different but canon-compliant versions. Preserve body plan or growth architecture, structural counts, environmental adaptations, materials, defining features, and locked coloration. Vary only permitted secondary proportions, markings, surface detail, minor ornamentation, natural wear, and pose or growth irregularity.

Recommended aspect ratio: 16:9.","text, labels, watermark, signature, logo, border, frame, UI, HUD, cropped subject, duplicate anatomy, contradictory anatomy, impossible balance, unsupported structures, random wings, random horns, humanoid default, fantasy armor, weapons, cartoon, anime, toy-like materials, excessive neon, excessive glow, oversaturated colors, busy background, motion blur, low resolution, compression artifacts, generic Earth copy, unsupported fantasy styling, traits conflicting with locked canon",1.0.0,canonical
NB2-CRE-IV-005-PHOTONIC-LIFE-SUPPORT,CRE-IV-005-PHOTONIC-LIFE,Photonic Life,support,Skeleton or Support Structure,16:9,"Create a canonical NOVERIS Nano Banana 2 visual for Photonic Life: Skeleton or Support Structure.

Canonical archetype:
A canonical photonic life designed as a scientifically plausible lifeform whose body plan, support system, locomotion, sensing, metabolism, ecology, and environmental adaptations are internally coherent.

Required visual and biological rules:
• functional anatomy
• credible center of mass
• coherent locomotion
• environment-linked materials
• ecologically plausible scale
• stable field topology
• controlled luminosity
• readable nonhumanoid silhouette

Production request:
Create complete mechanical support system and joint logic.

Studio-resolved canonical values:
{{canonicalId}}, {{displayName}}, {{scientificName}}, {{originPlanet}}, {{planetType}}, {{biome}}, {{gravity}}, {{atmosphere}}, {{climate}}, {{temperatureRange}}, {{sizeScale}}, {{coloration}}, {{materials}}, {{distinctiveFeatures}}, {{lockedTraits}}, {{rarity}}, {{artDirection}}.

Preserve every locked canonical field exactly. The result must use NOVERIS Scientific Realism: premium AAA science-fiction quality, museum-grade reference presentation, scientifically plausible structure, coherent materials, restrained coloration unless canon requires otherwise, readable silhouette, consistent scale and anatomy or growth across all views, soft neutral studio lighting, pure black background for isolated references, full requested subject visibility, generous negative space, and PSD-friendly extraction. Habitat and biome outputs may use the canonical environment. No baked-in text, labels, watermark, logo, border, or UI.

Create four clearly different but canon-compliant versions. Preserve body plan or growth architecture, structural counts, environmental adaptations, materials, defining features, and locked coloration. Vary only permitted secondary proportions, markings, surface detail, minor ornamentation, natural wear, and pose or growth irregularity.

Recommended aspect ratio: 16:9.","text, labels, watermark, signature, logo, border, frame, UI, HUD, cropped subject, duplicate anatomy, contradictory anatomy, impossible balance, unsupported structures, random wings, random horns, humanoid default, fantasy armor, weapons, cartoon, anime, toy-like materials, excessive neon, excessive glow, oversaturated colors, busy background, motion blur, low resolution, compression artifacts, generic Earth copy, unsupported fantasy styling, traits conflicting with locked canon",1.0.0,canonical
NB2-CRE-IV-005-PHOTONIC-LIFE-ANATOMY,CRE-IV-005-PHOTONIC-LIFE,Photonic Life,anatomy,Internal Anatomy,16:9,"Create a canonical NOVERIS Nano Banana 2 visual for Photonic Life: Internal Anatomy.

Canonical archetype:
A canonical photonic life designed as a scientifically plausible lifeform whose body plan, support system, locomotion, sensing, metabolism, ecology, and environmental adaptations are internally coherent.

Required visual and biological rules:
• functional anatomy
• credible center of mass
• coherent locomotion
• environment-linked materials
• ecologically plausible scale
• stable field topology
• controlled luminosity
• readable nonhumanoid silhouette

Production request:
Create major respiratory, circulatory, digestive, sensory and reproductive systems.

Studio-resolved canonical values:
{{canonicalId}}, {{displayName}}, {{scientificName}}, {{originPlanet}}, {{planetType}}, {{biome}}, {{gravity}}, {{atmosphere}}, {{climate}}, {{temperatureRange}}, {{sizeScale}}, {{coloration}}, {{materials}}, {{distinctiveFeatures}}, {{lockedTraits}}, {{rarity}}, {{artDirection}}.

Preserve every locked canonical field exactly. The result must use NOVERIS Scientific Realism: premium AAA science-fiction quality, museum-grade reference presentation, scientifically plausible structure, coherent materials, restrained coloration unless canon requires otherwise, readable silhouette, consistent scale and anatomy or growth across all views, soft neutral studio lighting, pure black background for isolated references, full requested subject visibility, generous negative space, and PSD-friendly extraction. Habitat and biome outputs may use the canonical environment. No baked-in text, labels, watermark, logo, border, or UI.

Create four clearly different but canon-compliant versions. Preserve body plan or growth architecture, structural counts, environmental adaptations, materials, defining features, and locked coloration. Vary only permitted secondary proportions, markings, surface detail, minor ornamentation, natural wear, and pose or growth irregularity.

Recommended aspect ratio: 16:9.","text, labels, watermark, signature, logo, border, frame, UI, HUD, cropped subject, duplicate anatomy, contradictory anatomy, impossible balance, unsupported structures, random wings, random horns, humanoid default, fantasy armor, weapons, cartoon, anime, toy-like materials, excessive neon, excessive glow, oversaturated colors, busy background, motion blur, low resolution, compression artifacts, generic Earth copy, unsupported fantasy styling, traits conflicting with locked canon",1.0.0,canonical
NB2-CRE-IV-005-PHOTONIC-LIFE-LIFECYCLE,CRE-IV-005-PHOTONIC-LIFE,Photonic Life,lifecycle,Lifecycle Sheet,16:9,"Create a canonical NOVERIS Nano Banana 2 visual for Photonic Life: Lifecycle Sheet.

Canonical archetype:
A canonical photonic life designed as a scientifically plausible lifeform whose body plan, support system, locomotion, sensing, metabolism, ecology, and environmental adaptations are internally coherent.

Required visual and biological rules:
• functional anatomy
• credible center of mass
• coherent locomotion
• environment-linked materials
• ecologically plausible scale
• stable field topology
• controlled luminosity
• readable nonhumanoid silhouette

Production request:
Create reproductive form, juvenile, adult and elder stages.

Studio-resolved canonical values:
{{canonicalId}}, {{displayName}}, {{scientificName}}, {{originPlanet}}, {{planetType}}, {{biome}}, {{gravity}}, {{atmosphere}}, {{climate}}, {{temperatureRange}}, {{sizeScale}}, {{coloration}}, {{materials}}, {{distinctiveFeatures}}, {{lockedTraits}}, {{rarity}}, {{artDirection}}.

Preserve every locked canonical field exactly. The result must use NOVERIS Scientific Realism: premium AAA science-fiction quality, museum-grade reference presentation, scientifically plausible structure, coherent materials, restrained coloration unless canon requires otherwise, readable silhouette, consistent scale and anatomy or growth across all views, soft neutral studio lighting, pure black background for isolated references, full requested subject visibility, generous negative space, and PSD-friendly extraction. Habitat and biome outputs may use the canonical environment. No baked-in text, labels, watermark, logo, border, or UI.

Create four clearly different but canon-compliant versions. Preserve body plan or growth architecture, structural counts, environmental adaptations, materials, defining features, and locked coloration. Vary only permitted secondary proportions, markings, surface detail, minor ornamentation, natural wear, and pose or growth irregularity.

Recommended aspect ratio: 16:9.","text, labels, watermark, signature, logo, border, frame, UI, HUD, cropped subject, duplicate anatomy, contradictory anatomy, impossible balance, unsupported structures, random wings, random horns, humanoid default, fantasy armor, weapons, cartoon, anime, toy-like materials, excessive neon, excessive glow, oversaturated colors, busy background, motion blur, low resolution, compression artifacts, generic Earth copy, unsupported fantasy styling, traits conflicting with locked canon",1.0.0,canonical
NB2-CRE-IV-005-PHOTONIC-LIFE-VARIANTS,CRE-IV-005-PHOTONIC-LIFE,Photonic Life,variants,Canonical Variants,16:9,"Create a canonical NOVERIS Nano Banana 2 visual for Photonic Life: Canonical Variants.

Canonical archetype:
A canonical photonic life designed as a scientifically plausible lifeform whose body plan, support system, locomotion, sensing, metabolism, ecology, and environmental adaptations are internally coherent.

Required visual and biological rules:
• functional anatomy
• credible center of mass
• coherent locomotion
• environment-linked materials
• ecologically plausible scale
• stable field topology
• controlled luminosity
• readable nonhumanoid silhouette

Production request:
Create regional, seasonal, sex, caste, morph or engineered variants.

Studio-resolved canonical values:
{{canonicalId}}, {{displayName}}, {{scientificName}}, {{originPlanet}}, {{planetType}}, {{biome}}, {{gravity}}, {{atmosphere}}, {{climate}}, {{temperatureRange}}, {{sizeScale}}, {{coloration}}, {{materials}}, {{distinctiveFeatures}}, {{lockedTraits}}, {{rarity}}, {{artDirection}}.

Preserve every locked canonical field exactly. The result must use NOVERIS Scientific Realism: premium AAA science-fiction quality, museum-grade reference presentation, scientifically plausible structure, coherent materials, restrained coloration unless canon requires otherwise, readable silhouette, consistent scale and anatomy or growth across all views, soft neutral studio lighting, pure black background for isolated references, full requested subject visibility, generous negative space, and PSD-friendly extraction. Habitat and biome outputs may use the canonical environment. No baked-in text, labels, watermark, logo, border, or UI.

Create four clearly different but canon-compliant versions. Preserve body plan or growth architecture, structural counts, environmental adaptations, materials, defining features, and locked coloration. Vary only permitted secondary proportions, markings, surface detail, minor ornamentation, natural wear, and pose or growth irregularity.

Recommended aspect ratio: 16:9.","text, labels, watermark, signature, logo, border, frame, UI, HUD, cropped subject, duplicate anatomy, contradictory anatomy, impossible balance, unsupported structures, random wings, random horns, humanoid default, fantasy armor, weapons, cartoon, anime, toy-like materials, excessive neon, excessive glow, oversaturated colors, busy background, motion blur, low resolution, compression artifacts, generic Earth copy, unsupported fantasy styling, traits conflicting with locked canon",1.0.0,canonical
NB2-CRE-IV-005-PHOTONIC-LIFE-BEHAVIOR,CRE-IV-005-PHOTONIC-LIFE,Photonic Life,behavior,Behavior Sheet,16:9,"Create a canonical NOVERIS Nano Banana 2 visual for Photonic Life: Behavior Sheet.

Canonical archetype:
A canonical photonic life designed as a scientifically plausible lifeform whose body plan, support system, locomotion, sensing, metabolism, ecology, and environmental adaptations are internally coherent.

Required visual and biological rules:
• functional anatomy
• credible center of mass
• coherent locomotion
• environment-linked materials
• ecologically plausible scale
• stable field topology
• controlled luminosity
• readable nonhumanoid silhouette

Production request:
Create idle, feeding, locomotion, social, defense and rest.

Studio-resolved canonical values:
{{canonicalId}}, {{displayName}}, {{scientificName}}, {{originPlanet}}, {{planetType}}, {{biome}}, {{gravity}}, {{atmosphere}}, {{climate}}, {{temperatureRange}}, {{sizeScale}}, {{coloration}}, {{materials}}, {{distinctiveFeatures}}, {{lockedTraits}}, {{rarity}}, {{artDirection}}.

Preserve every locked canonical field exactly. The result must use NOVERIS Scientific Realism: premium AAA science-fiction quality, museum-grade reference presentation, scientifically plausible structure, coherent materials, restrained coloration unless canon requires otherwise, readable silhouette, consistent scale and anatomy or growth across all views, soft neutral studio lighting, pure black background for isolated references, full requested subject visibility, generous negative space, and PSD-friendly extraction. Habitat and biome outputs may use the canonical environment. No baked-in text, labels, watermark, logo, border, or UI.

Create four clearly different but canon-compliant versions. Preserve body plan or growth architecture, structural counts, environmental adaptations, materials, defining features, and locked coloration. Vary only permitted secondary proportions, markings, surface detail, minor ornamentation, natural wear, and pose or growth irregularity.

Recommended aspect ratio: 16:9.","text, labels, watermark, signature, logo, border, frame, UI, HUD, cropped subject, duplicate anatomy, contradictory anatomy, impossible balance, unsupported structures, random wings, random horns, humanoid default, fantasy armor, weapons, cartoon, anime, toy-like materials, excessive neon, excessive glow, oversaturated colors, busy background, motion blur, low resolution, compression artifacts, generic Earth copy, unsupported fantasy styling, traits conflicting with locked canon",1.0.0,canonical
NB2-CRE-IV-005-PHOTONIC-LIFE-HABITAT,CRE-IV-005-PHOTONIC-LIFE,Photonic Life,habitat,Native Habitat Scene,16:9,"Create a canonical NOVERIS Nano Banana 2 visual for Photonic Life: Native Habitat Scene.

Canonical archetype:
A canonical photonic life designed as a scientifically plausible lifeform whose body plan, support system, locomotion, sensing, metabolism, ecology, and environmental adaptations are internally coherent.

Required visual and biological rules:
• functional anatomy
• credible center of mass
• coherent locomotion
• environment-linked materials
• ecologically plausible scale
• stable field topology
• controlled luminosity
• readable nonhumanoid silhouette

Production request:
Create natural behavior in canonical planet and biome.

Studio-resolved canonical values:
{{canonicalId}}, {{displayName}}, {{scientificName}}, {{originPlanet}}, {{planetType}}, {{biome}}, {{gravity}}, {{atmosphere}}, {{climate}}, {{temperatureRange}}, {{sizeScale}}, {{coloration}}, {{materials}}, {{distinctiveFeatures}}, {{lockedTraits}}, {{rarity}}, {{artDirection}}.

Preserve every locked canonical field exactly. The result must use NOVERIS Scientific Realism: premium AAA science-fiction quality, museum-grade reference presentation, scientifically plausible structure, coherent materials, restrained coloration unless canon requires otherwise, readable silhouette, consistent scale and anatomy or growth across all views, soft neutral studio lighting, pure black background for isolated references, full requested subject visibility, generous negative space, and PSD-friendly extraction. Habitat and biome outputs may use the canonical environment. No baked-in text, labels, watermark, logo, border, or UI.

Create four clearly different but canon-compliant versions. Preserve body plan or growth architecture, structural counts, environmental adaptations, materials, defining features, and locked coloration. Vary only permitted secondary proportions, markings, surface detail, minor ornamentation, natural wear, and pose or growth irregularity.

Recommended aspect ratio: 16:9.","text, labels, watermark, signature, logo, border, frame, UI, HUD, cropped subject, duplicate anatomy, contradictory anatomy, impossible balance, unsupported structures, random wings, random horns, humanoid default, fantasy armor, weapons, cartoon, anime, toy-like materials, excessive neon, excessive glow, oversaturated colors, busy background, motion blur, low resolution, compression artifacts, generic Earth copy, unsupported fantasy styling, traits conflicting with locked canon",1.0.0,canonical
NB2-CRE-IV-005-PHOTONIC-LIFE-DISCOVERY,CRE-IV-005-PHOTONIC-LIFE,Photonic Life,discovery,Discovery Scan,16:9,"Create a canonical NOVERIS Nano Banana 2 visual for Photonic Life: Discovery Scan.

Canonical archetype:
A canonical photonic life designed as a scientifically plausible lifeform whose body plan, support system, locomotion, sensing, metabolism, ecology, and environmental adaptations are internally coherent.

Required visual and biological rules:
• functional anatomy
• credible center of mass
• coherent locomotion
• environment-linked materials
• ecologically plausible scale
• stable field topology
• controlled luminosity
• readable nonhumanoid silhouette

Production request:
Create centered scientific scan source without labels.

Studio-resolved canonical values:
{{canonicalId}}, {{displayName}}, {{scientificName}}, {{originPlanet}}, {{planetType}}, {{biome}}, {{gravity}}, {{atmosphere}}, {{climate}}, {{temperatureRange}}, {{sizeScale}}, {{coloration}}, {{materials}}, {{distinctiveFeatures}}, {{lockedTraits}}, {{rarity}}, {{artDirection}}.

Preserve every locked canonical field exactly. The result must use NOVERIS Scientific Realism: premium AAA science-fiction quality, museum-grade reference presentation, scientifically plausible structure, coherent materials, restrained coloration unless canon requires otherwise, readable silhouette, consistent scale and anatomy or growth across all views, soft neutral studio lighting, pure black background for isolated references, full requested subject visibility, generous negative space, and PSD-friendly extraction. Habitat and biome outputs may use the canonical environment. No baked-in text, labels, watermark, logo, border, or UI.

Create four clearly different but canon-compliant versions. Preserve body plan or growth architecture, structural counts, environmental adaptations, materials, defining features, and locked coloration. Vary only permitted secondary proportions, markings, surface detail, minor ornamentation, natural wear, and pose or growth irregularity.

Recommended aspect ratio: 16:9.","text, labels, watermark, signature, logo, border, frame, UI, HUD, cropped subject, duplicate anatomy, contradictory anatomy, impossible balance, unsupported structures, random wings, random horns, humanoid default, fantasy armor, weapons, cartoon, anime, toy-like materials, excessive neon, excessive glow, oversaturated colors, busy background, motion blur, low resolution, compression artifacts, generic Earth copy, unsupported fantasy styling, traits conflicting with locked canon",1.0.0,canonical
NB2-CRE-IV-005-PHOTONIC-LIFE-ICON,CRE-IV-005-PHOTONIC-LIFE,Photonic Life,icon,UI Icon,1:1,"Create a canonical NOVERIS Nano Banana 2 visual for Photonic Life: UI Icon.

Canonical archetype:
A canonical photonic life designed as a scientifically plausible lifeform whose body plan, support system, locomotion, sensing, metabolism, ecology, and environmental adaptations are internally coherent.

Required visual and biological rules:
• functional anatomy
• credible center of mass
• coherent locomotion
• environment-linked materials
• ecologically plausible scale
• stable field topology
• controlled luminosity
• readable nonhumanoid silhouette

Production request:
Create isolated silhouette readable at 64 pixels.

Studio-resolved canonical values:
{{canonicalId}}, {{displayName}}, {{scientificName}}, {{originPlanet}}, {{planetType}}, {{biome}}, {{gravity}}, {{atmosphere}}, {{climate}}, {{temperatureRange}}, {{sizeScale}}, {{coloration}}, {{materials}}, {{distinctiveFeatures}}, {{lockedTraits}}, {{rarity}}, {{artDirection}}.

Preserve every locked canonical field exactly. The result must use NOVERIS Scientific Realism: premium AAA science-fiction quality, museum-grade reference presentation, scientifically plausible structure, coherent materials, restrained coloration unless canon requires otherwise, readable silhouette, consistent scale and anatomy or growth across all views, soft neutral studio lighting, pure black background for isolated references, full requested subject visibility, generous negative space, and PSD-friendly extraction. Habitat and biome outputs may use the canonical environment. No baked-in text, labels, watermark, logo, border, or UI.

Create four clearly different but canon-compliant versions. Preserve body plan or growth architecture, structural counts, environmental adaptations, materials, defining features, and locked coloration. Vary only permitted secondary proportions, markings, surface detail, minor ornamentation, natural wear, and pose or growth irregularity.

Recommended aspect ratio: 1:1.","text, labels, watermark, signature, logo, border, frame, UI, HUD, cropped subject, duplicate anatomy, contradictory anatomy, impossible balance, unsupported structures, random wings, random horns, humanoid default, fantasy armor, weapons, cartoon, anime, toy-like materials, excessive neon, excessive glow, oversaturated colors, busy background, motion blur, low resolution, compression artifacts, generic Earth copy, unsupported fantasy styling, traits conflicting with locked canon",1.0.0,canonical
NB2-CRE-IV-005-PHOTONIC-LIFE-SCALE,CRE-IV-005-PHOTONIC-LIFE,Photonic Life,scale,Scale Comparison,16:9,"Create a canonical NOVERIS Nano Banana 2 visual for Photonic Life: Scale Comparison.

Canonical archetype:
A canonical photonic life designed as a scientifically plausible lifeform whose body plan, support system, locomotion, sensing, metabolism, ecology, and environmental adaptations are internally coherent.

Required visual and biological rules:
• functional anatomy
• credible center of mass
• coherent locomotion
• environment-linked materials
• ecologically plausible scale
• stable field topology
• controlled luminosity
• readable nonhumanoid silhouette

Production request:
Create side view with adult human silhouette and one-meter bar.

Studio-resolved canonical values:
{{canonicalId}}, {{displayName}}, {{scientificName}}, {{originPlanet}}, {{planetType}}, {{biome}}, {{gravity}}, {{atmosphere}}, {{climate}}, {{temperatureRange}}, {{sizeScale}}, {{coloration}}, {{materials}}, {{distinctiveFeatures}}, {{lockedTraits}}, {{rarity}}, {{artDirection}}.

Preserve every locked canonical field exactly. The result must use NOVERIS Scientific Realism: premium AAA science-fiction quality, museum-grade reference presentation, scientifically plausible structure, coherent materials, restrained coloration unless canon requires otherwise, readable silhouette, consistent scale and anatomy or growth across all views, soft neutral studio lighting, pure black background for isolated references, full requested subject visibility, generous negative space, and PSD-friendly extraction. Habitat and biome outputs may use the canonical environment. No baked-in text, labels, watermark, logo, border, or UI.

Create four clearly different but canon-compliant versions. Preserve body plan or growth architecture, structural counts, environmental adaptations, materials, defining features, and locked coloration. Vary only permitted secondary proportions, markings, surface detail, minor ornamentation, natural wear, and pose or growth irregularity.

Recommended aspect ratio: 16:9.","text, labels, watermark, signature, logo, border, frame, UI, HUD, cropped subject, duplicate anatomy, contradictory anatomy, impossible balance, unsupported structures, random wings, random horns, humanoid default, fantasy armor, weapons, cartoon, anime, toy-like materials, excessive neon, excessive glow, oversaturated colors, busy background, motion blur, low resolution, compression artifacts, generic Earth copy, unsupported fantasy styling, traits conflicting with locked canon",1.0.0,canonical
NB2-CRE-IV-005-PHOTONIC-LIFE-SPECIES-PLATE,CRE-IV-005-PHOTONIC-LIFE,Photonic Life,species-plate,Master Species Plate,16:9,"Create a canonical NOVERIS Nano Banana 2 visual for Photonic Life: Master Species Plate.

Canonical archetype:
A canonical photonic life designed as a scientifically plausible lifeform whose body plan, support system, locomotion, sensing, metabolism, ecology, and environmental adaptations are internally coherent.

Required visual and biological rules:
• functional anatomy
• credible center of mass
• coherent locomotion
• environment-linked materials
• ecologically plausible scale
• stable field topology
• controlled luminosity
• readable nonhumanoid silhouette

Production request:
Create full body, portrait, views, support system, lifecycle, variants, materials and habitat vignette.

Studio-resolved canonical values:
{{canonicalId}}, {{displayName}}, {{scientificName}}, {{originPlanet}}, {{planetType}}, {{biome}}, {{gravity}}, {{atmosphere}}, {{climate}}, {{temperatureRange}}, {{sizeScale}}, {{coloration}}, {{materials}}, {{distinctiveFeatures}}, {{lockedTraits}}, {{rarity}}, {{artDirection}}.

Preserve every locked canonical field exactly. The result must use NOVERIS Scientific Realism: premium AAA science-fiction quality, museum-grade reference presentation, scientifically plausible structure, coherent materials, restrained coloration unless canon requires otherwise, readable silhouette, consistent scale and anatomy or growth across all views, soft neutral studio lighting, pure black background for isolated references, full requested subject visibility, generous negative space, and PSD-friendly extraction. Habitat and biome outputs may use the canonical environment. No baked-in text, labels, watermark, logo, border, or UI.

Create four clearly different but canon-compliant versions. Preserve body plan or growth architecture, structural counts, environmental adaptations, materials, defining features, and locked coloration. Vary only permitted secondary proportions, markings, surface detail, minor ornamentation, natural wear, and pose or growth irregularity.

Recommended aspect ratio: 16:9.","text, labels, watermark, signature, logo, border, frame, UI, HUD, cropped subject, duplicate anatomy, contradictory anatomy, impossible balance, unsupported structures, random wings, random horns, humanoid default, fantasy armor, weapons, cartoon, anime, toy-like materials, excessive neon, excessive glow, oversaturated colors, busy background, motion blur, low resolution, compression artifacts, generic Earth copy, unsupported fantasy styling, traits conflicting with locked canon",1.0.0,canonical
NB2-CRE-IV-005-PHOTONIC-LIFE-ANIMATION,CRE-IV-005-PHOTONIC-LIFE,Photonic Life,animation,Animation Reference,16:9,"Create a canonical NOVERIS Nano Banana 2 visual for Photonic Life: Animation Reference.

Canonical archetype:
A canonical photonic life designed as a scientifically plausible lifeform whose body plan, support system, locomotion, sensing, metabolism, ecology, and environmental adaptations are internally coherent.

Required visual and biological rules:
• functional anatomy
• credible center of mass
• coherent locomotion
• environment-linked materials
• ecologically plausible scale
• stable field topology
• controlled luminosity
• readable nonhumanoid silhouette

Production request:
Create idle, locomotion, interaction, feeding, defense, rest and death or shutdown.

Studio-resolved canonical values:
{{canonicalId}}, {{displayName}}, {{scientificName}}, {{originPlanet}}, {{planetType}}, {{biome}}, {{gravity}}, {{atmosphere}}, {{climate}}, {{temperatureRange}}, {{sizeScale}}, {{coloration}}, {{materials}}, {{distinctiveFeatures}}, {{lockedTraits}}, {{rarity}}, {{artDirection}}.

Preserve every locked canonical field exactly. The result must use NOVERIS Scientific Realism: premium AAA science-fiction quality, museum-grade reference presentation, scientifically plausible structure, coherent materials, restrained coloration unless canon requires otherwise, readable silhouette, consistent scale and anatomy or growth across all views, soft neutral studio lighting, pure black background for isolated references, full requested subject visibility, generous negative space, and PSD-friendly extraction. Habitat and biome outputs may use the canonical environment. No baked-in text, labels, watermark, logo, border, or UI.

Create four clearly different but canon-compliant versions. Preserve body plan or growth architecture, structural counts, environmental adaptations, materials, defining features, and locked coloration. Vary only permitted secondary proportions, markings, surface detail, minor ornamentation, natural wear, and pose or growth irregularity.

Recommended aspect ratio: 16:9.","text, labels, watermark, signature, logo, border, frame, UI, HUD, cropped subject, duplicate anatomy, contradictory anatomy, impossible balance, unsupported structures, random wings, random horns, humanoid default, fantasy armor, weapons, cartoon, anime, toy-like materials, excessive neon, excessive glow, oversaturated colors, busy background, motion blur, low resolution, compression artifacts, generic Earth copy, unsupported fantasy styling, traits conflicting with locked canon",1.0.0,canonical
NB2-CRE-IV-005-PHOTONIC-LIFE-PSD,CRE-IV-005-PHOTONIC-LIFE,Photonic Life,psd,PSD Extraction Board,16:9,"Create a canonical NOVERIS Nano Banana 2 visual for Photonic Life: PSD Extraction Board.

Canonical archetype:
A canonical photonic life designed as a scientifically plausible lifeform whose body plan, support system, locomotion, sensing, metabolism, ecology, and environmental adaptations are internally coherent.

Required visual and biological rules:
• functional anatomy
• credible center of mass
• coherent locomotion
• environment-linked materials
• ecologically plausible scale
• stable field topology
• controlled luminosity
• readable nonhumanoid silhouette

Production request:
Create isolated whole subject, major parts, silhouette and material references.

Studio-resolved canonical values:
{{canonicalId}}, {{displayName}}, {{scientificName}}, {{originPlanet}}, {{planetType}}, {{biome}}, {{gravity}}, {{atmosphere}}, {{climate}}, {{temperatureRange}}, {{sizeScale}}, {{coloration}}, {{materials}}, {{distinctiveFeatures}}, {{lockedTraits}}, {{rarity}}, {{artDirection}}.

Preserve every locked canonical field exactly. The result must use NOVERIS Scientific Realism: premium AAA science-fiction quality, museum-grade reference presentation, scientifically plausible structure, coherent materials, restrained coloration unless canon requires otherwise, readable silhouette, consistent scale and anatomy or growth across all views, soft neutral studio lighting, pure black background for isolated references, full requested subject visibility, generous negative space, and PSD-friendly extraction. Habitat and biome outputs may use the canonical environment. No baked-in text, labels, watermark, logo, border, or UI.

Create four clearly different but canon-compliant versions. Preserve body plan or growth architecture, structural counts, environmental adaptations, materials, defining features, and locked coloration. Vary only permitted secondary proportions, markings, surface detail, minor ornamentation, natural wear, and pose or growth irregularity.

Recommended aspect ratio: 16:9.","text, labels, watermark, signature, logo, border, frame, UI, HUD, cropped subject, duplicate anatomy, contradictory anatomy, impossible balance, unsupported structures, random wings, random horns, humanoid default, fantasy armor, weapons, cartoon, anime, toy-like materials, excessive neon, excessive glow, oversaturated colors, busy background, motion blur, low resolution, compression artifacts, generic Earth copy, unsupported fantasy styling, traits conflicting with locked canon",1.0.0,canonical
NB2-CRE-IV-006-QUANTUM-LIFE-FULL-BODY,CRE-IV-006-QUANTUM-LIFE,Quantum Life,full-body,Full Body Production Render,3:4,"Create a canonical NOVERIS Nano Banana 2 visual for Quantum Life: Full Body Production Render.

Canonical archetype:
A canonical quantum life designed as a scientifically plausible lifeform whose body plan, support system, locomotion, sensing, metabolism, ecology, and environmental adaptations are internally coherent.

Required visual and biological rules:
• functional anatomy
• credible center of mass
• coherent locomotion
• environment-linked materials
• ecologically plausible scale
• stable field topology
• controlled luminosity
• readable nonhumanoid silhouette

Production request:
Create complete mature specimen, neutral pose, entire body visible.

Studio-resolved canonical values:
{{canonicalId}}, {{displayName}}, {{scientificName}}, {{originPlanet}}, {{planetType}}, {{biome}}, {{gravity}}, {{atmosphere}}, {{climate}}, {{temperatureRange}}, {{sizeScale}}, {{coloration}}, {{materials}}, {{distinctiveFeatures}}, {{lockedTraits}}, {{rarity}}, {{artDirection}}.

Preserve every locked canonical field exactly. The result must use NOVERIS Scientific Realism: premium AAA science-fiction quality, museum-grade reference presentation, scientifically plausible structure, coherent materials, restrained coloration unless canon requires otherwise, readable silhouette, consistent scale and anatomy or growth across all views, soft neutral studio lighting, pure black background for isolated references, full requested subject visibility, generous negative space, and PSD-friendly extraction. Habitat and biome outputs may use the canonical environment. No baked-in text, labels, watermark, logo, border, or UI.

Create four clearly different but canon-compliant versions. Preserve body plan or growth architecture, structural counts, environmental adaptations, materials, defining features, and locked coloration. Vary only permitted secondary proportions, markings, surface detail, minor ornamentation, natural wear, and pose or growth irregularity.

Recommended aspect ratio: 3:4.","text, labels, watermark, signature, logo, border, frame, UI, HUD, cropped subject, duplicate anatomy, contradictory anatomy, impossible balance, unsupported structures, random wings, random horns, humanoid default, fantasy armor, weapons, cartoon, anime, toy-like materials, excessive neon, excessive glow, oversaturated colors, busy background, motion blur, low resolution, compression artifacts, generic Earth copy, unsupported fantasy styling, traits conflicting with locked canon",1.0.0,canonical
NB2-CRE-IV-006-QUANTUM-LIFE-PORTRAIT,CRE-IV-006-QUANTUM-LIFE,Quantum Life,portrait,Portrait,1:1,"Create a canonical NOVERIS Nano Banana 2 visual for Quantum Life: Portrait.

Canonical archetype:
A canonical quantum life designed as a scientifically plausible lifeform whose body plan, support system, locomotion, sensing, metabolism, ecology, and environmental adaptations are internally coherent.

Required visual and biological rules:
• functional anatomy
• credible center of mass
• coherent locomotion
• environment-linked materials
• ecologically plausible scale
• stable field topology
• controlled luminosity
• readable nonhumanoid silhouette

Production request:
Create head and upper body emphasizing sensory anatomy and defining materials.

Studio-resolved canonical values:
{{canonicalId}}, {{displayName}}, {{scientificName}}, {{originPlanet}}, {{planetType}}, {{biome}}, {{gravity}}, {{atmosphere}}, {{climate}}, {{temperatureRange}}, {{sizeScale}}, {{coloration}}, {{materials}}, {{distinctiveFeatures}}, {{lockedTraits}}, {{rarity}}, {{artDirection}}.

Preserve every locked canonical field exactly. The result must use NOVERIS Scientific Realism: premium AAA science-fiction quality, museum-grade reference presentation, scientifically plausible structure, coherent materials, restrained coloration unless canon requires otherwise, readable silhouette, consistent scale and anatomy or growth across all views, soft neutral studio lighting, pure black background for isolated references, full requested subject visibility, generous negative space, and PSD-friendly extraction. Habitat and biome outputs may use the canonical environment. No baked-in text, labels, watermark, logo, border, or UI.

Create four clearly different but canon-compliant versions. Preserve body plan or growth architecture, structural counts, environmental adaptations, materials, defining features, and locked coloration. Vary only permitted secondary proportions, markings, surface detail, minor ornamentation, natural wear, and pose or growth irregularity.

Recommended aspect ratio: 1:1.","text, labels, watermark, signature, logo, border, frame, UI, HUD, cropped subject, duplicate anatomy, contradictory anatomy, impossible balance, unsupported structures, random wings, random horns, humanoid default, fantasy armor, weapons, cartoon, anime, toy-like materials, excessive neon, excessive glow, oversaturated colors, busy background, motion blur, low resolution, compression artifacts, generic Earth copy, unsupported fantasy styling, traits conflicting with locked canon",1.0.0,canonical
NB2-CRE-IV-006-QUANTUM-LIFE-ORTHO-FRONT,CRE-IV-006-QUANTUM-LIFE,Quantum Life,ortho-front,Orthographic Front,3:4,"Create a canonical NOVERIS Nano Banana 2 visual for Quantum Life: Orthographic Front.

Canonical archetype:
A canonical quantum life designed as a scientifically plausible lifeform whose body plan, support system, locomotion, sensing, metabolism, ecology, and environmental adaptations are internally coherent.

Required visual and biological rules:
• functional anatomy
• credible center of mass
• coherent locomotion
• environment-linked materials
• ecologically plausible scale
• stable field topology
• controlled luminosity
• readable nonhumanoid silhouette

Production request:
Create exact front orthographic view.

Studio-resolved canonical values:
{{canonicalId}}, {{displayName}}, {{scientificName}}, {{originPlanet}}, {{planetType}}, {{biome}}, {{gravity}}, {{atmosphere}}, {{climate}}, {{temperatureRange}}, {{sizeScale}}, {{coloration}}, {{materials}}, {{distinctiveFeatures}}, {{lockedTraits}}, {{rarity}}, {{artDirection}}.

Preserve every locked canonical field exactly. The result must use NOVERIS Scientific Realism: premium AAA science-fiction quality, museum-grade reference presentation, scientifically plausible structure, coherent materials, restrained coloration unless canon requires otherwise, readable silhouette, consistent scale and anatomy or growth across all views, soft neutral studio lighting, pure black background for isolated references, full requested subject visibility, generous negative space, and PSD-friendly extraction. Habitat and biome outputs may use the canonical environment. No baked-in text, labels, watermark, logo, border, or UI.

Create four clearly different but canon-compliant versions. Preserve body plan or growth architecture, structural counts, environmental adaptations, materials, defining features, and locked coloration. Vary only permitted secondary proportions, markings, surface detail, minor ornamentation, natural wear, and pose or growth irregularity.

Recommended aspect ratio: 3:4.","text, labels, watermark, signature, logo, border, frame, UI, HUD, cropped subject, duplicate anatomy, contradictory anatomy, impossible balance, unsupported structures, random wings, random horns, humanoid default, fantasy armor, weapons, cartoon, anime, toy-like materials, excessive neon, excessive glow, oversaturated colors, busy background, motion blur, low resolution, compression artifacts, generic Earth copy, unsupported fantasy styling, traits conflicting with locked canon",1.0.0,canonical
NB2-CRE-IV-006-QUANTUM-LIFE-ORTHO-SIDE,CRE-IV-006-QUANTUM-LIFE,Quantum Life,ortho-side,Orthographic Side,3:4,"Create a canonical NOVERIS Nano Banana 2 visual for Quantum Life: Orthographic Side.

Canonical archetype:
A canonical quantum life designed as a scientifically plausible lifeform whose body plan, support system, locomotion, sensing, metabolism, ecology, and environmental adaptations are internally coherent.

Required visual and biological rules:
• functional anatomy
• credible center of mass
• coherent locomotion
• environment-linked materials
• ecologically plausible scale
• stable field topology
• controlled luminosity
• readable nonhumanoid silhouette

Production request:
Create exact side orthographic view.

Studio-resolved canonical values:
{{canonicalId}}, {{displayName}}, {{scientificName}}, {{originPlanet}}, {{planetType}}, {{biome}}, {{gravity}}, {{atmosphere}}, {{climate}}, {{temperatureRange}}, {{sizeScale}}, {{coloration}}, {{materials}}, {{distinctiveFeatures}}, {{lockedTraits}}, {{rarity}}, {{artDirection}}.

Preserve every locked canonical field exactly. The result must use NOVERIS Scientific Realism: premium AAA science-fiction quality, museum-grade reference presentation, scientifically plausible structure, coherent materials, restrained coloration unless canon requires otherwise, readable silhouette, consistent scale and anatomy or growth across all views, soft neutral studio lighting, pure black background for isolated references, full requested subject visibility, generous negative space, and PSD-friendly extraction. Habitat and biome outputs may use the canonical environment. No baked-in text, labels, watermark, logo, border, or UI.

Create four clearly different but canon-compliant versions. Preserve body plan or growth architecture, structural counts, environmental adaptations, materials, defining features, and locked coloration. Vary only permitted secondary proportions, markings, surface detail, minor ornamentation, natural wear, and pose or growth irregularity.

Recommended aspect ratio: 3:4.","text, labels, watermark, signature, logo, border, frame, UI, HUD, cropped subject, duplicate anatomy, contradictory anatomy, impossible balance, unsupported structures, random wings, random horns, humanoid default, fantasy armor, weapons, cartoon, anime, toy-like materials, excessive neon, excessive glow, oversaturated colors, busy background, motion blur, low resolution, compression artifacts, generic Earth copy, unsupported fantasy styling, traits conflicting with locked canon",1.0.0,canonical
NB2-CRE-IV-006-QUANTUM-LIFE-ORTHO-REAR,CRE-IV-006-QUANTUM-LIFE,Quantum Life,ortho-rear,Orthographic Rear,3:4,"Create a canonical NOVERIS Nano Banana 2 visual for Quantum Life: Orthographic Rear.

Canonical archetype:
A canonical quantum life designed as a scientifically plausible lifeform whose body plan, support system, locomotion, sensing, metabolism, ecology, and environmental adaptations are internally coherent.

Required visual and biological rules:
• functional anatomy
• credible center of mass
• coherent locomotion
• environment-linked materials
• ecologically plausible scale
• stable field topology
• controlled luminosity
• readable nonhumanoid silhouette

Production request:
Create exact rear orthographic view.

Studio-resolved canonical values:
{{canonicalId}}, {{displayName}}, {{scientificName}}, {{originPlanet}}, {{planetType}}, {{biome}}, {{gravity}}, {{atmosphere}}, {{climate}}, {{temperatureRange}}, {{sizeScale}}, {{coloration}}, {{materials}}, {{distinctiveFeatures}}, {{lockedTraits}}, {{rarity}}, {{artDirection}}.

Preserve every locked canonical field exactly. The result must use NOVERIS Scientific Realism: premium AAA science-fiction quality, museum-grade reference presentation, scientifically plausible structure, coherent materials, restrained coloration unless canon requires otherwise, readable silhouette, consistent scale and anatomy or growth across all views, soft neutral studio lighting, pure black background for isolated references, full requested subject visibility, generous negative space, and PSD-friendly extraction. Habitat and biome outputs may use the canonical environment. No baked-in text, labels, watermark, logo, border, or UI.

Create four clearly different but canon-compliant versions. Preserve body plan or growth architecture, structural counts, environmental adaptations, materials, defining features, and locked coloration. Vary only permitted secondary proportions, markings, surface detail, minor ornamentation, natural wear, and pose or growth irregularity.

Recommended aspect ratio: 3:4.","text, labels, watermark, signature, logo, border, frame, UI, HUD, cropped subject, duplicate anatomy, contradictory anatomy, impossible balance, unsupported structures, random wings, random horns, humanoid default, fantasy armor, weapons, cartoon, anime, toy-like materials, excessive neon, excessive glow, oversaturated colors, busy background, motion blur, low resolution, compression artifacts, generic Earth copy, unsupported fantasy styling, traits conflicting with locked canon",1.0.0,canonical
NB2-CRE-IV-006-QUANTUM-LIFE-TURNAROUND,CRE-IV-006-QUANTUM-LIFE,Quantum Life,turnaround,Turnaround Sheet,16:9,"Create a canonical NOVERIS Nano Banana 2 visual for Quantum Life: Turnaround Sheet.

Canonical archetype:
A canonical quantum life designed as a scientifically plausible lifeform whose body plan, support system, locomotion, sensing, metabolism, ecology, and environmental adaptations are internally coherent.

Required visual and biological rules:
• functional anatomy
• credible center of mass
• coherent locomotion
• environment-linked materials
• ecologically plausible scale
• stable field topology
• controlled luminosity
• readable nonhumanoid silhouette

Production request:
Create front, side, rear, top and underside at identical scale.

Studio-resolved canonical values:
{{canonicalId}}, {{displayName}}, {{scientificName}}, {{originPlanet}}, {{planetType}}, {{biome}}, {{gravity}}, {{atmosphere}}, {{climate}}, {{temperatureRange}}, {{sizeScale}}, {{coloration}}, {{materials}}, {{distinctiveFeatures}}, {{lockedTraits}}, {{rarity}}, {{artDirection}}.

Preserve every locked canonical field exactly. The result must use NOVERIS Scientific Realism: premium AAA science-fiction quality, museum-grade reference presentation, scientifically plausible structure, coherent materials, restrained coloration unless canon requires otherwise, readable silhouette, consistent scale and anatomy or growth across all views, soft neutral studio lighting, pure black background for isolated references, full requested subject visibility, generous negative space, and PSD-friendly extraction. Habitat and biome outputs may use the canonical environment. No baked-in text, labels, watermark, logo, border, or UI.

Create four clearly different but canon-compliant versions. Preserve body plan or growth architecture, structural counts, environmental adaptations, materials, defining features, and locked coloration. Vary only permitted secondary proportions, markings, surface detail, minor ornamentation, natural wear, and pose or growth irregularity.

Recommended aspect ratio: 16:9.","text, labels, watermark, signature, logo, border, frame, UI, HUD, cropped subject, duplicate anatomy, contradictory anatomy, impossible balance, unsupported structures, random wings, random horns, humanoid default, fantasy armor, weapons, cartoon, anime, toy-like materials, excessive neon, excessive glow, oversaturated colors, busy background, motion blur, low resolution, compression artifacts, generic Earth copy, unsupported fantasy styling, traits conflicting with locked canon",1.0.0,canonical
NB2-CRE-IV-006-QUANTUM-LIFE-SUPPORT,CRE-IV-006-QUANTUM-LIFE,Quantum Life,support,Skeleton or Support Structure,16:9,"Create a canonical NOVERIS Nano Banana 2 visual for Quantum Life: Skeleton or Support Structure.

Canonical archetype:
A canonical quantum life designed as a scientifically plausible lifeform whose body plan, support system, locomotion, sensing, metabolism, ecology, and environmental adaptations are internally coherent.

Required visual and biological rules:
• functional anatomy
• credible center of mass
• coherent locomotion
• environment-linked materials
• ecologically plausible scale
• stable field topology
• controlled luminosity
• readable nonhumanoid silhouette

Production request:
Create complete mechanical support system and joint logic.

Studio-resolved canonical values:
{{canonicalId}}, {{displayName}}, {{scientificName}}, {{originPlanet}}, {{planetType}}, {{biome}}, {{gravity}}, {{atmosphere}}, {{climate}}, {{temperatureRange}}, {{sizeScale}}, {{coloration}}, {{materials}}, {{distinctiveFeatures}}, {{lockedTraits}}, {{rarity}}, {{artDirection}}.

Preserve every locked canonical field exactly. The result must use NOVERIS Scientific Realism: premium AAA science-fiction quality, museum-grade reference presentation, scientifically plausible structure, coherent materials, restrained coloration unless canon requires otherwise, readable silhouette, consistent scale and anatomy or growth across all views, soft neutral studio lighting, pure black background for isolated references, full requested subject visibility, generous negative space, and PSD-friendly extraction. Habitat and biome outputs may use the canonical environment. No baked-in text, labels, watermark, logo, border, or UI.

Create four clearly different but canon-compliant versions. Preserve body plan or growth architecture, structural counts, environmental adaptations, materials, defining features, and locked coloration. Vary only permitted secondary proportions, markings, surface detail, minor ornamentation, natural wear, and pose or growth irregularity.

Recommended aspect ratio: 16:9.","text, labels, watermark, signature, logo, border, frame, UI, HUD, cropped subject, duplicate anatomy, contradictory anatomy, impossible balance, unsupported structures, random wings, random horns, humanoid default, fantasy armor, weapons, cartoon, anime, toy-like materials, excessive neon, excessive glow, oversaturated colors, busy background, motion blur, low resolution, compression artifacts, generic Earth copy, unsupported fantasy styling, traits conflicting with locked canon",1.0.0,canonical
NB2-CRE-IV-006-QUANTUM-LIFE-ANATOMY,CRE-IV-006-QUANTUM-LIFE,Quantum Life,anatomy,Internal Anatomy,16:9,"Create a canonical NOVERIS Nano Banana 2 visual for Quantum Life: Internal Anatomy.

Canonical archetype:
A canonical quantum life designed as a scientifically plausible lifeform whose body plan, support system, locomotion, sensing, metabolism, ecology, and environmental adaptations are internally coherent.

Required visual and biological rules:
• functional anatomy
• credible center of mass
• coherent locomotion
• environment-linked materials
• ecologically plausible scale
• stable field topology
• controlled luminosity
• readable nonhumanoid silhouette

Production request:
Create major respiratory, circulatory, digestive, sensory and reproductive systems.

Studio-resolved canonical values:
{{canonicalId}}, {{displayName}}, {{scientificName}}, {{originPlanet}}, {{planetType}}, {{biome}}, {{gravity}}, {{atmosphere}}, {{climate}}, {{temperatureRange}}, {{sizeScale}}, {{coloration}}, {{materials}}, {{distinctiveFeatures}}, {{lockedTraits}}, {{rarity}}, {{artDirection}}.

Preserve every locked canonical field exactly. The result must use NOVERIS Scientific Realism: premium AAA science-fiction quality, museum-grade reference presentation, scientifically plausible structure, coherent materials, restrained coloration unless canon requires otherwise, readable silhouette, consistent scale and anatomy or growth across all views, soft neutral studio lighting, pure black background for isolated references, full requested subject visibility, generous negative space, and PSD-friendly extraction. Habitat and biome outputs may use the canonical environment. No baked-in text, labels, watermark, logo, border, or UI.

Create four clearly different but canon-compliant versions. Preserve body plan or growth architecture, structural counts, environmental adaptations, materials, defining features, and locked coloration. Vary only permitted secondary proportions, markings, surface detail, minor ornamentation, natural wear, and pose or growth irregularity.

Recommended aspect ratio: 16:9.","text, labels, watermark, signature, logo, border, frame, UI, HUD, cropped subject, duplicate anatomy, contradictory anatomy, impossible balance, unsupported structures, random wings, random horns, humanoid default, fantasy armor, weapons, cartoon, anime, toy-like materials, excessive neon, excessive glow, oversaturated colors, busy background, motion blur, low resolution, compression artifacts, generic Earth copy, unsupported fantasy styling, traits conflicting with locked canon",1.0.0,canonical
NB2-CRE-IV-006-QUANTUM-LIFE-LIFECYCLE,CRE-IV-006-QUANTUM-LIFE,Quantum Life,lifecycle,Lifecycle Sheet,16:9,"Create a canonical NOVERIS Nano Banana 2 visual for Quantum Life: Lifecycle Sheet.

Canonical archetype:
A canonical quantum life designed as a scientifically plausible lifeform whose body plan, support system, locomotion, sensing, metabolism, ecology, and environmental adaptations are internally coherent.

Required visual and biological rules:
• functional anatomy
• credible center of mass
• coherent locomotion
• environment-linked materials
• ecologically plausible scale
• stable field topology
• controlled luminosity
• readable nonhumanoid silhouette

Production request:
Create reproductive form, juvenile, adult and elder stages.

Studio-resolved canonical values:
{{canonicalId}}, {{displayName}}, {{scientificName}}, {{originPlanet}}, {{planetType}}, {{biome}}, {{gravity}}, {{atmosphere}}, {{climate}}, {{temperatureRange}}, {{sizeScale}}, {{coloration}}, {{materials}}, {{distinctiveFeatures}}, {{lockedTraits}}, {{rarity}}, {{artDirection}}.

Preserve every locked canonical field exactly. The result must use NOVERIS Scientific Realism: premium AAA science-fiction quality, museum-grade reference presentation, scientifically plausible structure, coherent materials, restrained coloration unless canon requires otherwise, readable silhouette, consistent scale and anatomy or growth across all views, soft neutral studio lighting, pure black background for isolated references, full requested subject visibility, generous negative space, and PSD-friendly extraction. Habitat and biome outputs may use the canonical environment. No baked-in text, labels, watermark, logo, border, or UI.

Create four clearly different but canon-compliant versions. Preserve body plan or growth architecture, structural counts, environmental adaptations, materials, defining features, and locked coloration. Vary only permitted secondary proportions, markings, surface detail, minor ornamentation, natural wear, and pose or growth irregularity.

Recommended aspect ratio: 16:9.","text, labels, watermark, signature, logo, border, frame, UI, HUD, cropped subject, duplicate anatomy, contradictory anatomy, impossible balance, unsupported structures, random wings, random horns, humanoid default, fantasy armor, weapons, cartoon, anime, toy-like materials, excessive neon, excessive glow, oversaturated colors, busy background, motion blur, low resolution, compression artifacts, generic Earth copy, unsupported fantasy styling, traits conflicting with locked canon",1.0.0,canonical
NB2-CRE-IV-006-QUANTUM-LIFE-VARIANTS,CRE-IV-006-QUANTUM-LIFE,Quantum Life,variants,Canonical Variants,16:9,"Create a canonical NOVERIS Nano Banana 2 visual for Quantum Life: Canonical Variants.

Canonical archetype:
A canonical quantum life designed as a scientifically plausible lifeform whose body plan, support system, locomotion, sensing, metabolism, ecology, and environmental adaptations are internally coherent.

Required visual and biological rules:
• functional anatomy
• credible center of mass
• coherent locomotion
• environment-linked materials
• ecologically plausible scale
• stable field topology
• controlled luminosity
• readable nonhumanoid silhouette

Production request:
Create regional, seasonal, sex, caste, morph or engineered variants.

Studio-resolved canonical values:
{{canonicalId}}, {{displayName}}, {{scientificName}}, {{originPlanet}}, {{planetType}}, {{biome}}, {{gravity}}, {{atmosphere}}, {{climate}}, {{temperatureRange}}, {{sizeScale}}, {{coloration}}, {{materials}}, {{distinctiveFeatures}}, {{lockedTraits}}, {{rarity}}, {{artDirection}}.

Preserve every locked canonical field exactly. The result must use NOVERIS Scientific Realism: premium AAA science-fiction quality, museum-grade reference presentation, scientifically plausible structure, coherent materials, restrained coloration unless canon requires otherwise, readable silhouette, consistent scale and anatomy or growth across all views, soft neutral studio lighting, pure black background for isolated references, full requested subject visibility, generous negative space, and PSD-friendly extraction. Habitat and biome outputs may use the canonical environment. No baked-in text, labels, watermark, logo, border, or UI.

Create four clearly different but canon-compliant versions. Preserve body plan or growth architecture, structural counts, environmental adaptations, materials, defining features, and locked coloration. Vary only permitted secondary proportions, markings, surface detail, minor ornamentation, natural wear, and pose or growth irregularity.

Recommended aspect ratio: 16:9.","text, labels, watermark, signature, logo, border, frame, UI, HUD, cropped subject, duplicate anatomy, contradictory anatomy, impossible balance, unsupported structures, random wings, random horns, humanoid default, fantasy armor, weapons, cartoon, anime, toy-like materials, excessive neon, excessive glow, oversaturated colors, busy background, motion blur, low resolution, compression artifacts, generic Earth copy, unsupported fantasy styling, traits conflicting with locked canon",1.0.0,canonical
NB2-CRE-IV-006-QUANTUM-LIFE-BEHAVIOR,CRE-IV-006-QUANTUM-LIFE,Quantum Life,behavior,Behavior Sheet,16:9,"Create a canonical NOVERIS Nano Banana 2 visual for Quantum Life: Behavior Sheet.

Canonical archetype:
A canonical quantum life designed as a scientifically plausible lifeform whose body plan, support system, locomotion, sensing, metabolism, ecology, and environmental adaptations are internally coherent.

Required visual and biological rules:
• functional anatomy
• credible center of mass
• coherent locomotion
• environment-linked materials
• ecologically plausible scale
• stable field topology
• controlled luminosity
• readable nonhumanoid silhouette

Production request:
Create idle, feeding, locomotion, social, defense and rest.

Studio-resolved canonical values:
{{canonicalId}}, {{displayName}}, {{scientificName}}, {{originPlanet}}, {{planetType}}, {{biome}}, {{gravity}}, {{atmosphere}}, {{climate}}, {{temperatureRange}}, {{sizeScale}}, {{coloration}}, {{materials}}, {{distinctiveFeatures}}, {{lockedTraits}}, {{rarity}}, {{artDirection}}.

Preserve every locked canonical field exactly. The result must use NOVERIS Scientific Realism: premium AAA science-fiction quality, museum-grade reference presentation, scientifically plausible structure, coherent materials, restrained coloration unless canon requires otherwise, readable silhouette, consistent scale and anatomy or growth across all views, soft neutral studio lighting, pure black background for isolated references, full requested subject visibility, generous negative space, and PSD-friendly extraction. Habitat and biome outputs may use the canonical environment. No baked-in text, labels, watermark, logo, border, or UI.

Create four clearly different but canon-compliant versions. Preserve body plan or growth architecture, structural counts, environmental adaptations, materials, defining features, and locked coloration. Vary only permitted secondary proportions, markings, surface detail, minor ornamentation, natural wear, and pose or growth irregularity.

Recommended aspect ratio: 16:9.","text, labels, watermark, signature, logo, border, frame, UI, HUD, cropped subject, duplicate anatomy, contradictory anatomy, impossible balance, unsupported structures, random wings, random horns, humanoid default, fantasy armor, weapons, cartoon, anime, toy-like materials, excessive neon, excessive glow, oversaturated colors, busy background, motion blur, low resolution, compression artifacts, generic Earth copy, unsupported fantasy styling, traits conflicting with locked canon",1.0.0,canonical
NB2-CRE-IV-006-QUANTUM-LIFE-HABITAT,CRE-IV-006-QUANTUM-LIFE,Quantum Life,habitat,Native Habitat Scene,16:9,"Create a canonical NOVERIS Nano Banana 2 visual for Quantum Life: Native Habitat Scene.

Canonical archetype:
A canonical quantum life designed as a scientifically plausible lifeform whose body plan, support system, locomotion, sensing, metabolism, ecology, and environmental adaptations are internally coherent.

Required visual and biological rules:
• functional anatomy
• credible center of mass
• coherent locomotion
• environment-linked materials
• ecologically plausible scale
• stable field topology
• controlled luminosity
• readable nonhumanoid silhouette

Production request:
Create natural behavior in canonical planet and biome.

Studio-resolved canonical values:
{{canonicalId}}, {{displayName}}, {{scientificName}}, {{originPlanet}}, {{planetType}}, {{biome}}, {{gravity}}, {{atmosphere}}, {{climate}}, {{temperatureRange}}, {{sizeScale}}, {{coloration}}, {{materials}}, {{distinctiveFeatures}}, {{lockedTraits}}, {{rarity}}, {{artDirection}}.

Preserve every locked canonical field exactly. The result must use NOVERIS Scientific Realism: premium AAA science-fiction quality, museum-grade reference presentation, scientifically plausible structure, coherent materials, restrained coloration unless canon requires otherwise, readable silhouette, consistent scale and anatomy or growth across all views, soft neutral studio lighting, pure black background for isolated references, full requested subject visibility, generous negative space, and PSD-friendly extraction. Habitat and biome outputs may use the canonical environment. No baked-in text, labels, watermark, logo, border, or UI.

Create four clearly different but canon-compliant versions. Preserve body plan or growth architecture, structural counts, environmental adaptations, materials, defining features, and locked coloration. Vary only permitted secondary proportions, markings, surface detail, minor ornamentation, natural wear, and pose or growth irregularity.

Recommended aspect ratio: 16:9.","text, labels, watermark, signature, logo, border, frame, UI, HUD, cropped subject, duplicate anatomy, contradictory anatomy, impossible balance, unsupported structures, random wings, random horns, humanoid default, fantasy armor, weapons, cartoon, anime, toy-like materials, excessive neon, excessive glow, oversaturated colors, busy background, motion blur, low resolution, compression artifacts, generic Earth copy, unsupported fantasy styling, traits conflicting with locked canon",1.0.0,canonical
NB2-CRE-IV-006-QUANTUM-LIFE-DISCOVERY,CRE-IV-006-QUANTUM-LIFE,Quantum Life,discovery,Discovery Scan,16:9,"Create a canonical NOVERIS Nano Banana 2 visual for Quantum Life: Discovery Scan.

Canonical archetype:
A canonical quantum life designed as a scientifically plausible lifeform whose body plan, support system, locomotion, sensing, metabolism, ecology, and environmental adaptations are internally coherent.

Required visual and biological rules:
• functional anatomy
• credible center of mass
• coherent locomotion
• environment-linked materials
• ecologically plausible scale
• stable field topology
• controlled luminosity
• readable nonhumanoid silhouette

Production request:
Create centered scientific scan source without labels.

Studio-resolved canonical values:
{{canonicalId}}, {{displayName}}, {{scientificName}}, {{originPlanet}}, {{planetType}}, {{biome}}, {{gravity}}, {{atmosphere}}, {{climate}}, {{temperatureRange}}, {{sizeScale}}, {{coloration}}, {{materials}}, {{distinctiveFeatures}}, {{lockedTraits}}, {{rarity}}, {{artDirection}}.

Preserve every locked canonical field exactly. The result must use NOVERIS Scientific Realism: premium AAA science-fiction quality, museum-grade reference presentation, scientifically plausible structure, coherent materials, restrained coloration unless canon requires otherwise, readable silhouette, consistent scale and anatomy or growth across all views, soft neutral studio lighting, pure black background for isolated references, full requested subject visibility, generous negative space, and PSD-friendly extraction. Habitat and biome outputs may use the canonical environment. No baked-in text, labels, watermark, logo, border, or UI.

Create four clearly different but canon-compliant versions. Preserve body plan or growth architecture, structural counts, environmental adaptations, materials, defining features, and locked coloration. Vary only permitted secondary proportions, markings, surface detail, minor ornamentation, natural wear, and pose or growth irregularity.

Recommended aspect ratio: 16:9.","text, labels, watermark, signature, logo, border, frame, UI, HUD, cropped subject, duplicate anatomy, contradictory anatomy, impossible balance, unsupported structures, random wings, random horns, humanoid default, fantasy armor, weapons, cartoon, anime, toy-like materials, excessive neon, excessive glow, oversaturated colors, busy background, motion blur, low resolution, compression artifacts, generic Earth copy, unsupported fantasy styling, traits conflicting with locked canon",1.0.0,canonical
NB2-CRE-IV-006-QUANTUM-LIFE-ICON,CRE-IV-006-QUANTUM-LIFE,Quantum Life,icon,UI Icon,1:1,"Create a canonical NOVERIS Nano Banana 2 visual for Quantum Life: UI Icon.

Canonical archetype:
A canonical quantum life designed as a scientifically plausible lifeform whose body plan, support system, locomotion, sensing, metabolism, ecology, and environmental adaptations are internally coherent.

Required visual and biological rules:
• functional anatomy
• credible center of mass
• coherent locomotion
• environment-linked materials
• ecologically plausible scale
• stable field topology
• controlled luminosity
• readable nonhumanoid silhouette

Production request:
Create isolated silhouette readable at 64 pixels.

Studio-resolved canonical values:
{{canonicalId}}, {{displayName}}, {{scientificName}}, {{originPlanet}}, {{planetType}}, {{biome}}, {{gravity}}, {{atmosphere}}, {{climate}}, {{temperatureRange}}, {{sizeScale}}, {{coloration}}, {{materials}}, {{distinctiveFeatures}}, {{lockedTraits}}, {{rarity}}, {{artDirection}}.

Preserve every locked canonical field exactly. The result must use NOVERIS Scientific Realism: premium AAA science-fiction quality, museum-grade reference presentation, scientifically plausible structure, coherent materials, restrained coloration unless canon requires otherwise, readable silhouette, consistent scale and anatomy or growth across all views, soft neutral studio lighting, pure black background for isolated references, full requested subject visibility, generous negative space, and PSD-friendly extraction. Habitat and biome outputs may use the canonical environment. No baked-in text, labels, watermark, logo, border, or UI.

Create four clearly different but canon-compliant versions. Preserve body plan or growth architecture, structural counts, environmental adaptations, materials, defining features, and locked coloration. Vary only permitted secondary proportions, markings, surface detail, minor ornamentation, natural wear, and pose or growth irregularity.

Recommended aspect ratio: 1:1.","text, labels, watermark, signature, logo, border, frame, UI, HUD, cropped subject, duplicate anatomy, contradictory anatomy, impossible balance, unsupported structures, random wings, random horns, humanoid default, fantasy armor, weapons, cartoon, anime, toy-like materials, excessive neon, excessive glow, oversaturated colors, busy background, motion blur, low resolution, compression artifacts, generic Earth copy, unsupported fantasy styling, traits conflicting with locked canon",1.0.0,canonical
NB2-CRE-IV-006-QUANTUM-LIFE-SCALE,CRE-IV-006-QUANTUM-LIFE,Quantum Life,scale,Scale Comparison,16:9,"Create a canonical NOVERIS Nano Banana 2 visual for Quantum Life: Scale Comparison.

Canonical archetype:
A canonical quantum life designed as a scientifically plausible lifeform whose body plan, support system, locomotion, sensing, metabolism, ecology, and environmental adaptations are internally coherent.

Required visual and biological rules:
• functional anatomy
• credible center of mass
• coherent locomotion
• environment-linked materials
• ecologically plausible scale
• stable field topology
• controlled luminosity
• readable nonhumanoid silhouette

Production request:
Create side view with adult human silhouette and one-meter bar.

Studio-resolved canonical values:
{{canonicalId}}, {{displayName}}, {{scientificName}}, {{originPlanet}}, {{planetType}}, {{biome}}, {{gravity}}, {{atmosphere}}, {{climate}}, {{temperatureRange}}, {{sizeScale}}, {{coloration}}, {{materials}}, {{distinctiveFeatures}}, {{lockedTraits}}, {{rarity}}, {{artDirection}}.

Preserve every locked canonical field exactly. The result must use NOVERIS Scientific Realism: premium AAA science-fiction quality, museum-grade reference presentation, scientifically plausible structure, coherent materials, restrained coloration unless canon requires otherwise, readable silhouette, consistent scale and anatomy or growth across all views, soft neutral studio lighting, pure black background for isolated references, full requested subject visibility, generous negative space, and PSD-friendly extraction. Habitat and biome outputs may use the canonical environment. No baked-in text, labels, watermark, logo, border, or UI.

Create four clearly different but canon-compliant versions. Preserve body plan or growth architecture, structural counts, environmental adaptations, materials, defining features, and locked coloration. Vary only permitted secondary proportions, markings, surface detail, minor ornamentation, natural wear, and pose or growth irregularity.

Recommended aspect ratio: 16:9.","text, labels, watermark, signature, logo, border, frame, UI, HUD, cropped subject, duplicate anatomy, contradictory anatomy, impossible balance, unsupported structures, random wings, random horns, humanoid default, fantasy armor, weapons, cartoon, anime, toy-like materials, excessive neon, excessive glow, oversaturated colors, busy background, motion blur, low resolution, compression artifacts, generic Earth copy, unsupported fantasy styling, traits conflicting with locked canon",1.0.0,canonical
NB2-CRE-IV-006-QUANTUM-LIFE-SPECIES-PLATE,CRE-IV-006-QUANTUM-LIFE,Quantum Life,species-plate,Master Species Plate,16:9,"Create a canonical NOVERIS Nano Banana 2 visual for Quantum Life: Master Species Plate.

Canonical archetype:
A canonical quantum life designed as a scientifically plausible lifeform whose body plan, support system, locomotion, sensing, metabolism, ecology, and environmental adaptations are internally coherent.

Required visual and biological rules:
• functional anatomy
• credible center of mass
• coherent locomotion
• environment-linked materials
• ecologically plausible scale
• stable field topology
• controlled luminosity
• readable nonhumanoid silhouette

Production request:
Create full body, portrait, views, support system, lifecycle, variants, materials and habitat vignette.

Studio-resolved canonical values:
{{canonicalId}}, {{displayName}}, {{scientificName}}, {{originPlanet}}, {{planetType}}, {{biome}}, {{gravity}}, {{atmosphere}}, {{climate}}, {{temperatureRange}}, {{sizeScale}}, {{coloration}}, {{materials}}, {{distinctiveFeatures}}, {{lockedTraits}}, {{rarity}}, {{artDirection}}.

Preserve every locked canonical field exactly. The result must use NOVERIS Scientific Realism: premium AAA science-fiction quality, museum-grade reference presentation, scientifically plausible structure, coherent materials, restrained coloration unless canon requires otherwise, readable silhouette, consistent scale and anatomy or growth across all views, soft neutral studio lighting, pure black background for isolated references, full requested subject visibility, generous negative space, and PSD-friendly extraction. Habitat and biome outputs may use the canonical environment. No baked-in text, labels, watermark, logo, border, or UI.

Create four clearly different but canon-compliant versions. Preserve body plan or growth architecture, structural counts, environmental adaptations, materials, defining features, and locked coloration. Vary only permitted secondary proportions, markings, surface detail, minor ornamentation, natural wear, and pose or growth irregularity.

Recommended aspect ratio: 16:9.","text, labels, watermark, signature, logo, border, frame, UI, HUD, cropped subject, duplicate anatomy, contradictory anatomy, impossible balance, unsupported structures, random wings, random horns, humanoid default, fantasy armor, weapons, cartoon, anime, toy-like materials, excessive neon, excessive glow, oversaturated colors, busy background, motion blur, low resolution, compression artifacts, generic Earth copy, unsupported fantasy styling, traits conflicting with locked canon",1.0.0,canonical
NB2-CRE-IV-006-QUANTUM-LIFE-ANIMATION,CRE-IV-006-QUANTUM-LIFE,Quantum Life,animation,Animation Reference,16:9,"Create a canonical NOVERIS Nano Banana 2 visual for Quantum Life: Animation Reference.

Canonical archetype:
A canonical quantum life designed as a scientifically plausible lifeform whose body plan, support system, locomotion, sensing, metabolism, ecology, and environmental adaptations are internally coherent.

Required visual and biological rules:
• functional anatomy
• credible center of mass
• coherent locomotion
• environment-linked materials
• ecologically plausible scale
• stable field topology
• controlled luminosity
• readable nonhumanoid silhouette

Production request:
Create idle, locomotion, interaction, feeding, defense, rest and death or shutdown.

Studio-resolved canonical values:
{{canonicalId}}, {{displayName}}, {{scientificName}}, {{originPlanet}}, {{planetType}}, {{biome}}, {{gravity}}, {{atmosphere}}, {{climate}}, {{temperatureRange}}, {{sizeScale}}, {{coloration}}, {{materials}}, {{distinctiveFeatures}}, {{lockedTraits}}, {{rarity}}, {{artDirection}}.

Preserve every locked canonical field exactly. The result must use NOVERIS Scientific Realism: premium AAA science-fiction quality, museum-grade reference presentation, scientifically plausible structure, coherent materials, restrained coloration unless canon requires otherwise, readable silhouette, consistent scale and anatomy or growth across all views, soft neutral studio lighting, pure black background for isolated references, full requested subject visibility, generous negative space, and PSD-friendly extraction. Habitat and biome outputs may use the canonical environment. No baked-in text, labels, watermark, logo, border, or UI.

Create four clearly different but canon-compliant versions. Preserve body plan or growth architecture, structural counts, environmental adaptations, materials, defining features, and locked coloration. Vary only permitted secondary proportions, markings, surface detail, minor ornamentation, natural wear, and pose or growth irregularity.

Recommended aspect ratio: 16:9.","text, labels, watermark, signature, logo, border, frame, UI, HUD, cropped subject, duplicate anatomy, contradictory anatomy, impossible balance, unsupported structures, random wings, random horns, humanoid default, fantasy armor, weapons, cartoon, anime, toy-like materials, excessive neon, excessive glow, oversaturated colors, busy background, motion blur, low resolution, compression artifacts, generic Earth copy, unsupported fantasy styling, traits conflicting with locked canon",1.0.0,canonical
NB2-CRE-IV-006-QUANTUM-LIFE-PSD,CRE-IV-006-QUANTUM-LIFE,Quantum Life,psd,PSD Extraction Board,16:9,"Create a canonical NOVERIS Nano Banana 2 visual for Quantum Life: PSD Extraction Board.

Canonical archetype:
A canonical quantum life designed as a scientifically plausible lifeform whose body plan, support system, locomotion, sensing, metabolism, ecology, and environmental adaptations are internally coherent.

Required visual and biological rules:
• functional anatomy
• credible center of mass
• coherent locomotion
• environment-linked materials
• ecologically plausible scale
• stable field topology
• controlled luminosity
• readable nonhumanoid silhouette

Production request:
Create isolated whole subject, major parts, silhouette and material references.

Studio-resolved canonical values:
{{canonicalId}}, {{displayName}}, {{scientificName}}, {{originPlanet}}, {{planetType}}, {{biome}}, {{gravity}}, {{atmosphere}}, {{climate}}, {{temperatureRange}}, {{sizeScale}}, {{coloration}}, {{materials}}, {{distinctiveFeatures}}, {{lockedTraits}}, {{rarity}}, {{artDirection}}.

Preserve every locked canonical field exactly. The result must use NOVERIS Scientific Realism: premium AAA science-fiction quality, museum-grade reference presentation, scientifically plausible structure, coherent materials, restrained coloration unless canon requires otherwise, readable silhouette, consistent scale and anatomy or growth across all views, soft neutral studio lighting, pure black background for isolated references, full requested subject visibility, generous negative space, and PSD-friendly extraction. Habitat and biome outputs may use the canonical environment. No baked-in text, labels, watermark, logo, border, or UI.

Create four clearly different but canon-compliant versions. Preserve body plan or growth architecture, structural counts, environmental adaptations, materials, defining features, and locked coloration. Vary only permitted secondary proportions, markings, surface detail, minor ornamentation, natural wear, and pose or growth irregularity.

Recommended aspect ratio: 16:9.","text, labels, watermark, signature, logo, border, frame, UI, HUD, cropped subject, duplicate anatomy, contradictory anatomy, impossible balance, unsupported structures, random wings, random horns, humanoid default, fantasy armor, weapons, cartoon, anime, toy-like materials, excessive neon, excessive glow, oversaturated colors, busy background, motion blur, low resolution, compression artifacts, generic Earth copy, unsupported fantasy styling, traits conflicting with locked canon",1.0.0,canonical
NB2-CRE-IV-007-ATMOSPHERIC-FIELD-ORGANISM-FULL-BODY,CRE-IV-007-ATMOSPHERIC-FIELD-ORGANISM,Atmospheric Field Organism,full-body,Full Body Production Render,3:4,"Create a canonical NOVERIS Nano Banana 2 visual for Atmospheric Field Organism: Full Body Production Render.

Canonical archetype:
A canonical atmospheric field organism designed as a scientifically plausible lifeform whose body plan, support system, locomotion, sensing, metabolism, ecology, and environmental adaptations are internally coherent.

Required visual and biological rules:
• functional anatomy
• credible center of mass
• coherent locomotion
• environment-linked materials
• ecologically plausible scale

Production request:
Create complete mature specimen, neutral pose, entire body visible.

Studio-resolved canonical values:
{{canonicalId}}, {{displayName}}, {{scientificName}}, {{originPlanet}}, {{planetType}}, {{biome}}, {{gravity}}, {{atmosphere}}, {{climate}}, {{temperatureRange}}, {{sizeScale}}, {{coloration}}, {{materials}}, {{distinctiveFeatures}}, {{lockedTraits}}, {{rarity}}, {{artDirection}}.

Preserve every locked canonical field exactly. The result must use NOVERIS Scientific Realism: premium AAA science-fiction quality, museum-grade reference presentation, scientifically plausible structure, coherent materials, restrained coloration unless canon requires otherwise, readable silhouette, consistent scale and anatomy or growth across all views, soft neutral studio lighting, pure black background for isolated references, full requested subject visibility, generous negative space, and PSD-friendly extraction. Habitat and biome outputs may use the canonical environment. No baked-in text, labels, watermark, logo, border, or UI.

Create four clearly different but canon-compliant versions. Preserve body plan or growth architecture, structural counts, environmental adaptations, materials, defining features, and locked coloration. Vary only permitted secondary proportions, markings, surface detail, minor ornamentation, natural wear, and pose or growth irregularity.

Recommended aspect ratio: 3:4.","text, labels, watermark, signature, logo, border, frame, UI, HUD, cropped subject, duplicate anatomy, contradictory anatomy, impossible balance, unsupported structures, random wings, random horns, humanoid default, fantasy armor, weapons, cartoon, anime, toy-like materials, excessive neon, excessive glow, oversaturated colors, busy background, motion blur, low resolution, compression artifacts, generic Earth copy, unsupported fantasy styling, traits conflicting with locked canon",1.0.0,canonical
NB2-CRE-IV-007-ATMOSPHERIC-FIELD-ORGANISM-PORTRAIT,CRE-IV-007-ATMOSPHERIC-FIELD-ORGANISM,Atmospheric Field Organism,portrait,Portrait,1:1,"Create a canonical NOVERIS Nano Banana 2 visual for Atmospheric Field Organism: Portrait.

Canonical archetype:
A canonical atmospheric field organism designed as a scientifically plausible lifeform whose body plan, support system, locomotion, sensing, metabolism, ecology, and environmental adaptations are internally coherent.

Required visual and biological rules:
• functional anatomy
• credible center of mass
• coherent locomotion
• environment-linked materials
• ecologically plausible scale

Production request:
Create head and upper body emphasizing sensory anatomy and defining materials.

Studio-resolved canonical values:
{{canonicalId}}, {{displayName}}, {{scientificName}}, {{originPlanet}}, {{planetType}}, {{biome}}, {{gravity}}, {{atmosphere}}, {{climate}}, {{temperatureRange}}, {{sizeScale}}, {{coloration}}, {{materials}}, {{distinctiveFeatures}}, {{lockedTraits}}, {{rarity}}, {{artDirection}}.

Preserve every locked canonical field exactly. The result must use NOVERIS Scientific Realism: premium AAA science-fiction quality, museum-grade reference presentation, scientifically plausible structure, coherent materials, restrained coloration unless canon requires otherwise, readable silhouette, consistent scale and anatomy or growth across all views, soft neutral studio lighting, pure black background for isolated references, full requested subject visibility, generous negative space, and PSD-friendly extraction. Habitat and biome outputs may use the canonical environment. No baked-in text, labels, watermark, logo, border, or UI.

Create four clearly different but canon-compliant versions. Preserve body plan or growth architecture, structural counts, environmental adaptations, materials, defining features, and locked coloration. Vary only permitted secondary proportions, markings, surface detail, minor ornamentation, natural wear, and pose or growth irregularity.

Recommended aspect ratio: 1:1.","text, labels, watermark, signature, logo, border, frame, UI, HUD, cropped subject, duplicate anatomy, contradictory anatomy, impossible balance, unsupported structures, random wings, random horns, humanoid default, fantasy armor, weapons, cartoon, anime, toy-like materials, excessive neon, excessive glow, oversaturated colors, busy background, motion blur, low resolution, compression artifacts, generic Earth copy, unsupported fantasy styling, traits conflicting with locked canon",1.0.0,canonical
NB2-CRE-IV-007-ATMOSPHERIC-FIELD-ORGANISM-ORTHO-FRONT,CRE-IV-007-ATMOSPHERIC-FIELD-ORGANISM,Atmospheric Field Organism,ortho-front,Orthographic Front,3:4,"Create a canonical NOVERIS Nano Banana 2 visual for Atmospheric Field Organism: Orthographic Front.

Canonical archetype:
A canonical atmospheric field organism designed as a scientifically plausible lifeform whose body plan, support system, locomotion, sensing, metabolism, ecology, and environmental adaptations are internally coherent.

Required visual and biological rules:
• functional anatomy
• credible center of mass
• coherent locomotion
• environment-linked materials
• ecologically plausible scale

Production request:
Create exact front orthographic view.

Studio-resolved canonical values:
{{canonicalId}}, {{displayName}}, {{scientificName}}, {{originPlanet}}, {{planetType}}, {{biome}}, {{gravity}}, {{atmosphere}}, {{climate}}, {{temperatureRange}}, {{sizeScale}}, {{coloration}}, {{materials}}, {{distinctiveFeatures}}, {{lockedTraits}}, {{rarity}}, {{artDirection}}.

Preserve every locked canonical field exactly. The result must use NOVERIS Scientific Realism: premium AAA science-fiction quality, museum-grade reference presentation, scientifically plausible structure, coherent materials, restrained coloration unless canon requires otherwise, readable silhouette, consistent scale and anatomy or growth across all views, soft neutral studio lighting, pure black background for isolated references, full requested subject visibility, generous negative space, and PSD-friendly extraction. Habitat and biome outputs may use the canonical environment. No baked-in text, labels, watermark, logo, border, or UI.

Create four clearly different but canon-compliant versions. Preserve body plan or growth architecture, structural counts, environmental adaptations, materials, defining features, and locked coloration. Vary only permitted secondary proportions, markings, surface detail, minor ornamentation, natural wear, and pose or growth irregularity.

Recommended aspect ratio: 3:4.","text, labels, watermark, signature, logo, border, frame, UI, HUD, cropped subject, duplicate anatomy, contradictory anatomy, impossible balance, unsupported structures, random wings, random horns, humanoid default, fantasy armor, weapons, cartoon, anime, toy-like materials, excessive neon, excessive glow, oversaturated colors, busy background, motion blur, low resolution, compression artifacts, generic Earth copy, unsupported fantasy styling, traits conflicting with locked canon",1.0.0,canonical
NB2-CRE-IV-007-ATMOSPHERIC-FIELD-ORGANISM-ORTHO-SIDE,CRE-IV-007-ATMOSPHERIC-FIELD-ORGANISM,Atmospheric Field Organism,ortho-side,Orthographic Side,3:4,"Create a canonical NOVERIS Nano Banana 2 visual for Atmospheric Field Organism: Orthographic Side.

Canonical archetype:
A canonical atmospheric field organism designed as a scientifically plausible lifeform whose body plan, support system, locomotion, sensing, metabolism, ecology, and environmental adaptations are internally coherent.

Required visual and biological rules:
• functional anatomy
• credible center of mass
• coherent locomotion
• environment-linked materials
• ecologically plausible scale

Production request:
Create exact side orthographic view.

Studio-resolved canonical values:
{{canonicalId}}, {{displayName}}, {{scientificName}}, {{originPlanet}}, {{planetType}}, {{biome}}, {{gravity}}, {{atmosphere}}, {{climate}}, {{temperatureRange}}, {{sizeScale}}, {{coloration}}, {{materials}}, {{distinctiveFeatures}}, {{lockedTraits}}, {{rarity}}, {{artDirection}}.

Preserve every locked canonical field exactly. The result must use NOVERIS Scientific Realism: premium AAA science-fiction quality, museum-grade reference presentation, scientifically plausible structure, coherent materials, restrained coloration unless canon requires otherwise, readable silhouette, consistent scale and anatomy or growth across all views, soft neutral studio lighting, pure black background for isolated references, full requested subject visibility, generous negative space, and PSD-friendly extraction. Habitat and biome outputs may use the canonical environment. No baked-in text, labels, watermark, logo, border, or UI.

Create four clearly different but canon-compliant versions. Preserve body plan or growth architecture, structural counts, environmental adaptations, materials, defining features, and locked coloration. Vary only permitted secondary proportions, markings, surface detail, minor ornamentation, natural wear, and pose or growth irregularity.

Recommended aspect ratio: 3:4.","text, labels, watermark, signature, logo, border, frame, UI, HUD, cropped subject, duplicate anatomy, contradictory anatomy, impossible balance, unsupported structures, random wings, random horns, humanoid default, fantasy armor, weapons, cartoon, anime, toy-like materials, excessive neon, excessive glow, oversaturated colors, busy background, motion blur, low resolution, compression artifacts, generic Earth copy, unsupported fantasy styling, traits conflicting with locked canon",1.0.0,canonical
NB2-CRE-IV-007-ATMOSPHERIC-FIELD-ORGANISM-ORTHO-REAR,CRE-IV-007-ATMOSPHERIC-FIELD-ORGANISM,Atmospheric Field Organism,ortho-rear,Orthographic Rear,3:4,"Create a canonical NOVERIS Nano Banana 2 visual for Atmospheric Field Organism: Orthographic Rear.

Canonical archetype:
A canonical atmospheric field organism designed as a scientifically plausible lifeform whose body plan, support system, locomotion, sensing, metabolism, ecology, and environmental adaptations are internally coherent.

Required visual and biological rules:
• functional anatomy
• credible center of mass
• coherent locomotion
• environment-linked materials
• ecologically plausible scale

Production request:
Create exact rear orthographic view.

Studio-resolved canonical values:
{{canonicalId}}, {{displayName}}, {{scientificName}}, {{originPlanet}}, {{planetType}}, {{biome}}, {{gravity}}, {{atmosphere}}, {{climate}}, {{temperatureRange}}, {{sizeScale}}, {{coloration}}, {{materials}}, {{distinctiveFeatures}}, {{lockedTraits}}, {{rarity}}, {{artDirection}}.

Preserve every locked canonical field exactly. The result must use NOVERIS Scientific Realism: premium AAA science-fiction quality, museum-grade reference presentation, scientifically plausible structure, coherent materials, restrained coloration unless canon requires otherwise, readable silhouette, consistent scale and anatomy or growth across all views, soft neutral studio lighting, pure black background for isolated references, full requested subject visibility, generous negative space, and PSD-friendly extraction. Habitat and biome outputs may use the canonical environment. No baked-in text, labels, watermark, logo, border, or UI.

Create four clearly different but canon-compliant versions. Preserve body plan or growth architecture, structural counts, environmental adaptations, materials, defining features, and locked coloration. Vary only permitted secondary proportions, markings, surface detail, minor ornamentation, natural wear, and pose or growth irregularity.

Recommended aspect ratio: 3:4.","text, labels, watermark, signature, logo, border, frame, UI, HUD, cropped subject, duplicate anatomy, contradictory anatomy, impossible balance, unsupported structures, random wings, random horns, humanoid default, fantasy armor, weapons, cartoon, anime, toy-like materials, excessive neon, excessive glow, oversaturated colors, busy background, motion blur, low resolution, compression artifacts, generic Earth copy, unsupported fantasy styling, traits conflicting with locked canon",1.0.0,canonical
NB2-CRE-IV-007-ATMOSPHERIC-FIELD-ORGANISM-TURNAROUND,CRE-IV-007-ATMOSPHERIC-FIELD-ORGANISM,Atmospheric Field Organism,turnaround,Turnaround Sheet,16:9,"Create a canonical NOVERIS Nano Banana 2 visual for Atmospheric Field Organism: Turnaround Sheet.

Canonical archetype:
A canonical atmospheric field organism designed as a scientifically plausible lifeform whose body plan, support system, locomotion, sensing, metabolism, ecology, and environmental adaptations are internally coherent.

Required visual and biological rules:
• functional anatomy
• credible center of mass
• coherent locomotion
• environment-linked materials
• ecologically plausible scale

Production request:
Create front, side, rear, top and underside at identical scale.

Studio-resolved canonical values:
{{canonicalId}}, {{displayName}}, {{scientificName}}, {{originPlanet}}, {{planetType}}, {{biome}}, {{gravity}}, {{atmosphere}}, {{climate}}, {{temperatureRange}}, {{sizeScale}}, {{coloration}}, {{materials}}, {{distinctiveFeatures}}, {{lockedTraits}}, {{rarity}}, {{artDirection}}.

Preserve every locked canonical field exactly. The result must use NOVERIS Scientific Realism: premium AAA science-fiction quality, museum-grade reference presentation, scientifically plausible structure, coherent materials, restrained coloration unless canon requires otherwise, readable silhouette, consistent scale and anatomy or growth across all views, soft neutral studio lighting, pure black background for isolated references, full requested subject visibility, generous negative space, and PSD-friendly extraction. Habitat and biome outputs may use the canonical environment. No baked-in text, labels, watermark, logo, border, or UI.

Create four clearly different but canon-compliant versions. Preserve body plan or growth architecture, structural counts, environmental adaptations, materials, defining features, and locked coloration. Vary only permitted secondary proportions, markings, surface detail, minor ornamentation, natural wear, and pose or growth irregularity.

Recommended aspect ratio: 16:9.","text, labels, watermark, signature, logo, border, frame, UI, HUD, cropped subject, duplicate anatomy, contradictory anatomy, impossible balance, unsupported structures, random wings, random horns, humanoid default, fantasy armor, weapons, cartoon, anime, toy-like materials, excessive neon, excessive glow, oversaturated colors, busy background, motion blur, low resolution, compression artifacts, generic Earth copy, unsupported fantasy styling, traits conflicting with locked canon",1.0.0,canonical
NB2-CRE-IV-007-ATMOSPHERIC-FIELD-ORGANISM-SUPPORT,CRE-IV-007-ATMOSPHERIC-FIELD-ORGANISM,Atmospheric Field Organism,support,Skeleton or Support Structure,16:9,"Create a canonical NOVERIS Nano Banana 2 visual for Atmospheric Field Organism: Skeleton or Support Structure.

Canonical archetype:
A canonical atmospheric field organism designed as a scientifically plausible lifeform whose body plan, support system, locomotion, sensing, metabolism, ecology, and environmental adaptations are internally coherent.

Required visual and biological rules:
• functional anatomy
• credible center of mass
• coherent locomotion
• environment-linked materials
• ecologically plausible scale

Production request:
Create complete mechanical support system and joint logic.

Studio-resolved canonical values:
{{canonicalId}}, {{displayName}}, {{scientificName}}, {{originPlanet}}, {{planetType}}, {{biome}}, {{gravity}}, {{atmosphere}}, {{climate}}, {{temperatureRange}}, {{sizeScale}}, {{coloration}}, {{materials}}, {{distinctiveFeatures}}, {{lockedTraits}}, {{rarity}}, {{artDirection}}.

Preserve every locked canonical field exactly. The result must use NOVERIS Scientific Realism: premium AAA science-fiction quality, museum-grade reference presentation, scientifically plausible structure, coherent materials, restrained coloration unless canon requires otherwise, readable silhouette, consistent scale and anatomy or growth across all views, soft neutral studio lighting, pure black background for isolated references, full requested subject visibility, generous negative space, and PSD-friendly extraction. Habitat and biome outputs may use the canonical environment. No baked-in text, labels, watermark, logo, border, or UI.

Create four clearly different but canon-compliant versions. Preserve body plan or growth architecture, structural counts, environmental adaptations, materials, defining features, and locked coloration. Vary only permitted secondary proportions, markings, surface detail, minor ornamentation, natural wear, and pose or growth irregularity.

Recommended aspect ratio: 16:9.","text, labels, watermark, signature, logo, border, frame, UI, HUD, cropped subject, duplicate anatomy, contradictory anatomy, impossible balance, unsupported structures, random wings, random horns, humanoid default, fantasy armor, weapons, cartoon, anime, toy-like materials, excessive neon, excessive glow, oversaturated colors, busy background, motion blur, low resolution, compression artifacts, generic Earth copy, unsupported fantasy styling, traits conflicting with locked canon",1.0.0,canonical
NB2-CRE-IV-007-ATMOSPHERIC-FIELD-ORGANISM-ANATOMY,CRE-IV-007-ATMOSPHERIC-FIELD-ORGANISM,Atmospheric Field Organism,anatomy,Internal Anatomy,16:9,"Create a canonical NOVERIS Nano Banana 2 visual for Atmospheric Field Organism: Internal Anatomy.

Canonical archetype:
A canonical atmospheric field organism designed as a scientifically plausible lifeform whose body plan, support system, locomotion, sensing, metabolism, ecology, and environmental adaptations are internally coherent.

Required visual and biological rules:
• functional anatomy
• credible center of mass
• coherent locomotion
• environment-linked materials
• ecologically plausible scale

Production request:
Create major respiratory, circulatory, digestive, sensory and reproductive systems.

Studio-resolved canonical values:
{{canonicalId}}, {{displayName}}, {{scientificName}}, {{originPlanet}}, {{planetType}}, {{biome}}, {{gravity}}, {{atmosphere}}, {{climate}}, {{temperatureRange}}, {{sizeScale}}, {{coloration}}, {{materials}}, {{distinctiveFeatures}}, {{lockedTraits}}, {{rarity}}, {{artDirection}}.

Preserve every locked canonical field exactly. The result must use NOVERIS Scientific Realism: premium AAA science-fiction quality, museum-grade reference presentation, scientifically plausible structure, coherent materials, restrained coloration unless canon requires otherwise, readable silhouette, consistent scale and anatomy or growth across all views, soft neutral studio lighting, pure black background for isolated references, full requested subject visibility, generous negative space, and PSD-friendly extraction. Habitat and biome outputs may use the canonical environment. No baked-in text, labels, watermark, logo, border, or UI.

Create four clearly different but canon-compliant versions. Preserve body plan or growth architecture, structural counts, environmental adaptations, materials, defining features, and locked coloration. Vary only permitted secondary proportions, markings, surface detail, minor ornamentation, natural wear, and pose or growth irregularity.

Recommended aspect ratio: 16:9.","text, labels, watermark, signature, logo, border, frame, UI, HUD, cropped subject, duplicate anatomy, contradictory anatomy, impossible balance, unsupported structures, random wings, random horns, humanoid default, fantasy armor, weapons, cartoon, anime, toy-like materials, excessive neon, excessive glow, oversaturated colors, busy background, motion blur, low resolution, compression artifacts, generic Earth copy, unsupported fantasy styling, traits conflicting with locked canon",1.0.0,canonical
NB2-CRE-IV-007-ATMOSPHERIC-FIELD-ORGANISM-LIFECYCLE,CRE-IV-007-ATMOSPHERIC-FIELD-ORGANISM,Atmospheric Field Organism,lifecycle,Lifecycle Sheet,16:9,"Create a canonical NOVERIS Nano Banana 2 visual for Atmospheric Field Organism: Lifecycle Sheet.

Canonical archetype:
A canonical atmospheric field organism designed as a scientifically plausible lifeform whose body plan, support system, locomotion, sensing, metabolism, ecology, and environmental adaptations are internally coherent.

Required visual and biological rules:
• functional anatomy
• credible center of mass
• coherent locomotion
• environment-linked materials
• ecologically plausible scale

Production request:
Create reproductive form, juvenile, adult and elder stages.

Studio-resolved canonical values:
{{canonicalId}}, {{displayName}}, {{scientificName}}, {{originPlanet}}, {{planetType}}, {{biome}}, {{gravity}}, {{atmosphere}}, {{climate}}, {{temperatureRange}}, {{sizeScale}}, {{coloration}}, {{materials}}, {{distinctiveFeatures}}, {{lockedTraits}}, {{rarity}}, {{artDirection}}.

Preserve every locked canonical field exactly. The result must use NOVERIS Scientific Realism: premium AAA science-fiction quality, museum-grade reference presentation, scientifically plausible structure, coherent materials, restrained coloration unless canon requires otherwise, readable silhouette, consistent scale and anatomy or growth across all views, soft neutral studio lighting, pure black background for isolated references, full requested subject visibility, generous negative space, and PSD-friendly extraction. Habitat and biome outputs may use the canonical environment. No baked-in text, labels, watermark, logo, border, or UI.

Create four clearly different but canon-compliant versions. Preserve body plan or growth architecture, structural counts, environmental adaptations, materials, defining features, and locked coloration. Vary only permitted secondary proportions, markings, surface detail, minor ornamentation, natural wear, and pose or growth irregularity.

Recommended aspect ratio: 16:9.","text, labels, watermark, signature, logo, border, frame, UI, HUD, cropped subject, duplicate anatomy, contradictory anatomy, impossible balance, unsupported structures, random wings, random horns, humanoid default, fantasy armor, weapons, cartoon, anime, toy-like materials, excessive neon, excessive glow, oversaturated colors, busy background, motion blur, low resolution, compression artifacts, generic Earth copy, unsupported fantasy styling, traits conflicting with locked canon",1.0.0,canonical
NB2-CRE-IV-007-ATMOSPHERIC-FIELD-ORGANISM-VARIANTS,CRE-IV-007-ATMOSPHERIC-FIELD-ORGANISM,Atmospheric Field Organism,variants,Canonical Variants,16:9,"Create a canonical NOVERIS Nano Banana 2 visual for Atmospheric Field Organism: Canonical Variants.

Canonical archetype:
A canonical atmospheric field organism designed as a scientifically plausible lifeform whose body plan, support system, locomotion, sensing, metabolism, ecology, and environmental adaptations are internally coherent.

Required visual and biological rules:
• functional anatomy
• credible center of mass
• coherent locomotion
• environment-linked materials
• ecologically plausible scale

Production request:
Create regional, seasonal, sex, caste, morph or engineered variants.

Studio-resolved canonical values:
{{canonicalId}}, {{displayName}}, {{scientificName}}, {{originPlanet}}, {{planetType}}, {{biome}}, {{gravity}}, {{atmosphere}}, {{climate}}, {{temperatureRange}}, {{sizeScale}}, {{coloration}}, {{materials}}, {{distinctiveFeatures}}, {{lockedTraits}}, {{rarity}}, {{artDirection}}.

Preserve every locked canonical field exactly. The result must use NOVERIS Scientific Realism: premium AAA science-fiction quality, museum-grade reference presentation, scientifically plausible structure, coherent materials, restrained coloration unless canon requires otherwise, readable silhouette, consistent scale and anatomy or growth across all views, soft neutral studio lighting, pure black background for isolated references, full requested subject visibility, generous negative space, and PSD-friendly extraction. Habitat and biome outputs may use the canonical environment. No baked-in text, labels, watermark, logo, border, or UI.

Create four clearly different but canon-compliant versions. Preserve body plan or growth architecture, structural counts, environmental adaptations, materials, defining features, and locked coloration. Vary only permitted secondary proportions, markings, surface detail, minor ornamentation, natural wear, and pose or growth irregularity.

Recommended aspect ratio: 16:9.","text, labels, watermark, signature, logo, border, frame, UI, HUD, cropped subject, duplicate anatomy, contradictory anatomy, impossible balance, unsupported structures, random wings, random horns, humanoid default, fantasy armor, weapons, cartoon, anime, toy-like materials, excessive neon, excessive glow, oversaturated colors, busy background, motion blur, low resolution, compression artifacts, generic Earth copy, unsupported fantasy styling, traits conflicting with locked canon",1.0.0,canonical
NB2-CRE-IV-007-ATMOSPHERIC-FIELD-ORGANISM-BEHAVIOR,CRE-IV-007-ATMOSPHERIC-FIELD-ORGANISM,Atmospheric Field Organism,behavior,Behavior Sheet,16:9,"Create a canonical NOVERIS Nano Banana 2 visual for Atmospheric Field Organism: Behavior Sheet.

Canonical archetype:
A canonical atmospheric field organism designed as a scientifically plausible lifeform whose body plan, support system, locomotion, sensing, metabolism, ecology, and environmental adaptations are internally coherent.

Required visual and biological rules:
• functional anatomy
• credible center of mass
• coherent locomotion
• environment-linked materials
• ecologically plausible scale

Production request:
Create idle, feeding, locomotion, social, defense and rest.

Studio-resolved canonical values:
{{canonicalId}}, {{displayName}}, {{scientificName}}, {{originPlanet}}, {{planetType}}, {{biome}}, {{gravity}}, {{atmosphere}}, {{climate}}, {{temperatureRange}}, {{sizeScale}}, {{coloration}}, {{materials}}, {{distinctiveFeatures}}, {{lockedTraits}}, {{rarity}}, {{artDirection}}.

Preserve every locked canonical field exactly. The result must use NOVERIS Scientific Realism: premium AAA science-fiction quality, museum-grade reference presentation, scientifically plausible structure, coherent materials, restrained coloration unless canon requires otherwise, readable silhouette, consistent scale and anatomy or growth across all views, soft neutral studio lighting, pure black background for isolated references, full requested subject visibility, generous negative space, and PSD-friendly extraction. Habitat and biome outputs may use the canonical environment. No baked-in text, labels, watermark, logo, border, or UI.

Create four clearly different but canon-compliant versions. Preserve body plan or growth architecture, structural counts, environmental adaptations, materials, defining features, and locked coloration. Vary only permitted secondary proportions, markings, surface detail, minor ornamentation, natural wear, and pose or growth irregularity.

Recommended aspect ratio: 16:9.","text, labels, watermark, signature, logo, border, frame, UI, HUD, cropped subject, duplicate anatomy, contradictory anatomy, impossible balance, unsupported structures, random wings, random horns, humanoid default, fantasy armor, weapons, cartoon, anime, toy-like materials, excessive neon, excessive glow, oversaturated colors, busy background, motion blur, low resolution, compression artifacts, generic Earth copy, unsupported fantasy styling, traits conflicting with locked canon",1.0.0,canonical
NB2-CRE-IV-007-ATMOSPHERIC-FIELD-ORGANISM-HABITAT,CRE-IV-007-ATMOSPHERIC-FIELD-ORGANISM,Atmospheric Field Organism,habitat,Native Habitat Scene,16:9,"Create a canonical NOVERIS Nano Banana 2 visual for Atmospheric Field Organism: Native Habitat Scene.

Canonical archetype:
A canonical atmospheric field organism designed as a scientifically plausible lifeform whose body plan, support system, locomotion, sensing, metabolism, ecology, and environmental adaptations are internally coherent.

Required visual and biological rules:
• functional anatomy
• credible center of mass
• coherent locomotion
• environment-linked materials
• ecologically plausible scale

Production request:
Create natural behavior in canonical planet and biome.

Studio-resolved canonical values:
{{canonicalId}}, {{displayName}}, {{scientificName}}, {{originPlanet}}, {{planetType}}, {{biome}}, {{gravity}}, {{atmosphere}}, {{climate}}, {{temperatureRange}}, {{sizeScale}}, {{coloration}}, {{materials}}, {{distinctiveFeatures}}, {{lockedTraits}}, {{rarity}}, {{artDirection}}.

Preserve every locked canonical field exactly. The result must use NOVERIS Scientific Realism: premium AAA science-fiction quality, museum-grade reference presentation, scientifically plausible structure, coherent materials, restrained coloration unless canon requires otherwise, readable silhouette, consistent scale and anatomy or growth across all views, soft neutral studio lighting, pure black background for isolated references, full requested subject visibility, generous negative space, and PSD-friendly extraction. Habitat and biome outputs may use the canonical environment. No baked-in text, labels, watermark, logo, border, or UI.

Create four clearly different but canon-compliant versions. Preserve body plan or growth architecture, structural counts, environmental adaptations, materials, defining features, and locked coloration. Vary only permitted secondary proportions, markings, surface detail, minor ornamentation, natural wear, and pose or growth irregularity.

Recommended aspect ratio: 16:9.","text, labels, watermark, signature, logo, border, frame, UI, HUD, cropped subject, duplicate anatomy, contradictory anatomy, impossible balance, unsupported structures, random wings, random horns, humanoid default, fantasy armor, weapons, cartoon, anime, toy-like materials, excessive neon, excessive glow, oversaturated colors, busy background, motion blur, low resolution, compression artifacts, generic Earth copy, unsupported fantasy styling, traits conflicting with locked canon",1.0.0,canonical
NB2-CRE-IV-007-ATMOSPHERIC-FIELD-ORGANISM-DISCOVERY,CRE-IV-007-ATMOSPHERIC-FIELD-ORGANISM,Atmospheric Field Organism,discovery,Discovery Scan,16:9,"Create a canonical NOVERIS Nano Banana 2 visual for Atmospheric Field Organism: Discovery Scan.

Canonical archetype:
A canonical atmospheric field organism designed as a scientifically plausible lifeform whose body plan, support system, locomotion, sensing, metabolism, ecology, and environmental adaptations are internally coherent.

Required visual and biological rules:
• functional anatomy
• credible center of mass
• coherent locomotion
• environment-linked materials
• ecologically plausible scale

Production request:
Create centered scientific scan source without labels.

Studio-resolved canonical values:
{{canonicalId}}, {{displayName}}, {{scientificName}}, {{originPlanet}}, {{planetType}}, {{biome}}, {{gravity}}, {{atmosphere}}, {{climate}}, {{temperatureRange}}, {{sizeScale}}, {{coloration}}, {{materials}}, {{distinctiveFeatures}}, {{lockedTraits}}, {{rarity}}, {{artDirection}}.

Preserve every locked canonical field exactly. The result must use NOVERIS Scientific Realism: premium AAA science-fiction quality, museum-grade reference presentation, scientifically plausible structure, coherent materials, restrained coloration unless canon requires otherwise, readable silhouette, consistent scale and anatomy or growth across all views, soft neutral studio lighting, pure black background for isolated references, full requested subject visibility, generous negative space, and PSD-friendly extraction. Habitat and biome outputs may use the canonical environment. No baked-in text, labels, watermark, logo, border, or UI.

Create four clearly different but canon-compliant versions. Preserve body plan or growth architecture, structural counts, environmental adaptations, materials, defining features, and locked coloration. Vary only permitted secondary proportions, markings, surface detail, minor ornamentation, natural wear, and pose or growth irregularity.

Recommended aspect ratio: 16:9.","text, labels, watermark, signature, logo, border, frame, UI, HUD, cropped subject, duplicate anatomy, contradictory anatomy, impossible balance, unsupported structures, random wings, random horns, humanoid default, fantasy armor, weapons, cartoon, anime, toy-like materials, excessive neon, excessive glow, oversaturated colors, busy background, motion blur, low resolution, compression artifacts, generic Earth copy, unsupported fantasy styling, traits conflicting with locked canon",1.0.0,canonical
NB2-CRE-IV-007-ATMOSPHERIC-FIELD-ORGANISM-ICON,CRE-IV-007-ATMOSPHERIC-FIELD-ORGANISM,Atmospheric Field Organism,icon,UI Icon,1:1,"Create a canonical NOVERIS Nano Banana 2 visual for Atmospheric Field Organism: UI Icon.

Canonical archetype:
A canonical atmospheric field organism designed as a scientifically plausible lifeform whose body plan, support system, locomotion, sensing, metabolism, ecology, and environmental adaptations are internally coherent.

Required visual and biological rules:
• functional anatomy
• credible center of mass
• coherent locomotion
• environment-linked materials
• ecologically plausible scale

Production request:
Create isolated silhouette readable at 64 pixels.

Studio-resolved canonical values:
{{canonicalId}}, {{displayName}}, {{scientificName}}, {{originPlanet}}, {{planetType}}, {{biome}}, {{gravity}}, {{atmosphere}}, {{climate}}, {{temperatureRange}}, {{sizeScale}}, {{coloration}}, {{materials}}, {{distinctiveFeatures}}, {{lockedTraits}}, {{rarity}}, {{artDirection}}.

Preserve every locked canonical field exactly. The result must use NOVERIS Scientific Realism: premium AAA science-fiction quality, museum-grade reference presentation, scientifically plausible structure, coherent materials, restrained coloration unless canon requires otherwise, readable silhouette, consistent scale and anatomy or growth across all views, soft neutral studio lighting, pure black background for isolated references, full requested subject visibility, generous negative space, and PSD-friendly extraction. Habitat and biome outputs may use the canonical environment. No baked-in text, labels, watermark, logo, border, or UI.

Create four clearly different but canon-compliant versions. Preserve body plan or growth architecture, structural counts, environmental adaptations, materials, defining features, and locked coloration. Vary only permitted secondary proportions, markings, surface detail, minor ornamentation, natural wear, and pose or growth irregularity.

Recommended aspect ratio: 1:1.","text, labels, watermark, signature, logo, border, frame, UI, HUD, cropped subject, duplicate anatomy, contradictory anatomy, impossible balance, unsupported structures, random wings, random horns, humanoid default, fantasy armor, weapons, cartoon, anime, toy-like materials, excessive neon, excessive glow, oversaturated colors, busy background, motion blur, low resolution, compression artifacts, generic Earth copy, unsupported fantasy styling, traits conflicting with locked canon",1.0.0,canonical
NB2-CRE-IV-007-ATMOSPHERIC-FIELD-ORGANISM-SCALE,CRE-IV-007-ATMOSPHERIC-FIELD-ORGANISM,Atmospheric Field Organism,scale,Scale Comparison,16:9,"Create a canonical NOVERIS Nano Banana 2 visual for Atmospheric Field Organism: Scale Comparison.

Canonical archetype:
A canonical atmospheric field organism designed as a scientifically plausible lifeform whose body plan, support system, locomotion, sensing, metabolism, ecology, and environmental adaptations are internally coherent.

Required visual and biological rules:
• functional anatomy
• credible center of mass
• coherent locomotion
• environment-linked materials
• ecologically plausible scale

Production request:
Create side view with adult human silhouette and one-meter bar.

Studio-resolved canonical values:
{{canonicalId}}, {{displayName}}, {{scientificName}}, {{originPlanet}}, {{planetType}}, {{biome}}, {{gravity}}, {{atmosphere}}, {{climate}}, {{temperatureRange}}, {{sizeScale}}, {{coloration}}, {{materials}}, {{distinctiveFeatures}}, {{lockedTraits}}, {{rarity}}, {{artDirection}}.

Preserve every locked canonical field exactly. The result must use NOVERIS Scientific Realism: premium AAA science-fiction quality, museum-grade reference presentation, scientifically plausible structure, coherent materials, restrained coloration unless canon requires otherwise, readable silhouette, consistent scale and anatomy or growth across all views, soft neutral studio lighting, pure black background for isolated references, full requested subject visibility, generous negative space, and PSD-friendly extraction. Habitat and biome outputs may use the canonical environment. No baked-in text, labels, watermark, logo, border, or UI.

Create four clearly different but canon-compliant versions. Preserve body plan or growth architecture, structural counts, environmental adaptations, materials, defining features, and locked coloration. Vary only permitted secondary proportions, markings, surface detail, minor ornamentation, natural wear, and pose or growth irregularity.

Recommended aspect ratio: 16:9.","text, labels, watermark, signature, logo, border, frame, UI, HUD, cropped subject, duplicate anatomy, contradictory anatomy, impossible balance, unsupported structures, random wings, random horns, humanoid default, fantasy armor, weapons, cartoon, anime, toy-like materials, excessive neon, excessive glow, oversaturated colors, busy background, motion blur, low resolution, compression artifacts, generic Earth copy, unsupported fantasy styling, traits conflicting with locked canon",1.0.0,canonical
NB2-CRE-IV-007-ATMOSPHERIC-FIELD-ORGANISM-SPECIES-PLATE,CRE-IV-007-ATMOSPHERIC-FIELD-ORGANISM,Atmospheric Field Organism,species-plate,Master Species Plate,16:9,"Create a canonical NOVERIS Nano Banana 2 visual for Atmospheric Field Organism: Master Species Plate.

Canonical archetype:
A canonical atmospheric field organism designed as a scientifically plausible lifeform whose body plan, support system, locomotion, sensing, metabolism, ecology, and environmental adaptations are internally coherent.

Required visual and biological rules:
• functional anatomy
• credible center of mass
• coherent locomotion
• environment-linked materials
• ecologically plausible scale

Production request:
Create full body, portrait, views, support system, lifecycle, variants, materials and habitat vignette.

Studio-resolved canonical values:
{{canonicalId}}, {{displayName}}, {{scientificName}}, {{originPlanet}}, {{planetType}}, {{biome}}, {{gravity}}, {{atmosphere}}, {{climate}}, {{temperatureRange}}, {{sizeScale}}, {{coloration}}, {{materials}}, {{distinctiveFeatures}}, {{lockedTraits}}, {{rarity}}, {{artDirection}}.

Preserve every locked canonical field exactly. The result must use NOVERIS Scientific Realism: premium AAA science-fiction quality, museum-grade reference presentation, scientifically plausible structure, coherent materials, restrained coloration unless canon requires otherwise, readable silhouette, consistent scale and anatomy or growth across all views, soft neutral studio lighting, pure black background for isolated references, full requested subject visibility, generous negative space, and PSD-friendly extraction. Habitat and biome outputs may use the canonical environment. No baked-in text, labels, watermark, logo, border, or UI.

Create four clearly different but canon-compliant versions. Preserve body plan or growth architecture, structural counts, environmental adaptations, materials, defining features, and locked coloration. Vary only permitted secondary proportions, markings, surface detail, minor ornamentation, natural wear, and pose or growth irregularity.

Recommended aspect ratio: 16:9.","text, labels, watermark, signature, logo, border, frame, UI, HUD, cropped subject, duplicate anatomy, contradictory anatomy, impossible balance, unsupported structures, random wings, random horns, humanoid default, fantasy armor, weapons, cartoon, anime, toy-like materials, excessive neon, excessive glow, oversaturated colors, busy background, motion blur, low resolution, compression artifacts, generic Earth copy, unsupported fantasy styling, traits conflicting with locked canon",1.0.0,canonical
NB2-CRE-IV-007-ATMOSPHERIC-FIELD-ORGANISM-ANIMATION,CRE-IV-007-ATMOSPHERIC-FIELD-ORGANISM,Atmospheric Field Organism,animation,Animation Reference,16:9,"Create a canonical NOVERIS Nano Banana 2 visual for Atmospheric Field Organism: Animation Reference.

Canonical archetype:
A canonical atmospheric field organism designed as a scientifically plausible lifeform whose body plan, support system, locomotion, sensing, metabolism, ecology, and environmental adaptations are internally coherent.

Required visual and biological rules:
• functional anatomy
• credible center of mass
• coherent locomotion
• environment-linked materials
• ecologically plausible scale

Production request:
Create idle, locomotion, interaction, feeding, defense, rest and death or shutdown.

Studio-resolved canonical values:
{{canonicalId}}, {{displayName}}, {{scientificName}}, {{originPlanet}}, {{planetType}}, {{biome}}, {{gravity}}, {{atmosphere}}, {{climate}}, {{temperatureRange}}, {{sizeScale}}, {{coloration}}, {{materials}}, {{distinctiveFeatures}}, {{lockedTraits}}, {{rarity}}, {{artDirection}}.

Preserve every locked canonical field exactly. The result must use NOVERIS Scientific Realism: premium AAA science-fiction quality, museum-grade reference presentation, scientifically plausible structure, coherent materials, restrained coloration unless canon requires otherwise, readable silhouette, consistent scale and anatomy or growth across all views, soft neutral studio lighting, pure black background for isolated references, full requested subject visibility, generous negative space, and PSD-friendly extraction. Habitat and biome outputs may use the canonical environment. No baked-in text, labels, watermark, logo, border, or UI.

Create four clearly different but canon-compliant versions. Preserve body plan or growth architecture, structural counts, environmental adaptations, materials, defining features, and locked coloration. Vary only permitted secondary proportions, markings, surface detail, minor ornamentation, natural wear, and pose or growth irregularity.

Recommended aspect ratio: 16:9.","text, labels, watermark, signature, logo, border, frame, UI, HUD, cropped subject, duplicate anatomy, contradictory anatomy, impossible balance, unsupported structures, random wings, random horns, humanoid default, fantasy armor, weapons, cartoon, anime, toy-like materials, excessive neon, excessive glow, oversaturated colors, busy background, motion blur, low resolution, compression artifacts, generic Earth copy, unsupported fantasy styling, traits conflicting with locked canon",1.0.0,canonical
NB2-CRE-IV-007-ATMOSPHERIC-FIELD-ORGANISM-PSD,CRE-IV-007-ATMOSPHERIC-FIELD-ORGANISM,Atmospheric Field Organism,psd,PSD Extraction Board,16:9,"Create a canonical NOVERIS Nano Banana 2 visual for Atmospheric Field Organism: PSD Extraction Board.

Canonical archetype:
A canonical atmospheric field organism designed as a scientifically plausible lifeform whose body plan, support system, locomotion, sensing, metabolism, ecology, and environmental adaptations are internally coherent.

Required visual and biological rules:
• functional anatomy
• credible center of mass
• coherent locomotion
• environment-linked materials
• ecologically plausible scale

Production request:
Create isolated whole subject, major parts, silhouette and material references.

Studio-resolved canonical values:
{{canonicalId}}, {{displayName}}, {{scientificName}}, {{originPlanet}}, {{planetType}}, {{biome}}, {{gravity}}, {{atmosphere}}, {{climate}}, {{temperatureRange}}, {{sizeScale}}, {{coloration}}, {{materials}}, {{distinctiveFeatures}}, {{lockedTraits}}, {{rarity}}, {{artDirection}}.

Preserve every locked canonical field exactly. The result must use NOVERIS Scientific Realism: premium AAA science-fiction quality, museum-grade reference presentation, scientifically plausible structure, coherent materials, restrained coloration unless canon requires otherwise, readable silhouette, consistent scale and anatomy or growth across all views, soft neutral studio lighting, pure black background for isolated references, full requested subject visibility, generous negative space, and PSD-friendly extraction. Habitat and biome outputs may use the canonical environment. No baked-in text, labels, watermark, logo, border, or UI.

Create four clearly different but canon-compliant versions. Preserve body plan or growth architecture, structural counts, environmental adaptations, materials, defining features, and locked coloration. Vary only permitted secondary proportions, markings, surface detail, minor ornamentation, natural wear, and pose or growth irregularity.

Recommended aspect ratio: 16:9.","text, labels, watermark, signature, logo, border, frame, UI, HUD, cropped subject, duplicate anatomy, contradictory anatomy, impossible balance, unsupported structures, random wings, random horns, humanoid default, fantasy armor, weapons, cartoon, anime, toy-like materials, excessive neon, excessive glow, oversaturated colors, busy background, motion blur, low resolution, compression artifacts, generic Earth copy, unsupported fantasy styling, traits conflicting with locked canon",1.0.0,canonical
NB2-CRE-IV-008-STELLAR-CORONA-ORGANISM-FULL-BODY,CRE-IV-008-STELLAR-CORONA-ORGANISM,Stellar-Corona Organism,full-body,Full Body Production Render,3:4,"Create a canonical NOVERIS Nano Banana 2 visual for Stellar-Corona Organism: Full Body Production Render.

Canonical archetype:
A canonical stellar-corona organism designed as a scientifically plausible lifeform whose body plan, support system, locomotion, sensing, metabolism, ecology, and environmental adaptations are internally coherent.

Required visual and biological rules:
• functional anatomy
• credible center of mass
• coherent locomotion
• environment-linked materials
• ecologically plausible scale

Production request:
Create complete mature specimen, neutral pose, entire body visible.

Studio-resolved canonical values:
{{canonicalId}}, {{displayName}}, {{scientificName}}, {{originPlanet}}, {{planetType}}, {{biome}}, {{gravity}}, {{atmosphere}}, {{climate}}, {{temperatureRange}}, {{sizeScale}}, {{coloration}}, {{materials}}, {{distinctiveFeatures}}, {{lockedTraits}}, {{rarity}}, {{artDirection}}.

Preserve every locked canonical field exactly. The result must use NOVERIS Scientific Realism: premium AAA science-fiction quality, museum-grade reference presentation, scientifically plausible structure, coherent materials, restrained coloration unless canon requires otherwise, readable silhouette, consistent scale and anatomy or growth across all views, soft neutral studio lighting, pure black background for isolated references, full requested subject visibility, generous negative space, and PSD-friendly extraction. Habitat and biome outputs may use the canonical environment. No baked-in text, labels, watermark, logo, border, or UI.

Create four clearly different but canon-compliant versions. Preserve body plan or growth architecture, structural counts, environmental adaptations, materials, defining features, and locked coloration. Vary only permitted secondary proportions, markings, surface detail, minor ornamentation, natural wear, and pose or growth irregularity.

Recommended aspect ratio: 3:4.","text, labels, watermark, signature, logo, border, frame, UI, HUD, cropped subject, duplicate anatomy, contradictory anatomy, impossible balance, unsupported structures, random wings, random horns, humanoid default, fantasy armor, weapons, cartoon, anime, toy-like materials, excessive neon, excessive glow, oversaturated colors, busy background, motion blur, low resolution, compression artifacts, generic Earth copy, unsupported fantasy styling, traits conflicting with locked canon",1.0.0,canonical
NB2-CRE-IV-008-STELLAR-CORONA-ORGANISM-PORTRAIT,CRE-IV-008-STELLAR-CORONA-ORGANISM,Stellar-Corona Organism,portrait,Portrait,1:1,"Create a canonical NOVERIS Nano Banana 2 visual for Stellar-Corona Organism: Portrait.

Canonical archetype:
A canonical stellar-corona organism designed as a scientifically plausible lifeform whose body plan, support system, locomotion, sensing, metabolism, ecology, and environmental adaptations are internally coherent.

Required visual and biological rules:
• functional anatomy
• credible center of mass
• coherent locomotion
• environment-linked materials
• ecologically plausible scale

Production request:
Create head and upper body emphasizing sensory anatomy and defining materials.

Studio-resolved canonical values:
{{canonicalId}}, {{displayName}}, {{scientificName}}, {{originPlanet}}, {{planetType}}, {{biome}}, {{gravity}}, {{atmosphere}}, {{climate}}, {{temperatureRange}}, {{sizeScale}}, {{coloration}}, {{materials}}, {{distinctiveFeatures}}, {{lockedTraits}}, {{rarity}}, {{artDirection}}.

Preserve every locked canonical field exactly. The result must use NOVERIS Scientific Realism: premium AAA science-fiction quality, museum-grade reference presentation, scientifically plausible structure, coherent materials, restrained coloration unless canon requires otherwise, readable silhouette, consistent scale and anatomy or growth across all views, soft neutral studio lighting, pure black background for isolated references, full requested subject visibility, generous negative space, and PSD-friendly extraction. Habitat and biome outputs may use the canonical environment. No baked-in text, labels, watermark, logo, border, or UI.

Create four clearly different but canon-compliant versions. Preserve body plan or growth architecture, structural counts, environmental adaptations, materials, defining features, and locked coloration. Vary only permitted secondary proportions, markings, surface detail, minor ornamentation, natural wear, and pose or growth irregularity.

Recommended aspect ratio: 1:1.","text, labels, watermark, signature, logo, border, frame, UI, HUD, cropped subject, duplicate anatomy, contradictory anatomy, impossible balance, unsupported structures, random wings, random horns, humanoid default, fantasy armor, weapons, cartoon, anime, toy-like materials, excessive neon, excessive glow, oversaturated colors, busy background, motion blur, low resolution, compression artifacts, generic Earth copy, unsupported fantasy styling, traits conflicting with locked canon",1.0.0,canonical
NB2-CRE-IV-008-STELLAR-CORONA-ORGANISM-ORTHO-FRONT,CRE-IV-008-STELLAR-CORONA-ORGANISM,Stellar-Corona Organism,ortho-front,Orthographic Front,3:4,"Create a canonical NOVERIS Nano Banana 2 visual for Stellar-Corona Organism: Orthographic Front.

Canonical archetype:
A canonical stellar-corona organism designed as a scientifically plausible lifeform whose body plan, support system, locomotion, sensing, metabolism, ecology, and environmental adaptations are internally coherent.

Required visual and biological rules:
• functional anatomy
• credible center of mass
• coherent locomotion
• environment-linked materials
• ecologically plausible scale

Production request:
Create exact front orthographic view.

Studio-resolved canonical values:
{{canonicalId}}, {{displayName}}, {{scientificName}}, {{originPlanet}}, {{planetType}}, {{biome}}, {{gravity}}, {{atmosphere}}, {{climate}}, {{temperatureRange}}, {{sizeScale}}, {{coloration}}, {{materials}}, {{distinctiveFeatures}}, {{lockedTraits}}, {{rarity}}, {{artDirection}}.

Preserve every locked canonical field exactly. The result must use NOVERIS Scientific Realism: premium AAA science-fiction quality, museum-grade reference presentation, scientifically plausible structure, coherent materials, restrained coloration unless canon requires otherwise, readable silhouette, consistent scale and anatomy or growth across all views, soft neutral studio lighting, pure black background for isolated references, full requested subject visibility, generous negative space, and PSD-friendly extraction. Habitat and biome outputs may use the canonical environment. No baked-in text, labels, watermark, logo, border, or UI.

Create four clearly different but canon-compliant versions. Preserve body plan or growth architecture, structural counts, environmental adaptations, materials, defining features, and locked coloration. Vary only permitted secondary proportions, markings, surface detail, minor ornamentation, natural wear, and pose or growth irregularity.

Recommended aspect ratio: 3:4.","text, labels, watermark, signature, logo, border, frame, UI, HUD, cropped subject, duplicate anatomy, contradictory anatomy, impossible balance, unsupported structures, random wings, random horns, humanoid default, fantasy armor, weapons, cartoon, anime, toy-like materials, excessive neon, excessive glow, oversaturated colors, busy background, motion blur, low resolution, compression artifacts, generic Earth copy, unsupported fantasy styling, traits conflicting with locked canon",1.0.0,canonical
NB2-CRE-IV-008-STELLAR-CORONA-ORGANISM-ORTHO-SIDE,CRE-IV-008-STELLAR-CORONA-ORGANISM,Stellar-Corona Organism,ortho-side,Orthographic Side,3:4,"Create a canonical NOVERIS Nano Banana 2 visual for Stellar-Corona Organism: Orthographic Side.

Canonical archetype:
A canonical stellar-corona organism designed as a scientifically plausible lifeform whose body plan, support system, locomotion, sensing, metabolism, ecology, and environmental adaptations are internally coherent.

Required visual and biological rules:
• functional anatomy
• credible center of mass
• coherent locomotion
• environment-linked materials
• ecologically plausible scale

Production request:
Create exact side orthographic view.

Studio-resolved canonical values:
{{canonicalId}}, {{displayName}}, {{scientificName}}, {{originPlanet}}, {{planetType}}, {{biome}}, {{gravity}}, {{atmosphere}}, {{climate}}, {{temperatureRange}}, {{sizeScale}}, {{coloration}}, {{materials}}, {{distinctiveFeatures}}, {{lockedTraits}}, {{rarity}}, {{artDirection}}.

Preserve every locked canonical field exactly. The result must use NOVERIS Scientific Realism: premium AAA science-fiction quality, museum-grade reference presentation, scientifically plausible structure, coherent materials, restrained coloration unless canon requires otherwise, readable silhouette, consistent scale and anatomy or growth across all views, soft neutral studio lighting, pure black background for isolated references, full requested subject visibility, generous negative space, and PSD-friendly extraction. Habitat and biome outputs may use the canonical environment. No baked-in text, labels, watermark, logo, border, or UI.

Create four clearly different but canon-compliant versions. Preserve body plan or growth architecture, structural counts, environmental adaptations, materials, defining features, and locked coloration. Vary only permitted secondary proportions, markings, surface detail, minor ornamentation, natural wear, and pose or growth irregularity.

Recommended aspect ratio: 3:4.","text, labels, watermark, signature, logo, border, frame, UI, HUD, cropped subject, duplicate anatomy, contradictory anatomy, impossible balance, unsupported structures, random wings, random horns, humanoid default, fantasy armor, weapons, cartoon, anime, toy-like materials, excessive neon, excessive glow, oversaturated colors, busy background, motion blur, low resolution, compression artifacts, generic Earth copy, unsupported fantasy styling, traits conflicting with locked canon",1.0.0,canonical
NB2-CRE-IV-008-STELLAR-CORONA-ORGANISM-ORTHO-REAR,CRE-IV-008-STELLAR-CORONA-ORGANISM,Stellar-Corona Organism,ortho-rear,Orthographic Rear,3:4,"Create a canonical NOVERIS Nano Banana 2 visual for Stellar-Corona Organism: Orthographic Rear.

Canonical archetype:
A canonical stellar-corona organism designed as a scientifically plausible lifeform whose body plan, support system, locomotion, sensing, metabolism, ecology, and environmental adaptations are internally coherent.

Required visual and biological rules:
• functional anatomy
• credible center of mass
• coherent locomotion
• environment-linked materials
• ecologically plausible scale

Production request:
Create exact rear orthographic view.

Studio-resolved canonical values:
{{canonicalId}}, {{displayName}}, {{scientificName}}, {{originPlanet}}, {{planetType}}, {{biome}}, {{gravity}}, {{atmosphere}}, {{climate}}, {{temperatureRange}}, {{sizeScale}}, {{coloration}}, {{materials}}, {{distinctiveFeatures}}, {{lockedTraits}}, {{rarity}}, {{artDirection}}.

Preserve every locked canonical field exactly. The result must use NOVERIS Scientific Realism: premium AAA science-fiction quality, museum-grade reference presentation, scientifically plausible structure, coherent materials, restrained coloration unless canon requires otherwise, readable silhouette, consistent scale and anatomy or growth across all views, soft neutral studio lighting, pure black background for isolated references, full requested subject visibility, generous negative space, and PSD-friendly extraction. Habitat and biome outputs may use the canonical environment. No baked-in text, labels, watermark, logo, border, or UI.

Create four clearly different but canon-compliant versions. Preserve body plan or growth architecture, structural counts, environmental adaptations, materials, defining features, and locked coloration. Vary only permitted secondary proportions, markings, surface detail, minor ornamentation, natural wear, and pose or growth irregularity.

Recommended aspect ratio: 3:4.","text, labels, watermark, signature, logo, border, frame, UI, HUD, cropped subject, duplicate anatomy, contradictory anatomy, impossible balance, unsupported structures, random wings, random horns, humanoid default, fantasy armor, weapons, cartoon, anime, toy-like materials, excessive neon, excessive glow, oversaturated colors, busy background, motion blur, low resolution, compression artifacts, generic Earth copy, unsupported fantasy styling, traits conflicting with locked canon",1.0.0,canonical
NB2-CRE-IV-008-STELLAR-CORONA-ORGANISM-TURNAROUND,CRE-IV-008-STELLAR-CORONA-ORGANISM,Stellar-Corona Organism,turnaround,Turnaround Sheet,16:9,"Create a canonical NOVERIS Nano Banana 2 visual for Stellar-Corona Organism: Turnaround Sheet.

Canonical archetype:
A canonical stellar-corona organism designed as a scientifically plausible lifeform whose body plan, support system, locomotion, sensing, metabolism, ecology, and environmental adaptations are internally coherent.

Required visual and biological rules:
• functional anatomy
• credible center of mass
• coherent locomotion
• environment-linked materials
• ecologically plausible scale

Production request:
Create front, side, rear, top and underside at identical scale.

Studio-resolved canonical values:
{{canonicalId}}, {{displayName}}, {{scientificName}}, {{originPlanet}}, {{planetType}}, {{biome}}, {{gravity}}, {{atmosphere}}, {{climate}}, {{temperatureRange}}, {{sizeScale}}, {{coloration}}, {{materials}}, {{distinctiveFeatures}}, {{lockedTraits}}, {{rarity}}, {{artDirection}}.

Preserve every locked canonical field exactly. The result must use NOVERIS Scientific Realism: premium AAA science-fiction quality, museum-grade reference presentation, scientifically plausible structure, coherent materials, restrained coloration unless canon requires otherwise, readable silhouette, consistent scale and anatomy or growth across all views, soft neutral studio lighting, pure black background for isolated references, full requested subject visibility, generous negative space, and PSD-friendly extraction. Habitat and biome outputs may use the canonical environment. No baked-in text, labels, watermark, logo, border, or UI.

Create four clearly different but canon-compliant versions. Preserve body plan or growth architecture, structural counts, environmental adaptations, materials, defining features, and locked coloration. Vary only permitted secondary proportions, markings, surface detail, minor ornamentation, natural wear, and pose or growth irregularity.

Recommended aspect ratio: 16:9.","text, labels, watermark, signature, logo, border, frame, UI, HUD, cropped subject, duplicate anatomy, contradictory anatomy, impossible balance, unsupported structures, random wings, random horns, humanoid default, fantasy armor, weapons, cartoon, anime, toy-like materials, excessive neon, excessive glow, oversaturated colors, busy background, motion blur, low resolution, compression artifacts, generic Earth copy, unsupported fantasy styling, traits conflicting with locked canon",1.0.0,canonical
NB2-CRE-IV-008-STELLAR-CORONA-ORGANISM-SUPPORT,CRE-IV-008-STELLAR-CORONA-ORGANISM,Stellar-Corona Organism,support,Skeleton or Support Structure,16:9,"Create a canonical NOVERIS Nano Banana 2 visual for Stellar-Corona Organism: Skeleton or Support Structure.

Canonical archetype:
A canonical stellar-corona organism designed as a scientifically plausible lifeform whose body plan, support system, locomotion, sensing, metabolism, ecology, and environmental adaptations are internally coherent.

Required visual and biological rules:
• functional anatomy
• credible center of mass
• coherent locomotion
• environment-linked materials
• ecologically plausible scale

Production request:
Create complete mechanical support system and joint logic.

Studio-resolved canonical values:
{{canonicalId}}, {{displayName}}, {{scientificName}}, {{originPlanet}}, {{planetType}}, {{biome}}, {{gravity}}, {{atmosphere}}, {{climate}}, {{temperatureRange}}, {{sizeScale}}, {{coloration}}, {{materials}}, {{distinctiveFeatures}}, {{lockedTraits}}, {{rarity}}, {{artDirection}}.

Preserve every locked canonical field exactly. The result must use NOVERIS Scientific Realism: premium AAA science-fiction quality, museum-grade reference presentation, scientifically plausible structure, coherent materials, restrained coloration unless canon requires otherwise, readable silhouette, consistent scale and anatomy or growth across all views, soft neutral studio lighting, pure black background for isolated references, full requested subject visibility, generous negative space, and PSD-friendly extraction. Habitat and biome outputs may use the canonical environment. No baked-in text, labels, watermark, logo, border, or UI.

Create four clearly different but canon-compliant versions. Preserve body plan or growth architecture, structural counts, environmental adaptations, materials, defining features, and locked coloration. Vary only permitted secondary proportions, markings, surface detail, minor ornamentation, natural wear, and pose or growth irregularity.

Recommended aspect ratio: 16:9.","text, labels, watermark, signature, logo, border, frame, UI, HUD, cropped subject, duplicate anatomy, contradictory anatomy, impossible balance, unsupported structures, random wings, random horns, humanoid default, fantasy armor, weapons, cartoon, anime, toy-like materials, excessive neon, excessive glow, oversaturated colors, busy background, motion blur, low resolution, compression artifacts, generic Earth copy, unsupported fantasy styling, traits conflicting with locked canon",1.0.0,canonical
NB2-CRE-IV-008-STELLAR-CORONA-ORGANISM-ANATOMY,CRE-IV-008-STELLAR-CORONA-ORGANISM,Stellar-Corona Organism,anatomy,Internal Anatomy,16:9,"Create a canonical NOVERIS Nano Banana 2 visual for Stellar-Corona Organism: Internal Anatomy.

Canonical archetype:
A canonical stellar-corona organism designed as a scientifically plausible lifeform whose body plan, support system, locomotion, sensing, metabolism, ecology, and environmental adaptations are internally coherent.

Required visual and biological rules:
• functional anatomy
• credible center of mass
• coherent locomotion
• environment-linked materials
• ecologically plausible scale

Production request:
Create major respiratory, circulatory, digestive, sensory and reproductive systems.

Studio-resolved canonical values:
{{canonicalId}}, {{displayName}}, {{scientificName}}, {{originPlanet}}, {{planetType}}, {{biome}}, {{gravity}}, {{atmosphere}}, {{climate}}, {{temperatureRange}}, {{sizeScale}}, {{coloration}}, {{materials}}, {{distinctiveFeatures}}, {{lockedTraits}}, {{rarity}}, {{artDirection}}.

Preserve every locked canonical field exactly. The result must use NOVERIS Scientific Realism: premium AAA science-fiction quality, museum-grade reference presentation, scientifically plausible structure, coherent materials, restrained coloration unless canon requires otherwise, readable silhouette, consistent scale and anatomy or growth across all views, soft neutral studio lighting, pure black background for isolated references, full requested subject visibility, generous negative space, and PSD-friendly extraction. Habitat and biome outputs may use the canonical environment. No baked-in text, labels, watermark, logo, border, or UI.

Create four clearly different but canon-compliant versions. Preserve body plan or growth architecture, structural counts, environmental adaptations, materials, defining features, and locked coloration. Vary only permitted secondary proportions, markings, surface detail, minor ornamentation, natural wear, and pose or growth irregularity.

Recommended aspect ratio: 16:9.","text, labels, watermark, signature, logo, border, frame, UI, HUD, cropped subject, duplicate anatomy, contradictory anatomy, impossible balance, unsupported structures, random wings, random horns, humanoid default, fantasy armor, weapons, cartoon, anime, toy-like materials, excessive neon, excessive glow, oversaturated colors, busy background, motion blur, low resolution, compression artifacts, generic Earth copy, unsupported fantasy styling, traits conflicting with locked canon",1.0.0,canonical
NB2-CRE-IV-008-STELLAR-CORONA-ORGANISM-LIFECYCLE,CRE-IV-008-STELLAR-CORONA-ORGANISM,Stellar-Corona Organism,lifecycle,Lifecycle Sheet,16:9,"Create a canonical NOVERIS Nano Banana 2 visual for Stellar-Corona Organism: Lifecycle Sheet.

Canonical archetype:
A canonical stellar-corona organism designed as a scientifically plausible lifeform whose body plan, support system, locomotion, sensing, metabolism, ecology, and environmental adaptations are internally coherent.

Required visual and biological rules:
• functional anatomy
• credible center of mass
• coherent locomotion
• environment-linked materials
• ecologically plausible scale

Production request:
Create reproductive form, juvenile, adult and elder stages.

Studio-resolved canonical values:
{{canonicalId}}, {{displayName}}, {{scientificName}}, {{originPlanet}}, {{planetType}}, {{biome}}, {{gravity}}, {{atmosphere}}, {{climate}}, {{temperatureRange}}, {{sizeScale}}, {{coloration}}, {{materials}}, {{distinctiveFeatures}}, {{lockedTraits}}, {{rarity}}, {{artDirection}}.

Preserve every locked canonical field exactly. The result must use NOVERIS Scientific Realism: premium AAA science-fiction quality, museum-grade reference presentation, scientifically plausible structure, coherent materials, restrained coloration unless canon requires otherwise, readable silhouette, consistent scale and anatomy or growth across all views, soft neutral studio lighting, pure black background for isolated references, full requested subject visibility, generous negative space, and PSD-friendly extraction. Habitat and biome outputs may use the canonical environment. No baked-in text, labels, watermark, logo, border, or UI.

Create four clearly different but canon-compliant versions. Preserve body plan or growth architecture, structural counts, environmental adaptations, materials, defining features, and locked coloration. Vary only permitted secondary proportions, markings, surface detail, minor ornamentation, natural wear, and pose or growth irregularity.

Recommended aspect ratio: 16:9.","text, labels, watermark, signature, logo, border, frame, UI, HUD, cropped subject, duplicate anatomy, contradictory anatomy, impossible balance, unsupported structures, random wings, random horns, humanoid default, fantasy armor, weapons, cartoon, anime, toy-like materials, excessive neon, excessive glow, oversaturated colors, busy background, motion blur, low resolution, compression artifacts, generic Earth copy, unsupported fantasy styling, traits conflicting with locked canon",1.0.0,canonical
NB2-CRE-IV-008-STELLAR-CORONA-ORGANISM-VARIANTS,CRE-IV-008-STELLAR-CORONA-ORGANISM,Stellar-Corona Organism,variants,Canonical Variants,16:9,"Create a canonical NOVERIS Nano Banana 2 visual for Stellar-Corona Organism: Canonical Variants.

Canonical archetype:
A canonical stellar-corona organism designed as a scientifically plausible lifeform whose body plan, support system, locomotion, sensing, metabolism, ecology, and environmental adaptations are internally coherent.

Required visual and biological rules:
• functional anatomy
• credible center of mass
• coherent locomotion
• environment-linked materials
• ecologically plausible scale

Production request:
Create regional, seasonal, sex, caste, morph or engineered variants.

Studio-resolved canonical values:
{{canonicalId}}, {{displayName}}, {{scientificName}}, {{originPlanet}}, {{planetType}}, {{biome}}, {{gravity}}, {{atmosphere}}, {{climate}}, {{temperatureRange}}, {{sizeScale}}, {{coloration}}, {{materials}}, {{distinctiveFeatures}}, {{lockedTraits}}, {{rarity}}, {{artDirection}}.

Preserve every locked canonical field exactly. The result must use NOVERIS Scientific Realism: premium AAA science-fiction quality, museum-grade reference presentation, scientifically plausible structure, coherent materials, restrained coloration unless canon requires otherwise, readable silhouette, consistent scale and anatomy or growth across all views, soft neutral studio lighting, pure black background for isolated references, full requested subject visibility, generous negative space, and PSD-friendly extraction. Habitat and biome outputs may use the canonical environment. No baked-in text, labels, watermark, logo, border, or UI.

Create four clearly different but canon-compliant versions. Preserve body plan or growth architecture, structural counts, environmental adaptations, materials, defining features, and locked coloration. Vary only permitted secondary proportions, markings, surface detail, minor ornamentation, natural wear, and pose or growth irregularity.

Recommended aspect ratio: 16:9.","text, labels, watermark, signature, logo, border, frame, UI, HUD, cropped subject, duplicate anatomy, contradictory anatomy, impossible balance, unsupported structures, random wings, random horns, humanoid default, fantasy armor, weapons, cartoon, anime, toy-like materials, excessive neon, excessive glow, oversaturated colors, busy background, motion blur, low resolution, compression artifacts, generic Earth copy, unsupported fantasy styling, traits conflicting with locked canon",1.0.0,canonical
NB2-CRE-IV-008-STELLAR-CORONA-ORGANISM-BEHAVIOR,CRE-IV-008-STELLAR-CORONA-ORGANISM,Stellar-Corona Organism,behavior,Behavior Sheet,16:9,"Create a canonical NOVERIS Nano Banana 2 visual for Stellar-Corona Organism: Behavior Sheet.

Canonical archetype:
A canonical stellar-corona organism designed as a scientifically plausible lifeform whose body plan, support system, locomotion, sensing, metabolism, ecology, and environmental adaptations are internally coherent.

Required visual and biological rules:
• functional anatomy
• credible center of mass
• coherent locomotion
• environment-linked materials
• ecologically plausible scale

Production request:
Create idle, feeding, locomotion, social, defense and rest.

Studio-resolved canonical values:
{{canonicalId}}, {{displayName}}, {{scientificName}}, {{originPlanet}}, {{planetType}}, {{biome}}, {{gravity}}, {{atmosphere}}, {{climate}}, {{temperatureRange}}, {{sizeScale}}, {{coloration}}, {{materials}}, {{distinctiveFeatures}}, {{lockedTraits}}, {{rarity}}, {{artDirection}}.

Preserve every locked canonical field exactly. The result must use NOVERIS Scientific Realism: premium AAA science-fiction quality, museum-grade reference presentation, scientifically plausible structure, coherent materials, restrained coloration unless canon requires otherwise, readable silhouette, consistent scale and anatomy or growth across all views, soft neutral studio lighting, pure black background for isolated references, full requested subject visibility, generous negative space, and PSD-friendly extraction. Habitat and biome outputs may use the canonical environment. No baked-in text, labels, watermark, logo, border, or UI.

Create four clearly different but canon-compliant versions. Preserve body plan or growth architecture, structural counts, environmental adaptations, materials, defining features, and locked coloration. Vary only permitted secondary proportions, markings, surface detail, minor ornamentation, natural wear, and pose or growth irregularity.

Recommended aspect ratio: 16:9.","text, labels, watermark, signature, logo, border, frame, UI, HUD, cropped subject, duplicate anatomy, contradictory anatomy, impossible balance, unsupported structures, random wings, random horns, humanoid default, fantasy armor, weapons, cartoon, anime, toy-like materials, excessive neon, excessive glow, oversaturated colors, busy background, motion blur, low resolution, compression artifacts, generic Earth copy, unsupported fantasy styling, traits conflicting with locked canon",1.0.0,canonical
NB2-CRE-IV-008-STELLAR-CORONA-ORGANISM-HABITAT,CRE-IV-008-STELLAR-CORONA-ORGANISM,Stellar-Corona Organism,habitat,Native Habitat Scene,16:9,"Create a canonical NOVERIS Nano Banana 2 visual for Stellar-Corona Organism: Native Habitat Scene.

Canonical archetype:
A canonical stellar-corona organism designed as a scientifically plausible lifeform whose body plan, support system, locomotion, sensing, metabolism, ecology, and environmental adaptations are internally coherent.

Required visual and biological rules:
• functional anatomy
• credible center of mass
• coherent locomotion
• environment-linked materials
• ecologically plausible scale

Production request:
Create natural behavior in canonical planet and biome.

Studio-resolved canonical values:
{{canonicalId}}, {{displayName}}, {{scientificName}}, {{originPlanet}}, {{planetType}}, {{biome}}, {{gravity}}, {{atmosphere}}, {{climate}}, {{temperatureRange}}, {{sizeScale}}, {{coloration}}, {{materials}}, {{distinctiveFeatures}}, {{lockedTraits}}, {{rarity}}, {{artDirection}}.

Preserve every locked canonical field exactly. The result must use NOVERIS Scientific Realism: premium AAA science-fiction quality, museum-grade reference presentation, scientifically plausible structure, coherent materials, restrained coloration unless canon requires otherwise, readable silhouette, consistent scale and anatomy or growth across all views, soft neutral studio lighting, pure black background for isolated references, full requested subject visibility, generous negative space, and PSD-friendly extraction. Habitat and biome outputs may use the canonical environment. No baked-in text, labels, watermark, logo, border, or UI.

Create four clearly different but canon-compliant versions. Preserve body plan or growth architecture, structural counts, environmental adaptations, materials, defining features, and locked coloration. Vary only permitted secondary proportions, markings, surface detail, minor ornamentation, natural wear, and pose or growth irregularity.

Recommended aspect ratio: 16:9.","text, labels, watermark, signature, logo, border, frame, UI, HUD, cropped subject, duplicate anatomy, contradictory anatomy, impossible balance, unsupported structures, random wings, random horns, humanoid default, fantasy armor, weapons, cartoon, anime, toy-like materials, excessive neon, excessive glow, oversaturated colors, busy background, motion blur, low resolution, compression artifacts, generic Earth copy, unsupported fantasy styling, traits conflicting with locked canon",1.0.0,canonical
NB2-CRE-IV-008-STELLAR-CORONA-ORGANISM-DISCOVERY,CRE-IV-008-STELLAR-CORONA-ORGANISM,Stellar-Corona Organism,discovery,Discovery Scan,16:9,"Create a canonical NOVERIS Nano Banana 2 visual for Stellar-Corona Organism: Discovery Scan.

Canonical archetype:
A canonical stellar-corona organism designed as a scientifically plausible lifeform whose body plan, support system, locomotion, sensing, metabolism, ecology, and environmental adaptations are internally coherent.

Required visual and biological rules:
• functional anatomy
• credible center of mass
• coherent locomotion
• environment-linked materials
• ecologically plausible scale

Production request:
Create centered scientific scan source without labels.

Studio-resolved canonical values:
{{canonicalId}}, {{displayName}}, {{scientificName}}, {{originPlanet}}, {{planetType}}, {{biome}}, {{gravity}}, {{atmosphere}}, {{climate}}, {{temperatureRange}}, {{sizeScale}}, {{coloration}}, {{materials}}, {{distinctiveFeatures}}, {{lockedTraits}}, {{rarity}}, {{artDirection}}.

Preserve every locked canonical field exactly. The result must use NOVERIS Scientific Realism: premium AAA science-fiction quality, museum-grade reference presentation, scientifically plausible structure, coherent materials, restrained coloration unless canon requires otherwise, readable silhouette, consistent scale and anatomy or growth across all views, soft neutral studio lighting, pure black background for isolated references, full requested subject visibility, generous negative space, and PSD-friendly extraction. Habitat and biome outputs may use the canonical environment. No baked-in text, labels, watermark, logo, border, or UI.

Create four clearly different but canon-compliant versions. Preserve body plan or growth architecture, structural counts, environmental adaptations, materials, defining features, and locked coloration. Vary only permitted secondary proportions, markings, surface detail, minor ornamentation, natural wear, and pose or growth irregularity.

Recommended aspect ratio: 16:9.","text, labels, watermark, signature, logo, border, frame, UI, HUD, cropped subject, duplicate anatomy, contradictory anatomy, impossible balance, unsupported structures, random wings, random horns, humanoid default, fantasy armor, weapons, cartoon, anime, toy-like materials, excessive neon, excessive glow, oversaturated colors, busy background, motion blur, low resolution, compression artifacts, generic Earth copy, unsupported fantasy styling, traits conflicting with locked canon",1.0.0,canonical
NB2-CRE-IV-008-STELLAR-CORONA-ORGANISM-ICON,CRE-IV-008-STELLAR-CORONA-ORGANISM,Stellar-Corona Organism,icon,UI Icon,1:1,"Create a canonical NOVERIS Nano Banana 2 visual for Stellar-Corona Organism: UI Icon.

Canonical archetype:
A canonical stellar-corona organism designed as a scientifically plausible lifeform whose body plan, support system, locomotion, sensing, metabolism, ecology, and environmental adaptations are internally coherent.

Required visual and biological rules:
• functional anatomy
• credible center of mass
• coherent locomotion
• environment-linked materials
• ecologically plausible scale

Production request:
Create isolated silhouette readable at 64 pixels.

Studio-resolved canonical values:
{{canonicalId}}, {{displayName}}, {{scientificName}}, {{originPlanet}}, {{planetType}}, {{biome}}, {{gravity}}, {{atmosphere}}, {{climate}}, {{temperatureRange}}, {{sizeScale}}, {{coloration}}, {{materials}}, {{distinctiveFeatures}}, {{lockedTraits}}, {{rarity}}, {{artDirection}}.

Preserve every locked canonical field exactly. The result must use NOVERIS Scientific Realism: premium AAA science-fiction quality, museum-grade reference presentation, scientifically plausible structure, coherent materials, restrained coloration unless canon requires otherwise, readable silhouette, consistent scale and anatomy or growth across all views, soft neutral studio lighting, pure black background for isolated references, full requested subject visibility, generous negative space, and PSD-friendly extraction. Habitat and biome outputs may use the canonical environment. No baked-in text, labels, watermark, logo, border, or UI.

Create four clearly different but canon-compliant versions. Preserve body plan or growth architecture, structural counts, environmental adaptations, materials, defining features, and locked coloration. Vary only permitted secondary proportions, markings, surface detail, minor ornamentation, natural wear, and pose or growth irregularity.

Recommended aspect ratio: 1:1.","text, labels, watermark, signature, logo, border, frame, UI, HUD, cropped subject, duplicate anatomy, contradictory anatomy, impossible balance, unsupported structures, random wings, random horns, humanoid default, fantasy armor, weapons, cartoon, anime, toy-like materials, excessive neon, excessive glow, oversaturated colors, busy background, motion blur, low resolution, compression artifacts, generic Earth copy, unsupported fantasy styling, traits conflicting with locked canon",1.0.0,canonical
NB2-CRE-IV-008-STELLAR-CORONA-ORGANISM-SCALE,CRE-IV-008-STELLAR-CORONA-ORGANISM,Stellar-Corona Organism,scale,Scale Comparison,16:9,"Create a canonical NOVERIS Nano Banana 2 visual for Stellar-Corona Organism: Scale Comparison.

Canonical archetype:
A canonical stellar-corona organism designed as a scientifically plausible lifeform whose body plan, support system, locomotion, sensing, metabolism, ecology, and environmental adaptations are internally coherent.

Required visual and biological rules:
• functional anatomy
• credible center of mass
• coherent locomotion
• environment-linked materials
• ecologically plausible scale

Production request:
Create side view with adult human silhouette and one-meter bar.

Studio-resolved canonical values:
{{canonicalId}}, {{displayName}}, {{scientificName}}, {{originPlanet}}, {{planetType}}, {{biome}}, {{gravity}}, {{atmosphere}}, {{climate}}, {{temperatureRange}}, {{sizeScale}}, {{coloration}}, {{materials}}, {{distinctiveFeatures}}, {{lockedTraits}}, {{rarity}}, {{artDirection}}.

Preserve every locked canonical field exactly. The result must use NOVERIS Scientific Realism: premium AAA science-fiction quality, museum-grade reference presentation, scientifically plausible structure, coherent materials, restrained coloration unless canon requires otherwise, readable silhouette, consistent scale and anatomy or growth across all views, soft neutral studio lighting, pure black background for isolated references, full requested subject visibility, generous negative space, and PSD-friendly extraction. Habitat and biome outputs may use the canonical environment. No baked-in text, labels, watermark, logo, border, or UI.

Create four clearly different but canon-compliant versions. Preserve body plan or growth architecture, structural counts, environmental adaptations, materials, defining features, and locked coloration. Vary only permitted secondary proportions, markings, surface detail, minor ornamentation, natural wear, and pose or growth irregularity.

Recommended aspect ratio: 16:9.","text, labels, watermark, signature, logo, border, frame, UI, HUD, cropped subject, duplicate anatomy, contradictory anatomy, impossible balance, unsupported structures, random wings, random horns, humanoid default, fantasy armor, weapons, cartoon, anime, toy-like materials, excessive neon, excessive glow, oversaturated colors, busy background, motion blur, low resolution, compression artifacts, generic Earth copy, unsupported fantasy styling, traits conflicting with locked canon",1.0.0,canonical
NB2-CRE-IV-008-STELLAR-CORONA-ORGANISM-SPECIES-PLATE,CRE-IV-008-STELLAR-CORONA-ORGANISM,Stellar-Corona Organism,species-plate,Master Species Plate,16:9,"Create a canonical NOVERIS Nano Banana 2 visual for Stellar-Corona Organism: Master Species Plate.

Canonical archetype:
A canonical stellar-corona organism designed as a scientifically plausible lifeform whose body plan, support system, locomotion, sensing, metabolism, ecology, and environmental adaptations are internally coherent.

Required visual and biological rules:
• functional anatomy
• credible center of mass
• coherent locomotion
• environment-linked materials
• ecologically plausible scale

Production request:
Create full body, portrait, views, support system, lifecycle, variants, materials and habitat vignette.

Studio-resolved canonical values:
{{canonicalId}}, {{displayName}}, {{scientificName}}, {{originPlanet}}, {{planetType}}, {{biome}}, {{gravity}}, {{atmosphere}}, {{climate}}, {{temperatureRange}}, {{sizeScale}}, {{coloration}}, {{materials}}, {{distinctiveFeatures}}, {{lockedTraits}}, {{rarity}}, {{artDirection}}.

Preserve every locked canonical field exactly. The result must use NOVERIS Scientific Realism: premium AAA science-fiction quality, museum-grade reference presentation, scientifically plausible structure, coherent materials, restrained coloration unless canon requires otherwise, readable silhouette, consistent scale and anatomy or growth across all views, soft neutral studio lighting, pure black background for isolated references, full requested subject visibility, generous negative space, and PSD-friendly extraction. Habitat and biome outputs may use the canonical environment. No baked-in text, labels, watermark, logo, border, or UI.

Create four clearly different but canon-compliant versions. Preserve body plan or growth architecture, structural counts, environmental adaptations, materials, defining features, and locked coloration. Vary only permitted secondary proportions, markings, surface detail, minor ornamentation, natural wear, and pose or growth irregularity.

Recommended aspect ratio: 16:9.","text, labels, watermark, signature, logo, border, frame, UI, HUD, cropped subject, duplicate anatomy, contradictory anatomy, impossible balance, unsupported structures, random wings, random horns, humanoid default, fantasy armor, weapons, cartoon, anime, toy-like materials, excessive neon, excessive glow, oversaturated colors, busy background, motion blur, low resolution, compression artifacts, generic Earth copy, unsupported fantasy styling, traits conflicting with locked canon",1.0.0,canonical
NB2-CRE-IV-008-STELLAR-CORONA-ORGANISM-ANIMATION,CRE-IV-008-STELLAR-CORONA-ORGANISM,Stellar-Corona Organism,animation,Animation Reference,16:9,"Create a canonical NOVERIS Nano Banana 2 visual for Stellar-Corona Organism: Animation Reference.

Canonical archetype:
A canonical stellar-corona organism designed as a scientifically plausible lifeform whose body plan, support system, locomotion, sensing, metabolism, ecology, and environmental adaptations are internally coherent.

Required visual and biological rules:
• functional anatomy
• credible center of mass
• coherent locomotion
• environment-linked materials
• ecologically plausible scale

Production request:
Create idle, locomotion, interaction, feeding, defense, rest and death or shutdown.

Studio-resolved canonical values:
{{canonicalId}}, {{displayName}}, {{scientificName}}, {{originPlanet}}, {{planetType}}, {{biome}}, {{gravity}}, {{atmosphere}}, {{climate}}, {{temperatureRange}}, {{sizeScale}}, {{coloration}}, {{materials}}, {{distinctiveFeatures}}, {{lockedTraits}}, {{rarity}}, {{artDirection}}.

Preserve every locked canonical field exactly. The result must use NOVERIS Scientific Realism: premium AAA science-fiction quality, museum-grade reference presentation, scientifically plausible structure, coherent materials, restrained coloration unless canon requires otherwise, readable silhouette, consistent scale and anatomy or growth across all views, soft neutral studio lighting, pure black background for isolated references, full requested subject visibility, generous negative space, and PSD-friendly extraction. Habitat and biome outputs may use the canonical environment. No baked-in text, labels, watermark, logo, border, or UI.

Create four clearly different but canon-compliant versions. Preserve body plan or growth architecture, structural counts, environmental adaptations, materials, defining features, and locked coloration. Vary only permitted secondary proportions, markings, surface detail, minor ornamentation, natural wear, and pose or growth irregularity.

Recommended aspect ratio: 16:9.","text, labels, watermark, signature, logo, border, frame, UI, HUD, cropped subject, duplicate anatomy, contradictory anatomy, impossible balance, unsupported structures, random wings, random horns, humanoid default, fantasy armor, weapons, cartoon, anime, toy-like materials, excessive neon, excessive glow, oversaturated colors, busy background, motion blur, low resolution, compression artifacts, generic Earth copy, unsupported fantasy styling, traits conflicting with locked canon",1.0.0,canonical
NB2-CRE-IV-008-STELLAR-CORONA-ORGANISM-PSD,CRE-IV-008-STELLAR-CORONA-ORGANISM,Stellar-Corona Organism,psd,PSD Extraction Board,16:9,"Create a canonical NOVERIS Nano Banana 2 visual for Stellar-Corona Organism: PSD Extraction Board.

Canonical archetype:
A canonical stellar-corona organism designed as a scientifically plausible lifeform whose body plan, support system, locomotion, sensing, metabolism, ecology, and environmental adaptations are internally coherent.

Required visual and biological rules:
• functional anatomy
• credible center of mass
• coherent locomotion
• environment-linked materials
• ecologically plausible scale

Production request:
Create isolated whole subject, major parts, silhouette and material references.

Studio-resolved canonical values:
{{canonicalId}}, {{displayName}}, {{scientificName}}, {{originPlanet}}, {{planetType}}, {{biome}}, {{gravity}}, {{atmosphere}}, {{climate}}, {{temperatureRange}}, {{sizeScale}}, {{coloration}}, {{materials}}, {{distinctiveFeatures}}, {{lockedTraits}}, {{rarity}}, {{artDirection}}.

Preserve every locked canonical field exactly. The result must use NOVERIS Scientific Realism: premium AAA science-fiction quality, museum-grade reference presentation, scientifically plausible structure, coherent materials, restrained coloration unless canon requires otherwise, readable silhouette, consistent scale and anatomy or growth across all views, soft neutral studio lighting, pure black background for isolated references, full requested subject visibility, generous negative space, and PSD-friendly extraction. Habitat and biome outputs may use the canonical environment. No baked-in text, labels, watermark, logo, border, or UI.

Create four clearly different but canon-compliant versions. Preserve body plan or growth architecture, structural counts, environmental adaptations, materials, defining features, and locked coloration. Vary only permitted secondary proportions, markings, surface detail, minor ornamentation, natural wear, and pose or growth irregularity.

Recommended aspect ratio: 16:9.","text, labels, watermark, signature, logo, border, frame, UI, HUD, cropped subject, duplicate anatomy, contradictory anatomy, impossible balance, unsupported structures, random wings, random horns, humanoid default, fantasy armor, weapons, cartoon, anime, toy-like materials, excessive neon, excessive glow, oversaturated colors, busy background, motion blur, low resolution, compression artifacts, generic Earth copy, unsupported fantasy styling, traits conflicting with locked canon",1.0.0,canonical
NB2-CRE-IV-009-MAGNETOSPHERIC-ORGANISM-FULL-BODY,CRE-IV-009-MAGNETOSPHERIC-ORGANISM,Magnetospheric Organism,full-body,Full Body Production Render,3:4,"Create a canonical NOVERIS Nano Banana 2 visual for Magnetospheric Organism: Full Body Production Render.

Canonical archetype:
A canonical magnetospheric organism designed as a scientifically plausible lifeform whose body plan, support system, locomotion, sensing, metabolism, ecology, and environmental adaptations are internally coherent.

Required visual and biological rules:
• functional anatomy
• credible center of mass
• coherent locomotion
• environment-linked materials
• ecologically plausible scale

Production request:
Create complete mature specimen, neutral pose, entire body visible.

Studio-resolved canonical values:
{{canonicalId}}, {{displayName}}, {{scientificName}}, {{originPlanet}}, {{planetType}}, {{biome}}, {{gravity}}, {{atmosphere}}, {{climate}}, {{temperatureRange}}, {{sizeScale}}, {{coloration}}, {{materials}}, {{distinctiveFeatures}}, {{lockedTraits}}, {{rarity}}, {{artDirection}}.

Preserve every locked canonical field exactly. The result must use NOVERIS Scientific Realism: premium AAA science-fiction quality, museum-grade reference presentation, scientifically plausible structure, coherent materials, restrained coloration unless canon requires otherwise, readable silhouette, consistent scale and anatomy or growth across all views, soft neutral studio lighting, pure black background for isolated references, full requested subject visibility, generous negative space, and PSD-friendly extraction. Habitat and biome outputs may use the canonical environment. No baked-in text, labels, watermark, logo, border, or UI.

Create four clearly different but canon-compliant versions. Preserve body plan or growth architecture, structural counts, environmental adaptations, materials, defining features, and locked coloration. Vary only permitted secondary proportions, markings, surface detail, minor ornamentation, natural wear, and pose or growth irregularity.

Recommended aspect ratio: 3:4.","text, labels, watermark, signature, logo, border, frame, UI, HUD, cropped subject, duplicate anatomy, contradictory anatomy, impossible balance, unsupported structures, random wings, random horns, humanoid default, fantasy armor, weapons, cartoon, anime, toy-like materials, excessive neon, excessive glow, oversaturated colors, busy background, motion blur, low resolution, compression artifacts, generic Earth copy, unsupported fantasy styling, traits conflicting with locked canon",1.0.0,canonical
NB2-CRE-IV-009-MAGNETOSPHERIC-ORGANISM-PORTRAIT,CRE-IV-009-MAGNETOSPHERIC-ORGANISM,Magnetospheric Organism,portrait,Portrait,1:1,"Create a canonical NOVERIS Nano Banana 2 visual for Magnetospheric Organism: Portrait.

Canonical archetype:
A canonical magnetospheric organism designed as a scientifically plausible lifeform whose body plan, support system, locomotion, sensing, metabolism, ecology, and environmental adaptations are internally coherent.

Required visual and biological rules:
• functional anatomy
• credible center of mass
• coherent locomotion
• environment-linked materials
• ecologically plausible scale

Production request:
Create head and upper body emphasizing sensory anatomy and defining materials.

Studio-resolved canonical values:
{{canonicalId}}, {{displayName}}, {{scientificName}}, {{originPlanet}}, {{planetType}}, {{biome}}, {{gravity}}, {{atmosphere}}, {{climate}}, {{temperatureRange}}, {{sizeScale}}, {{coloration}}, {{materials}}, {{distinctiveFeatures}}, {{lockedTraits}}, {{rarity}}, {{artDirection}}.

Preserve every locked canonical field exactly. The result must use NOVERIS Scientific Realism: premium AAA science-fiction quality, museum-grade reference presentation, scientifically plausible structure, coherent materials, restrained coloration unless canon requires otherwise, readable silhouette, consistent scale and anatomy or growth across all views, soft neutral studio lighting, pure black background for isolated references, full requested subject visibility, generous negative space, and PSD-friendly extraction. Habitat and biome outputs may use the canonical environment. No baked-in text, labels, watermark, logo, border, or UI.

Create four clearly different but canon-compliant versions. Preserve body plan or growth architecture, structural counts, environmental adaptations, materials, defining features, and locked coloration. Vary only permitted secondary proportions, markings, surface detail, minor ornamentation, natural wear, and pose or growth irregularity.

Recommended aspect ratio: 1:1.","text, labels, watermark, signature, logo, border, frame, UI, HUD, cropped subject, duplicate anatomy, contradictory anatomy, impossible balance, unsupported structures, random wings, random horns, humanoid default, fantasy armor, weapons, cartoon, anime, toy-like materials, excessive neon, excessive glow, oversaturated colors, busy background, motion blur, low resolution, compression artifacts, generic Earth copy, unsupported fantasy styling, traits conflicting with locked canon",1.0.0,canonical
NB2-CRE-IV-009-MAGNETOSPHERIC-ORGANISM-ORTHO-FRONT,CRE-IV-009-MAGNETOSPHERIC-ORGANISM,Magnetospheric Organism,ortho-front,Orthographic Front,3:4,"Create a canonical NOVERIS Nano Banana 2 visual for Magnetospheric Organism: Orthographic Front.

Canonical archetype:
A canonical magnetospheric organism designed as a scientifically plausible lifeform whose body plan, support system, locomotion, sensing, metabolism, ecology, and environmental adaptations are internally coherent.

Required visual and biological rules:
• functional anatomy
• credible center of mass
• coherent locomotion
• environment-linked materials
• ecologically plausible scale

Production request:
Create exact front orthographic view.

Studio-resolved canonical values:
{{canonicalId}}, {{displayName}}, {{scientificName}}, {{originPlanet}}, {{planetType}}, {{biome}}, {{gravity}}, {{atmosphere}}, {{climate}}, {{temperatureRange}}, {{sizeScale}}, {{coloration}}, {{materials}}, {{distinctiveFeatures}}, {{lockedTraits}}, {{rarity}}, {{artDirection}}.

Preserve every locked canonical field exactly. The result must use NOVERIS Scientific Realism: premium AAA science-fiction quality, museum-grade reference presentation, scientifically plausible structure, coherent materials, restrained coloration unless canon requires otherwise, readable silhouette, consistent scale and anatomy or growth across all views, soft neutral studio lighting, pure black background for isolated references, full requested subject visibility, generous negative space, and PSD-friendly extraction. Habitat and biome outputs may use the canonical environment. No baked-in text, labels, watermark, logo, border, or UI.

Create four clearly different but canon-compliant versions. Preserve body plan or growth architecture, structural counts, environmental adaptations, materials, defining features, and locked coloration. Vary only permitted secondary proportions, markings, surface detail, minor ornamentation, natural wear, and pose or growth irregularity.

Recommended aspect ratio: 3:4.","text, labels, watermark, signature, logo, border, frame, UI, HUD, cropped subject, duplicate anatomy, contradictory anatomy, impossible balance, unsupported structures, random wings, random horns, humanoid default, fantasy armor, weapons, cartoon, anime, toy-like materials, excessive neon, excessive glow, oversaturated colors, busy background, motion blur, low resolution, compression artifacts, generic Earth copy, unsupported fantasy styling, traits conflicting with locked canon",1.0.0,canonical
NB2-CRE-IV-009-MAGNETOSPHERIC-ORGANISM-ORTHO-SIDE,CRE-IV-009-MAGNETOSPHERIC-ORGANISM,Magnetospheric Organism,ortho-side,Orthographic Side,3:4,"Create a canonical NOVERIS Nano Banana 2 visual for Magnetospheric Organism: Orthographic Side.

Canonical archetype:
A canonical magnetospheric organism designed as a scientifically plausible lifeform whose body plan, support system, locomotion, sensing, metabolism, ecology, and environmental adaptations are internally coherent.

Required visual and biological rules:
• functional anatomy
• credible center of mass
• coherent locomotion
• environment-linked materials
• ecologically plausible scale

Production request:
Create exact side orthographic view.

Studio-resolved canonical values:
{{canonicalId}}, {{displayName}}, {{scientificName}}, {{originPlanet}}, {{planetType}}, {{biome}}, {{gravity}}, {{atmosphere}}, {{climate}}, {{temperatureRange}}, {{sizeScale}}, {{coloration}}, {{materials}}, {{distinctiveFeatures}}, {{lockedTraits}}, {{rarity}}, {{artDirection}}.

Preserve every locked canonical field exactly. The result must use NOVERIS Scientific Realism: premium AAA science-fiction quality, museum-grade reference presentation, scientifically plausible structure, coherent materials, restrained coloration unless canon requires otherwise, readable silhouette, consistent scale and anatomy or growth across all views, soft neutral studio lighting, pure black background for isolated references, full requested subject visibility, generous negative space, and PSD-friendly extraction. Habitat and biome outputs may use the canonical environment. No baked-in text, labels, watermark, logo, border, or UI.

Create four clearly different but canon-compliant versions. Preserve body plan or growth architecture, structural counts, environmental adaptations, materials, defining features, and locked coloration. Vary only permitted secondary proportions, markings, surface detail, minor ornamentation, natural wear, and pose or growth irregularity.

Recommended aspect ratio: 3:4.","text, labels, watermark, signature, logo, border, frame, UI, HUD, cropped subject, duplicate anatomy, contradictory anatomy, impossible balance, unsupported structures, random wings, random horns, humanoid default, fantasy armor, weapons, cartoon, anime, toy-like materials, excessive neon, excessive glow, oversaturated colors, busy background, motion blur, low resolution, compression artifacts, generic Earth copy, unsupported fantasy styling, traits conflicting with locked canon",1.0.0,canonical
NB2-CRE-IV-009-MAGNETOSPHERIC-ORGANISM-ORTHO-REAR,CRE-IV-009-MAGNETOSPHERIC-ORGANISM,Magnetospheric Organism,ortho-rear,Orthographic Rear,3:4,"Create a canonical NOVERIS Nano Banana 2 visual for Magnetospheric Organism: Orthographic Rear.

Canonical archetype:
A canonical magnetospheric organism designed as a scientifically plausible lifeform whose body plan, support system, locomotion, sensing, metabolism, ecology, and environmental adaptations are internally coherent.

Required visual and biological rules:
• functional anatomy
• credible center of mass
• coherent locomotion
• environment-linked materials
• ecologically plausible scale

Production request:
Create exact rear orthographic view.

Studio-resolved canonical values:
{{canonicalId}}, {{displayName}}, {{scientificName}}, {{originPlanet}}, {{planetType}}, {{biome}}, {{gravity}}, {{atmosphere}}, {{climate}}, {{temperatureRange}}, {{sizeScale}}, {{coloration}}, {{materials}}, {{distinctiveFeatures}}, {{lockedTraits}}, {{rarity}}, {{artDirection}}.

Preserve every locked canonical field exactly. The result must use NOVERIS Scientific Realism: premium AAA science-fiction quality, museum-grade reference presentation, scientifically plausible structure, coherent materials, restrained coloration unless canon requires otherwise, readable silhouette, consistent scale and anatomy or growth across all views, soft neutral studio lighting, pure black background for isolated references, full requested subject visibility, generous negative space, and PSD-friendly extraction. Habitat and biome outputs may use the canonical environment. No baked-in text, labels, watermark, logo, border, or UI.

Create four clearly different but canon-compliant versions. Preserve body plan or growth architecture, structural counts, environmental adaptations, materials, defining features, and locked coloration. Vary only permitted secondary proportions, markings, surface detail, minor ornamentation, natural wear, and pose or growth irregularity.

Recommended aspect ratio: 3:4.","text, labels, watermark, signature, logo, border, frame, UI, HUD, cropped subject, duplicate anatomy, contradictory anatomy, impossible balance, unsupported structures, random wings, random horns, humanoid default, fantasy armor, weapons, cartoon, anime, toy-like materials, excessive neon, excessive glow, oversaturated colors, busy background, motion blur, low resolution, compression artifacts, generic Earth copy, unsupported fantasy styling, traits conflicting with locked canon",1.0.0,canonical
NB2-CRE-IV-009-MAGNETOSPHERIC-ORGANISM-TURNAROUND,CRE-IV-009-MAGNETOSPHERIC-ORGANISM,Magnetospheric Organism,turnaround,Turnaround Sheet,16:9,"Create a canonical NOVERIS Nano Banana 2 visual for Magnetospheric Organism: Turnaround Sheet.

Canonical archetype:
A canonical magnetospheric organism designed as a scientifically plausible lifeform whose body plan, support system, locomotion, sensing, metabolism, ecology, and environmental adaptations are internally coherent.

Required visual and biological rules:
• functional anatomy
• credible center of mass
• coherent locomotion
• environment-linked materials
• ecologically plausible scale

Production request:
Create front, side, rear, top and underside at identical scale.

Studio-resolved canonical values:
{{canonicalId}}, {{displayName}}, {{scientificName}}, {{originPlanet}}, {{planetType}}, {{biome}}, {{gravity}}, {{atmosphere}}, {{climate}}, {{temperatureRange}}, {{sizeScale}}, {{coloration}}, {{materials}}, {{distinctiveFeatures}}, {{lockedTraits}}, {{rarity}}, {{artDirection}}.

Preserve every locked canonical field exactly. The result must use NOVERIS Scientific Realism: premium AAA science-fiction quality, museum-grade reference presentation, scientifically plausible structure, coherent materials, restrained coloration unless canon requires otherwise, readable silhouette, consistent scale and anatomy or growth across all views, soft neutral studio lighting, pure black background for isolated references, full requested subject visibility, generous negative space, and PSD-friendly extraction. Habitat and biome outputs may use the canonical environment. No baked-in text, labels, watermark, logo, border, or UI.

Create four clearly different but canon-compliant versions. Preserve body plan or growth architecture, structural counts, environmental adaptations, materials, defining features, and locked coloration. Vary only permitted secondary proportions, markings, surface detail, minor ornamentation, natural wear, and pose or growth irregularity.

Recommended aspect ratio: 16:9.","text, labels, watermark, signature, logo, border, frame, UI, HUD, cropped subject, duplicate anatomy, contradictory anatomy, impossible balance, unsupported structures, random wings, random horns, humanoid default, fantasy armor, weapons, cartoon, anime, toy-like materials, excessive neon, excessive glow, oversaturated colors, busy background, motion blur, low resolution, compression artifacts, generic Earth copy, unsupported fantasy styling, traits conflicting with locked canon",1.0.0,canonical
NB2-CRE-IV-009-MAGNETOSPHERIC-ORGANISM-SUPPORT,CRE-IV-009-MAGNETOSPHERIC-ORGANISM,Magnetospheric Organism,support,Skeleton or Support Structure,16:9,"Create a canonical NOVERIS Nano Banana 2 visual for Magnetospheric Organism: Skeleton or Support Structure.

Canonical archetype:
A canonical magnetospheric organism designed as a scientifically plausible lifeform whose body plan, support system, locomotion, sensing, metabolism, ecology, and environmental adaptations are internally coherent.

Required visual and biological rules:
• functional anatomy
• credible center of mass
• coherent locomotion
• environment-linked materials
• ecologically plausible scale

Production request:
Create complete mechanical support system and joint logic.

Studio-resolved canonical values:
{{canonicalId}}, {{displayName}}, {{scientificName}}, {{originPlanet}}, {{planetType}}, {{biome}}, {{gravity}}, {{atmosphere}}, {{climate}}, {{temperatureRange}}, {{sizeScale}}, {{coloration}}, {{materials}}, {{distinctiveFeatures}}, {{lockedTraits}}, {{rarity}}, {{artDirection}}.

Preserve every locked canonical field exactly. The result must use NOVERIS Scientific Realism: premium AAA science-fiction quality, museum-grade reference presentation, scientifically plausible structure, coherent materials, restrained coloration unless canon requires otherwise, readable silhouette, consistent scale and anatomy or growth across all views, soft neutral studio lighting, pure black background for isolated references, full requested subject visibility, generous negative space, and PSD-friendly extraction. Habitat and biome outputs may use the canonical environment. No baked-in text, labels, watermark, logo, border, or UI.

Create four clearly different but canon-compliant versions. Preserve body plan or growth architecture, structural counts, environmental adaptations, materials, defining features, and locked coloration. Vary only permitted secondary proportions, markings, surface detail, minor ornamentation, natural wear, and pose or growth irregularity.

Recommended aspect ratio: 16:9.","text, labels, watermark, signature, logo, border, frame, UI, HUD, cropped subject, duplicate anatomy, contradictory anatomy, impossible balance, unsupported structures, random wings, random horns, humanoid default, fantasy armor, weapons, cartoon, anime, toy-like materials, excessive neon, excessive glow, oversaturated colors, busy background, motion blur, low resolution, compression artifacts, generic Earth copy, unsupported fantasy styling, traits conflicting with locked canon",1.0.0,canonical
NB2-CRE-IV-009-MAGNETOSPHERIC-ORGANISM-ANATOMY,CRE-IV-009-MAGNETOSPHERIC-ORGANISM,Magnetospheric Organism,anatomy,Internal Anatomy,16:9,"Create a canonical NOVERIS Nano Banana 2 visual for Magnetospheric Organism: Internal Anatomy.

Canonical archetype:
A canonical magnetospheric organism designed as a scientifically plausible lifeform whose body plan, support system, locomotion, sensing, metabolism, ecology, and environmental adaptations are internally coherent.

Required visual and biological rules:
• functional anatomy
• credible center of mass
• coherent locomotion
• environment-linked materials
• ecologically plausible scale

Production request:
Create major respiratory, circulatory, digestive, sensory and reproductive systems.

Studio-resolved canonical values:
{{canonicalId}}, {{displayName}}, {{scientificName}}, {{originPlanet}}, {{planetType}}, {{biome}}, {{gravity}}, {{atmosphere}}, {{climate}}, {{temperatureRange}}, {{sizeScale}}, {{coloration}}, {{materials}}, {{distinctiveFeatures}}, {{lockedTraits}}, {{rarity}}, {{artDirection}}.

Preserve every locked canonical field exactly. The result must use NOVERIS Scientific Realism: premium AAA science-fiction quality, museum-grade reference presentation, scientifically plausible structure, coherent materials, restrained coloration unless canon requires otherwise, readable silhouette, consistent scale and anatomy or growth across all views, soft neutral studio lighting, pure black background for isolated references, full requested subject visibility, generous negative space, and PSD-friendly extraction. Habitat and biome outputs may use the canonical environment. No baked-in text, labels, watermark, logo, border, or UI.

Create four clearly different but canon-compliant versions. Preserve body plan or growth architecture, structural counts, environmental adaptations, materials, defining features, and locked coloration. Vary only permitted secondary proportions, markings, surface detail, minor ornamentation, natural wear, and pose or growth irregularity.

Recommended aspect ratio: 16:9.","text, labels, watermark, signature, logo, border, frame, UI, HUD, cropped subject, duplicate anatomy, contradictory anatomy, impossible balance, unsupported structures, random wings, random horns, humanoid default, fantasy armor, weapons, cartoon, anime, toy-like materials, excessive neon, excessive glow, oversaturated colors, busy background, motion blur, low resolution, compression artifacts, generic Earth copy, unsupported fantasy styling, traits conflicting with locked canon",1.0.0,canonical
NB2-CRE-IV-009-MAGNETOSPHERIC-ORGANISM-LIFECYCLE,CRE-IV-009-MAGNETOSPHERIC-ORGANISM,Magnetospheric Organism,lifecycle,Lifecycle Sheet,16:9,"Create a canonical NOVERIS Nano Banana 2 visual for Magnetospheric Organism: Lifecycle Sheet.

Canonical archetype:
A canonical magnetospheric organism designed as a scientifically plausible lifeform whose body plan, support system, locomotion, sensing, metabolism, ecology, and environmental adaptations are internally coherent.

Required visual and biological rules:
• functional anatomy
• credible center of mass
• coherent locomotion
• environment-linked materials
• ecologically plausible scale

Production request:
Create reproductive form, juvenile, adult and elder stages.

Studio-resolved canonical values:
{{canonicalId}}, {{displayName}}, {{scientificName}}, {{originPlanet}}, {{planetType}}, {{biome}}, {{gravity}}, {{atmosphere}}, {{climate}}, {{temperatureRange}}, {{sizeScale}}, {{coloration}}, {{materials}}, {{distinctiveFeatures}}, {{lockedTraits}}, {{rarity}}, {{artDirection}}.

Preserve every locked canonical field exactly. The result must use NOVERIS Scientific Realism: premium AAA science-fiction quality, museum-grade reference presentation, scientifically plausible structure, coherent materials, restrained coloration unless canon requires otherwise, readable silhouette, consistent scale and anatomy or growth across all views, soft neutral studio lighting, pure black background for isolated references, full requested subject visibility, generous negative space, and PSD-friendly extraction. Habitat and biome outputs may use the canonical environment. No baked-in text, labels, watermark, logo, border, or UI.

Create four clearly different but canon-compliant versions. Preserve body plan or growth architecture, structural counts, environmental adaptations, materials, defining features, and locked coloration. Vary only permitted secondary proportions, markings, surface detail, minor ornamentation, natural wear, and pose or growth irregularity.

Recommended aspect ratio: 16:9.","text, labels, watermark, signature, logo, border, frame, UI, HUD, cropped subject, duplicate anatomy, contradictory anatomy, impossible balance, unsupported structures, random wings, random horns, humanoid default, fantasy armor, weapons, cartoon, anime, toy-like materials, excessive neon, excessive glow, oversaturated colors, busy background, motion blur, low resolution, compression artifacts, generic Earth copy, unsupported fantasy styling, traits conflicting with locked canon",1.0.0,canonical
NB2-CRE-IV-009-MAGNETOSPHERIC-ORGANISM-VARIANTS,CRE-IV-009-MAGNETOSPHERIC-ORGANISM,Magnetospheric Organism,variants,Canonical Variants,16:9,"Create a canonical NOVERIS Nano Banana 2 visual for Magnetospheric Organism: Canonical Variants.

Canonical archetype:
A canonical magnetospheric organism designed as a scientifically plausible lifeform whose body plan, support system, locomotion, sensing, metabolism, ecology, and environmental adaptations are internally coherent.

Required visual and biological rules:
• functional anatomy
• credible center of mass
• coherent locomotion
• environment-linked materials
• ecologically plausible scale

Production request:
Create regional, seasonal, sex, caste, morph or engineered variants.

Studio-resolved canonical values:
{{canonicalId}}, {{displayName}}, {{scientificName}}, {{originPlanet}}, {{planetType}}, {{biome}}, {{gravity}}, {{atmosphere}}, {{climate}}, {{temperatureRange}}, {{sizeScale}}, {{coloration}}, {{materials}}, {{distinctiveFeatures}}, {{lockedTraits}}, {{rarity}}, {{artDirection}}.

Preserve every locked canonical field exactly. The result must use NOVERIS Scientific Realism: premium AAA science-fiction quality, museum-grade reference presentation, scientifically plausible structure, coherent materials, restrained coloration unless canon requires otherwise, readable silhouette, consistent scale and anatomy or growth across all views, soft neutral studio lighting, pure black background for isolated references, full requested subject visibility, generous negative space, and PSD-friendly extraction. Habitat and biome outputs may use the canonical environment. No baked-in text, labels, watermark, logo, border, or UI.

Create four clearly different but canon-compliant versions. Preserve body plan or growth architecture, structural counts, environmental adaptations, materials, defining features, and locked coloration. Vary only permitted secondary proportions, markings, surface detail, minor ornamentation, natural wear, and pose or growth irregularity.

Recommended aspect ratio: 16:9.","text, labels, watermark, signature, logo, border, frame, UI, HUD, cropped subject, duplicate anatomy, contradictory anatomy, impossible balance, unsupported structures, random wings, random horns, humanoid default, fantasy armor, weapons, cartoon, anime, toy-like materials, excessive neon, excessive glow, oversaturated colors, busy background, motion blur, low resolution, compression artifacts, generic Earth copy, unsupported fantasy styling, traits conflicting with locked canon",1.0.0,canonical
NB2-CRE-IV-009-MAGNETOSPHERIC-ORGANISM-BEHAVIOR,CRE-IV-009-MAGNETOSPHERIC-ORGANISM,Magnetospheric Organism,behavior,Behavior Sheet,16:9,"Create a canonical NOVERIS Nano Banana 2 visual for Magnetospheric Organism: Behavior Sheet.

Canonical archetype:
A canonical magnetospheric organism designed as a scientifically plausible lifeform whose body plan, support system, locomotion, sensing, metabolism, ecology, and environmental adaptations are internally coherent.

Required visual and biological rules:
• functional anatomy
• credible center of mass
• coherent locomotion
• environment-linked materials
• ecologically plausible scale

Production request:
Create idle, feeding, locomotion, social, defense and rest.

Studio-resolved canonical values:
{{canonicalId}}, {{displayName}}, {{scientificName}}, {{originPlanet}}, {{planetType}}, {{biome}}, {{gravity}}, {{atmosphere}}, {{climate}}, {{temperatureRange}}, {{sizeScale}}, {{coloration}}, {{materials}}, {{distinctiveFeatures}}, {{lockedTraits}}, {{rarity}}, {{artDirection}}.

Preserve every locked canonical field exactly. The result must use NOVERIS Scientific Realism: premium AAA science-fiction quality, museum-grade reference presentation, scientifically plausible structure, coherent materials, restrained coloration unless canon requires otherwise, readable silhouette, consistent scale and anatomy or growth across all views, soft neutral studio lighting, pure black background for isolated references, full requested subject visibility, generous negative space, and PSD-friendly extraction. Habitat and biome outputs may use the canonical environment. No baked-in text, labels, watermark, logo, border, or UI.

Create four clearly different but canon-compliant versions. Preserve body plan or growth architecture, structural counts, environmental adaptations, materials, defining features, and locked coloration. Vary only permitted secondary proportions, markings, surface detail, minor ornamentation, natural wear, and pose or growth irregularity.

Recommended aspect ratio: 16:9.","text, labels, watermark, signature, logo, border, frame, UI, HUD, cropped subject, duplicate anatomy, contradictory anatomy, impossible balance, unsupported structures, random wings, random horns, humanoid default, fantasy armor, weapons, cartoon, anime, toy-like materials, excessive neon, excessive glow, oversaturated colors, busy background, motion blur, low resolution, compression artifacts, generic Earth copy, unsupported fantasy styling, traits conflicting with locked canon",1.0.0,canonical
NB2-CRE-IV-009-MAGNETOSPHERIC-ORGANISM-HABITAT,CRE-IV-009-MAGNETOSPHERIC-ORGANISM,Magnetospheric Organism,habitat,Native Habitat Scene,16:9,"Create a canonical NOVERIS Nano Banana 2 visual for Magnetospheric Organism: Native Habitat Scene.

Canonical archetype:
A canonical magnetospheric organism designed as a scientifically plausible lifeform whose body plan, support system, locomotion, sensing, metabolism, ecology, and environmental adaptations are internally coherent.

Required visual and biological rules:
• functional anatomy
• credible center of mass
• coherent locomotion
• environment-linked materials
• ecologically plausible scale

Production request:
Create natural behavior in canonical planet and biome.

Studio-resolved canonical values:
{{canonicalId}}, {{displayName}}, {{scientificName}}, {{originPlanet}}, {{planetType}}, {{biome}}, {{gravity}}, {{atmosphere}}, {{climate}}, {{temperatureRange}}, {{sizeScale}}, {{coloration}}, {{materials}}, {{distinctiveFeatures}}, {{lockedTraits}}, {{rarity}}, {{artDirection}}.

Preserve every locked canonical field exactly. The result must use NOVERIS Scientific Realism: premium AAA science-fiction quality, museum-grade reference presentation, scientifically plausible structure, coherent materials, restrained coloration unless canon requires otherwise, readable silhouette, consistent scale and anatomy or growth across all views, soft neutral studio lighting, pure black background for isolated references, full requested subject visibility, generous negative space, and PSD-friendly extraction. Habitat and biome outputs may use the canonical environment. No baked-in text, labels, watermark, logo, border, or UI.

Create four clearly different but canon-compliant versions. Preserve body plan or growth architecture, structural counts, environmental adaptations, materials, defining features, and locked coloration. Vary only permitted secondary proportions, markings, surface detail, minor ornamentation, natural wear, and pose or growth irregularity.

Recommended aspect ratio: 16:9.","text, labels, watermark, signature, logo, border, frame, UI, HUD, cropped subject, duplicate anatomy, contradictory anatomy, impossible balance, unsupported structures, random wings, random horns, humanoid default, fantasy armor, weapons, cartoon, anime, toy-like materials, excessive neon, excessive glow, oversaturated colors, busy background, motion blur, low resolution, compression artifacts, generic Earth copy, unsupported fantasy styling, traits conflicting with locked canon",1.0.0,canonical
NB2-CRE-IV-009-MAGNETOSPHERIC-ORGANISM-DISCOVERY,CRE-IV-009-MAGNETOSPHERIC-ORGANISM,Magnetospheric Organism,discovery,Discovery Scan,16:9,"Create a canonical NOVERIS Nano Banana 2 visual for Magnetospheric Organism: Discovery Scan.

Canonical archetype:
A canonical magnetospheric organism designed as a scientifically plausible lifeform whose body plan, support system, locomotion, sensing, metabolism, ecology, and environmental adaptations are internally coherent.

Required visual and biological rules:
• functional anatomy
• credible center of mass
• coherent locomotion
• environment-linked materials
• ecologically plausible scale

Production request:
Create centered scientific scan source without labels.

Studio-resolved canonical values:
{{canonicalId}}, {{displayName}}, {{scientificName}}, {{originPlanet}}, {{planetType}}, {{biome}}, {{gravity}}, {{atmosphere}}, {{climate}}, {{temperatureRange}}, {{sizeScale}}, {{coloration}}, {{materials}}, {{distinctiveFeatures}}, {{lockedTraits}}, {{rarity}}, {{artDirection}}.

Preserve every locked canonical field exactly. The result must use NOVERIS Scientific Realism: premium AAA science-fiction quality, museum-grade reference presentation, scientifically plausible structure, coherent materials, restrained coloration unless canon requires otherwise, readable silhouette, consistent scale and anatomy or growth across all views, soft neutral studio lighting, pure black background for isolated references, full requested subject visibility, generous negative space, and PSD-friendly extraction. Habitat and biome outputs may use the canonical environment. No baked-in text, labels, watermark, logo, border, or UI.

Create four clearly different but canon-compliant versions. Preserve body plan or growth architecture, structural counts, environmental adaptations, materials, defining features, and locked coloration. Vary only permitted secondary proportions, markings, surface detail, minor ornamentation, natural wear, and pose or growth irregularity.

Recommended aspect ratio: 16:9.","text, labels, watermark, signature, logo, border, frame, UI, HUD, cropped subject, duplicate anatomy, contradictory anatomy, impossible balance, unsupported structures, random wings, random horns, humanoid default, fantasy armor, weapons, cartoon, anime, toy-like materials, excessive neon, excessive glow, oversaturated colors, busy background, motion blur, low resolution, compression artifacts, generic Earth copy, unsupported fantasy styling, traits conflicting with locked canon",1.0.0,canonical
NB2-CRE-IV-009-MAGNETOSPHERIC-ORGANISM-ICON,CRE-IV-009-MAGNETOSPHERIC-ORGANISM,Magnetospheric Organism,icon,UI Icon,1:1,"Create a canonical NOVERIS Nano Banana 2 visual for Magnetospheric Organism: UI Icon.

Canonical archetype:
A canonical magnetospheric organism designed as a scientifically plausible lifeform whose body plan, support system, locomotion, sensing, metabolism, ecology, and environmental adaptations are internally coherent.

Required visual and biological rules:
• functional anatomy
• credible center of mass
• coherent locomotion
• environment-linked materials
• ecologically plausible scale

Production request:
Create isolated silhouette readable at 64 pixels.

Studio-resolved canonical values:
{{canonicalId}}, {{displayName}}, {{scientificName}}, {{originPlanet}}, {{planetType}}, {{biome}}, {{gravity}}, {{atmosphere}}, {{climate}}, {{temperatureRange}}, {{sizeScale}}, {{coloration}}, {{materials}}, {{distinctiveFeatures}}, {{lockedTraits}}, {{rarity}}, {{artDirection}}.

Preserve every locked canonical field exactly. The result must use NOVERIS Scientific Realism: premium AAA science-fiction quality, museum-grade reference presentation, scientifically plausible structure, coherent materials, restrained coloration unless canon requires otherwise, readable silhouette, consistent scale and anatomy or growth across all views, soft neutral studio lighting, pure black background for isolated references, full requested subject visibility, generous negative space, and PSD-friendly extraction. Habitat and biome outputs may use the canonical environment. No baked-in text, labels, watermark, logo, border, or UI.

Create four clearly different but canon-compliant versions. Preserve body plan or growth architecture, structural counts, environmental adaptations, materials, defining features, and locked coloration. Vary only permitted secondary proportions, markings, surface detail, minor ornamentation, natural wear, and pose or growth irregularity.

Recommended aspect ratio: 1:1.","text, labels, watermark, signature, logo, border, frame, UI, HUD, cropped subject, duplicate anatomy, contradictory anatomy, impossible balance, unsupported structures, random wings, random horns, humanoid default, fantasy armor, weapons, cartoon, anime, toy-like materials, excessive neon, excessive glow, oversaturated colors, busy background, motion blur, low resolution, compression artifacts, generic Earth copy, unsupported fantasy styling, traits conflicting with locked canon",1.0.0,canonical
NB2-CRE-IV-009-MAGNETOSPHERIC-ORGANISM-SCALE,CRE-IV-009-MAGNETOSPHERIC-ORGANISM,Magnetospheric Organism,scale,Scale Comparison,16:9,"Create a canonical NOVERIS Nano Banana 2 visual for Magnetospheric Organism: Scale Comparison.

Canonical archetype:
A canonical magnetospheric organism designed as a scientifically plausible lifeform whose body plan, support system, locomotion, sensing, metabolism, ecology, and environmental adaptations are internally coherent.

Required visual and biological rules:
• functional anatomy
• credible center of mass
• coherent locomotion
• environment-linked materials
• ecologically plausible scale

Production request:
Create side view with adult human silhouette and one-meter bar.

Studio-resolved canonical values:
{{canonicalId}}, {{displayName}}, {{scientificName}}, {{originPlanet}}, {{planetType}}, {{biome}}, {{gravity}}, {{atmosphere}}, {{climate}}, {{temperatureRange}}, {{sizeScale}}, {{coloration}}, {{materials}}, {{distinctiveFeatures}}, {{lockedTraits}}, {{rarity}}, {{artDirection}}.

Preserve every locked canonical field exactly. The result must use NOVERIS Scientific Realism: premium AAA science-fiction quality, museum-grade reference presentation, scientifically plausible structure, coherent materials, restrained coloration unless canon requires otherwise, readable silhouette, consistent scale and anatomy or growth across all views, soft neutral studio lighting, pure black background for isolated references, full requested subject visibility, generous negative space, and PSD-friendly extraction. Habitat and biome outputs may use the canonical environment. No baked-in text, labels, watermark, logo, border, or UI.

Create four clearly different but canon-compliant versions. Preserve body plan or growth architecture, structural counts, environmental adaptations, materials, defining features, and locked coloration. Vary only permitted secondary proportions, markings, surface detail, minor ornamentation, natural wear, and pose or growth irregularity.

Recommended aspect ratio: 16:9.","text, labels, watermark, signature, logo, border, frame, UI, HUD, cropped subject, duplicate anatomy, contradictory anatomy, impossible balance, unsupported structures, random wings, random horns, humanoid default, fantasy armor, weapons, cartoon, anime, toy-like materials, excessive neon, excessive glow, oversaturated colors, busy background, motion blur, low resolution, compression artifacts, generic Earth copy, unsupported fantasy styling, traits conflicting with locked canon",1.0.0,canonical
NB2-CRE-IV-009-MAGNETOSPHERIC-ORGANISM-SPECIES-PLATE,CRE-IV-009-MAGNETOSPHERIC-ORGANISM,Magnetospheric Organism,species-plate,Master Species Plate,16:9,"Create a canonical NOVERIS Nano Banana 2 visual for Magnetospheric Organism: Master Species Plate.

Canonical archetype:
A canonical magnetospheric organism designed as a scientifically plausible lifeform whose body plan, support system, locomotion, sensing, metabolism, ecology, and environmental adaptations are internally coherent.

Required visual and biological rules:
• functional anatomy
• credible center of mass
• coherent locomotion
• environment-linked materials
• ecologically plausible scale

Production request:
Create full body, portrait, views, support system, lifecycle, variants, materials and habitat vignette.

Studio-resolved canonical values:
{{canonicalId}}, {{displayName}}, {{scientificName}}, {{originPlanet}}, {{planetType}}, {{biome}}, {{gravity}}, {{atmosphere}}, {{climate}}, {{temperatureRange}}, {{sizeScale}}, {{coloration}}, {{materials}}, {{distinctiveFeatures}}, {{lockedTraits}}, {{rarity}}, {{artDirection}}.

Preserve every locked canonical field exactly. The result must use NOVERIS Scientific Realism: premium AAA science-fiction quality, museum-grade reference presentation, scientifically plausible structure, coherent materials, restrained coloration unless canon requires otherwise, readable silhouette, consistent scale and anatomy or growth across all views, soft neutral studio lighting, pure black background for isolated references, full requested subject visibility, generous negative space, and PSD-friendly extraction. Habitat and biome outputs may use the canonical environment. No baked-in text, labels, watermark, logo, border, or UI.

Create four clearly different but canon-compliant versions. Preserve body plan or growth architecture, structural counts, environmental adaptations, materials, defining features, and locked coloration. Vary only permitted secondary proportions, markings, surface detail, minor ornamentation, natural wear, and pose or growth irregularity.

Recommended aspect ratio: 16:9.","text, labels, watermark, signature, logo, border, frame, UI, HUD, cropped subject, duplicate anatomy, contradictory anatomy, impossible balance, unsupported structures, random wings, random horns, humanoid default, fantasy armor, weapons, cartoon, anime, toy-like materials, excessive neon, excessive glow, oversaturated colors, busy background, motion blur, low resolution, compression artifacts, generic Earth copy, unsupported fantasy styling, traits conflicting with locked canon",1.0.0,canonical
NB2-CRE-IV-009-MAGNETOSPHERIC-ORGANISM-ANIMATION,CRE-IV-009-MAGNETOSPHERIC-ORGANISM,Magnetospheric Organism,animation,Animation Reference,16:9,"Create a canonical NOVERIS Nano Banana 2 visual for Magnetospheric Organism: Animation Reference.

Canonical archetype:
A canonical magnetospheric organism designed as a scientifically plausible lifeform whose body plan, support system, locomotion, sensing, metabolism, ecology, and environmental adaptations are internally coherent.

Required visual and biological rules:
• functional anatomy
• credible center of mass
• coherent locomotion
• environment-linked materials
• ecologically plausible scale

Production request:
Create idle, locomotion, interaction, feeding, defense, rest and death or shutdown.

Studio-resolved canonical values:
{{canonicalId}}, {{displayName}}, {{scientificName}}, {{originPlanet}}, {{planetType}}, {{biome}}, {{gravity}}, {{atmosphere}}, {{climate}}, {{temperatureRange}}, {{sizeScale}}, {{coloration}}, {{materials}}, {{distinctiveFeatures}}, {{lockedTraits}}, {{rarity}}, {{artDirection}}.

Preserve every locked canonical field exactly. The result must use NOVERIS Scientific Realism: premium AAA science-fiction quality, museum-grade reference presentation, scientifically plausible structure, coherent materials, restrained coloration unless canon requires otherwise, readable silhouette, consistent scale and anatomy or growth across all views, soft neutral studio lighting, pure black background for isolated references, full requested subject visibility, generous negative space, and PSD-friendly extraction. Habitat and biome outputs may use the canonical environment. No baked-in text, labels, watermark, logo, border, or UI.

Create four clearly different but canon-compliant versions. Preserve body plan or growth architecture, structural counts, environmental adaptations, materials, defining features, and locked coloration. Vary only permitted secondary proportions, markings, surface detail, minor ornamentation, natural wear, and pose or growth irregularity.

Recommended aspect ratio: 16:9.","text, labels, watermark, signature, logo, border, frame, UI, HUD, cropped subject, duplicate anatomy, contradictory anatomy, impossible balance, unsupported structures, random wings, random horns, humanoid default, fantasy armor, weapons, cartoon, anime, toy-like materials, excessive neon, excessive glow, oversaturated colors, busy background, motion blur, low resolution, compression artifacts, generic Earth copy, unsupported fantasy styling, traits conflicting with locked canon",1.0.0,canonical
NB2-CRE-IV-009-MAGNETOSPHERIC-ORGANISM-PSD,CRE-IV-009-MAGNETOSPHERIC-ORGANISM,Magnetospheric Organism,psd,PSD Extraction Board,16:9,"Create a canonical NOVERIS Nano Banana 2 visual for Magnetospheric Organism: PSD Extraction Board.

Canonical archetype:
A canonical magnetospheric organism designed as a scientifically plausible lifeform whose body plan, support system, locomotion, sensing, metabolism, ecology, and environmental adaptations are internally coherent.

Required visual and biological rules:
• functional anatomy
• credible center of mass
• coherent locomotion
• environment-linked materials
• ecologically plausible scale

Production request:
Create isolated whole subject, major parts, silhouette and material references.

Studio-resolved canonical values:
{{canonicalId}}, {{displayName}}, {{scientificName}}, {{originPlanet}}, {{planetType}}, {{biome}}, {{gravity}}, {{atmosphere}}, {{climate}}, {{temperatureRange}}, {{sizeScale}}, {{coloration}}, {{materials}}, {{distinctiveFeatures}}, {{lockedTraits}}, {{rarity}}, {{artDirection}}.

Preserve every locked canonical field exactly. The result must use NOVERIS Scientific Realism: premium AAA science-fiction quality, museum-grade reference presentation, scientifically plausible structure, coherent materials, restrained coloration unless canon requires otherwise, readable silhouette, consistent scale and anatomy or growth across all views, soft neutral studio lighting, pure black background for isolated references, full requested subject visibility, generous negative space, and PSD-friendly extraction. Habitat and biome outputs may use the canonical environment. No baked-in text, labels, watermark, logo, border, or UI.

Create four clearly different but canon-compliant versions. Preserve body plan or growth architecture, structural counts, environmental adaptations, materials, defining features, and locked coloration. Vary only permitted secondary proportions, markings, surface detail, minor ornamentation, natural wear, and pose or growth irregularity.

Recommended aspect ratio: 16:9.","text, labels, watermark, signature, logo, border, frame, UI, HUD, cropped subject, duplicate anatomy, contradictory anatomy, impossible balance, unsupported structures, random wings, random horns, humanoid default, fantasy armor, weapons, cartoon, anime, toy-like materials, excessive neon, excessive glow, oversaturated colors, busy background, motion blur, low resolution, compression artifacts, generic Earth copy, unsupported fantasy styling, traits conflicting with locked canon",1.0.0,canonical
NB2-CRE-IV-010-RADIATION-FIELD-ORGANISM-FULL-BODY,CRE-IV-010-RADIATION-FIELD-ORGANISM,Radiation-Field Organism,full-body,Full Body Production Render,3:4,"Create a canonical NOVERIS Nano Banana 2 visual for Radiation-Field Organism: Full Body Production Render.

Canonical archetype:
A canonical radiation-field organism designed as a scientifically plausible lifeform whose body plan, support system, locomotion, sensing, metabolism, ecology, and environmental adaptations are internally coherent.

Required visual and biological rules:
• functional anatomy
• credible center of mass
• coherent locomotion
• environment-linked materials
• ecologically plausible scale

Production request:
Create complete mature specimen, neutral pose, entire body visible.

Studio-resolved canonical values:
{{canonicalId}}, {{displayName}}, {{scientificName}}, {{originPlanet}}, {{planetType}}, {{biome}}, {{gravity}}, {{atmosphere}}, {{climate}}, {{temperatureRange}}, {{sizeScale}}, {{coloration}}, {{materials}}, {{distinctiveFeatures}}, {{lockedTraits}}, {{rarity}}, {{artDirection}}.

Preserve every locked canonical field exactly. The result must use NOVERIS Scientific Realism: premium AAA science-fiction quality, museum-grade reference presentation, scientifically plausible structure, coherent materials, restrained coloration unless canon requires otherwise, readable silhouette, consistent scale and anatomy or growth across all views, soft neutral studio lighting, pure black background for isolated references, full requested subject visibility, generous negative space, and PSD-friendly extraction. Habitat and biome outputs may use the canonical environment. No baked-in text, labels, watermark, logo, border, or UI.

Create four clearly different but canon-compliant versions. Preserve body plan or growth architecture, structural counts, environmental adaptations, materials, defining features, and locked coloration. Vary only permitted secondary proportions, markings, surface detail, minor ornamentation, natural wear, and pose or growth irregularity.

Recommended aspect ratio: 3:4.","text, labels, watermark, signature, logo, border, frame, UI, HUD, cropped subject, duplicate anatomy, contradictory anatomy, impossible balance, unsupported structures, random wings, random horns, humanoid default, fantasy armor, weapons, cartoon, anime, toy-like materials, excessive neon, excessive glow, oversaturated colors, busy background, motion blur, low resolution, compression artifacts, generic Earth copy, unsupported fantasy styling, traits conflicting with locked canon",1.0.0,canonical
NB2-CRE-IV-010-RADIATION-FIELD-ORGANISM-PORTRAIT,CRE-IV-010-RADIATION-FIELD-ORGANISM,Radiation-Field Organism,portrait,Portrait,1:1,"Create a canonical NOVERIS Nano Banana 2 visual for Radiation-Field Organism: Portrait.

Canonical archetype:
A canonical radiation-field organism designed as a scientifically plausible lifeform whose body plan, support system, locomotion, sensing, metabolism, ecology, and environmental adaptations are internally coherent.

Required visual and biological rules:
• functional anatomy
• credible center of mass
• coherent locomotion
• environment-linked materials
• ecologically plausible scale

Production request:
Create head and upper body emphasizing sensory anatomy and defining materials.

Studio-resolved canonical values:
{{canonicalId}}, {{displayName}}, {{scientificName}}, {{originPlanet}}, {{planetType}}, {{biome}}, {{gravity}}, {{atmosphere}}, {{climate}}, {{temperatureRange}}, {{sizeScale}}, {{coloration}}, {{materials}}, {{distinctiveFeatures}}, {{lockedTraits}}, {{rarity}}, {{artDirection}}.

Preserve every locked canonical field exactly. The result must use NOVERIS Scientific Realism: premium AAA science-fiction quality, museum-grade reference presentation, scientifically plausible structure, coherent materials, restrained coloration unless canon requires otherwise, readable silhouette, consistent scale and anatomy or growth across all views, soft neutral studio lighting, pure black background for isolated references, full requested subject visibility, generous negative space, and PSD-friendly extraction. Habitat and biome outputs may use the canonical environment. No baked-in text, labels, watermark, logo, border, or UI.

Create four clearly different but canon-compliant versions. Preserve body plan or growth architecture, structural counts, environmental adaptations, materials, defining features, and locked coloration. Vary only permitted secondary proportions, markings, surface detail, minor ornamentation, natural wear, and pose or growth irregularity.

Recommended aspect ratio: 1:1.","text, labels, watermark, signature, logo, border, frame, UI, HUD, cropped subject, duplicate anatomy, contradictory anatomy, impossible balance, unsupported structures, random wings, random horns, humanoid default, fantasy armor, weapons, cartoon, anime, toy-like materials, excessive neon, excessive glow, oversaturated colors, busy background, motion blur, low resolution, compression artifacts, generic Earth copy, unsupported fantasy styling, traits conflicting with locked canon",1.0.0,canonical
NB2-CRE-IV-010-RADIATION-FIELD-ORGANISM-ORTHO-FRONT,CRE-IV-010-RADIATION-FIELD-ORGANISM,Radiation-Field Organism,ortho-front,Orthographic Front,3:4,"Create a canonical NOVERIS Nano Banana 2 visual for Radiation-Field Organism: Orthographic Front.

Canonical archetype:
A canonical radiation-field organism designed as a scientifically plausible lifeform whose body plan, support system, locomotion, sensing, metabolism, ecology, and environmental adaptations are internally coherent.

Required visual and biological rules:
• functional anatomy
• credible center of mass
• coherent locomotion
• environment-linked materials
• ecologically plausible scale

Production request:
Create exact front orthographic view.

Studio-resolved canonical values:
{{canonicalId}}, {{displayName}}, {{scientificName}}, {{originPlanet}}, {{planetType}}, {{biome}}, {{gravity}}, {{atmosphere}}, {{climate}}, {{temperatureRange}}, {{sizeScale}}, {{coloration}}, {{materials}}, {{distinctiveFeatures}}, {{lockedTraits}}, {{rarity}}, {{artDirection}}.

Preserve every locked canonical field exactly. The result must use NOVERIS Scientific Realism: premium AAA science-fiction quality, museum-grade reference presentation, scientifically plausible structure, coherent materials, restrained coloration unless canon requires otherwise, readable silhouette, consistent scale and anatomy or growth across all views, soft neutral studio lighting, pure black background for isolated references, full requested subject visibility, generous negative space, and PSD-friendly extraction. Habitat and biome outputs may use the canonical environment. No baked-in text, labels, watermark, logo, border, or UI.

Create four clearly different but canon-compliant versions. Preserve body plan or growth architecture, structural counts, environmental adaptations, materials, defining features, and locked coloration. Vary only permitted secondary proportions, markings, surface detail, minor ornamentation, natural wear, and pose or growth irregularity.

Recommended aspect ratio: 3:4.","text, labels, watermark, signature, logo, border, frame, UI, HUD, cropped subject, duplicate anatomy, contradictory anatomy, impossible balance, unsupported structures, random wings, random horns, humanoid default, fantasy armor, weapons, cartoon, anime, toy-like materials, excessive neon, excessive glow, oversaturated colors, busy background, motion blur, low resolution, compression artifacts, generic Earth copy, unsupported fantasy styling, traits conflicting with locked canon",1.0.0,canonical
NB2-CRE-IV-010-RADIATION-FIELD-ORGANISM-ORTHO-SIDE,CRE-IV-010-RADIATION-FIELD-ORGANISM,Radiation-Field Organism,ortho-side,Orthographic Side,3:4,"Create a canonical NOVERIS Nano Banana 2 visual for Radiation-Field Organism: Orthographic Side.

Canonical archetype:
A canonical radiation-field organism designed as a scientifically plausible lifeform whose body plan, support system, locomotion, sensing, metabolism, ecology, and environmental adaptations are internally coherent.

Required visual and biological rules:
• functional anatomy
• credible center of mass
• coherent locomotion
• environment-linked materials
• ecologically plausible scale

Production request:
Create exact side orthographic view.

Studio-resolved canonical values:
{{canonicalId}}, {{displayName}}, {{scientificName}}, {{originPlanet}}, {{planetType}}, {{biome}}, {{gravity}}, {{atmosphere}}, {{climate}}, {{temperatureRange}}, {{sizeScale}}, {{coloration}}, {{materials}}, {{distinctiveFeatures}}, {{lockedTraits}}, {{rarity}}, {{artDirection}}.

Preserve every locked canonical field exactly. The result must use NOVERIS Scientific Realism: premium AAA science-fiction quality, museum-grade reference presentation, scientifically plausible structure, coherent materials, restrained coloration unless canon requires otherwise, readable silhouette, consistent scale and anatomy or growth across all views, soft neutral studio lighting, pure black background for isolated references, full requested subject visibility, generous negative space, and PSD-friendly extraction. Habitat and biome outputs may use the canonical environment. No baked-in text, labels, watermark, logo, border, or UI.

Create four clearly different but canon-compliant versions. Preserve body plan or growth architecture, structural counts, environmental adaptations, materials, defining features, and locked coloration. Vary only permitted secondary proportions, markings, surface detail, minor ornamentation, natural wear, and pose or growth irregularity.

Recommended aspect ratio: 3:4.","text, labels, watermark, signature, logo, border, frame, UI, HUD, cropped subject, duplicate anatomy, contradictory anatomy, impossible balance, unsupported structures, random wings, random horns, humanoid default, fantasy armor, weapons, cartoon, anime, toy-like materials, excessive neon, excessive glow, oversaturated colors, busy background, motion blur, low resolution, compression artifacts, generic Earth copy, unsupported fantasy styling, traits conflicting with locked canon",1.0.0,canonical
NB2-CRE-IV-010-RADIATION-FIELD-ORGANISM-ORTHO-REAR,CRE-IV-010-RADIATION-FIELD-ORGANISM,Radiation-Field Organism,ortho-rear,Orthographic Rear,3:4,"Create a canonical NOVERIS Nano Banana 2 visual for Radiation-Field Organism: Orthographic Rear.

Canonical archetype:
A canonical radiation-field organism designed as a scientifically plausible lifeform whose body plan, support system, locomotion, sensing, metabolism, ecology, and environmental adaptations are internally coherent.

Required visual and biological rules:
• functional anatomy
• credible center of mass
• coherent locomotion
• environment-linked materials
• ecologically plausible scale

Production request:
Create exact rear orthographic view.

Studio-resolved canonical values:
{{canonicalId}}, {{displayName}}, {{scientificName}}, {{originPlanet}}, {{planetType}}, {{biome}}, {{gravity}}, {{atmosphere}}, {{climate}}, {{temperatureRange}}, {{sizeScale}}, {{coloration}}, {{materials}}, {{distinctiveFeatures}}, {{lockedTraits}}, {{rarity}}, {{artDirection}}.

Preserve every locked canonical field exactly. The result must use NOVERIS Scientific Realism: premium AAA science-fiction quality, museum-grade reference presentation, scientifically plausible structure, coherent materials, restrained coloration unless canon requires otherwise, readable silhouette, consistent scale and anatomy or growth across all views, soft neutral studio lighting, pure black background for isolated references, full requested subject visibility, generous negative space, and PSD-friendly extraction. Habitat and biome outputs may use the canonical environment. No baked-in text, labels, watermark, logo, border, or UI.

Create four clearly different but canon-compliant versions. Preserve body plan or growth architecture, structural counts, environmental adaptations, materials, defining features, and locked coloration. Vary only permitted secondary proportions, markings, surface detail, minor ornamentation, natural wear, and pose or growth irregularity.

Recommended aspect ratio: 3:4.","text, labels, watermark, signature, logo, border, frame, UI, HUD, cropped subject, duplicate anatomy, contradictory anatomy, impossible balance, unsupported structures, random wings, random horns, humanoid default, fantasy armor, weapons, cartoon, anime, toy-like materials, excessive neon, excessive glow, oversaturated colors, busy background, motion blur, low resolution, compression artifacts, generic Earth copy, unsupported fantasy styling, traits conflicting with locked canon",1.0.0,canonical
NB2-CRE-IV-010-RADIATION-FIELD-ORGANISM-TURNAROUND,CRE-IV-010-RADIATION-FIELD-ORGANISM,Radiation-Field Organism,turnaround,Turnaround Sheet,16:9,"Create a canonical NOVERIS Nano Banana 2 visual for Radiation-Field Organism: Turnaround Sheet.

Canonical archetype:
A canonical radiation-field organism designed as a scientifically plausible lifeform whose body plan, support system, locomotion, sensing, metabolism, ecology, and environmental adaptations are internally coherent.

Required visual and biological rules:
• functional anatomy
• credible center of mass
• coherent locomotion
• environment-linked materials
• ecologically plausible scale

Production request:
Create front, side, rear, top and underside at identical scale.

Studio-resolved canonical values:
{{canonicalId}}, {{displayName}}, {{scientificName}}, {{originPlanet}}, {{planetType}}, {{biome}}, {{gravity}}, {{atmosphere}}, {{climate}}, {{temperatureRange}}, {{sizeScale}}, {{coloration}}, {{materials}}, {{distinctiveFeatures}}, {{lockedTraits}}, {{rarity}}, {{artDirection}}.

Preserve every locked canonical field exactly. The result must use NOVERIS Scientific Realism: premium AAA science-fiction quality, museum-grade reference presentation, scientifically plausible structure, coherent materials, restrained coloration unless canon requires otherwise, readable silhouette, consistent scale and anatomy or growth across all views, soft neutral studio lighting, pure black background for isolated references, full requested subject visibility, generous negative space, and PSD-friendly extraction. Habitat and biome outputs may use the canonical environment. No baked-in text, labels, watermark, logo, border, or UI.

Create four clearly different but canon-compliant versions. Preserve body plan or growth architecture, structural counts, environmental adaptations, materials, defining features, and locked coloration. Vary only permitted secondary proportions, markings, surface detail, minor ornamentation, natural wear, and pose or growth irregularity.

Recommended aspect ratio: 16:9.","text, labels, watermark, signature, logo, border, frame, UI, HUD, cropped subject, duplicate anatomy, contradictory anatomy, impossible balance, unsupported structures, random wings, random horns, humanoid default, fantasy armor, weapons, cartoon, anime, toy-like materials, excessive neon, excessive glow, oversaturated colors, busy background, motion blur, low resolution, compression artifacts, generic Earth copy, unsupported fantasy styling, traits conflicting with locked canon",1.0.0,canonical
NB2-CRE-IV-010-RADIATION-FIELD-ORGANISM-SUPPORT,CRE-IV-010-RADIATION-FIELD-ORGANISM,Radiation-Field Organism,support,Skeleton or Support Structure,16:9,"Create a canonical NOVERIS Nano Banana 2 visual for Radiation-Field Organism: Skeleton or Support Structure.

Canonical archetype:
A canonical radiation-field organism designed as a scientifically plausible lifeform whose body plan, support system, locomotion, sensing, metabolism, ecology, and environmental adaptations are internally coherent.

Required visual and biological rules:
• functional anatomy
• credible center of mass
• coherent locomotion
• environment-linked materials
• ecologically plausible scale

Production request:
Create complete mechanical support system and joint logic.

Studio-resolved canonical values:
{{canonicalId}}, {{displayName}}, {{scientificName}}, {{originPlanet}}, {{planetType}}, {{biome}}, {{gravity}}, {{atmosphere}}, {{climate}}, {{temperatureRange}}, {{sizeScale}}, {{coloration}}, {{materials}}, {{distinctiveFeatures}}, {{lockedTraits}}, {{rarity}}, {{artDirection}}.

Preserve every locked canonical field exactly. The result must use NOVERIS Scientific Realism: premium AAA science-fiction quality, museum-grade reference presentation, scientifically plausible structure, coherent materials, restrained coloration unless canon requires otherwise, readable silhouette, consistent scale and anatomy or growth across all views, soft neutral studio lighting, pure black background for isolated references, full requested subject visibility, generous negative space, and PSD-friendly extraction. Habitat and biome outputs may use the canonical environment. No baked-in text, labels, watermark, logo, border, or UI.

Create four clearly different but canon-compliant versions. Preserve body plan or growth architecture, structural counts, environmental adaptations, materials, defining features, and locked coloration. Vary only permitted secondary proportions, markings, surface detail, minor ornamentation, natural wear, and pose or growth irregularity.

Recommended aspect ratio: 16:9.","text, labels, watermark, signature, logo, border, frame, UI, HUD, cropped subject, duplicate anatomy, contradictory anatomy, impossible balance, unsupported structures, random wings, random horns, humanoid default, fantasy armor, weapons, cartoon, anime, toy-like materials, excessive neon, excessive glow, oversaturated colors, busy background, motion blur, low resolution, compression artifacts, generic Earth copy, unsupported fantasy styling, traits conflicting with locked canon",1.0.0,canonical
NB2-CRE-IV-010-RADIATION-FIELD-ORGANISM-ANATOMY,CRE-IV-010-RADIATION-FIELD-ORGANISM,Radiation-Field Organism,anatomy,Internal Anatomy,16:9,"Create a canonical NOVERIS Nano Banana 2 visual for Radiation-Field Organism: Internal Anatomy.

Canonical archetype:
A canonical radiation-field organism designed as a scientifically plausible lifeform whose body plan, support system, locomotion, sensing, metabolism, ecology, and environmental adaptations are internally coherent.

Required visual and biological rules:
• functional anatomy
• credible center of mass
• coherent locomotion
• environment-linked materials
• ecologically plausible scale

Production request:
Create major respiratory, circulatory, digestive, sensory and reproductive systems.

Studio-resolved canonical values:
{{canonicalId}}, {{displayName}}, {{scientificName}}, {{originPlanet}}, {{planetType}}, {{biome}}, {{gravity}}, {{atmosphere}}, {{climate}}, {{temperatureRange}}, {{sizeScale}}, {{coloration}}, {{materials}}, {{distinctiveFeatures}}, {{lockedTraits}}, {{rarity}}, {{artDirection}}.

Preserve every locked canonical field exactly. The result must use NOVERIS Scientific Realism: premium AAA science-fiction quality, museum-grade reference presentation, scientifically plausible structure, coherent materials, restrained coloration unless canon requires otherwise, readable silhouette, consistent scale and anatomy or growth across all views, soft neutral studio lighting, pure black background for isolated references, full requested subject visibility, generous negative space, and PSD-friendly extraction. Habitat and biome outputs may use the canonical environment. No baked-in text, labels, watermark, logo, border, or UI.

Create four clearly different but canon-compliant versions. Preserve body plan or growth architecture, structural counts, environmental adaptations, materials, defining features, and locked coloration. Vary only permitted secondary proportions, markings, surface detail, minor ornamentation, natural wear, and pose or growth irregularity.

Recommended aspect ratio: 16:9.","text, labels, watermark, signature, logo, border, frame, UI, HUD, cropped subject, duplicate anatomy, contradictory anatomy, impossible balance, unsupported structures, random wings, random horns, humanoid default, fantasy armor, weapons, cartoon, anime, toy-like materials, excessive neon, excessive glow, oversaturated colors, busy background, motion blur, low resolution, compression artifacts, generic Earth copy, unsupported fantasy styling, traits conflicting with locked canon",1.0.0,canonical
NB2-CRE-IV-010-RADIATION-FIELD-ORGANISM-LIFECYCLE,CRE-IV-010-RADIATION-FIELD-ORGANISM,Radiation-Field Organism,lifecycle,Lifecycle Sheet,16:9,"Create a canonical NOVERIS Nano Banana 2 visual for Radiation-Field Organism: Lifecycle Sheet.

Canonical archetype:
A canonical radiation-field organism designed as a scientifically plausible lifeform whose body plan, support system, locomotion, sensing, metabolism, ecology, and environmental adaptations are internally coherent.

Required visual and biological rules:
• functional anatomy
• credible center of mass
• coherent locomotion
• environment-linked materials
• ecologically plausible scale

Production request:
Create reproductive form, juvenile, adult and elder stages.

Studio-resolved canonical values:
{{canonicalId}}, {{displayName}}, {{scientificName}}, {{originPlanet}}, {{planetType}}, {{biome}}, {{gravity}}, {{atmosphere}}, {{climate}}, {{temperatureRange}}, {{sizeScale}}, {{coloration}}, {{materials}}, {{distinctiveFeatures}}, {{lockedTraits}}, {{rarity}}, {{artDirection}}.

Preserve every locked canonical field exactly. The result must use NOVERIS Scientific Realism: premium AAA science-fiction quality, museum-grade reference presentation, scientifically plausible structure, coherent materials, restrained coloration unless canon requires otherwise, readable silhouette, consistent scale and anatomy or growth across all views, soft neutral studio lighting, pure black background for isolated references, full requested subject visibility, generous negative space, and PSD-friendly extraction. Habitat and biome outputs may use the canonical environment. No baked-in text, labels, watermark, logo, border, or UI.

Create four clearly different but canon-compliant versions. Preserve body plan or growth architecture, structural counts, environmental adaptations, materials, defining features, and locked coloration. Vary only permitted secondary proportions, markings, surface detail, minor ornamentation, natural wear, and pose or growth irregularity.

Recommended aspect ratio: 16:9.","text, labels, watermark, signature, logo, border, frame, UI, HUD, cropped subject, duplicate anatomy, contradictory anatomy, impossible balance, unsupported structures, random wings, random horns, humanoid default, fantasy armor, weapons, cartoon, anime, toy-like materials, excessive neon, excessive glow, oversaturated colors, busy background, motion blur, low resolution, compression artifacts, generic Earth copy, unsupported fantasy styling, traits conflicting with locked canon",1.0.0,canonical
NB2-CRE-IV-010-RADIATION-FIELD-ORGANISM-VARIANTS,CRE-IV-010-RADIATION-FIELD-ORGANISM,Radiation-Field Organism,variants,Canonical Variants,16:9,"Create a canonical NOVERIS Nano Banana 2 visual for Radiation-Field Organism: Canonical Variants.

Canonical archetype:
A canonical radiation-field organism designed as a scientifically plausible lifeform whose body plan, support system, locomotion, sensing, metabolism, ecology, and environmental adaptations are internally coherent.

Required visual and biological rules:
• functional anatomy
• credible center of mass
• coherent locomotion
• environment-linked materials
• ecologically plausible scale

Production request:
Create regional, seasonal, sex, caste, morph or engineered variants.

Studio-resolved canonical values:
{{canonicalId}}, {{displayName}}, {{scientificName}}, {{originPlanet}}, {{planetType}}, {{biome}}, {{gravity}}, {{atmosphere}}, {{climate}}, {{temperatureRange}}, {{sizeScale}}, {{coloration}}, {{materials}}, {{distinctiveFeatures}}, {{lockedTraits}}, {{rarity}}, {{artDirection}}.

Preserve every locked canonical field exactly. The result must use NOVERIS Scientific Realism: premium AAA science-fiction quality, museum-grade reference presentation, scientifically plausible structure, coherent materials, restrained coloration unless canon requires otherwise, readable silhouette, consistent scale and anatomy or growth across all views, soft neutral studio lighting, pure black background for isolated references, full requested subject visibility, generous negative space, and PSD-friendly extraction. Habitat and biome outputs may use the canonical environment. No baked-in text, labels, watermark, logo, border, or UI.

Create four clearly different but canon-compliant versions. Preserve body plan or growth architecture, structural counts, environmental adaptations, materials, defining features, and locked coloration. Vary only permitted secondary proportions, markings, surface detail, minor ornamentation, natural wear, and pose or growth irregularity.

Recommended aspect ratio: 16:9.","text, labels, watermark, signature, logo, border, frame, UI, HUD, cropped subject, duplicate anatomy, contradictory anatomy, impossible balance, unsupported structures, random wings, random horns, humanoid default, fantasy armor, weapons, cartoon, anime, toy-like materials, excessive neon, excessive glow, oversaturated colors, busy background, motion blur, low resolution, compression artifacts, generic Earth copy, unsupported fantasy styling, traits conflicting with locked canon",1.0.0,canonical
NB2-CRE-IV-010-RADIATION-FIELD-ORGANISM-BEHAVIOR,CRE-IV-010-RADIATION-FIELD-ORGANISM,Radiation-Field Organism,behavior,Behavior Sheet,16:9,"Create a canonical NOVERIS Nano Banana 2 visual for Radiation-Field Organism: Behavior Sheet.

Canonical archetype:
A canonical radiation-field organism designed as a scientifically plausible lifeform whose body plan, support system, locomotion, sensing, metabolism, ecology, and environmental adaptations are internally coherent.

Required visual and biological rules:
• functional anatomy
• credible center of mass
• coherent locomotion
• environment-linked materials
• ecologically plausible scale

Production request:
Create idle, feeding, locomotion, social, defense and rest.

Studio-resolved canonical values:
{{canonicalId}}, {{displayName}}, {{scientificName}}, {{originPlanet}}, {{planetType}}, {{biome}}, {{gravity}}, {{atmosphere}}, {{climate}}, {{temperatureRange}}, {{sizeScale}}, {{coloration}}, {{materials}}, {{distinctiveFeatures}}, {{lockedTraits}}, {{rarity}}, {{artDirection}}.

Preserve every locked canonical field exactly. The result must use NOVERIS Scientific Realism: premium AAA science-fiction quality, museum-grade reference presentation, scientifically plausible structure, coherent materials, restrained coloration unless canon requires otherwise, readable silhouette, consistent scale and anatomy or growth across all views, soft neutral studio lighting, pure black background for isolated references, full requested subject visibility, generous negative space, and PSD-friendly extraction. Habitat and biome outputs may use the canonical environment. No baked-in text, labels, watermark, logo, border, or UI.

Create four clearly different but canon-compliant versions. Preserve body plan or growth architecture, structural counts, environmental adaptations, materials, defining features, and locked coloration. Vary only permitted secondary proportions, markings, surface detail, minor ornamentation, natural wear, and pose or growth irregularity.

Recommended aspect ratio: 16:9.","text, labels, watermark, signature, logo, border, frame, UI, HUD, cropped subject, duplicate anatomy, contradictory anatomy, impossible balance, unsupported structures, random wings, random horns, humanoid default, fantasy armor, weapons, cartoon, anime, toy-like materials, excessive neon, excessive glow, oversaturated colors, busy background, motion blur, low resolution, compression artifacts, generic Earth copy, unsupported fantasy styling, traits conflicting with locked canon",1.0.0,canonical
NB2-CRE-IV-010-RADIATION-FIELD-ORGANISM-HABITAT,CRE-IV-010-RADIATION-FIELD-ORGANISM,Radiation-Field Organism,habitat,Native Habitat Scene,16:9,"Create a canonical NOVERIS Nano Banana 2 visual for Radiation-Field Organism: Native Habitat Scene.

Canonical archetype:
A canonical radiation-field organism designed as a scientifically plausible lifeform whose body plan, support system, locomotion, sensing, metabolism, ecology, and environmental adaptations are internally coherent.

Required visual and biological rules:
• functional anatomy
• credible center of mass
• coherent locomotion
• environment-linked materials
• ecologically plausible scale

Production request:
Create natural behavior in canonical planet and biome.

Studio-resolved canonical values:
{{canonicalId}}, {{displayName}}, {{scientificName}}, {{originPlanet}}, {{planetType}}, {{biome}}, {{gravity}}, {{atmosphere}}, {{climate}}, {{temperatureRange}}, {{sizeScale}}, {{coloration}}, {{materials}}, {{distinctiveFeatures}}, {{lockedTraits}}, {{rarity}}, {{artDirection}}.

Preserve every locked canonical field exactly. The result must use NOVERIS Scientific Realism: premium AAA science-fiction quality, museum-grade reference presentation, scientifically plausible structure, coherent materials, restrained coloration unless canon requires otherwise, readable silhouette, consistent scale and anatomy or growth across all views, soft neutral studio lighting, pure black background for isolated references, full requested subject visibility, generous negative space, and PSD-friendly extraction. Habitat and biome outputs may use the canonical environment. No baked-in text, labels, watermark, logo, border, or UI.

Create four clearly different but canon-compliant versions. Preserve body plan or growth architecture, structural counts, environmental adaptations, materials, defining features, and locked coloration. Vary only permitted secondary proportions, markings, surface detail, minor ornamentation, natural wear, and pose or growth irregularity.

Recommended aspect ratio: 16:9.","text, labels, watermark, signature, logo, border, frame, UI, HUD, cropped subject, duplicate anatomy, contradictory anatomy, impossible balance, unsupported structures, random wings, random horns, humanoid default, fantasy armor, weapons, cartoon, anime, toy-like materials, excessive neon, excessive glow, oversaturated colors, busy background, motion blur, low resolution, compression artifacts, generic Earth copy, unsupported fantasy styling, traits conflicting with locked canon",1.0.0,canonical
NB2-CRE-IV-010-RADIATION-FIELD-ORGANISM-DISCOVERY,CRE-IV-010-RADIATION-FIELD-ORGANISM,Radiation-Field Organism,discovery,Discovery Scan,16:9,"Create a canonical NOVERIS Nano Banana 2 visual for Radiation-Field Organism: Discovery Scan.

Canonical archetype:
A canonical radiation-field organism designed as a scientifically plausible lifeform whose body plan, support system, locomotion, sensing, metabolism, ecology, and environmental adaptations are internally coherent.

Required visual and biological rules:
• functional anatomy
• credible center of mass
• coherent locomotion
• environment-linked materials
• ecologically plausible scale

Production request:
Create centered scientific scan source without labels.

Studio-resolved canonical values:
{{canonicalId}}, {{displayName}}, {{scientificName}}, {{originPlanet}}, {{planetType}}, {{biome}}, {{gravity}}, {{atmosphere}}, {{climate}}, {{temperatureRange}}, {{sizeScale}}, {{coloration}}, {{materials}}, {{distinctiveFeatures}}, {{lockedTraits}}, {{rarity}}, {{artDirection}}.

Preserve every locked canonical field exactly. The result must use NOVERIS Scientific Realism: premium AAA science-fiction quality, museum-grade reference presentation, scientifically plausible structure, coherent materials, restrained coloration unless canon requires otherwise, readable silhouette, consistent scale and anatomy or growth across all views, soft neutral studio lighting, pure black background for isolated references, full requested subject visibility, generous negative space, and PSD-friendly extraction. Habitat and biome outputs may use the canonical environment. No baked-in text, labels, watermark, logo, border, or UI.

Create four clearly different but canon-compliant versions. Preserve body plan or growth architecture, structural counts, environmental adaptations, materials, defining features, and locked coloration. Vary only permitted secondary proportions, markings, surface detail, minor ornamentation, natural wear, and pose or growth irregularity.

Recommended aspect ratio: 16:9.","text, labels, watermark, signature, logo, border, frame, UI, HUD, cropped subject, duplicate anatomy, contradictory anatomy, impossible balance, unsupported structures, random wings, random horns, humanoid default, fantasy armor, weapons, cartoon, anime, toy-like materials, excessive neon, excessive glow, oversaturated colors, busy background, motion blur, low resolution, compression artifacts, generic Earth copy, unsupported fantasy styling, traits conflicting with locked canon",1.0.0,canonical
NB2-CRE-IV-010-RADIATION-FIELD-ORGANISM-ICON,CRE-IV-010-RADIATION-FIELD-ORGANISM,Radiation-Field Organism,icon,UI Icon,1:1,"Create a canonical NOVERIS Nano Banana 2 visual for Radiation-Field Organism: UI Icon.

Canonical archetype:
A canonical radiation-field organism designed as a scientifically plausible lifeform whose body plan, support system, locomotion, sensing, metabolism, ecology, and environmental adaptations are internally coherent.

Required visual and biological rules:
• functional anatomy
• credible center of mass
• coherent locomotion
• environment-linked materials
• ecologically plausible scale

Production request:
Create isolated silhouette readable at 64 pixels.

Studio-resolved canonical values:
{{canonicalId}}, {{displayName}}, {{scientificName}}, {{originPlanet}}, {{planetType}}, {{biome}}, {{gravity}}, {{atmosphere}}, {{climate}}, {{temperatureRange}}, {{sizeScale}}, {{coloration}}, {{materials}}, {{distinctiveFeatures}}, {{lockedTraits}}, {{rarity}}, {{artDirection}}.

Preserve every locked canonical field exactly. The result must use NOVERIS Scientific Realism: premium AAA science-fiction quality, museum-grade reference presentation, scientifically plausible structure, coherent materials, restrained coloration unless canon requires otherwise, readable silhouette, consistent scale and anatomy or growth across all views, soft neutral studio lighting, pure black background for isolated references, full requested subject visibility, generous negative space, and PSD-friendly extraction. Habitat and biome outputs may use the canonical environment. No baked-in text, labels, watermark, logo, border, or UI.

Create four clearly different but canon-compliant versions. Preserve body plan or growth architecture, structural counts, environmental adaptations, materials, defining features, and locked coloration. Vary only permitted secondary proportions, markings, surface detail, minor ornamentation, natural wear, and pose or growth irregularity.

Recommended aspect ratio: 1:1.","text, labels, watermark, signature, logo, border, frame, UI, HUD, cropped subject, duplicate anatomy, contradictory anatomy, impossible balance, unsupported structures, random wings, random horns, humanoid default, fantasy armor, weapons, cartoon, anime, toy-like materials, excessive neon, excessive glow, oversaturated colors, busy background, motion blur, low resolution, compression artifacts, generic Earth copy, unsupported fantasy styling, traits conflicting with locked canon",1.0.0,canonical
NB2-CRE-IV-010-RADIATION-FIELD-ORGANISM-SCALE,CRE-IV-010-RADIATION-FIELD-ORGANISM,Radiation-Field Organism,scale,Scale Comparison,16:9,"Create a canonical NOVERIS Nano Banana 2 visual for Radiation-Field Organism: Scale Comparison.

Canonical archetype:
A canonical radiation-field organism designed as a scientifically plausible lifeform whose body plan, support system, locomotion, sensing, metabolism, ecology, and environmental adaptations are internally coherent.

Required visual and biological rules:
• functional anatomy
• credible center of mass
• coherent locomotion
• environment-linked materials
• ecologically plausible scale

Production request:
Create side view with adult human silhouette and one-meter bar.

Studio-resolved canonical values:
{{canonicalId}}, {{displayName}}, {{scientificName}}, {{originPlanet}}, {{planetType}}, {{biome}}, {{gravity}}, {{atmosphere}}, {{climate}}, {{temperatureRange}}, {{sizeScale}}, {{coloration}}, {{materials}}, {{distinctiveFeatures}}, {{lockedTraits}}, {{rarity}}, {{artDirection}}.

Preserve every locked canonical field exactly. The result must use NOVERIS Scientific Realism: premium AAA science-fiction quality, museum-grade reference presentation, scientifically plausible structure, coherent materials, restrained coloration unless canon requires otherwise, readable silhouette, consistent scale and anatomy or growth across all views, soft neutral studio lighting, pure black background for isolated references, full requested subject visibility, generous negative space, and PSD-friendly extraction. Habitat and biome outputs may use the canonical environment. No baked-in text, labels, watermark, logo, border, or UI.

Create four clearly different but canon-compliant versions. Preserve body plan or growth architecture, structural counts, environmental adaptations, materials, defining features, and locked coloration. Vary only permitted secondary proportions, markings, surface detail, minor ornamentation, natural wear, and pose or growth irregularity.

Recommended aspect ratio: 16:9.","text, labels, watermark, signature, logo, border, frame, UI, HUD, cropped subject, duplicate anatomy, contradictory anatomy, impossible balance, unsupported structures, random wings, random horns, humanoid default, fantasy armor, weapons, cartoon, anime, toy-like materials, excessive neon, excessive glow, oversaturated colors, busy background, motion blur, low resolution, compression artifacts, generic Earth copy, unsupported fantasy styling, traits conflicting with locked canon",1.0.0,canonical
NB2-CRE-IV-010-RADIATION-FIELD-ORGANISM-SPECIES-PLATE,CRE-IV-010-RADIATION-FIELD-ORGANISM,Radiation-Field Organism,species-plate,Master Species Plate,16:9,"Create a canonical NOVERIS Nano Banana 2 visual for Radiation-Field Organism: Master Species Plate.

Canonical archetype:
A canonical radiation-field organism designed as a scientifically plausible lifeform whose body plan, support system, locomotion, sensing, metabolism, ecology, and environmental adaptations are internally coherent.

Required visual and biological rules:
• functional anatomy
• credible center of mass
• coherent locomotion
• environment-linked materials
• ecologically plausible scale

Production request:
Create full body, portrait, views, support system, lifecycle, variants, materials and habitat vignette.

Studio-resolved canonical values:
{{canonicalId}}, {{displayName}}, {{scientificName}}, {{originPlanet}}, {{planetType}}, {{biome}}, {{gravity}}, {{atmosphere}}, {{climate}}, {{temperatureRange}}, {{sizeScale}}, {{coloration}}, {{materials}}, {{distinctiveFeatures}}, {{lockedTraits}}, {{rarity}}, {{artDirection}}.

Preserve every locked canonical field exactly. The result must use NOVERIS Scientific Realism: premium AAA science-fiction quality, museum-grade reference presentation, scientifically plausible structure, coherent materials, restrained coloration unless canon requires otherwise, readable silhouette, consistent scale and anatomy or growth across all views, soft neutral studio lighting, pure black background for isolated references, full requested subject visibility, generous negative space, and PSD-friendly extraction. Habitat and biome outputs may use the canonical environment. No baked-in text, labels, watermark, logo, border, or UI.

Create four clearly different but canon-compliant versions. Preserve body plan or growth architecture, structural counts, environmental adaptations, materials, defining features, and locked coloration. Vary only permitted secondary proportions, markings, surface detail, minor ornamentation, natural wear, and pose or growth irregularity.

Recommended aspect ratio: 16:9.","text, labels, watermark, signature, logo, border, frame, UI, HUD, cropped subject, duplicate anatomy, contradictory anatomy, impossible balance, unsupported structures, random wings, random horns, humanoid default, fantasy armor, weapons, cartoon, anime, toy-like materials, excessive neon, excessive glow, oversaturated colors, busy background, motion blur, low resolution, compression artifacts, generic Earth copy, unsupported fantasy styling, traits conflicting with locked canon",1.0.0,canonical
NB2-CRE-IV-010-RADIATION-FIELD-ORGANISM-ANIMATION,CRE-IV-010-RADIATION-FIELD-ORGANISM,Radiation-Field Organism,animation,Animation Reference,16:9,"Create a canonical NOVERIS Nano Banana 2 visual for Radiation-Field Organism: Animation Reference.

Canonical archetype:
A canonical radiation-field organism designed as a scientifically plausible lifeform whose body plan, support system, locomotion, sensing, metabolism, ecology, and environmental adaptations are internally coherent.

Required visual and biological rules:
• functional anatomy
• credible center of mass
• coherent locomotion
• environment-linked materials
• ecologically plausible scale

Production request:
Create idle, locomotion, interaction, feeding, defense, rest and death or shutdown.

Studio-resolved canonical values:
{{canonicalId}}, {{displayName}}, {{scientificName}}, {{originPlanet}}, {{planetType}}, {{biome}}, {{gravity}}, {{atmosphere}}, {{climate}}, {{temperatureRange}}, {{sizeScale}}, {{coloration}}, {{materials}}, {{distinctiveFeatures}}, {{lockedTraits}}, {{rarity}}, {{artDirection}}.

Preserve every locked canonical field exactly. The result must use NOVERIS Scientific Realism: premium AAA science-fiction quality, museum-grade reference presentation, scientifically plausible structure, coherent materials, restrained coloration unless canon requires otherwise, readable silhouette, consistent scale and anatomy or growth across all views, soft neutral studio lighting, pure black background for isolated references, full requested subject visibility, generous negative space, and PSD-friendly extraction. Habitat and biome outputs may use the canonical environment. No baked-in text, labels, watermark, logo, border, or UI.

Create four clearly different but canon-compliant versions. Preserve body plan or growth architecture, structural counts, environmental adaptations, materials, defining features, and locked coloration. Vary only permitted secondary proportions, markings, surface detail, minor ornamentation, natural wear, and pose or growth irregularity.

Recommended aspect ratio: 16:9.","text, labels, watermark, signature, logo, border, frame, UI, HUD, cropped subject, duplicate anatomy, contradictory anatomy, impossible balance, unsupported structures, random wings, random horns, humanoid default, fantasy armor, weapons, cartoon, anime, toy-like materials, excessive neon, excessive glow, oversaturated colors, busy background, motion blur, low resolution, compression artifacts, generic Earth copy, unsupported fantasy styling, traits conflicting with locked canon",1.0.0,canonical
NB2-CRE-IV-010-RADIATION-FIELD-ORGANISM-PSD,CRE-IV-010-RADIATION-FIELD-ORGANISM,Radiation-Field Organism,psd,PSD Extraction Board,16:9,"Create a canonical NOVERIS Nano Banana 2 visual for Radiation-Field Organism: PSD Extraction Board.

Canonical archetype:
A canonical radiation-field organism designed as a scientifically plausible lifeform whose body plan, support system, locomotion, sensing, metabolism, ecology, and environmental adaptations are internally coherent.

Required visual and biological rules:
• functional anatomy
• credible center of mass
• coherent locomotion
• environment-linked materials
• ecologically plausible scale

Production request:
Create isolated whole subject, major parts, silhouette and material references.

Studio-resolved canonical values:
{{canonicalId}}, {{displayName}}, {{scientificName}}, {{originPlanet}}, {{planetType}}, {{biome}}, {{gravity}}, {{atmosphere}}, {{climate}}, {{temperatureRange}}, {{sizeScale}}, {{coloration}}, {{materials}}, {{distinctiveFeatures}}, {{lockedTraits}}, {{rarity}}, {{artDirection}}.

Preserve every locked canonical field exactly. The result must use NOVERIS Scientific Realism: premium AAA science-fiction quality, museum-grade reference presentation, scientifically plausible structure, coherent materials, restrained coloration unless canon requires otherwise, readable silhouette, consistent scale and anatomy or growth across all views, soft neutral studio lighting, pure black background for isolated references, full requested subject visibility, generous negative space, and PSD-friendly extraction. Habitat and biome outputs may use the canonical environment. No baked-in text, labels, watermark, logo, border, or UI.

Create four clearly different but canon-compliant versions. Preserve body plan or growth architecture, structural counts, environmental adaptations, materials, defining features, and locked coloration. Vary only permitted secondary proportions, markings, surface detail, minor ornamentation, natural wear, and pose or growth irregularity.

Recommended aspect ratio: 16:9.","text, labels, watermark, signature, logo, border, frame, UI, HUD, cropped subject, duplicate anatomy, contradictory anatomy, impossible balance, unsupported structures, random wings, random horns, humanoid default, fantasy armor, weapons, cartoon, anime, toy-like materials, excessive neon, excessive glow, oversaturated colors, busy background, motion blur, low resolution, compression artifacts, generic Earth copy, unsupported fantasy styling, traits conflicting with locked canon",1.0.0,canonical
