promptId,archetypeId,archetypeName,outputType,outputName,aspectRatio,positivePrompt,negativePrompt,version,status
NB2-CRE-VI-001-PRE-SAPIENT-SPECIES-FULL-BODY,CRE-VI-001-PRE-SAPIENT-SPECIES,Pre-Sapient Species,full-body,Full Body Production Render,3:4,"Create a canonical NOVERIS Nano Banana 2 visual for Pre-Sapient Species: Full Body Production Render.

Canonical archetype:
A canonical pre-sapient species designed as a scientifically plausible lifeform whose body plan, support system, locomotion, sensing, metabolism, ecology, and environmental adaptations are internally coherent.

Required visual and biological rules:
• functional anatomy
• credible center of mass
• coherent locomotion
• environment-linked materials
• ecologically plausible scale

Production request:
Create complete mature specimen, neutral pose, entire body visible.

Studio-resolved canonical values:
{{canonicalId}}, {{displayName}}, {{scientificName}}, {{originPlanet}}, {{planetType}}, {{biome}}, {{gravity}}, {{atmosphere}}, {{climate}}, {{temperatureRange}}, {{sizeScale}}, {{coloration}}, {{materials}}, {{distinctiveFeatures}}, {{lockedTraits}}, {{rarity}}, {{artDirection}}.

Preserve every locked canonical field exactly. The result must use NOVERIS Scientific Realism: premium AAA science-fiction quality, museum-grade reference presentation, scientifically plausible structure, coherent materials, restrained coloration unless canon requires otherwise, readable silhouette, consistent scale and anatomy or growth across all views, soft neutral studio lighting, pure black background for isolated references, full requested subject visibility, generous negative space, and PSD-friendly extraction. Habitat and biome outputs may use the canonical environment. No baked-in text, labels, watermark, logo, border, or UI.

Create four clearly different but canon-compliant versions. Preserve body plan or growth architecture, structural counts, environmental adaptations, materials, defining features, and locked coloration. Vary only permitted secondary proportions, markings, surface detail, minor ornamentation, natural wear, and pose or growth irregularity.

Recommended aspect ratio: 3:4.","text, labels, watermark, signature, logo, border, frame, UI, HUD, cropped subject, duplicate anatomy, contradictory anatomy, impossible balance, unsupported structures, random wings, random horns, humanoid default, fantasy armor, weapons, cartoon, anime, toy-like materials, excessive neon, excessive glow, oversaturated colors, busy background, motion blur, low resolution, compression artifacts, generic Earth copy, unsupported fantasy styling, traits conflicting with locked canon",1.0.0,canonical
NB2-CRE-VI-001-PRE-SAPIENT-SPECIES-PORTRAIT,CRE-VI-001-PRE-SAPIENT-SPECIES,Pre-Sapient Species,portrait,Portrait,1:1,"Create a canonical NOVERIS Nano Banana 2 visual for Pre-Sapient Species: Portrait.

Canonical archetype:
A canonical pre-sapient species designed as a scientifically plausible lifeform whose body plan, support system, locomotion, sensing, metabolism, ecology, and environmental adaptations are internally coherent.

Required visual and biological rules:
• functional anatomy
• credible center of mass
• coherent locomotion
• environment-linked materials
• ecologically plausible scale

Production request:
Create head and upper body emphasizing sensory anatomy and defining materials.

Studio-resolved canonical values:
{{canonicalId}}, {{displayName}}, {{scientificName}}, {{originPlanet}}, {{planetType}}, {{biome}}, {{gravity}}, {{atmosphere}}, {{climate}}, {{temperatureRange}}, {{sizeScale}}, {{coloration}}, {{materials}}, {{distinctiveFeatures}}, {{lockedTraits}}, {{rarity}}, {{artDirection}}.

Preserve every locked canonical field exactly. The result must use NOVERIS Scientific Realism: premium AAA science-fiction quality, museum-grade reference presentation, scientifically plausible structure, coherent materials, restrained coloration unless canon requires otherwise, readable silhouette, consistent scale and anatomy or growth across all views, soft neutral studio lighting, pure black background for isolated references, full requested subject visibility, generous negative space, and PSD-friendly extraction. Habitat and biome outputs may use the canonical environment. No baked-in text, labels, watermark, logo, border, or UI.

Create four clearly different but canon-compliant versions. Preserve body plan or growth architecture, structural counts, environmental adaptations, materials, defining features, and locked coloration. Vary only permitted secondary proportions, markings, surface detail, minor ornamentation, natural wear, and pose or growth irregularity.

Recommended aspect ratio: 1:1.","text, labels, watermark, signature, logo, border, frame, UI, HUD, cropped subject, duplicate anatomy, contradictory anatomy, impossible balance, unsupported structures, random wings, random horns, humanoid default, fantasy armor, weapons, cartoon, anime, toy-like materials, excessive neon, excessive glow, oversaturated colors, busy background, motion blur, low resolution, compression artifacts, generic Earth copy, unsupported fantasy styling, traits conflicting with locked canon",1.0.0,canonical
NB2-CRE-VI-001-PRE-SAPIENT-SPECIES-ORTHO-FRONT,CRE-VI-001-PRE-SAPIENT-SPECIES,Pre-Sapient Species,ortho-front,Orthographic Front,3:4,"Create a canonical NOVERIS Nano Banana 2 visual for Pre-Sapient Species: Orthographic Front.

Canonical archetype:
A canonical pre-sapient species designed as a scientifically plausible lifeform whose body plan, support system, locomotion, sensing, metabolism, ecology, and environmental adaptations are internally coherent.

Required visual and biological rules:
• functional anatomy
• credible center of mass
• coherent locomotion
• environment-linked materials
• ecologically plausible scale

Production request:
Create exact front orthographic view.

Studio-resolved canonical values:
{{canonicalId}}, {{displayName}}, {{scientificName}}, {{originPlanet}}, {{planetType}}, {{biome}}, {{gravity}}, {{atmosphere}}, {{climate}}, {{temperatureRange}}, {{sizeScale}}, {{coloration}}, {{materials}}, {{distinctiveFeatures}}, {{lockedTraits}}, {{rarity}}, {{artDirection}}.

Preserve every locked canonical field exactly. The result must use NOVERIS Scientific Realism: premium AAA science-fiction quality, museum-grade reference presentation, scientifically plausible structure, coherent materials, restrained coloration unless canon requires otherwise, readable silhouette, consistent scale and anatomy or growth across all views, soft neutral studio lighting, pure black background for isolated references, full requested subject visibility, generous negative space, and PSD-friendly extraction. Habitat and biome outputs may use the canonical environment. No baked-in text, labels, watermark, logo, border, or UI.

Create four clearly different but canon-compliant versions. Preserve body plan or growth architecture, structural counts, environmental adaptations, materials, defining features, and locked coloration. Vary only permitted secondary proportions, markings, surface detail, minor ornamentation, natural wear, and pose or growth irregularity.

Recommended aspect ratio: 3:4.","text, labels, watermark, signature, logo, border, frame, UI, HUD, cropped subject, duplicate anatomy, contradictory anatomy, impossible balance, unsupported structures, random wings, random horns, humanoid default, fantasy armor, weapons, cartoon, anime, toy-like materials, excessive neon, excessive glow, oversaturated colors, busy background, motion blur, low resolution, compression artifacts, generic Earth copy, unsupported fantasy styling, traits conflicting with locked canon",1.0.0,canonical
NB2-CRE-VI-001-PRE-SAPIENT-SPECIES-ORTHO-SIDE,CRE-VI-001-PRE-SAPIENT-SPECIES,Pre-Sapient Species,ortho-side,Orthographic Side,3:4,"Create a canonical NOVERIS Nano Banana 2 visual for Pre-Sapient Species: Orthographic Side.

Canonical archetype:
A canonical pre-sapient species designed as a scientifically plausible lifeform whose body plan, support system, locomotion, sensing, metabolism, ecology, and environmental adaptations are internally coherent.

Required visual and biological rules:
• functional anatomy
• credible center of mass
• coherent locomotion
• environment-linked materials
• ecologically plausible scale

Production request:
Create exact side orthographic view.

Studio-resolved canonical values:
{{canonicalId}}, {{displayName}}, {{scientificName}}, {{originPlanet}}, {{planetType}}, {{biome}}, {{gravity}}, {{atmosphere}}, {{climate}}, {{temperatureRange}}, {{sizeScale}}, {{coloration}}, {{materials}}, {{distinctiveFeatures}}, {{lockedTraits}}, {{rarity}}, {{artDirection}}.

Preserve every locked canonical field exactly. The result must use NOVERIS Scientific Realism: premium AAA science-fiction quality, museum-grade reference presentation, scientifically plausible structure, coherent materials, restrained coloration unless canon requires otherwise, readable silhouette, consistent scale and anatomy or growth across all views, soft neutral studio lighting, pure black background for isolated references, full requested subject visibility, generous negative space, and PSD-friendly extraction. Habitat and biome outputs may use the canonical environment. No baked-in text, labels, watermark, logo, border, or UI.

Create four clearly different but canon-compliant versions. Preserve body plan or growth architecture, structural counts, environmental adaptations, materials, defining features, and locked coloration. Vary only permitted secondary proportions, markings, surface detail, minor ornamentation, natural wear, and pose or growth irregularity.

Recommended aspect ratio: 3:4.","text, labels, watermark, signature, logo, border, frame, UI, HUD, cropped subject, duplicate anatomy, contradictory anatomy, impossible balance, unsupported structures, random wings, random horns, humanoid default, fantasy armor, weapons, cartoon, anime, toy-like materials, excessive neon, excessive glow, oversaturated colors, busy background, motion blur, low resolution, compression artifacts, generic Earth copy, unsupported fantasy styling, traits conflicting with locked canon",1.0.0,canonical
NB2-CRE-VI-001-PRE-SAPIENT-SPECIES-ORTHO-REAR,CRE-VI-001-PRE-SAPIENT-SPECIES,Pre-Sapient Species,ortho-rear,Orthographic Rear,3:4,"Create a canonical NOVERIS Nano Banana 2 visual for Pre-Sapient Species: Orthographic Rear.

Canonical archetype:
A canonical pre-sapient species designed as a scientifically plausible lifeform whose body plan, support system, locomotion, sensing, metabolism, ecology, and environmental adaptations are internally coherent.

Required visual and biological rules:
• functional anatomy
• credible center of mass
• coherent locomotion
• environment-linked materials
• ecologically plausible scale

Production request:
Create exact rear orthographic view.

Studio-resolved canonical values:
{{canonicalId}}, {{displayName}}, {{scientificName}}, {{originPlanet}}, {{planetType}}, {{biome}}, {{gravity}}, {{atmosphere}}, {{climate}}, {{temperatureRange}}, {{sizeScale}}, {{coloration}}, {{materials}}, {{distinctiveFeatures}}, {{lockedTraits}}, {{rarity}}, {{artDirection}}.

Preserve every locked canonical field exactly. The result must use NOVERIS Scientific Realism: premium AAA science-fiction quality, museum-grade reference presentation, scientifically plausible structure, coherent materials, restrained coloration unless canon requires otherwise, readable silhouette, consistent scale and anatomy or growth across all views, soft neutral studio lighting, pure black background for isolated references, full requested subject visibility, generous negative space, and PSD-friendly extraction. Habitat and biome outputs may use the canonical environment. No baked-in text, labels, watermark, logo, border, or UI.

Create four clearly different but canon-compliant versions. Preserve body plan or growth architecture, structural counts, environmental adaptations, materials, defining features, and locked coloration. Vary only permitted secondary proportions, markings, surface detail, minor ornamentation, natural wear, and pose or growth irregularity.

Recommended aspect ratio: 3:4.","text, labels, watermark, signature, logo, border, frame, UI, HUD, cropped subject, duplicate anatomy, contradictory anatomy, impossible balance, unsupported structures, random wings, random horns, humanoid default, fantasy armor, weapons, cartoon, anime, toy-like materials, excessive neon, excessive glow, oversaturated colors, busy background, motion blur, low resolution, compression artifacts, generic Earth copy, unsupported fantasy styling, traits conflicting with locked canon",1.0.0,canonical
NB2-CRE-VI-001-PRE-SAPIENT-SPECIES-TURNAROUND,CRE-VI-001-PRE-SAPIENT-SPECIES,Pre-Sapient Species,turnaround,Turnaround Sheet,16:9,"Create a canonical NOVERIS Nano Banana 2 visual for Pre-Sapient Species: Turnaround Sheet.

Canonical archetype:
A canonical pre-sapient species designed as a scientifically plausible lifeform whose body plan, support system, locomotion, sensing, metabolism, ecology, and environmental adaptations are internally coherent.

Required visual and biological rules:
• functional anatomy
• credible center of mass
• coherent locomotion
• environment-linked materials
• ecologically plausible scale

Production request:
Create front, side, rear, top and underside at identical scale.

Studio-resolved canonical values:
{{canonicalId}}, {{displayName}}, {{scientificName}}, {{originPlanet}}, {{planetType}}, {{biome}}, {{gravity}}, {{atmosphere}}, {{climate}}, {{temperatureRange}}, {{sizeScale}}, {{coloration}}, {{materials}}, {{distinctiveFeatures}}, {{lockedTraits}}, {{rarity}}, {{artDirection}}.

Preserve every locked canonical field exactly. The result must use NOVERIS Scientific Realism: premium AAA science-fiction quality, museum-grade reference presentation, scientifically plausible structure, coherent materials, restrained coloration unless canon requires otherwise, readable silhouette, consistent scale and anatomy or growth across all views, soft neutral studio lighting, pure black background for isolated references, full requested subject visibility, generous negative space, and PSD-friendly extraction. Habitat and biome outputs may use the canonical environment. No baked-in text, labels, watermark, logo, border, or UI.

Create four clearly different but canon-compliant versions. Preserve body plan or growth architecture, structural counts, environmental adaptations, materials, defining features, and locked coloration. Vary only permitted secondary proportions, markings, surface detail, minor ornamentation, natural wear, and pose or growth irregularity.

Recommended aspect ratio: 16:9.","text, labels, watermark, signature, logo, border, frame, UI, HUD, cropped subject, duplicate anatomy, contradictory anatomy, impossible balance, unsupported structures, random wings, random horns, humanoid default, fantasy armor, weapons, cartoon, anime, toy-like materials, excessive neon, excessive glow, oversaturated colors, busy background, motion blur, low resolution, compression artifacts, generic Earth copy, unsupported fantasy styling, traits conflicting with locked canon",1.0.0,canonical
NB2-CRE-VI-001-PRE-SAPIENT-SPECIES-SUPPORT,CRE-VI-001-PRE-SAPIENT-SPECIES,Pre-Sapient Species,support,Skeleton or Support Structure,16:9,"Create a canonical NOVERIS Nano Banana 2 visual for Pre-Sapient Species: Skeleton or Support Structure.

Canonical archetype:
A canonical pre-sapient species designed as a scientifically plausible lifeform whose body plan, support system, locomotion, sensing, metabolism, ecology, and environmental adaptations are internally coherent.

Required visual and biological rules:
• functional anatomy
• credible center of mass
• coherent locomotion
• environment-linked materials
• ecologically plausible scale

Production request:
Create complete mechanical support system and joint logic.

Studio-resolved canonical values:
{{canonicalId}}, {{displayName}}, {{scientificName}}, {{originPlanet}}, {{planetType}}, {{biome}}, {{gravity}}, {{atmosphere}}, {{climate}}, {{temperatureRange}}, {{sizeScale}}, {{coloration}}, {{materials}}, {{distinctiveFeatures}}, {{lockedTraits}}, {{rarity}}, {{artDirection}}.

Preserve every locked canonical field exactly. The result must use NOVERIS Scientific Realism: premium AAA science-fiction quality, museum-grade reference presentation, scientifically plausible structure, coherent materials, restrained coloration unless canon requires otherwise, readable silhouette, consistent scale and anatomy or growth across all views, soft neutral studio lighting, pure black background for isolated references, full requested subject visibility, generous negative space, and PSD-friendly extraction. Habitat and biome outputs may use the canonical environment. No baked-in text, labels, watermark, logo, border, or UI.

Create four clearly different but canon-compliant versions. Preserve body plan or growth architecture, structural counts, environmental adaptations, materials, defining features, and locked coloration. Vary only permitted secondary proportions, markings, surface detail, minor ornamentation, natural wear, and pose or growth irregularity.

Recommended aspect ratio: 16:9.","text, labels, watermark, signature, logo, border, frame, UI, HUD, cropped subject, duplicate anatomy, contradictory anatomy, impossible balance, unsupported structures, random wings, random horns, humanoid default, fantasy armor, weapons, cartoon, anime, toy-like materials, excessive neon, excessive glow, oversaturated colors, busy background, motion blur, low resolution, compression artifacts, generic Earth copy, unsupported fantasy styling, traits conflicting with locked canon",1.0.0,canonical
NB2-CRE-VI-001-PRE-SAPIENT-SPECIES-ANATOMY,CRE-VI-001-PRE-SAPIENT-SPECIES,Pre-Sapient Species,anatomy,Internal Anatomy,16:9,"Create a canonical NOVERIS Nano Banana 2 visual for Pre-Sapient Species: Internal Anatomy.

Canonical archetype:
A canonical pre-sapient species designed as a scientifically plausible lifeform whose body plan, support system, locomotion, sensing, metabolism, ecology, and environmental adaptations are internally coherent.

Required visual and biological rules:
• functional anatomy
• credible center of mass
• coherent locomotion
• environment-linked materials
• ecologically plausible scale

Production request:
Create major respiratory, circulatory, digestive, sensory and reproductive systems.

Studio-resolved canonical values:
{{canonicalId}}, {{displayName}}, {{scientificName}}, {{originPlanet}}, {{planetType}}, {{biome}}, {{gravity}}, {{atmosphere}}, {{climate}}, {{temperatureRange}}, {{sizeScale}}, {{coloration}}, {{materials}}, {{distinctiveFeatures}}, {{lockedTraits}}, {{rarity}}, {{artDirection}}.

Preserve every locked canonical field exactly. The result must use NOVERIS Scientific Realism: premium AAA science-fiction quality, museum-grade reference presentation, scientifically plausible structure, coherent materials, restrained coloration unless canon requires otherwise, readable silhouette, consistent scale and anatomy or growth across all views, soft neutral studio lighting, pure black background for isolated references, full requested subject visibility, generous negative space, and PSD-friendly extraction. Habitat and biome outputs may use the canonical environment. No baked-in text, labels, watermark, logo, border, or UI.

Create four clearly different but canon-compliant versions. Preserve body plan or growth architecture, structural counts, environmental adaptations, materials, defining features, and locked coloration. Vary only permitted secondary proportions, markings, surface detail, minor ornamentation, natural wear, and pose or growth irregularity.

Recommended aspect ratio: 16:9.","text, labels, watermark, signature, logo, border, frame, UI, HUD, cropped subject, duplicate anatomy, contradictory anatomy, impossible balance, unsupported structures, random wings, random horns, humanoid default, fantasy armor, weapons, cartoon, anime, toy-like materials, excessive neon, excessive glow, oversaturated colors, busy background, motion blur, low resolution, compression artifacts, generic Earth copy, unsupported fantasy styling, traits conflicting with locked canon",1.0.0,canonical
NB2-CRE-VI-001-PRE-SAPIENT-SPECIES-LIFECYCLE,CRE-VI-001-PRE-SAPIENT-SPECIES,Pre-Sapient Species,lifecycle,Lifecycle Sheet,16:9,"Create a canonical NOVERIS Nano Banana 2 visual for Pre-Sapient Species: Lifecycle Sheet.

Canonical archetype:
A canonical pre-sapient species designed as a scientifically plausible lifeform whose body plan, support system, locomotion, sensing, metabolism, ecology, and environmental adaptations are internally coherent.

Required visual and biological rules:
• functional anatomy
• credible center of mass
• coherent locomotion
• environment-linked materials
• ecologically plausible scale

Production request:
Create reproductive form, juvenile, adult and elder stages.

Studio-resolved canonical values:
{{canonicalId}}, {{displayName}}, {{scientificName}}, {{originPlanet}}, {{planetType}}, {{biome}}, {{gravity}}, {{atmosphere}}, {{climate}}, {{temperatureRange}}, {{sizeScale}}, {{coloration}}, {{materials}}, {{distinctiveFeatures}}, {{lockedTraits}}, {{rarity}}, {{artDirection}}.

Preserve every locked canonical field exactly. The result must use NOVERIS Scientific Realism: premium AAA science-fiction quality, museum-grade reference presentation, scientifically plausible structure, coherent materials, restrained coloration unless canon requires otherwise, readable silhouette, consistent scale and anatomy or growth across all views, soft neutral studio lighting, pure black background for isolated references, full requested subject visibility, generous negative space, and PSD-friendly extraction. Habitat and biome outputs may use the canonical environment. No baked-in text, labels, watermark, logo, border, or UI.

Create four clearly different but canon-compliant versions. Preserve body plan or growth architecture, structural counts, environmental adaptations, materials, defining features, and locked coloration. Vary only permitted secondary proportions, markings, surface detail, minor ornamentation, natural wear, and pose or growth irregularity.

Recommended aspect ratio: 16:9.","text, labels, watermark, signature, logo, border, frame, UI, HUD, cropped subject, duplicate anatomy, contradictory anatomy, impossible balance, unsupported structures, random wings, random horns, humanoid default, fantasy armor, weapons, cartoon, anime, toy-like materials, excessive neon, excessive glow, oversaturated colors, busy background, motion blur, low resolution, compression artifacts, generic Earth copy, unsupported fantasy styling, traits conflicting with locked canon",1.0.0,canonical
NB2-CRE-VI-001-PRE-SAPIENT-SPECIES-VARIANTS,CRE-VI-001-PRE-SAPIENT-SPECIES,Pre-Sapient Species,variants,Canonical Variants,16:9,"Create a canonical NOVERIS Nano Banana 2 visual for Pre-Sapient Species: Canonical Variants.

Canonical archetype:
A canonical pre-sapient species designed as a scientifically plausible lifeform whose body plan, support system, locomotion, sensing, metabolism, ecology, and environmental adaptations are internally coherent.

Required visual and biological rules:
• functional anatomy
• credible center of mass
• coherent locomotion
• environment-linked materials
• ecologically plausible scale

Production request:
Create regional, seasonal, sex, caste, morph or engineered variants.

Studio-resolved canonical values:
{{canonicalId}}, {{displayName}}, {{scientificName}}, {{originPlanet}}, {{planetType}}, {{biome}}, {{gravity}}, {{atmosphere}}, {{climate}}, {{temperatureRange}}, {{sizeScale}}, {{coloration}}, {{materials}}, {{distinctiveFeatures}}, {{lockedTraits}}, {{rarity}}, {{artDirection}}.

Preserve every locked canonical field exactly. The result must use NOVERIS Scientific Realism: premium AAA science-fiction quality, museum-grade reference presentation, scientifically plausible structure, coherent materials, restrained coloration unless canon requires otherwise, readable silhouette, consistent scale and anatomy or growth across all views, soft neutral studio lighting, pure black background for isolated references, full requested subject visibility, generous negative space, and PSD-friendly extraction. Habitat and biome outputs may use the canonical environment. No baked-in text, labels, watermark, logo, border, or UI.

Create four clearly different but canon-compliant versions. Preserve body plan or growth architecture, structural counts, environmental adaptations, materials, defining features, and locked coloration. Vary only permitted secondary proportions, markings, surface detail, minor ornamentation, natural wear, and pose or growth irregularity.

Recommended aspect ratio: 16:9.","text, labels, watermark, signature, logo, border, frame, UI, HUD, cropped subject, duplicate anatomy, contradictory anatomy, impossible balance, unsupported structures, random wings, random horns, humanoid default, fantasy armor, weapons, cartoon, anime, toy-like materials, excessive neon, excessive glow, oversaturated colors, busy background, motion blur, low resolution, compression artifacts, generic Earth copy, unsupported fantasy styling, traits conflicting with locked canon",1.0.0,canonical
NB2-CRE-VI-001-PRE-SAPIENT-SPECIES-BEHAVIOR,CRE-VI-001-PRE-SAPIENT-SPECIES,Pre-Sapient Species,behavior,Behavior Sheet,16:9,"Create a canonical NOVERIS Nano Banana 2 visual for Pre-Sapient Species: Behavior Sheet.

Canonical archetype:
A canonical pre-sapient species designed as a scientifically plausible lifeform whose body plan, support system, locomotion, sensing, metabolism, ecology, and environmental adaptations are internally coherent.

Required visual and biological rules:
• functional anatomy
• credible center of mass
• coherent locomotion
• environment-linked materials
• ecologically plausible scale

Production request:
Create idle, feeding, locomotion, social, defense and rest.

Studio-resolved canonical values:
{{canonicalId}}, {{displayName}}, {{scientificName}}, {{originPlanet}}, {{planetType}}, {{biome}}, {{gravity}}, {{atmosphere}}, {{climate}}, {{temperatureRange}}, {{sizeScale}}, {{coloration}}, {{materials}}, {{distinctiveFeatures}}, {{lockedTraits}}, {{rarity}}, {{artDirection}}.

Preserve every locked canonical field exactly. The result must use NOVERIS Scientific Realism: premium AAA science-fiction quality, museum-grade reference presentation, scientifically plausible structure, coherent materials, restrained coloration unless canon requires otherwise, readable silhouette, consistent scale and anatomy or growth across all views, soft neutral studio lighting, pure black background for isolated references, full requested subject visibility, generous negative space, and PSD-friendly extraction. Habitat and biome outputs may use the canonical environment. No baked-in text, labels, watermark, logo, border, or UI.

Create four clearly different but canon-compliant versions. Preserve body plan or growth architecture, structural counts, environmental adaptations, materials, defining features, and locked coloration. Vary only permitted secondary proportions, markings, surface detail, minor ornamentation, natural wear, and pose or growth irregularity.

Recommended aspect ratio: 16:9.","text, labels, watermark, signature, logo, border, frame, UI, HUD, cropped subject, duplicate anatomy, contradictory anatomy, impossible balance, unsupported structures, random wings, random horns, humanoid default, fantasy armor, weapons, cartoon, anime, toy-like materials, excessive neon, excessive glow, oversaturated colors, busy background, motion blur, low resolution, compression artifacts, generic Earth copy, unsupported fantasy styling, traits conflicting with locked canon",1.0.0,canonical
NB2-CRE-VI-001-PRE-SAPIENT-SPECIES-HABITAT,CRE-VI-001-PRE-SAPIENT-SPECIES,Pre-Sapient Species,habitat,Native Habitat Scene,16:9,"Create a canonical NOVERIS Nano Banana 2 visual for Pre-Sapient Species: Native Habitat Scene.

Canonical archetype:
A canonical pre-sapient species designed as a scientifically plausible lifeform whose body plan, support system, locomotion, sensing, metabolism, ecology, and environmental adaptations are internally coherent.

Required visual and biological rules:
• functional anatomy
• credible center of mass
• coherent locomotion
• environment-linked materials
• ecologically plausible scale

Production request:
Create natural behavior in canonical planet and biome.

Studio-resolved canonical values:
{{canonicalId}}, {{displayName}}, {{scientificName}}, {{originPlanet}}, {{planetType}}, {{biome}}, {{gravity}}, {{atmosphere}}, {{climate}}, {{temperatureRange}}, {{sizeScale}}, {{coloration}}, {{materials}}, {{distinctiveFeatures}}, {{lockedTraits}}, {{rarity}}, {{artDirection}}.

Preserve every locked canonical field exactly. The result must use NOVERIS Scientific Realism: premium AAA science-fiction quality, museum-grade reference presentation, scientifically plausible structure, coherent materials, restrained coloration unless canon requires otherwise, readable silhouette, consistent scale and anatomy or growth across all views, soft neutral studio lighting, pure black background for isolated references, full requested subject visibility, generous negative space, and PSD-friendly extraction. Habitat and biome outputs may use the canonical environment. No baked-in text, labels, watermark, logo, border, or UI.

Create four clearly different but canon-compliant versions. Preserve body plan or growth architecture, structural counts, environmental adaptations, materials, defining features, and locked coloration. Vary only permitted secondary proportions, markings, surface detail, minor ornamentation, natural wear, and pose or growth irregularity.

Recommended aspect ratio: 16:9.","text, labels, watermark, signature, logo, border, frame, UI, HUD, cropped subject, duplicate anatomy, contradictory anatomy, impossible balance, unsupported structures, random wings, random horns, humanoid default, fantasy armor, weapons, cartoon, anime, toy-like materials, excessive neon, excessive glow, oversaturated colors, busy background, motion blur, low resolution, compression artifacts, generic Earth copy, unsupported fantasy styling, traits conflicting with locked canon",1.0.0,canonical
NB2-CRE-VI-001-PRE-SAPIENT-SPECIES-DISCOVERY,CRE-VI-001-PRE-SAPIENT-SPECIES,Pre-Sapient Species,discovery,Discovery Scan,16:9,"Create a canonical NOVERIS Nano Banana 2 visual for Pre-Sapient Species: Discovery Scan.

Canonical archetype:
A canonical pre-sapient species designed as a scientifically plausible lifeform whose body plan, support system, locomotion, sensing, metabolism, ecology, and environmental adaptations are internally coherent.

Required visual and biological rules:
• functional anatomy
• credible center of mass
• coherent locomotion
• environment-linked materials
• ecologically plausible scale

Production request:
Create centered scientific scan source without labels.

Studio-resolved canonical values:
{{canonicalId}}, {{displayName}}, {{scientificName}}, {{originPlanet}}, {{planetType}}, {{biome}}, {{gravity}}, {{atmosphere}}, {{climate}}, {{temperatureRange}}, {{sizeScale}}, {{coloration}}, {{materials}}, {{distinctiveFeatures}}, {{lockedTraits}}, {{rarity}}, {{artDirection}}.

Preserve every locked canonical field exactly. The result must use NOVERIS Scientific Realism: premium AAA science-fiction quality, museum-grade reference presentation, scientifically plausible structure, coherent materials, restrained coloration unless canon requires otherwise, readable silhouette, consistent scale and anatomy or growth across all views, soft neutral studio lighting, pure black background for isolated references, full requested subject visibility, generous negative space, and PSD-friendly extraction. Habitat and biome outputs may use the canonical environment. No baked-in text, labels, watermark, logo, border, or UI.

Create four clearly different but canon-compliant versions. Preserve body plan or growth architecture, structural counts, environmental adaptations, materials, defining features, and locked coloration. Vary only permitted secondary proportions, markings, surface detail, minor ornamentation, natural wear, and pose or growth irregularity.

Recommended aspect ratio: 16:9.","text, labels, watermark, signature, logo, border, frame, UI, HUD, cropped subject, duplicate anatomy, contradictory anatomy, impossible balance, unsupported structures, random wings, random horns, humanoid default, fantasy armor, weapons, cartoon, anime, toy-like materials, excessive neon, excessive glow, oversaturated colors, busy background, motion blur, low resolution, compression artifacts, generic Earth copy, unsupported fantasy styling, traits conflicting with locked canon",1.0.0,canonical
NB2-CRE-VI-001-PRE-SAPIENT-SPECIES-ICON,CRE-VI-001-PRE-SAPIENT-SPECIES,Pre-Sapient Species,icon,UI Icon,1:1,"Create a canonical NOVERIS Nano Banana 2 visual for Pre-Sapient Species: UI Icon.

Canonical archetype:
A canonical pre-sapient species designed as a scientifically plausible lifeform whose body plan, support system, locomotion, sensing, metabolism, ecology, and environmental adaptations are internally coherent.

Required visual and biological rules:
• functional anatomy
• credible center of mass
• coherent locomotion
• environment-linked materials
• ecologically plausible scale

Production request:
Create isolated silhouette readable at 64 pixels.

Studio-resolved canonical values:
{{canonicalId}}, {{displayName}}, {{scientificName}}, {{originPlanet}}, {{planetType}}, {{biome}}, {{gravity}}, {{atmosphere}}, {{climate}}, {{temperatureRange}}, {{sizeScale}}, {{coloration}}, {{materials}}, {{distinctiveFeatures}}, {{lockedTraits}}, {{rarity}}, {{artDirection}}.

Preserve every locked canonical field exactly. The result must use NOVERIS Scientific Realism: premium AAA science-fiction quality, museum-grade reference presentation, scientifically plausible structure, coherent materials, restrained coloration unless canon requires otherwise, readable silhouette, consistent scale and anatomy or growth across all views, soft neutral studio lighting, pure black background for isolated references, full requested subject visibility, generous negative space, and PSD-friendly extraction. Habitat and biome outputs may use the canonical environment. No baked-in text, labels, watermark, logo, border, or UI.

Create four clearly different but canon-compliant versions. Preserve body plan or growth architecture, structural counts, environmental adaptations, materials, defining features, and locked coloration. Vary only permitted secondary proportions, markings, surface detail, minor ornamentation, natural wear, and pose or growth irregularity.

Recommended aspect ratio: 1:1.","text, labels, watermark, signature, logo, border, frame, UI, HUD, cropped subject, duplicate anatomy, contradictory anatomy, impossible balance, unsupported structures, random wings, random horns, humanoid default, fantasy armor, weapons, cartoon, anime, toy-like materials, excessive neon, excessive glow, oversaturated colors, busy background, motion blur, low resolution, compression artifacts, generic Earth copy, unsupported fantasy styling, traits conflicting with locked canon",1.0.0,canonical
NB2-CRE-VI-001-PRE-SAPIENT-SPECIES-SCALE,CRE-VI-001-PRE-SAPIENT-SPECIES,Pre-Sapient Species,scale,Scale Comparison,16:9,"Create a canonical NOVERIS Nano Banana 2 visual for Pre-Sapient Species: Scale Comparison.

Canonical archetype:
A canonical pre-sapient species designed as a scientifically plausible lifeform whose body plan, support system, locomotion, sensing, metabolism, ecology, and environmental adaptations are internally coherent.

Required visual and biological rules:
• functional anatomy
• credible center of mass
• coherent locomotion
• environment-linked materials
• ecologically plausible scale

Production request:
Create side view with adult human silhouette and one-meter bar.

Studio-resolved canonical values:
{{canonicalId}}, {{displayName}}, {{scientificName}}, {{originPlanet}}, {{planetType}}, {{biome}}, {{gravity}}, {{atmosphere}}, {{climate}}, {{temperatureRange}}, {{sizeScale}}, {{coloration}}, {{materials}}, {{distinctiveFeatures}}, {{lockedTraits}}, {{rarity}}, {{artDirection}}.

Preserve every locked canonical field exactly. The result must use NOVERIS Scientific Realism: premium AAA science-fiction quality, museum-grade reference presentation, scientifically plausible structure, coherent materials, restrained coloration unless canon requires otherwise, readable silhouette, consistent scale and anatomy or growth across all views, soft neutral studio lighting, pure black background for isolated references, full requested subject visibility, generous negative space, and PSD-friendly extraction. Habitat and biome outputs may use the canonical environment. No baked-in text, labels, watermark, logo, border, or UI.

Create four clearly different but canon-compliant versions. Preserve body plan or growth architecture, structural counts, environmental adaptations, materials, defining features, and locked coloration. Vary only permitted secondary proportions, markings, surface detail, minor ornamentation, natural wear, and pose or growth irregularity.

Recommended aspect ratio: 16:9.","text, labels, watermark, signature, logo, border, frame, UI, HUD, cropped subject, duplicate anatomy, contradictory anatomy, impossible balance, unsupported structures, random wings, random horns, humanoid default, fantasy armor, weapons, cartoon, anime, toy-like materials, excessive neon, excessive glow, oversaturated colors, busy background, motion blur, low resolution, compression artifacts, generic Earth copy, unsupported fantasy styling, traits conflicting with locked canon",1.0.0,canonical
NB2-CRE-VI-001-PRE-SAPIENT-SPECIES-SPECIES-PLATE,CRE-VI-001-PRE-SAPIENT-SPECIES,Pre-Sapient Species,species-plate,Master Species Plate,16:9,"Create a canonical NOVERIS Nano Banana 2 visual for Pre-Sapient Species: Master Species Plate.

Canonical archetype:
A canonical pre-sapient species designed as a scientifically plausible lifeform whose body plan, support system, locomotion, sensing, metabolism, ecology, and environmental adaptations are internally coherent.

Required visual and biological rules:
• functional anatomy
• credible center of mass
• coherent locomotion
• environment-linked materials
• ecologically plausible scale

Production request:
Create full body, portrait, views, support system, lifecycle, variants, materials and habitat vignette.

Studio-resolved canonical values:
{{canonicalId}}, {{displayName}}, {{scientificName}}, {{originPlanet}}, {{planetType}}, {{biome}}, {{gravity}}, {{atmosphere}}, {{climate}}, {{temperatureRange}}, {{sizeScale}}, {{coloration}}, {{materials}}, {{distinctiveFeatures}}, {{lockedTraits}}, {{rarity}}, {{artDirection}}.

Preserve every locked canonical field exactly. The result must use NOVERIS Scientific Realism: premium AAA science-fiction quality, museum-grade reference presentation, scientifically plausible structure, coherent materials, restrained coloration unless canon requires otherwise, readable silhouette, consistent scale and anatomy or growth across all views, soft neutral studio lighting, pure black background for isolated references, full requested subject visibility, generous negative space, and PSD-friendly extraction. Habitat and biome outputs may use the canonical environment. No baked-in text, labels, watermark, logo, border, or UI.

Create four clearly different but canon-compliant versions. Preserve body plan or growth architecture, structural counts, environmental adaptations, materials, defining features, and locked coloration. Vary only permitted secondary proportions, markings, surface detail, minor ornamentation, natural wear, and pose or growth irregularity.

Recommended aspect ratio: 16:9.","text, labels, watermark, signature, logo, border, frame, UI, HUD, cropped subject, duplicate anatomy, contradictory anatomy, impossible balance, unsupported structures, random wings, random horns, humanoid default, fantasy armor, weapons, cartoon, anime, toy-like materials, excessive neon, excessive glow, oversaturated colors, busy background, motion blur, low resolution, compression artifacts, generic Earth copy, unsupported fantasy styling, traits conflicting with locked canon",1.0.0,canonical
NB2-CRE-VI-001-PRE-SAPIENT-SPECIES-ANIMATION,CRE-VI-001-PRE-SAPIENT-SPECIES,Pre-Sapient Species,animation,Animation Reference,16:9,"Create a canonical NOVERIS Nano Banana 2 visual for Pre-Sapient Species: Animation Reference.

Canonical archetype:
A canonical pre-sapient species designed as a scientifically plausible lifeform whose body plan, support system, locomotion, sensing, metabolism, ecology, and environmental adaptations are internally coherent.

Required visual and biological rules:
• functional anatomy
• credible center of mass
• coherent locomotion
• environment-linked materials
• ecologically plausible scale

Production request:
Create idle, locomotion, interaction, feeding, defense, rest and death or shutdown.

Studio-resolved canonical values:
{{canonicalId}}, {{displayName}}, {{scientificName}}, {{originPlanet}}, {{planetType}}, {{biome}}, {{gravity}}, {{atmosphere}}, {{climate}}, {{temperatureRange}}, {{sizeScale}}, {{coloration}}, {{materials}}, {{distinctiveFeatures}}, {{lockedTraits}}, {{rarity}}, {{artDirection}}.

Preserve every locked canonical field exactly. The result must use NOVERIS Scientific Realism: premium AAA science-fiction quality, museum-grade reference presentation, scientifically plausible structure, coherent materials, restrained coloration unless canon requires otherwise, readable silhouette, consistent scale and anatomy or growth across all views, soft neutral studio lighting, pure black background for isolated references, full requested subject visibility, generous negative space, and PSD-friendly extraction. Habitat and biome outputs may use the canonical environment. No baked-in text, labels, watermark, logo, border, or UI.

Create four clearly different but canon-compliant versions. Preserve body plan or growth architecture, structural counts, environmental adaptations, materials, defining features, and locked coloration. Vary only permitted secondary proportions, markings, surface detail, minor ornamentation, natural wear, and pose or growth irregularity.

Recommended aspect ratio: 16:9.","text, labels, watermark, signature, logo, border, frame, UI, HUD, cropped subject, duplicate anatomy, contradictory anatomy, impossible balance, unsupported structures, random wings, random horns, humanoid default, fantasy armor, weapons, cartoon, anime, toy-like materials, excessive neon, excessive glow, oversaturated colors, busy background, motion blur, low resolution, compression artifacts, generic Earth copy, unsupported fantasy styling, traits conflicting with locked canon",1.0.0,canonical
NB2-CRE-VI-001-PRE-SAPIENT-SPECIES-PSD,CRE-VI-001-PRE-SAPIENT-SPECIES,Pre-Sapient Species,psd,PSD Extraction Board,16:9,"Create a canonical NOVERIS Nano Banana 2 visual for Pre-Sapient Species: PSD Extraction Board.

Canonical archetype:
A canonical pre-sapient species designed as a scientifically plausible lifeform whose body plan, support system, locomotion, sensing, metabolism, ecology, and environmental adaptations are internally coherent.

Required visual and biological rules:
• functional anatomy
• credible center of mass
• coherent locomotion
• environment-linked materials
• ecologically plausible scale

Production request:
Create isolated whole subject, major parts, silhouette and material references.

Studio-resolved canonical values:
{{canonicalId}}, {{displayName}}, {{scientificName}}, {{originPlanet}}, {{planetType}}, {{biome}}, {{gravity}}, {{atmosphere}}, {{climate}}, {{temperatureRange}}, {{sizeScale}}, {{coloration}}, {{materials}}, {{distinctiveFeatures}}, {{lockedTraits}}, {{rarity}}, {{artDirection}}.

Preserve every locked canonical field exactly. The result must use NOVERIS Scientific Realism: premium AAA science-fiction quality, museum-grade reference presentation, scientifically plausible structure, coherent materials, restrained coloration unless canon requires otherwise, readable silhouette, consistent scale and anatomy or growth across all views, soft neutral studio lighting, pure black background for isolated references, full requested subject visibility, generous negative space, and PSD-friendly extraction. Habitat and biome outputs may use the canonical environment. No baked-in text, labels, watermark, logo, border, or UI.

Create four clearly different but canon-compliant versions. Preserve body plan or growth architecture, structural counts, environmental adaptations, materials, defining features, and locked coloration. Vary only permitted secondary proportions, markings, surface detail, minor ornamentation, natural wear, and pose or growth irregularity.

Recommended aspect ratio: 16:9.","text, labels, watermark, signature, logo, border, frame, UI, HUD, cropped subject, duplicate anatomy, contradictory anatomy, impossible balance, unsupported structures, random wings, random horns, humanoid default, fantasy armor, weapons, cartoon, anime, toy-like materials, excessive neon, excessive glow, oversaturated colors, busy background, motion blur, low resolution, compression artifacts, generic Earth copy, unsupported fantasy styling, traits conflicting with locked canon",1.0.0,canonical
NB2-CRE-VI-002-SAPIENT-SPECIES-FULL-BODY,CRE-VI-002-SAPIENT-SPECIES,Sapient Species,full-body,Full Body Production Render,3:4,"Create a canonical NOVERIS Nano Banana 2 visual for Sapient Species: Full Body Production Render.

Canonical archetype:
A canonical sapient species designed as a scientifically plausible lifeform whose body plan, support system, locomotion, sensing, metabolism, ecology, and environmental adaptations are internally coherent.

Required visual and biological rules:
• functional anatomy
• credible center of mass
• coherent locomotion
• environment-linked materials
• ecologically plausible scale

Production request:
Create complete mature specimen, neutral pose, entire body visible.

Studio-resolved canonical values:
{{canonicalId}}, {{displayName}}, {{scientificName}}, {{originPlanet}}, {{planetType}}, {{biome}}, {{gravity}}, {{atmosphere}}, {{climate}}, {{temperatureRange}}, {{sizeScale}}, {{coloration}}, {{materials}}, {{distinctiveFeatures}}, {{lockedTraits}}, {{rarity}}, {{artDirection}}.

Preserve every locked canonical field exactly. The result must use NOVERIS Scientific Realism: premium AAA science-fiction quality, museum-grade reference presentation, scientifically plausible structure, coherent materials, restrained coloration unless canon requires otherwise, readable silhouette, consistent scale and anatomy or growth across all views, soft neutral studio lighting, pure black background for isolated references, full requested subject visibility, generous negative space, and PSD-friendly extraction. Habitat and biome outputs may use the canonical environment. No baked-in text, labels, watermark, logo, border, or UI.

Create four clearly different but canon-compliant versions. Preserve body plan or growth architecture, structural counts, environmental adaptations, materials, defining features, and locked coloration. Vary only permitted secondary proportions, markings, surface detail, minor ornamentation, natural wear, and pose or growth irregularity.

Recommended aspect ratio: 3:4.","text, labels, watermark, signature, logo, border, frame, UI, HUD, cropped subject, duplicate anatomy, contradictory anatomy, impossible balance, unsupported structures, random wings, random horns, humanoid default, fantasy armor, weapons, cartoon, anime, toy-like materials, excessive neon, excessive glow, oversaturated colors, busy background, motion blur, low resolution, compression artifacts, generic Earth copy, unsupported fantasy styling, traits conflicting with locked canon",1.0.0,canonical
NB2-CRE-VI-002-SAPIENT-SPECIES-PORTRAIT,CRE-VI-002-SAPIENT-SPECIES,Sapient Species,portrait,Portrait,1:1,"Create a canonical NOVERIS Nano Banana 2 visual for Sapient Species: Portrait.

Canonical archetype:
A canonical sapient species designed as a scientifically plausible lifeform whose body plan, support system, locomotion, sensing, metabolism, ecology, and environmental adaptations are internally coherent.

Required visual and biological rules:
• functional anatomy
• credible center of mass
• coherent locomotion
• environment-linked materials
• ecologically plausible scale

Production request:
Create head and upper body emphasizing sensory anatomy and defining materials.

Studio-resolved canonical values:
{{canonicalId}}, {{displayName}}, {{scientificName}}, {{originPlanet}}, {{planetType}}, {{biome}}, {{gravity}}, {{atmosphere}}, {{climate}}, {{temperatureRange}}, {{sizeScale}}, {{coloration}}, {{materials}}, {{distinctiveFeatures}}, {{lockedTraits}}, {{rarity}}, {{artDirection}}.

Preserve every locked canonical field exactly. The result must use NOVERIS Scientific Realism: premium AAA science-fiction quality, museum-grade reference presentation, scientifically plausible structure, coherent materials, restrained coloration unless canon requires otherwise, readable silhouette, consistent scale and anatomy or growth across all views, soft neutral studio lighting, pure black background for isolated references, full requested subject visibility, generous negative space, and PSD-friendly extraction. Habitat and biome outputs may use the canonical environment. No baked-in text, labels, watermark, logo, border, or UI.

Create four clearly different but canon-compliant versions. Preserve body plan or growth architecture, structural counts, environmental adaptations, materials, defining features, and locked coloration. Vary only permitted secondary proportions, markings, surface detail, minor ornamentation, natural wear, and pose or growth irregularity.

Recommended aspect ratio: 1:1.","text, labels, watermark, signature, logo, border, frame, UI, HUD, cropped subject, duplicate anatomy, contradictory anatomy, impossible balance, unsupported structures, random wings, random horns, humanoid default, fantasy armor, weapons, cartoon, anime, toy-like materials, excessive neon, excessive glow, oversaturated colors, busy background, motion blur, low resolution, compression artifacts, generic Earth copy, unsupported fantasy styling, traits conflicting with locked canon",1.0.0,canonical
NB2-CRE-VI-002-SAPIENT-SPECIES-ORTHO-FRONT,CRE-VI-002-SAPIENT-SPECIES,Sapient Species,ortho-front,Orthographic Front,3:4,"Create a canonical NOVERIS Nano Banana 2 visual for Sapient Species: Orthographic Front.

Canonical archetype:
A canonical sapient species designed as a scientifically plausible lifeform whose body plan, support system, locomotion, sensing, metabolism, ecology, and environmental adaptations are internally coherent.

Required visual and biological rules:
• functional anatomy
• credible center of mass
• coherent locomotion
• environment-linked materials
• ecologically plausible scale

Production request:
Create exact front orthographic view.

Studio-resolved canonical values:
{{canonicalId}}, {{displayName}}, {{scientificName}}, {{originPlanet}}, {{planetType}}, {{biome}}, {{gravity}}, {{atmosphere}}, {{climate}}, {{temperatureRange}}, {{sizeScale}}, {{coloration}}, {{materials}}, {{distinctiveFeatures}}, {{lockedTraits}}, {{rarity}}, {{artDirection}}.

Preserve every locked canonical field exactly. The result must use NOVERIS Scientific Realism: premium AAA science-fiction quality, museum-grade reference presentation, scientifically plausible structure, coherent materials, restrained coloration unless canon requires otherwise, readable silhouette, consistent scale and anatomy or growth across all views, soft neutral studio lighting, pure black background for isolated references, full requested subject visibility, generous negative space, and PSD-friendly extraction. Habitat and biome outputs may use the canonical environment. No baked-in text, labels, watermark, logo, border, or UI.

Create four clearly different but canon-compliant versions. Preserve body plan or growth architecture, structural counts, environmental adaptations, materials, defining features, and locked coloration. Vary only permitted secondary proportions, markings, surface detail, minor ornamentation, natural wear, and pose or growth irregularity.

Recommended aspect ratio: 3:4.","text, labels, watermark, signature, logo, border, frame, UI, HUD, cropped subject, duplicate anatomy, contradictory anatomy, impossible balance, unsupported structures, random wings, random horns, humanoid default, fantasy armor, weapons, cartoon, anime, toy-like materials, excessive neon, excessive glow, oversaturated colors, busy background, motion blur, low resolution, compression artifacts, generic Earth copy, unsupported fantasy styling, traits conflicting with locked canon",1.0.0,canonical
NB2-CRE-VI-002-SAPIENT-SPECIES-ORTHO-SIDE,CRE-VI-002-SAPIENT-SPECIES,Sapient Species,ortho-side,Orthographic Side,3:4,"Create a canonical NOVERIS Nano Banana 2 visual for Sapient Species: Orthographic Side.

Canonical archetype:
A canonical sapient species designed as a scientifically plausible lifeform whose body plan, support system, locomotion, sensing, metabolism, ecology, and environmental adaptations are internally coherent.

Required visual and biological rules:
• functional anatomy
• credible center of mass
• coherent locomotion
• environment-linked materials
• ecologically plausible scale

Production request:
Create exact side orthographic view.

Studio-resolved canonical values:
{{canonicalId}}, {{displayName}}, {{scientificName}}, {{originPlanet}}, {{planetType}}, {{biome}}, {{gravity}}, {{atmosphere}}, {{climate}}, {{temperatureRange}}, {{sizeScale}}, {{coloration}}, {{materials}}, {{distinctiveFeatures}}, {{lockedTraits}}, {{rarity}}, {{artDirection}}.

Preserve every locked canonical field exactly. The result must use NOVERIS Scientific Realism: premium AAA science-fiction quality, museum-grade reference presentation, scientifically plausible structure, coherent materials, restrained coloration unless canon requires otherwise, readable silhouette, consistent scale and anatomy or growth across all views, soft neutral studio lighting, pure black background for isolated references, full requested subject visibility, generous negative space, and PSD-friendly extraction. Habitat and biome outputs may use the canonical environment. No baked-in text, labels, watermark, logo, border, or UI.

Create four clearly different but canon-compliant versions. Preserve body plan or growth architecture, structural counts, environmental adaptations, materials, defining features, and locked coloration. Vary only permitted secondary proportions, markings, surface detail, minor ornamentation, natural wear, and pose or growth irregularity.

Recommended aspect ratio: 3:4.","text, labels, watermark, signature, logo, border, frame, UI, HUD, cropped subject, duplicate anatomy, contradictory anatomy, impossible balance, unsupported structures, random wings, random horns, humanoid default, fantasy armor, weapons, cartoon, anime, toy-like materials, excessive neon, excessive glow, oversaturated colors, busy background, motion blur, low resolution, compression artifacts, generic Earth copy, unsupported fantasy styling, traits conflicting with locked canon",1.0.0,canonical
NB2-CRE-VI-002-SAPIENT-SPECIES-ORTHO-REAR,CRE-VI-002-SAPIENT-SPECIES,Sapient Species,ortho-rear,Orthographic Rear,3:4,"Create a canonical NOVERIS Nano Banana 2 visual for Sapient Species: Orthographic Rear.

Canonical archetype:
A canonical sapient species designed as a scientifically plausible lifeform whose body plan, support system, locomotion, sensing, metabolism, ecology, and environmental adaptations are internally coherent.

Required visual and biological rules:
• functional anatomy
• credible center of mass
• coherent locomotion
• environment-linked materials
• ecologically plausible scale

Production request:
Create exact rear orthographic view.

Studio-resolved canonical values:
{{canonicalId}}, {{displayName}}, {{scientificName}}, {{originPlanet}}, {{planetType}}, {{biome}}, {{gravity}}, {{atmosphere}}, {{climate}}, {{temperatureRange}}, {{sizeScale}}, {{coloration}}, {{materials}}, {{distinctiveFeatures}}, {{lockedTraits}}, {{rarity}}, {{artDirection}}.

Preserve every locked canonical field exactly. The result must use NOVERIS Scientific Realism: premium AAA science-fiction quality, museum-grade reference presentation, scientifically plausible structure, coherent materials, restrained coloration unless canon requires otherwise, readable silhouette, consistent scale and anatomy or growth across all views, soft neutral studio lighting, pure black background for isolated references, full requested subject visibility, generous negative space, and PSD-friendly extraction. Habitat and biome outputs may use the canonical environment. No baked-in text, labels, watermark, logo, border, or UI.

Create four clearly different but canon-compliant versions. Preserve body plan or growth architecture, structural counts, environmental adaptations, materials, defining features, and locked coloration. Vary only permitted secondary proportions, markings, surface detail, minor ornamentation, natural wear, and pose or growth irregularity.

Recommended aspect ratio: 3:4.","text, labels, watermark, signature, logo, border, frame, UI, HUD, cropped subject, duplicate anatomy, contradictory anatomy, impossible balance, unsupported structures, random wings, random horns, humanoid default, fantasy armor, weapons, cartoon, anime, toy-like materials, excessive neon, excessive glow, oversaturated colors, busy background, motion blur, low resolution, compression artifacts, generic Earth copy, unsupported fantasy styling, traits conflicting with locked canon",1.0.0,canonical
NB2-CRE-VI-002-SAPIENT-SPECIES-TURNAROUND,CRE-VI-002-SAPIENT-SPECIES,Sapient Species,turnaround,Turnaround Sheet,16:9,"Create a canonical NOVERIS Nano Banana 2 visual for Sapient Species: Turnaround Sheet.

Canonical archetype:
A canonical sapient species designed as a scientifically plausible lifeform whose body plan, support system, locomotion, sensing, metabolism, ecology, and environmental adaptations are internally coherent.

Required visual and biological rules:
• functional anatomy
• credible center of mass
• coherent locomotion
• environment-linked materials
• ecologically plausible scale

Production request:
Create front, side, rear, top and underside at identical scale.

Studio-resolved canonical values:
{{canonicalId}}, {{displayName}}, {{scientificName}}, {{originPlanet}}, {{planetType}}, {{biome}}, {{gravity}}, {{atmosphere}}, {{climate}}, {{temperatureRange}}, {{sizeScale}}, {{coloration}}, {{materials}}, {{distinctiveFeatures}}, {{lockedTraits}}, {{rarity}}, {{artDirection}}.

Preserve every locked canonical field exactly. The result must use NOVERIS Scientific Realism: premium AAA science-fiction quality, museum-grade reference presentation, scientifically plausible structure, coherent materials, restrained coloration unless canon requires otherwise, readable silhouette, consistent scale and anatomy or growth across all views, soft neutral studio lighting, pure black background for isolated references, full requested subject visibility, generous negative space, and PSD-friendly extraction. Habitat and biome outputs may use the canonical environment. No baked-in text, labels, watermark, logo, border, or UI.

Create four clearly different but canon-compliant versions. Preserve body plan or growth architecture, structural counts, environmental adaptations, materials, defining features, and locked coloration. Vary only permitted secondary proportions, markings, surface detail, minor ornamentation, natural wear, and pose or growth irregularity.

Recommended aspect ratio: 16:9.","text, labels, watermark, signature, logo, border, frame, UI, HUD, cropped subject, duplicate anatomy, contradictory anatomy, impossible balance, unsupported structures, random wings, random horns, humanoid default, fantasy armor, weapons, cartoon, anime, toy-like materials, excessive neon, excessive glow, oversaturated colors, busy background, motion blur, low resolution, compression artifacts, generic Earth copy, unsupported fantasy styling, traits conflicting with locked canon",1.0.0,canonical
NB2-CRE-VI-002-SAPIENT-SPECIES-SUPPORT,CRE-VI-002-SAPIENT-SPECIES,Sapient Species,support,Skeleton or Support Structure,16:9,"Create a canonical NOVERIS Nano Banana 2 visual for Sapient Species: Skeleton or Support Structure.

Canonical archetype:
A canonical sapient species designed as a scientifically plausible lifeform whose body plan, support system, locomotion, sensing, metabolism, ecology, and environmental adaptations are internally coherent.

Required visual and biological rules:
• functional anatomy
• credible center of mass
• coherent locomotion
• environment-linked materials
• ecologically plausible scale

Production request:
Create complete mechanical support system and joint logic.

Studio-resolved canonical values:
{{canonicalId}}, {{displayName}}, {{scientificName}}, {{originPlanet}}, {{planetType}}, {{biome}}, {{gravity}}, {{atmosphere}}, {{climate}}, {{temperatureRange}}, {{sizeScale}}, {{coloration}}, {{materials}}, {{distinctiveFeatures}}, {{lockedTraits}}, {{rarity}}, {{artDirection}}.

Preserve every locked canonical field exactly. The result must use NOVERIS Scientific Realism: premium AAA science-fiction quality, museum-grade reference presentation, scientifically plausible structure, coherent materials, restrained coloration unless canon requires otherwise, readable silhouette, consistent scale and anatomy or growth across all views, soft neutral studio lighting, pure black background for isolated references, full requested subject visibility, generous negative space, and PSD-friendly extraction. Habitat and biome outputs may use the canonical environment. No baked-in text, labels, watermark, logo, border, or UI.

Create four clearly different but canon-compliant versions. Preserve body plan or growth architecture, structural counts, environmental adaptations, materials, defining features, and locked coloration. Vary only permitted secondary proportions, markings, surface detail, minor ornamentation, natural wear, and pose or growth irregularity.

Recommended aspect ratio: 16:9.","text, labels, watermark, signature, logo, border, frame, UI, HUD, cropped subject, duplicate anatomy, contradictory anatomy, impossible balance, unsupported structures, random wings, random horns, humanoid default, fantasy armor, weapons, cartoon, anime, toy-like materials, excessive neon, excessive glow, oversaturated colors, busy background, motion blur, low resolution, compression artifacts, generic Earth copy, unsupported fantasy styling, traits conflicting with locked canon",1.0.0,canonical
NB2-CRE-VI-002-SAPIENT-SPECIES-ANATOMY,CRE-VI-002-SAPIENT-SPECIES,Sapient Species,anatomy,Internal Anatomy,16:9,"Create a canonical NOVERIS Nano Banana 2 visual for Sapient Species: Internal Anatomy.

Canonical archetype:
A canonical sapient species designed as a scientifically plausible lifeform whose body plan, support system, locomotion, sensing, metabolism, ecology, and environmental adaptations are internally coherent.

Required visual and biological rules:
• functional anatomy
• credible center of mass
• coherent locomotion
• environment-linked materials
• ecologically plausible scale

Production request:
Create major respiratory, circulatory, digestive, sensory and reproductive systems.

Studio-resolved canonical values:
{{canonicalId}}, {{displayName}}, {{scientificName}}, {{originPlanet}}, {{planetType}}, {{biome}}, {{gravity}}, {{atmosphere}}, {{climate}}, {{temperatureRange}}, {{sizeScale}}, {{coloration}}, {{materials}}, {{distinctiveFeatures}}, {{lockedTraits}}, {{rarity}}, {{artDirection}}.

Preserve every locked canonical field exactly. The result must use NOVERIS Scientific Realism: premium AAA science-fiction quality, museum-grade reference presentation, scientifically plausible structure, coherent materials, restrained coloration unless canon requires otherwise, readable silhouette, consistent scale and anatomy or growth across all views, soft neutral studio lighting, pure black background for isolated references, full requested subject visibility, generous negative space, and PSD-friendly extraction. Habitat and biome outputs may use the canonical environment. No baked-in text, labels, watermark, logo, border, or UI.

Create four clearly different but canon-compliant versions. Preserve body plan or growth architecture, structural counts, environmental adaptations, materials, defining features, and locked coloration. Vary only permitted secondary proportions, markings, surface detail, minor ornamentation, natural wear, and pose or growth irregularity.

Recommended aspect ratio: 16:9.","text, labels, watermark, signature, logo, border, frame, UI, HUD, cropped subject, duplicate anatomy, contradictory anatomy, impossible balance, unsupported structures, random wings, random horns, humanoid default, fantasy armor, weapons, cartoon, anime, toy-like materials, excessive neon, excessive glow, oversaturated colors, busy background, motion blur, low resolution, compression artifacts, generic Earth copy, unsupported fantasy styling, traits conflicting with locked canon",1.0.0,canonical
NB2-CRE-VI-002-SAPIENT-SPECIES-LIFECYCLE,CRE-VI-002-SAPIENT-SPECIES,Sapient Species,lifecycle,Lifecycle Sheet,16:9,"Create a canonical NOVERIS Nano Banana 2 visual for Sapient Species: Lifecycle Sheet.

Canonical archetype:
A canonical sapient species designed as a scientifically plausible lifeform whose body plan, support system, locomotion, sensing, metabolism, ecology, and environmental adaptations are internally coherent.

Required visual and biological rules:
• functional anatomy
• credible center of mass
• coherent locomotion
• environment-linked materials
• ecologically plausible scale

Production request:
Create reproductive form, juvenile, adult and elder stages.

Studio-resolved canonical values:
{{canonicalId}}, {{displayName}}, {{scientificName}}, {{originPlanet}}, {{planetType}}, {{biome}}, {{gravity}}, {{atmosphere}}, {{climate}}, {{temperatureRange}}, {{sizeScale}}, {{coloration}}, {{materials}}, {{distinctiveFeatures}}, {{lockedTraits}}, {{rarity}}, {{artDirection}}.

Preserve every locked canonical field exactly. The result must use NOVERIS Scientific Realism: premium AAA science-fiction quality, museum-grade reference presentation, scientifically plausible structure, coherent materials, restrained coloration unless canon requires otherwise, readable silhouette, consistent scale and anatomy or growth across all views, soft neutral studio lighting, pure black background for isolated references, full requested subject visibility, generous negative space, and PSD-friendly extraction. Habitat and biome outputs may use the canonical environment. No baked-in text, labels, watermark, logo, border, or UI.

Create four clearly different but canon-compliant versions. Preserve body plan or growth architecture, structural counts, environmental adaptations, materials, defining features, and locked coloration. Vary only permitted secondary proportions, markings, surface detail, minor ornamentation, natural wear, and pose or growth irregularity.

Recommended aspect ratio: 16:9.","text, labels, watermark, signature, logo, border, frame, UI, HUD, cropped subject, duplicate anatomy, contradictory anatomy, impossible balance, unsupported structures, random wings, random horns, humanoid default, fantasy armor, weapons, cartoon, anime, toy-like materials, excessive neon, excessive glow, oversaturated colors, busy background, motion blur, low resolution, compression artifacts, generic Earth copy, unsupported fantasy styling, traits conflicting with locked canon",1.0.0,canonical
NB2-CRE-VI-002-SAPIENT-SPECIES-VARIANTS,CRE-VI-002-SAPIENT-SPECIES,Sapient Species,variants,Canonical Variants,16:9,"Create a canonical NOVERIS Nano Banana 2 visual for Sapient Species: Canonical Variants.

Canonical archetype:
A canonical sapient species designed as a scientifically plausible lifeform whose body plan, support system, locomotion, sensing, metabolism, ecology, and environmental adaptations are internally coherent.

Required visual and biological rules:
• functional anatomy
• credible center of mass
• coherent locomotion
• environment-linked materials
• ecologically plausible scale

Production request:
Create regional, seasonal, sex, caste, morph or engineered variants.

Studio-resolved canonical values:
{{canonicalId}}, {{displayName}}, {{scientificName}}, {{originPlanet}}, {{planetType}}, {{biome}}, {{gravity}}, {{atmosphere}}, {{climate}}, {{temperatureRange}}, {{sizeScale}}, {{coloration}}, {{materials}}, {{distinctiveFeatures}}, {{lockedTraits}}, {{rarity}}, {{artDirection}}.

Preserve every locked canonical field exactly. The result must use NOVERIS Scientific Realism: premium AAA science-fiction quality, museum-grade reference presentation, scientifically plausible structure, coherent materials, restrained coloration unless canon requires otherwise, readable silhouette, consistent scale and anatomy or growth across all views, soft neutral studio lighting, pure black background for isolated references, full requested subject visibility, generous negative space, and PSD-friendly extraction. Habitat and biome outputs may use the canonical environment. No baked-in text, labels, watermark, logo, border, or UI.

Create four clearly different but canon-compliant versions. Preserve body plan or growth architecture, structural counts, environmental adaptations, materials, defining features, and locked coloration. Vary only permitted secondary proportions, markings, surface detail, minor ornamentation, natural wear, and pose or growth irregularity.

Recommended aspect ratio: 16:9.","text, labels, watermark, signature, logo, border, frame, UI, HUD, cropped subject, duplicate anatomy, contradictory anatomy, impossible balance, unsupported structures, random wings, random horns, humanoid default, fantasy armor, weapons, cartoon, anime, toy-like materials, excessive neon, excessive glow, oversaturated colors, busy background, motion blur, low resolution, compression artifacts, generic Earth copy, unsupported fantasy styling, traits conflicting with locked canon",1.0.0,canonical
NB2-CRE-VI-002-SAPIENT-SPECIES-BEHAVIOR,CRE-VI-002-SAPIENT-SPECIES,Sapient Species,behavior,Behavior Sheet,16:9,"Create a canonical NOVERIS Nano Banana 2 visual for Sapient Species: Behavior Sheet.

Canonical archetype:
A canonical sapient species designed as a scientifically plausible lifeform whose body plan, support system, locomotion, sensing, metabolism, ecology, and environmental adaptations are internally coherent.

Required visual and biological rules:
• functional anatomy
• credible center of mass
• coherent locomotion
• environment-linked materials
• ecologically plausible scale

Production request:
Create idle, feeding, locomotion, social, defense and rest.

Studio-resolved canonical values:
{{canonicalId}}, {{displayName}}, {{scientificName}}, {{originPlanet}}, {{planetType}}, {{biome}}, {{gravity}}, {{atmosphere}}, {{climate}}, {{temperatureRange}}, {{sizeScale}}, {{coloration}}, {{materials}}, {{distinctiveFeatures}}, {{lockedTraits}}, {{rarity}}, {{artDirection}}.

Preserve every locked canonical field exactly. The result must use NOVERIS Scientific Realism: premium AAA science-fiction quality, museum-grade reference presentation, scientifically plausible structure, coherent materials, restrained coloration unless canon requires otherwise, readable silhouette, consistent scale and anatomy or growth across all views, soft neutral studio lighting, pure black background for isolated references, full requested subject visibility, generous negative space, and PSD-friendly extraction. Habitat and biome outputs may use the canonical environment. No baked-in text, labels, watermark, logo, border, or UI.

Create four clearly different but canon-compliant versions. Preserve body plan or growth architecture, structural counts, environmental adaptations, materials, defining features, and locked coloration. Vary only permitted secondary proportions, markings, surface detail, minor ornamentation, natural wear, and pose or growth irregularity.

Recommended aspect ratio: 16:9.","text, labels, watermark, signature, logo, border, frame, UI, HUD, cropped subject, duplicate anatomy, contradictory anatomy, impossible balance, unsupported structures, random wings, random horns, humanoid default, fantasy armor, weapons, cartoon, anime, toy-like materials, excessive neon, excessive glow, oversaturated colors, busy background, motion blur, low resolution, compression artifacts, generic Earth copy, unsupported fantasy styling, traits conflicting with locked canon",1.0.0,canonical
NB2-CRE-VI-002-SAPIENT-SPECIES-HABITAT,CRE-VI-002-SAPIENT-SPECIES,Sapient Species,habitat,Native Habitat Scene,16:9,"Create a canonical NOVERIS Nano Banana 2 visual for Sapient Species: Native Habitat Scene.

Canonical archetype:
A canonical sapient species designed as a scientifically plausible lifeform whose body plan, support system, locomotion, sensing, metabolism, ecology, and environmental adaptations are internally coherent.

Required visual and biological rules:
• functional anatomy
• credible center of mass
• coherent locomotion
• environment-linked materials
• ecologically plausible scale

Production request:
Create natural behavior in canonical planet and biome.

Studio-resolved canonical values:
{{canonicalId}}, {{displayName}}, {{scientificName}}, {{originPlanet}}, {{planetType}}, {{biome}}, {{gravity}}, {{atmosphere}}, {{climate}}, {{temperatureRange}}, {{sizeScale}}, {{coloration}}, {{materials}}, {{distinctiveFeatures}}, {{lockedTraits}}, {{rarity}}, {{artDirection}}.

Preserve every locked canonical field exactly. The result must use NOVERIS Scientific Realism: premium AAA science-fiction quality, museum-grade reference presentation, scientifically plausible structure, coherent materials, restrained coloration unless canon requires otherwise, readable silhouette, consistent scale and anatomy or growth across all views, soft neutral studio lighting, pure black background for isolated references, full requested subject visibility, generous negative space, and PSD-friendly extraction. Habitat and biome outputs may use the canonical environment. No baked-in text, labels, watermark, logo, border, or UI.

Create four clearly different but canon-compliant versions. Preserve body plan or growth architecture, structural counts, environmental adaptations, materials, defining features, and locked coloration. Vary only permitted secondary proportions, markings, surface detail, minor ornamentation, natural wear, and pose or growth irregularity.

Recommended aspect ratio: 16:9.","text, labels, watermark, signature, logo, border, frame, UI, HUD, cropped subject, duplicate anatomy, contradictory anatomy, impossible balance, unsupported structures, random wings, random horns, humanoid default, fantasy armor, weapons, cartoon, anime, toy-like materials, excessive neon, excessive glow, oversaturated colors, busy background, motion blur, low resolution, compression artifacts, generic Earth copy, unsupported fantasy styling, traits conflicting with locked canon",1.0.0,canonical
NB2-CRE-VI-002-SAPIENT-SPECIES-DISCOVERY,CRE-VI-002-SAPIENT-SPECIES,Sapient Species,discovery,Discovery Scan,16:9,"Create a canonical NOVERIS Nano Banana 2 visual for Sapient Species: Discovery Scan.

Canonical archetype:
A canonical sapient species designed as a scientifically plausible lifeform whose body plan, support system, locomotion, sensing, metabolism, ecology, and environmental adaptations are internally coherent.

Required visual and biological rules:
• functional anatomy
• credible center of mass
• coherent locomotion
• environment-linked materials
• ecologically plausible scale

Production request:
Create centered scientific scan source without labels.

Studio-resolved canonical values:
{{canonicalId}}, {{displayName}}, {{scientificName}}, {{originPlanet}}, {{planetType}}, {{biome}}, {{gravity}}, {{atmosphere}}, {{climate}}, {{temperatureRange}}, {{sizeScale}}, {{coloration}}, {{materials}}, {{distinctiveFeatures}}, {{lockedTraits}}, {{rarity}}, {{artDirection}}.

Preserve every locked canonical field exactly. The result must use NOVERIS Scientific Realism: premium AAA science-fiction quality, museum-grade reference presentation, scientifically plausible structure, coherent materials, restrained coloration unless canon requires otherwise, readable silhouette, consistent scale and anatomy or growth across all views, soft neutral studio lighting, pure black background for isolated references, full requested subject visibility, generous negative space, and PSD-friendly extraction. Habitat and biome outputs may use the canonical environment. No baked-in text, labels, watermark, logo, border, or UI.

Create four clearly different but canon-compliant versions. Preserve body plan or growth architecture, structural counts, environmental adaptations, materials, defining features, and locked coloration. Vary only permitted secondary proportions, markings, surface detail, minor ornamentation, natural wear, and pose or growth irregularity.

Recommended aspect ratio: 16:9.","text, labels, watermark, signature, logo, border, frame, UI, HUD, cropped subject, duplicate anatomy, contradictory anatomy, impossible balance, unsupported structures, random wings, random horns, humanoid default, fantasy armor, weapons, cartoon, anime, toy-like materials, excessive neon, excessive glow, oversaturated colors, busy background, motion blur, low resolution, compression artifacts, generic Earth copy, unsupported fantasy styling, traits conflicting with locked canon",1.0.0,canonical
NB2-CRE-VI-002-SAPIENT-SPECIES-ICON,CRE-VI-002-SAPIENT-SPECIES,Sapient Species,icon,UI Icon,1:1,"Create a canonical NOVERIS Nano Banana 2 visual for Sapient Species: UI Icon.

Canonical archetype:
A canonical sapient species designed as a scientifically plausible lifeform whose body plan, support system, locomotion, sensing, metabolism, ecology, and environmental adaptations are internally coherent.

Required visual and biological rules:
• functional anatomy
• credible center of mass
• coherent locomotion
• environment-linked materials
• ecologically plausible scale

Production request:
Create isolated silhouette readable at 64 pixels.

Studio-resolved canonical values:
{{canonicalId}}, {{displayName}}, {{scientificName}}, {{originPlanet}}, {{planetType}}, {{biome}}, {{gravity}}, {{atmosphere}}, {{climate}}, {{temperatureRange}}, {{sizeScale}}, {{coloration}}, {{materials}}, {{distinctiveFeatures}}, {{lockedTraits}}, {{rarity}}, {{artDirection}}.

Preserve every locked canonical field exactly. The result must use NOVERIS Scientific Realism: premium AAA science-fiction quality, museum-grade reference presentation, scientifically plausible structure, coherent materials, restrained coloration unless canon requires otherwise, readable silhouette, consistent scale and anatomy or growth across all views, soft neutral studio lighting, pure black background for isolated references, full requested subject visibility, generous negative space, and PSD-friendly extraction. Habitat and biome outputs may use the canonical environment. No baked-in text, labels, watermark, logo, border, or UI.

Create four clearly different but canon-compliant versions. Preserve body plan or growth architecture, structural counts, environmental adaptations, materials, defining features, and locked coloration. Vary only permitted secondary proportions, markings, surface detail, minor ornamentation, natural wear, and pose or growth irregularity.

Recommended aspect ratio: 1:1.","text, labels, watermark, signature, logo, border, frame, UI, HUD, cropped subject, duplicate anatomy, contradictory anatomy, impossible balance, unsupported structures, random wings, random horns, humanoid default, fantasy armor, weapons, cartoon, anime, toy-like materials, excessive neon, excessive glow, oversaturated colors, busy background, motion blur, low resolution, compression artifacts, generic Earth copy, unsupported fantasy styling, traits conflicting with locked canon",1.0.0,canonical
NB2-CRE-VI-002-SAPIENT-SPECIES-SCALE,CRE-VI-002-SAPIENT-SPECIES,Sapient Species,scale,Scale Comparison,16:9,"Create a canonical NOVERIS Nano Banana 2 visual for Sapient Species: Scale Comparison.

Canonical archetype:
A canonical sapient species designed as a scientifically plausible lifeform whose body plan, support system, locomotion, sensing, metabolism, ecology, and environmental adaptations are internally coherent.

Required visual and biological rules:
• functional anatomy
• credible center of mass
• coherent locomotion
• environment-linked materials
• ecologically plausible scale

Production request:
Create side view with adult human silhouette and one-meter bar.

Studio-resolved canonical values:
{{canonicalId}}, {{displayName}}, {{scientificName}}, {{originPlanet}}, {{planetType}}, {{biome}}, {{gravity}}, {{atmosphere}}, {{climate}}, {{temperatureRange}}, {{sizeScale}}, {{coloration}}, {{materials}}, {{distinctiveFeatures}}, {{lockedTraits}}, {{rarity}}, {{artDirection}}.

Preserve every locked canonical field exactly. The result must use NOVERIS Scientific Realism: premium AAA science-fiction quality, museum-grade reference presentation, scientifically plausible structure, coherent materials, restrained coloration unless canon requires otherwise, readable silhouette, consistent scale and anatomy or growth across all views, soft neutral studio lighting, pure black background for isolated references, full requested subject visibility, generous negative space, and PSD-friendly extraction. Habitat and biome outputs may use the canonical environment. No baked-in text, labels, watermark, logo, border, or UI.

Create four clearly different but canon-compliant versions. Preserve body plan or growth architecture, structural counts, environmental adaptations, materials, defining features, and locked coloration. Vary only permitted secondary proportions, markings, surface detail, minor ornamentation, natural wear, and pose or growth irregularity.

Recommended aspect ratio: 16:9.","text, labels, watermark, signature, logo, border, frame, UI, HUD, cropped subject, duplicate anatomy, contradictory anatomy, impossible balance, unsupported structures, random wings, random horns, humanoid default, fantasy armor, weapons, cartoon, anime, toy-like materials, excessive neon, excessive glow, oversaturated colors, busy background, motion blur, low resolution, compression artifacts, generic Earth copy, unsupported fantasy styling, traits conflicting with locked canon",1.0.0,canonical
NB2-CRE-VI-002-SAPIENT-SPECIES-SPECIES-PLATE,CRE-VI-002-SAPIENT-SPECIES,Sapient Species,species-plate,Master Species Plate,16:9,"Create a canonical NOVERIS Nano Banana 2 visual for Sapient Species: Master Species Plate.

Canonical archetype:
A canonical sapient species designed as a scientifically plausible lifeform whose body plan, support system, locomotion, sensing, metabolism, ecology, and environmental adaptations are internally coherent.

Required visual and biological rules:
• functional anatomy
• credible center of mass
• coherent locomotion
• environment-linked materials
• ecologically plausible scale

Production request:
Create full body, portrait, views, support system, lifecycle, variants, materials and habitat vignette.

Studio-resolved canonical values:
{{canonicalId}}, {{displayName}}, {{scientificName}}, {{originPlanet}}, {{planetType}}, {{biome}}, {{gravity}}, {{atmosphere}}, {{climate}}, {{temperatureRange}}, {{sizeScale}}, {{coloration}}, {{materials}}, {{distinctiveFeatures}}, {{lockedTraits}}, {{rarity}}, {{artDirection}}.

Preserve every locked canonical field exactly. The result must use NOVERIS Scientific Realism: premium AAA science-fiction quality, museum-grade reference presentation, scientifically plausible structure, coherent materials, restrained coloration unless canon requires otherwise, readable silhouette, consistent scale and anatomy or growth across all views, soft neutral studio lighting, pure black background for isolated references, full requested subject visibility, generous negative space, and PSD-friendly extraction. Habitat and biome outputs may use the canonical environment. No baked-in text, labels, watermark, logo, border, or UI.

Create four clearly different but canon-compliant versions. Preserve body plan or growth architecture, structural counts, environmental adaptations, materials, defining features, and locked coloration. Vary only permitted secondary proportions, markings, surface detail, minor ornamentation, natural wear, and pose or growth irregularity.

Recommended aspect ratio: 16:9.","text, labels, watermark, signature, logo, border, frame, UI, HUD, cropped subject, duplicate anatomy, contradictory anatomy, impossible balance, unsupported structures, random wings, random horns, humanoid default, fantasy armor, weapons, cartoon, anime, toy-like materials, excessive neon, excessive glow, oversaturated colors, busy background, motion blur, low resolution, compression artifacts, generic Earth copy, unsupported fantasy styling, traits conflicting with locked canon",1.0.0,canonical
NB2-CRE-VI-002-SAPIENT-SPECIES-ANIMATION,CRE-VI-002-SAPIENT-SPECIES,Sapient Species,animation,Animation Reference,16:9,"Create a canonical NOVERIS Nano Banana 2 visual for Sapient Species: Animation Reference.

Canonical archetype:
A canonical sapient species designed as a scientifically plausible lifeform whose body plan, support system, locomotion, sensing, metabolism, ecology, and environmental adaptations are internally coherent.

Required visual and biological rules:
• functional anatomy
• credible center of mass
• coherent locomotion
• environment-linked materials
• ecologically plausible scale

Production request:
Create idle, locomotion, interaction, feeding, defense, rest and death or shutdown.

Studio-resolved canonical values:
{{canonicalId}}, {{displayName}}, {{scientificName}}, {{originPlanet}}, {{planetType}}, {{biome}}, {{gravity}}, {{atmosphere}}, {{climate}}, {{temperatureRange}}, {{sizeScale}}, {{coloration}}, {{materials}}, {{distinctiveFeatures}}, {{lockedTraits}}, {{rarity}}, {{artDirection}}.

Preserve every locked canonical field exactly. The result must use NOVERIS Scientific Realism: premium AAA science-fiction quality, museum-grade reference presentation, scientifically plausible structure, coherent materials, restrained coloration unless canon requires otherwise, readable silhouette, consistent scale and anatomy or growth across all views, soft neutral studio lighting, pure black background for isolated references, full requested subject visibility, generous negative space, and PSD-friendly extraction. Habitat and biome outputs may use the canonical environment. No baked-in text, labels, watermark, logo, border, or UI.

Create four clearly different but canon-compliant versions. Preserve body plan or growth architecture, structural counts, environmental adaptations, materials, defining features, and locked coloration. Vary only permitted secondary proportions, markings, surface detail, minor ornamentation, natural wear, and pose or growth irregularity.

Recommended aspect ratio: 16:9.","text, labels, watermark, signature, logo, border, frame, UI, HUD, cropped subject, duplicate anatomy, contradictory anatomy, impossible balance, unsupported structures, random wings, random horns, humanoid default, fantasy armor, weapons, cartoon, anime, toy-like materials, excessive neon, excessive glow, oversaturated colors, busy background, motion blur, low resolution, compression artifacts, generic Earth copy, unsupported fantasy styling, traits conflicting with locked canon",1.0.0,canonical
NB2-CRE-VI-002-SAPIENT-SPECIES-PSD,CRE-VI-002-SAPIENT-SPECIES,Sapient Species,psd,PSD Extraction Board,16:9,"Create a canonical NOVERIS Nano Banana 2 visual for Sapient Species: PSD Extraction Board.

Canonical archetype:
A canonical sapient species designed as a scientifically plausible lifeform whose body plan, support system, locomotion, sensing, metabolism, ecology, and environmental adaptations are internally coherent.

Required visual and biological rules:
• functional anatomy
• credible center of mass
• coherent locomotion
• environment-linked materials
• ecologically plausible scale

Production request:
Create isolated whole subject, major parts, silhouette and material references.

Studio-resolved canonical values:
{{canonicalId}}, {{displayName}}, {{scientificName}}, {{originPlanet}}, {{planetType}}, {{biome}}, {{gravity}}, {{atmosphere}}, {{climate}}, {{temperatureRange}}, {{sizeScale}}, {{coloration}}, {{materials}}, {{distinctiveFeatures}}, {{lockedTraits}}, {{rarity}}, {{artDirection}}.

Preserve every locked canonical field exactly. The result must use NOVERIS Scientific Realism: premium AAA science-fiction quality, museum-grade reference presentation, scientifically plausible structure, coherent materials, restrained coloration unless canon requires otherwise, readable silhouette, consistent scale and anatomy or growth across all views, soft neutral studio lighting, pure black background for isolated references, full requested subject visibility, generous negative space, and PSD-friendly extraction. Habitat and biome outputs may use the canonical environment. No baked-in text, labels, watermark, logo, border, or UI.

Create four clearly different but canon-compliant versions. Preserve body plan or growth architecture, structural counts, environmental adaptations, materials, defining features, and locked coloration. Vary only permitted secondary proportions, markings, surface detail, minor ornamentation, natural wear, and pose or growth irregularity.

Recommended aspect ratio: 16:9.","text, labels, watermark, signature, logo, border, frame, UI, HUD, cropped subject, duplicate anatomy, contradictory anatomy, impossible balance, unsupported structures, random wings, random horns, humanoid default, fantasy armor, weapons, cartoon, anime, toy-like materials, excessive neon, excessive glow, oversaturated colors, busy background, motion blur, low resolution, compression artifacts, generic Earth copy, unsupported fantasy styling, traits conflicting with locked canon",1.0.0,canonical
NB2-CRE-VI-003-HIVE-INTELLIGENCE-FULL-BODY,CRE-VI-003-HIVE-INTELLIGENCE,Hive Intelligence,full-body,Full Body Production Render,3:4,"Create a canonical NOVERIS Nano Banana 2 visual for Hive Intelligence: Full Body Production Render.

Canonical archetype:
A canonical hive intelligence designed as a scientifically plausible lifeform whose body plan, support system, locomotion, sensing, metabolism, ecology, and environmental adaptations are internally coherent.

Required visual and biological rules:
• functional anatomy
• credible center of mass
• coherent locomotion
• environment-linked materials
• ecologically plausible scale

Production request:
Create complete mature specimen, neutral pose, entire body visible.

Studio-resolved canonical values:
{{canonicalId}}, {{displayName}}, {{scientificName}}, {{originPlanet}}, {{planetType}}, {{biome}}, {{gravity}}, {{atmosphere}}, {{climate}}, {{temperatureRange}}, {{sizeScale}}, {{coloration}}, {{materials}}, {{distinctiveFeatures}}, {{lockedTraits}}, {{rarity}}, {{artDirection}}.

Preserve every locked canonical field exactly. The result must use NOVERIS Scientific Realism: premium AAA science-fiction quality, museum-grade reference presentation, scientifically plausible structure, coherent materials, restrained coloration unless canon requires otherwise, readable silhouette, consistent scale and anatomy or growth across all views, soft neutral studio lighting, pure black background for isolated references, full requested subject visibility, generous negative space, and PSD-friendly extraction. Habitat and biome outputs may use the canonical environment. No baked-in text, labels, watermark, logo, border, or UI.

Create four clearly different but canon-compliant versions. Preserve body plan or growth architecture, structural counts, environmental adaptations, materials, defining features, and locked coloration. Vary only permitted secondary proportions, markings, surface detail, minor ornamentation, natural wear, and pose or growth irregularity.

Recommended aspect ratio: 3:4.","text, labels, watermark, signature, logo, border, frame, UI, HUD, cropped subject, duplicate anatomy, contradictory anatomy, impossible balance, unsupported structures, random wings, random horns, humanoid default, fantasy armor, weapons, cartoon, anime, toy-like materials, excessive neon, excessive glow, oversaturated colors, busy background, motion blur, low resolution, compression artifacts, generic Earth copy, unsupported fantasy styling, traits conflicting with locked canon",1.0.0,canonical
NB2-CRE-VI-003-HIVE-INTELLIGENCE-PORTRAIT,CRE-VI-003-HIVE-INTELLIGENCE,Hive Intelligence,portrait,Portrait,1:1,"Create a canonical NOVERIS Nano Banana 2 visual for Hive Intelligence: Portrait.

Canonical archetype:
A canonical hive intelligence designed as a scientifically plausible lifeform whose body plan, support system, locomotion, sensing, metabolism, ecology, and environmental adaptations are internally coherent.

Required visual and biological rules:
• functional anatomy
• credible center of mass
• coherent locomotion
• environment-linked materials
• ecologically plausible scale

Production request:
Create head and upper body emphasizing sensory anatomy and defining materials.

Studio-resolved canonical values:
{{canonicalId}}, {{displayName}}, {{scientificName}}, {{originPlanet}}, {{planetType}}, {{biome}}, {{gravity}}, {{atmosphere}}, {{climate}}, {{temperatureRange}}, {{sizeScale}}, {{coloration}}, {{materials}}, {{distinctiveFeatures}}, {{lockedTraits}}, {{rarity}}, {{artDirection}}.

Preserve every locked canonical field exactly. The result must use NOVERIS Scientific Realism: premium AAA science-fiction quality, museum-grade reference presentation, scientifically plausible structure, coherent materials, restrained coloration unless canon requires otherwise, readable silhouette, consistent scale and anatomy or growth across all views, soft neutral studio lighting, pure black background for isolated references, full requested subject visibility, generous negative space, and PSD-friendly extraction. Habitat and biome outputs may use the canonical environment. No baked-in text, labels, watermark, logo, border, or UI.

Create four clearly different but canon-compliant versions. Preserve body plan or growth architecture, structural counts, environmental adaptations, materials, defining features, and locked coloration. Vary only permitted secondary proportions, markings, surface detail, minor ornamentation, natural wear, and pose or growth irregularity.

Recommended aspect ratio: 1:1.","text, labels, watermark, signature, logo, border, frame, UI, HUD, cropped subject, duplicate anatomy, contradictory anatomy, impossible balance, unsupported structures, random wings, random horns, humanoid default, fantasy armor, weapons, cartoon, anime, toy-like materials, excessive neon, excessive glow, oversaturated colors, busy background, motion blur, low resolution, compression artifacts, generic Earth copy, unsupported fantasy styling, traits conflicting with locked canon",1.0.0,canonical
NB2-CRE-VI-003-HIVE-INTELLIGENCE-ORTHO-FRONT,CRE-VI-003-HIVE-INTELLIGENCE,Hive Intelligence,ortho-front,Orthographic Front,3:4,"Create a canonical NOVERIS Nano Banana 2 visual for Hive Intelligence: Orthographic Front.

Canonical archetype:
A canonical hive intelligence designed as a scientifically plausible lifeform whose body plan, support system, locomotion, sensing, metabolism, ecology, and environmental adaptations are internally coherent.

Required visual and biological rules:
• functional anatomy
• credible center of mass
• coherent locomotion
• environment-linked materials
• ecologically plausible scale

Production request:
Create exact front orthographic view.

Studio-resolved canonical values:
{{canonicalId}}, {{displayName}}, {{scientificName}}, {{originPlanet}}, {{planetType}}, {{biome}}, {{gravity}}, {{atmosphere}}, {{climate}}, {{temperatureRange}}, {{sizeScale}}, {{coloration}}, {{materials}}, {{distinctiveFeatures}}, {{lockedTraits}}, {{rarity}}, {{artDirection}}.

Preserve every locked canonical field exactly. The result must use NOVERIS Scientific Realism: premium AAA science-fiction quality, museum-grade reference presentation, scientifically plausible structure, coherent materials, restrained coloration unless canon requires otherwise, readable silhouette, consistent scale and anatomy or growth across all views, soft neutral studio lighting, pure black background for isolated references, full requested subject visibility, generous negative space, and PSD-friendly extraction. Habitat and biome outputs may use the canonical environment. No baked-in text, labels, watermark, logo, border, or UI.

Create four clearly different but canon-compliant versions. Preserve body plan or growth architecture, structural counts, environmental adaptations, materials, defining features, and locked coloration. Vary only permitted secondary proportions, markings, surface detail, minor ornamentation, natural wear, and pose or growth irregularity.

Recommended aspect ratio: 3:4.","text, labels, watermark, signature, logo, border, frame, UI, HUD, cropped subject, duplicate anatomy, contradictory anatomy, impossible balance, unsupported structures, random wings, random horns, humanoid default, fantasy armor, weapons, cartoon, anime, toy-like materials, excessive neon, excessive glow, oversaturated colors, busy background, motion blur, low resolution, compression artifacts, generic Earth copy, unsupported fantasy styling, traits conflicting with locked canon",1.0.0,canonical
NB2-CRE-VI-003-HIVE-INTELLIGENCE-ORTHO-SIDE,CRE-VI-003-HIVE-INTELLIGENCE,Hive Intelligence,ortho-side,Orthographic Side,3:4,"Create a canonical NOVERIS Nano Banana 2 visual for Hive Intelligence: Orthographic Side.

Canonical archetype:
A canonical hive intelligence designed as a scientifically plausible lifeform whose body plan, support system, locomotion, sensing, metabolism, ecology, and environmental adaptations are internally coherent.

Required visual and biological rules:
• functional anatomy
• credible center of mass
• coherent locomotion
• environment-linked materials
• ecologically plausible scale

Production request:
Create exact side orthographic view.

Studio-resolved canonical values:
{{canonicalId}}, {{displayName}}, {{scientificName}}, {{originPlanet}}, {{planetType}}, {{biome}}, {{gravity}}, {{atmosphere}}, {{climate}}, {{temperatureRange}}, {{sizeScale}}, {{coloration}}, {{materials}}, {{distinctiveFeatures}}, {{lockedTraits}}, {{rarity}}, {{artDirection}}.

Preserve every locked canonical field exactly. The result must use NOVERIS Scientific Realism: premium AAA science-fiction quality, museum-grade reference presentation, scientifically plausible structure, coherent materials, restrained coloration unless canon requires otherwise, readable silhouette, consistent scale and anatomy or growth across all views, soft neutral studio lighting, pure black background for isolated references, full requested subject visibility, generous negative space, and PSD-friendly extraction. Habitat and biome outputs may use the canonical environment. No baked-in text, labels, watermark, logo, border, or UI.

Create four clearly different but canon-compliant versions. Preserve body plan or growth architecture, structural counts, environmental adaptations, materials, defining features, and locked coloration. Vary only permitted secondary proportions, markings, surface detail, minor ornamentation, natural wear, and pose or growth irregularity.

Recommended aspect ratio: 3:4.","text, labels, watermark, signature, logo, border, frame, UI, HUD, cropped subject, duplicate anatomy, contradictory anatomy, impossible balance, unsupported structures, random wings, random horns, humanoid default, fantasy armor, weapons, cartoon, anime, toy-like materials, excessive neon, excessive glow, oversaturated colors, busy background, motion blur, low resolution, compression artifacts, generic Earth copy, unsupported fantasy styling, traits conflicting with locked canon",1.0.0,canonical
NB2-CRE-VI-003-HIVE-INTELLIGENCE-ORTHO-REAR,CRE-VI-003-HIVE-INTELLIGENCE,Hive Intelligence,ortho-rear,Orthographic Rear,3:4,"Create a canonical NOVERIS Nano Banana 2 visual for Hive Intelligence: Orthographic Rear.

Canonical archetype:
A canonical hive intelligence designed as a scientifically plausible lifeform whose body plan, support system, locomotion, sensing, metabolism, ecology, and environmental adaptations are internally coherent.

Required visual and biological rules:
• functional anatomy
• credible center of mass
• coherent locomotion
• environment-linked materials
• ecologically plausible scale

Production request:
Create exact rear orthographic view.

Studio-resolved canonical values:
{{canonicalId}}, {{displayName}}, {{scientificName}}, {{originPlanet}}, {{planetType}}, {{biome}}, {{gravity}}, {{atmosphere}}, {{climate}}, {{temperatureRange}}, {{sizeScale}}, {{coloration}}, {{materials}}, {{distinctiveFeatures}}, {{lockedTraits}}, {{rarity}}, {{artDirection}}.

Preserve every locked canonical field exactly. The result must use NOVERIS Scientific Realism: premium AAA science-fiction quality, museum-grade reference presentation, scientifically plausible structure, coherent materials, restrained coloration unless canon requires otherwise, readable silhouette, consistent scale and anatomy or growth across all views, soft neutral studio lighting, pure black background for isolated references, full requested subject visibility, generous negative space, and PSD-friendly extraction. Habitat and biome outputs may use the canonical environment. No baked-in text, labels, watermark, logo, border, or UI.

Create four clearly different but canon-compliant versions. Preserve body plan or growth architecture, structural counts, environmental adaptations, materials, defining features, and locked coloration. Vary only permitted secondary proportions, markings, surface detail, minor ornamentation, natural wear, and pose or growth irregularity.

Recommended aspect ratio: 3:4.","text, labels, watermark, signature, logo, border, frame, UI, HUD, cropped subject, duplicate anatomy, contradictory anatomy, impossible balance, unsupported structures, random wings, random horns, humanoid default, fantasy armor, weapons, cartoon, anime, toy-like materials, excessive neon, excessive glow, oversaturated colors, busy background, motion blur, low resolution, compression artifacts, generic Earth copy, unsupported fantasy styling, traits conflicting with locked canon",1.0.0,canonical
NB2-CRE-VI-003-HIVE-INTELLIGENCE-TURNAROUND,CRE-VI-003-HIVE-INTELLIGENCE,Hive Intelligence,turnaround,Turnaround Sheet,16:9,"Create a canonical NOVERIS Nano Banana 2 visual for Hive Intelligence: Turnaround Sheet.

Canonical archetype:
A canonical hive intelligence designed as a scientifically plausible lifeform whose body plan, support system, locomotion, sensing, metabolism, ecology, and environmental adaptations are internally coherent.

Required visual and biological rules:
• functional anatomy
• credible center of mass
• coherent locomotion
• environment-linked materials
• ecologically plausible scale

Production request:
Create front, side, rear, top and underside at identical scale.

Studio-resolved canonical values:
{{canonicalId}}, {{displayName}}, {{scientificName}}, {{originPlanet}}, {{planetType}}, {{biome}}, {{gravity}}, {{atmosphere}}, {{climate}}, {{temperatureRange}}, {{sizeScale}}, {{coloration}}, {{materials}}, {{distinctiveFeatures}}, {{lockedTraits}}, {{rarity}}, {{artDirection}}.

Preserve every locked canonical field exactly. The result must use NOVERIS Scientific Realism: premium AAA science-fiction quality, museum-grade reference presentation, scientifically plausible structure, coherent materials, restrained coloration unless canon requires otherwise, readable silhouette, consistent scale and anatomy or growth across all views, soft neutral studio lighting, pure black background for isolated references, full requested subject visibility, generous negative space, and PSD-friendly extraction. Habitat and biome outputs may use the canonical environment. No baked-in text, labels, watermark, logo, border, or UI.

Create four clearly different but canon-compliant versions. Preserve body plan or growth architecture, structural counts, environmental adaptations, materials, defining features, and locked coloration. Vary only permitted secondary proportions, markings, surface detail, minor ornamentation, natural wear, and pose or growth irregularity.

Recommended aspect ratio: 16:9.","text, labels, watermark, signature, logo, border, frame, UI, HUD, cropped subject, duplicate anatomy, contradictory anatomy, impossible balance, unsupported structures, random wings, random horns, humanoid default, fantasy armor, weapons, cartoon, anime, toy-like materials, excessive neon, excessive glow, oversaturated colors, busy background, motion blur, low resolution, compression artifacts, generic Earth copy, unsupported fantasy styling, traits conflicting with locked canon",1.0.0,canonical
NB2-CRE-VI-003-HIVE-INTELLIGENCE-SUPPORT,CRE-VI-003-HIVE-INTELLIGENCE,Hive Intelligence,support,Skeleton or Support Structure,16:9,"Create a canonical NOVERIS Nano Banana 2 visual for Hive Intelligence: Skeleton or Support Structure.

Canonical archetype:
A canonical hive intelligence designed as a scientifically plausible lifeform whose body plan, support system, locomotion, sensing, metabolism, ecology, and environmental adaptations are internally coherent.

Required visual and biological rules:
• functional anatomy
• credible center of mass
• coherent locomotion
• environment-linked materials
• ecologically plausible scale

Production request:
Create complete mechanical support system and joint logic.

Studio-resolved canonical values:
{{canonicalId}}, {{displayName}}, {{scientificName}}, {{originPlanet}}, {{planetType}}, {{biome}}, {{gravity}}, {{atmosphere}}, {{climate}}, {{temperatureRange}}, {{sizeScale}}, {{coloration}}, {{materials}}, {{distinctiveFeatures}}, {{lockedTraits}}, {{rarity}}, {{artDirection}}.

Preserve every locked canonical field exactly. The result must use NOVERIS Scientific Realism: premium AAA science-fiction quality, museum-grade reference presentation, scientifically plausible structure, coherent materials, restrained coloration unless canon requires otherwise, readable silhouette, consistent scale and anatomy or growth across all views, soft neutral studio lighting, pure black background for isolated references, full requested subject visibility, generous negative space, and PSD-friendly extraction. Habitat and biome outputs may use the canonical environment. No baked-in text, labels, watermark, logo, border, or UI.

Create four clearly different but canon-compliant versions. Preserve body plan or growth architecture, structural counts, environmental adaptations, materials, defining features, and locked coloration. Vary only permitted secondary proportions, markings, surface detail, minor ornamentation, natural wear, and pose or growth irregularity.

Recommended aspect ratio: 16:9.","text, labels, watermark, signature, logo, border, frame, UI, HUD, cropped subject, duplicate anatomy, contradictory anatomy, impossible balance, unsupported structures, random wings, random horns, humanoid default, fantasy armor, weapons, cartoon, anime, toy-like materials, excessive neon, excessive glow, oversaturated colors, busy background, motion blur, low resolution, compression artifacts, generic Earth copy, unsupported fantasy styling, traits conflicting with locked canon",1.0.0,canonical
NB2-CRE-VI-003-HIVE-INTELLIGENCE-ANATOMY,CRE-VI-003-HIVE-INTELLIGENCE,Hive Intelligence,anatomy,Internal Anatomy,16:9,"Create a canonical NOVERIS Nano Banana 2 visual for Hive Intelligence: Internal Anatomy.

Canonical archetype:
A canonical hive intelligence designed as a scientifically plausible lifeform whose body plan, support system, locomotion, sensing, metabolism, ecology, and environmental adaptations are internally coherent.

Required visual and biological rules:
• functional anatomy
• credible center of mass
• coherent locomotion
• environment-linked materials
• ecologically plausible scale

Production request:
Create major respiratory, circulatory, digestive, sensory and reproductive systems.

Studio-resolved canonical values:
{{canonicalId}}, {{displayName}}, {{scientificName}}, {{originPlanet}}, {{planetType}}, {{biome}}, {{gravity}}, {{atmosphere}}, {{climate}}, {{temperatureRange}}, {{sizeScale}}, {{coloration}}, {{materials}}, {{distinctiveFeatures}}, {{lockedTraits}}, {{rarity}}, {{artDirection}}.

Preserve every locked canonical field exactly. The result must use NOVERIS Scientific Realism: premium AAA science-fiction quality, museum-grade reference presentation, scientifically plausible structure, coherent materials, restrained coloration unless canon requires otherwise, readable silhouette, consistent scale and anatomy or growth across all views, soft neutral studio lighting, pure black background for isolated references, full requested subject visibility, generous negative space, and PSD-friendly extraction. Habitat and biome outputs may use the canonical environment. No baked-in text, labels, watermark, logo, border, or UI.

Create four clearly different but canon-compliant versions. Preserve body plan or growth architecture, structural counts, environmental adaptations, materials, defining features, and locked coloration. Vary only permitted secondary proportions, markings, surface detail, minor ornamentation, natural wear, and pose or growth irregularity.

Recommended aspect ratio: 16:9.","text, labels, watermark, signature, logo, border, frame, UI, HUD, cropped subject, duplicate anatomy, contradictory anatomy, impossible balance, unsupported structures, random wings, random horns, humanoid default, fantasy armor, weapons, cartoon, anime, toy-like materials, excessive neon, excessive glow, oversaturated colors, busy background, motion blur, low resolution, compression artifacts, generic Earth copy, unsupported fantasy styling, traits conflicting with locked canon",1.0.0,canonical
NB2-CRE-VI-003-HIVE-INTELLIGENCE-LIFECYCLE,CRE-VI-003-HIVE-INTELLIGENCE,Hive Intelligence,lifecycle,Lifecycle Sheet,16:9,"Create a canonical NOVERIS Nano Banana 2 visual for Hive Intelligence: Lifecycle Sheet.

Canonical archetype:
A canonical hive intelligence designed as a scientifically plausible lifeform whose body plan, support system, locomotion, sensing, metabolism, ecology, and environmental adaptations are internally coherent.

Required visual and biological rules:
• functional anatomy
• credible center of mass
• coherent locomotion
• environment-linked materials
• ecologically plausible scale

Production request:
Create reproductive form, juvenile, adult and elder stages.

Studio-resolved canonical values:
{{canonicalId}}, {{displayName}}, {{scientificName}}, {{originPlanet}}, {{planetType}}, {{biome}}, {{gravity}}, {{atmosphere}}, {{climate}}, {{temperatureRange}}, {{sizeScale}}, {{coloration}}, {{materials}}, {{distinctiveFeatures}}, {{lockedTraits}}, {{rarity}}, {{artDirection}}.

Preserve every locked canonical field exactly. The result must use NOVERIS Scientific Realism: premium AAA science-fiction quality, museum-grade reference presentation, scientifically plausible structure, coherent materials, restrained coloration unless canon requires otherwise, readable silhouette, consistent scale and anatomy or growth across all views, soft neutral studio lighting, pure black background for isolated references, full requested subject visibility, generous negative space, and PSD-friendly extraction. Habitat and biome outputs may use the canonical environment. No baked-in text, labels, watermark, logo, border, or UI.

Create four clearly different but canon-compliant versions. Preserve body plan or growth architecture, structural counts, environmental adaptations, materials, defining features, and locked coloration. Vary only permitted secondary proportions, markings, surface detail, minor ornamentation, natural wear, and pose or growth irregularity.

Recommended aspect ratio: 16:9.","text, labels, watermark, signature, logo, border, frame, UI, HUD, cropped subject, duplicate anatomy, contradictory anatomy, impossible balance, unsupported structures, random wings, random horns, humanoid default, fantasy armor, weapons, cartoon, anime, toy-like materials, excessive neon, excessive glow, oversaturated colors, busy background, motion blur, low resolution, compression artifacts, generic Earth copy, unsupported fantasy styling, traits conflicting with locked canon",1.0.0,canonical
NB2-CRE-VI-003-HIVE-INTELLIGENCE-VARIANTS,CRE-VI-003-HIVE-INTELLIGENCE,Hive Intelligence,variants,Canonical Variants,16:9,"Create a canonical NOVERIS Nano Banana 2 visual for Hive Intelligence: Canonical Variants.

Canonical archetype:
A canonical hive intelligence designed as a scientifically plausible lifeform whose body plan, support system, locomotion, sensing, metabolism, ecology, and environmental adaptations are internally coherent.

Required visual and biological rules:
• functional anatomy
• credible center of mass
• coherent locomotion
• environment-linked materials
• ecologically plausible scale

Production request:
Create regional, seasonal, sex, caste, morph or engineered variants.

Studio-resolved canonical values:
{{canonicalId}}, {{displayName}}, {{scientificName}}, {{originPlanet}}, {{planetType}}, {{biome}}, {{gravity}}, {{atmosphere}}, {{climate}}, {{temperatureRange}}, {{sizeScale}}, {{coloration}}, {{materials}}, {{distinctiveFeatures}}, {{lockedTraits}}, {{rarity}}, {{artDirection}}.

Preserve every locked canonical field exactly. The result must use NOVERIS Scientific Realism: premium AAA science-fiction quality, museum-grade reference presentation, scientifically plausible structure, coherent materials, restrained coloration unless canon requires otherwise, readable silhouette, consistent scale and anatomy or growth across all views, soft neutral studio lighting, pure black background for isolated references, full requested subject visibility, generous negative space, and PSD-friendly extraction. Habitat and biome outputs may use the canonical environment. No baked-in text, labels, watermark, logo, border, or UI.

Create four clearly different but canon-compliant versions. Preserve body plan or growth architecture, structural counts, environmental adaptations, materials, defining features, and locked coloration. Vary only permitted secondary proportions, markings, surface detail, minor ornamentation, natural wear, and pose or growth irregularity.

Recommended aspect ratio: 16:9.","text, labels, watermark, signature, logo, border, frame, UI, HUD, cropped subject, duplicate anatomy, contradictory anatomy, impossible balance, unsupported structures, random wings, random horns, humanoid default, fantasy armor, weapons, cartoon, anime, toy-like materials, excessive neon, excessive glow, oversaturated colors, busy background, motion blur, low resolution, compression artifacts, generic Earth copy, unsupported fantasy styling, traits conflicting with locked canon",1.0.0,canonical
NB2-CRE-VI-003-HIVE-INTELLIGENCE-BEHAVIOR,CRE-VI-003-HIVE-INTELLIGENCE,Hive Intelligence,behavior,Behavior Sheet,16:9,"Create a canonical NOVERIS Nano Banana 2 visual for Hive Intelligence: Behavior Sheet.

Canonical archetype:
A canonical hive intelligence designed as a scientifically plausible lifeform whose body plan, support system, locomotion, sensing, metabolism, ecology, and environmental adaptations are internally coherent.

Required visual and biological rules:
• functional anatomy
• credible center of mass
• coherent locomotion
• environment-linked materials
• ecologically plausible scale

Production request:
Create idle, feeding, locomotion, social, defense and rest.

Studio-resolved canonical values:
{{canonicalId}}, {{displayName}}, {{scientificName}}, {{originPlanet}}, {{planetType}}, {{biome}}, {{gravity}}, {{atmosphere}}, {{climate}}, {{temperatureRange}}, {{sizeScale}}, {{coloration}}, {{materials}}, {{distinctiveFeatures}}, {{lockedTraits}}, {{rarity}}, {{artDirection}}.

Preserve every locked canonical field exactly. The result must use NOVERIS Scientific Realism: premium AAA science-fiction quality, museum-grade reference presentation, scientifically plausible structure, coherent materials, restrained coloration unless canon requires otherwise, readable silhouette, consistent scale and anatomy or growth across all views, soft neutral studio lighting, pure black background for isolated references, full requested subject visibility, generous negative space, and PSD-friendly extraction. Habitat and biome outputs may use the canonical environment. No baked-in text, labels, watermark, logo, border, or UI.

Create four clearly different but canon-compliant versions. Preserve body plan or growth architecture, structural counts, environmental adaptations, materials, defining features, and locked coloration. Vary only permitted secondary proportions, markings, surface detail, minor ornamentation, natural wear, and pose or growth irregularity.

Recommended aspect ratio: 16:9.","text, labels, watermark, signature, logo, border, frame, UI, HUD, cropped subject, duplicate anatomy, contradictory anatomy, impossible balance, unsupported structures, random wings, random horns, humanoid default, fantasy armor, weapons, cartoon, anime, toy-like materials, excessive neon, excessive glow, oversaturated colors, busy background, motion blur, low resolution, compression artifacts, generic Earth copy, unsupported fantasy styling, traits conflicting with locked canon",1.0.0,canonical
NB2-CRE-VI-003-HIVE-INTELLIGENCE-HABITAT,CRE-VI-003-HIVE-INTELLIGENCE,Hive Intelligence,habitat,Native Habitat Scene,16:9,"Create a canonical NOVERIS Nano Banana 2 visual for Hive Intelligence: Native Habitat Scene.

Canonical archetype:
A canonical hive intelligence designed as a scientifically plausible lifeform whose body plan, support system, locomotion, sensing, metabolism, ecology, and environmental adaptations are internally coherent.

Required visual and biological rules:
• functional anatomy
• credible center of mass
• coherent locomotion
• environment-linked materials
• ecologically plausible scale

Production request:
Create natural behavior in canonical planet and biome.

Studio-resolved canonical values:
{{canonicalId}}, {{displayName}}, {{scientificName}}, {{originPlanet}}, {{planetType}}, {{biome}}, {{gravity}}, {{atmosphere}}, {{climate}}, {{temperatureRange}}, {{sizeScale}}, {{coloration}}, {{materials}}, {{distinctiveFeatures}}, {{lockedTraits}}, {{rarity}}, {{artDirection}}.

Preserve every locked canonical field exactly. The result must use NOVERIS Scientific Realism: premium AAA science-fiction quality, museum-grade reference presentation, scientifically plausible structure, coherent materials, restrained coloration unless canon requires otherwise, readable silhouette, consistent scale and anatomy or growth across all views, soft neutral studio lighting, pure black background for isolated references, full requested subject visibility, generous negative space, and PSD-friendly extraction. Habitat and biome outputs may use the canonical environment. No baked-in text, labels, watermark, logo, border, or UI.

Create four clearly different but canon-compliant versions. Preserve body plan or growth architecture, structural counts, environmental adaptations, materials, defining features, and locked coloration. Vary only permitted secondary proportions, markings, surface detail, minor ornamentation, natural wear, and pose or growth irregularity.

Recommended aspect ratio: 16:9.","text, labels, watermark, signature, logo, border, frame, UI, HUD, cropped subject, duplicate anatomy, contradictory anatomy, impossible balance, unsupported structures, random wings, random horns, humanoid default, fantasy armor, weapons, cartoon, anime, toy-like materials, excessive neon, excessive glow, oversaturated colors, busy background, motion blur, low resolution, compression artifacts, generic Earth copy, unsupported fantasy styling, traits conflicting with locked canon",1.0.0,canonical
NB2-CRE-VI-003-HIVE-INTELLIGENCE-DISCOVERY,CRE-VI-003-HIVE-INTELLIGENCE,Hive Intelligence,discovery,Discovery Scan,16:9,"Create a canonical NOVERIS Nano Banana 2 visual for Hive Intelligence: Discovery Scan.

Canonical archetype:
A canonical hive intelligence designed as a scientifically plausible lifeform whose body plan, support system, locomotion, sensing, metabolism, ecology, and environmental adaptations are internally coherent.

Required visual and biological rules:
• functional anatomy
• credible center of mass
• coherent locomotion
• environment-linked materials
• ecologically plausible scale

Production request:
Create centered scientific scan source without labels.

Studio-resolved canonical values:
{{canonicalId}}, {{displayName}}, {{scientificName}}, {{originPlanet}}, {{planetType}}, {{biome}}, {{gravity}}, {{atmosphere}}, {{climate}}, {{temperatureRange}}, {{sizeScale}}, {{coloration}}, {{materials}}, {{distinctiveFeatures}}, {{lockedTraits}}, {{rarity}}, {{artDirection}}.

Preserve every locked canonical field exactly. The result must use NOVERIS Scientific Realism: premium AAA science-fiction quality, museum-grade reference presentation, scientifically plausible structure, coherent materials, restrained coloration unless canon requires otherwise, readable silhouette, consistent scale and anatomy or growth across all views, soft neutral studio lighting, pure black background for isolated references, full requested subject visibility, generous negative space, and PSD-friendly extraction. Habitat and biome outputs may use the canonical environment. No baked-in text, labels, watermark, logo, border, or UI.

Create four clearly different but canon-compliant versions. Preserve body plan or growth architecture, structural counts, environmental adaptations, materials, defining features, and locked coloration. Vary only permitted secondary proportions, markings, surface detail, minor ornamentation, natural wear, and pose or growth irregularity.

Recommended aspect ratio: 16:9.","text, labels, watermark, signature, logo, border, frame, UI, HUD, cropped subject, duplicate anatomy, contradictory anatomy, impossible balance, unsupported structures, random wings, random horns, humanoid default, fantasy armor, weapons, cartoon, anime, toy-like materials, excessive neon, excessive glow, oversaturated colors, busy background, motion blur, low resolution, compression artifacts, generic Earth copy, unsupported fantasy styling, traits conflicting with locked canon",1.0.0,canonical
NB2-CRE-VI-003-HIVE-INTELLIGENCE-ICON,CRE-VI-003-HIVE-INTELLIGENCE,Hive Intelligence,icon,UI Icon,1:1,"Create a canonical NOVERIS Nano Banana 2 visual for Hive Intelligence: UI Icon.

Canonical archetype:
A canonical hive intelligence designed as a scientifically plausible lifeform whose body plan, support system, locomotion, sensing, metabolism, ecology, and environmental adaptations are internally coherent.

Required visual and biological rules:
• functional anatomy
• credible center of mass
• coherent locomotion
• environment-linked materials
• ecologically plausible scale

Production request:
Create isolated silhouette readable at 64 pixels.

Studio-resolved canonical values:
{{canonicalId}}, {{displayName}}, {{scientificName}}, {{originPlanet}}, {{planetType}}, {{biome}}, {{gravity}}, {{atmosphere}}, {{climate}}, {{temperatureRange}}, {{sizeScale}}, {{coloration}}, {{materials}}, {{distinctiveFeatures}}, {{lockedTraits}}, {{rarity}}, {{artDirection}}.

Preserve every locked canonical field exactly. The result must use NOVERIS Scientific Realism: premium AAA science-fiction quality, museum-grade reference presentation, scientifically plausible structure, coherent materials, restrained coloration unless canon requires otherwise, readable silhouette, consistent scale and anatomy or growth across all views, soft neutral studio lighting, pure black background for isolated references, full requested subject visibility, generous negative space, and PSD-friendly extraction. Habitat and biome outputs may use the canonical environment. No baked-in text, labels, watermark, logo, border, or UI.

Create four clearly different but canon-compliant versions. Preserve body plan or growth architecture, structural counts, environmental adaptations, materials, defining features, and locked coloration. Vary only permitted secondary proportions, markings, surface detail, minor ornamentation, natural wear, and pose or growth irregularity.

Recommended aspect ratio: 1:1.","text, labels, watermark, signature, logo, border, frame, UI, HUD, cropped subject, duplicate anatomy, contradictory anatomy, impossible balance, unsupported structures, random wings, random horns, humanoid default, fantasy armor, weapons, cartoon, anime, toy-like materials, excessive neon, excessive glow, oversaturated colors, busy background, motion blur, low resolution, compression artifacts, generic Earth copy, unsupported fantasy styling, traits conflicting with locked canon",1.0.0,canonical
NB2-CRE-VI-003-HIVE-INTELLIGENCE-SCALE,CRE-VI-003-HIVE-INTELLIGENCE,Hive Intelligence,scale,Scale Comparison,16:9,"Create a canonical NOVERIS Nano Banana 2 visual for Hive Intelligence: Scale Comparison.

Canonical archetype:
A canonical hive intelligence designed as a scientifically plausible lifeform whose body plan, support system, locomotion, sensing, metabolism, ecology, and environmental adaptations are internally coherent.

Required visual and biological rules:
• functional anatomy
• credible center of mass
• coherent locomotion
• environment-linked materials
• ecologically plausible scale

Production request:
Create side view with adult human silhouette and one-meter bar.

Studio-resolved canonical values:
{{canonicalId}}, {{displayName}}, {{scientificName}}, {{originPlanet}}, {{planetType}}, {{biome}}, {{gravity}}, {{atmosphere}}, {{climate}}, {{temperatureRange}}, {{sizeScale}}, {{coloration}}, {{materials}}, {{distinctiveFeatures}}, {{lockedTraits}}, {{rarity}}, {{artDirection}}.

Preserve every locked canonical field exactly. The result must use NOVERIS Scientific Realism: premium AAA science-fiction quality, museum-grade reference presentation, scientifically plausible structure, coherent materials, restrained coloration unless canon requires otherwise, readable silhouette, consistent scale and anatomy or growth across all views, soft neutral studio lighting, pure black background for isolated references, full requested subject visibility, generous negative space, and PSD-friendly extraction. Habitat and biome outputs may use the canonical environment. No baked-in text, labels, watermark, logo, border, or UI.

Create four clearly different but canon-compliant versions. Preserve body plan or growth architecture, structural counts, environmental adaptations, materials, defining features, and locked coloration. Vary only permitted secondary proportions, markings, surface detail, minor ornamentation, natural wear, and pose or growth irregularity.

Recommended aspect ratio: 16:9.","text, labels, watermark, signature, logo, border, frame, UI, HUD, cropped subject, duplicate anatomy, contradictory anatomy, impossible balance, unsupported structures, random wings, random horns, humanoid default, fantasy armor, weapons, cartoon, anime, toy-like materials, excessive neon, excessive glow, oversaturated colors, busy background, motion blur, low resolution, compression artifacts, generic Earth copy, unsupported fantasy styling, traits conflicting with locked canon",1.0.0,canonical
NB2-CRE-VI-003-HIVE-INTELLIGENCE-SPECIES-PLATE,CRE-VI-003-HIVE-INTELLIGENCE,Hive Intelligence,species-plate,Master Species Plate,16:9,"Create a canonical NOVERIS Nano Banana 2 visual for Hive Intelligence: Master Species Plate.

Canonical archetype:
A canonical hive intelligence designed as a scientifically plausible lifeform whose body plan, support system, locomotion, sensing, metabolism, ecology, and environmental adaptations are internally coherent.

Required visual and biological rules:
• functional anatomy
• credible center of mass
• coherent locomotion
• environment-linked materials
• ecologically plausible scale

Production request:
Create full body, portrait, views, support system, lifecycle, variants, materials and habitat vignette.

Studio-resolved canonical values:
{{canonicalId}}, {{displayName}}, {{scientificName}}, {{originPlanet}}, {{planetType}}, {{biome}}, {{gravity}}, {{atmosphere}}, {{climate}}, {{temperatureRange}}, {{sizeScale}}, {{coloration}}, {{materials}}, {{distinctiveFeatures}}, {{lockedTraits}}, {{rarity}}, {{artDirection}}.

Preserve every locked canonical field exactly. The result must use NOVERIS Scientific Realism: premium AAA science-fiction quality, museum-grade reference presentation, scientifically plausible structure, coherent materials, restrained coloration unless canon requires otherwise, readable silhouette, consistent scale and anatomy or growth across all views, soft neutral studio lighting, pure black background for isolated references, full requested subject visibility, generous negative space, and PSD-friendly extraction. Habitat and biome outputs may use the canonical environment. No baked-in text, labels, watermark, logo, border, or UI.

Create four clearly different but canon-compliant versions. Preserve body plan or growth architecture, structural counts, environmental adaptations, materials, defining features, and locked coloration. Vary only permitted secondary proportions, markings, surface detail, minor ornamentation, natural wear, and pose or growth irregularity.

Recommended aspect ratio: 16:9.","text, labels, watermark, signature, logo, border, frame, UI, HUD, cropped subject, duplicate anatomy, contradictory anatomy, impossible balance, unsupported structures, random wings, random horns, humanoid default, fantasy armor, weapons, cartoon, anime, toy-like materials, excessive neon, excessive glow, oversaturated colors, busy background, motion blur, low resolution, compression artifacts, generic Earth copy, unsupported fantasy styling, traits conflicting with locked canon",1.0.0,canonical
NB2-CRE-VI-003-HIVE-INTELLIGENCE-ANIMATION,CRE-VI-003-HIVE-INTELLIGENCE,Hive Intelligence,animation,Animation Reference,16:9,"Create a canonical NOVERIS Nano Banana 2 visual for Hive Intelligence: Animation Reference.

Canonical archetype:
A canonical hive intelligence designed as a scientifically plausible lifeform whose body plan, support system, locomotion, sensing, metabolism, ecology, and environmental adaptations are internally coherent.

Required visual and biological rules:
• functional anatomy
• credible center of mass
• coherent locomotion
• environment-linked materials
• ecologically plausible scale

Production request:
Create idle, locomotion, interaction, feeding, defense, rest and death or shutdown.

Studio-resolved canonical values:
{{canonicalId}}, {{displayName}}, {{scientificName}}, {{originPlanet}}, {{planetType}}, {{biome}}, {{gravity}}, {{atmosphere}}, {{climate}}, {{temperatureRange}}, {{sizeScale}}, {{coloration}}, {{materials}}, {{distinctiveFeatures}}, {{lockedTraits}}, {{rarity}}, {{artDirection}}.

Preserve every locked canonical field exactly. The result must use NOVERIS Scientific Realism: premium AAA science-fiction quality, museum-grade reference presentation, scientifically plausible structure, coherent materials, restrained coloration unless canon requires otherwise, readable silhouette, consistent scale and anatomy or growth across all views, soft neutral studio lighting, pure black background for isolated references, full requested subject visibility, generous negative space, and PSD-friendly extraction. Habitat and biome outputs may use the canonical environment. No baked-in text, labels, watermark, logo, border, or UI.

Create four clearly different but canon-compliant versions. Preserve body plan or growth architecture, structural counts, environmental adaptations, materials, defining features, and locked coloration. Vary only permitted secondary proportions, markings, surface detail, minor ornamentation, natural wear, and pose or growth irregularity.

Recommended aspect ratio: 16:9.","text, labels, watermark, signature, logo, border, frame, UI, HUD, cropped subject, duplicate anatomy, contradictory anatomy, impossible balance, unsupported structures, random wings, random horns, humanoid default, fantasy armor, weapons, cartoon, anime, toy-like materials, excessive neon, excessive glow, oversaturated colors, busy background, motion blur, low resolution, compression artifacts, generic Earth copy, unsupported fantasy styling, traits conflicting with locked canon",1.0.0,canonical
NB2-CRE-VI-003-HIVE-INTELLIGENCE-PSD,CRE-VI-003-HIVE-INTELLIGENCE,Hive Intelligence,psd,PSD Extraction Board,16:9,"Create a canonical NOVERIS Nano Banana 2 visual for Hive Intelligence: PSD Extraction Board.

Canonical archetype:
A canonical hive intelligence designed as a scientifically plausible lifeform whose body plan, support system, locomotion, sensing, metabolism, ecology, and environmental adaptations are internally coherent.

Required visual and biological rules:
• functional anatomy
• credible center of mass
• coherent locomotion
• environment-linked materials
• ecologically plausible scale

Production request:
Create isolated whole subject, major parts, silhouette and material references.

Studio-resolved canonical values:
{{canonicalId}}, {{displayName}}, {{scientificName}}, {{originPlanet}}, {{planetType}}, {{biome}}, {{gravity}}, {{atmosphere}}, {{climate}}, {{temperatureRange}}, {{sizeScale}}, {{coloration}}, {{materials}}, {{distinctiveFeatures}}, {{lockedTraits}}, {{rarity}}, {{artDirection}}.

Preserve every locked canonical field exactly. The result must use NOVERIS Scientific Realism: premium AAA science-fiction quality, museum-grade reference presentation, scientifically plausible structure, coherent materials, restrained coloration unless canon requires otherwise, readable silhouette, consistent scale and anatomy or growth across all views, soft neutral studio lighting, pure black background for isolated references, full requested subject visibility, generous negative space, and PSD-friendly extraction. Habitat and biome outputs may use the canonical environment. No baked-in text, labels, watermark, logo, border, or UI.

Create four clearly different but canon-compliant versions. Preserve body plan or growth architecture, structural counts, environmental adaptations, materials, defining features, and locked coloration. Vary only permitted secondary proportions, markings, surface detail, minor ornamentation, natural wear, and pose or growth irregularity.

Recommended aspect ratio: 16:9.","text, labels, watermark, signature, logo, border, frame, UI, HUD, cropped subject, duplicate anatomy, contradictory anatomy, impossible balance, unsupported structures, random wings, random horns, humanoid default, fantasy armor, weapons, cartoon, anime, toy-like materials, excessive neon, excessive glow, oversaturated colors, busy background, motion blur, low resolution, compression artifacts, generic Earth copy, unsupported fantasy styling, traits conflicting with locked canon",1.0.0,canonical
NB2-CRE-VI-004-COLLECTIVE-INTELLIGENCE-FULL-BODY,CRE-VI-004-COLLECTIVE-INTELLIGENCE,Collective Intelligence,full-body,Full Body Production Render,3:4,"Create a canonical NOVERIS Nano Banana 2 visual for Collective Intelligence: Full Body Production Render.

Canonical archetype:
A canonical collective intelligence designed as a scientifically plausible lifeform whose body plan, support system, locomotion, sensing, metabolism, ecology, and environmental adaptations are internally coherent.

Required visual and biological rules:
• functional anatomy
• credible center of mass
• coherent locomotion
• environment-linked materials
• ecologically plausible scale

Production request:
Create complete mature specimen, neutral pose, entire body visible.

Studio-resolved canonical values:
{{canonicalId}}, {{displayName}}, {{scientificName}}, {{originPlanet}}, {{planetType}}, {{biome}}, {{gravity}}, {{atmosphere}}, {{climate}}, {{temperatureRange}}, {{sizeScale}}, {{coloration}}, {{materials}}, {{distinctiveFeatures}}, {{lockedTraits}}, {{rarity}}, {{artDirection}}.

Preserve every locked canonical field exactly. The result must use NOVERIS Scientific Realism: premium AAA science-fiction quality, museum-grade reference presentation, scientifically plausible structure, coherent materials, restrained coloration unless canon requires otherwise, readable silhouette, consistent scale and anatomy or growth across all views, soft neutral studio lighting, pure black background for isolated references, full requested subject visibility, generous negative space, and PSD-friendly extraction. Habitat and biome outputs may use the canonical environment. No baked-in text, labels, watermark, logo, border, or UI.

Create four clearly different but canon-compliant versions. Preserve body plan or growth architecture, structural counts, environmental adaptations, materials, defining features, and locked coloration. Vary only permitted secondary proportions, markings, surface detail, minor ornamentation, natural wear, and pose or growth irregularity.

Recommended aspect ratio: 3:4.","text, labels, watermark, signature, logo, border, frame, UI, HUD, cropped subject, duplicate anatomy, contradictory anatomy, impossible balance, unsupported structures, random wings, random horns, humanoid default, fantasy armor, weapons, cartoon, anime, toy-like materials, excessive neon, excessive glow, oversaturated colors, busy background, motion blur, low resolution, compression artifacts, generic Earth copy, unsupported fantasy styling, traits conflicting with locked canon",1.0.0,canonical
NB2-CRE-VI-004-COLLECTIVE-INTELLIGENCE-PORTRAIT,CRE-VI-004-COLLECTIVE-INTELLIGENCE,Collective Intelligence,portrait,Portrait,1:1,"Create a canonical NOVERIS Nano Banana 2 visual for Collective Intelligence: Portrait.

Canonical archetype:
A canonical collective intelligence designed as a scientifically plausible lifeform whose body plan, support system, locomotion, sensing, metabolism, ecology, and environmental adaptations are internally coherent.

Required visual and biological rules:
• functional anatomy
• credible center of mass
• coherent locomotion
• environment-linked materials
• ecologically plausible scale

Production request:
Create head and upper body emphasizing sensory anatomy and defining materials.

Studio-resolved canonical values:
{{canonicalId}}, {{displayName}}, {{scientificName}}, {{originPlanet}}, {{planetType}}, {{biome}}, {{gravity}}, {{atmosphere}}, {{climate}}, {{temperatureRange}}, {{sizeScale}}, {{coloration}}, {{materials}}, {{distinctiveFeatures}}, {{lockedTraits}}, {{rarity}}, {{artDirection}}.

Preserve every locked canonical field exactly. The result must use NOVERIS Scientific Realism: premium AAA science-fiction quality, museum-grade reference presentation, scientifically plausible structure, coherent materials, restrained coloration unless canon requires otherwise, readable silhouette, consistent scale and anatomy or growth across all views, soft neutral studio lighting, pure black background for isolated references, full requested subject visibility, generous negative space, and PSD-friendly extraction. Habitat and biome outputs may use the canonical environment. No baked-in text, labels, watermark, logo, border, or UI.

Create four clearly different but canon-compliant versions. Preserve body plan or growth architecture, structural counts, environmental adaptations, materials, defining features, and locked coloration. Vary only permitted secondary proportions, markings, surface detail, minor ornamentation, natural wear, and pose or growth irregularity.

Recommended aspect ratio: 1:1.","text, labels, watermark, signature, logo, border, frame, UI, HUD, cropped subject, duplicate anatomy, contradictory anatomy, impossible balance, unsupported structures, random wings, random horns, humanoid default, fantasy armor, weapons, cartoon, anime, toy-like materials, excessive neon, excessive glow, oversaturated colors, busy background, motion blur, low resolution, compression artifacts, generic Earth copy, unsupported fantasy styling, traits conflicting with locked canon",1.0.0,canonical
NB2-CRE-VI-004-COLLECTIVE-INTELLIGENCE-ORTHO-FRONT,CRE-VI-004-COLLECTIVE-INTELLIGENCE,Collective Intelligence,ortho-front,Orthographic Front,3:4,"Create a canonical NOVERIS Nano Banana 2 visual for Collective Intelligence: Orthographic Front.

Canonical archetype:
A canonical collective intelligence designed as a scientifically plausible lifeform whose body plan, support system, locomotion, sensing, metabolism, ecology, and environmental adaptations are internally coherent.

Required visual and biological rules:
• functional anatomy
• credible center of mass
• coherent locomotion
• environment-linked materials
• ecologically plausible scale

Production request:
Create exact front orthographic view.

Studio-resolved canonical values:
{{canonicalId}}, {{displayName}}, {{scientificName}}, {{originPlanet}}, {{planetType}}, {{biome}}, {{gravity}}, {{atmosphere}}, {{climate}}, {{temperatureRange}}, {{sizeScale}}, {{coloration}}, {{materials}}, {{distinctiveFeatures}}, {{lockedTraits}}, {{rarity}}, {{artDirection}}.

Preserve every locked canonical field exactly. The result must use NOVERIS Scientific Realism: premium AAA science-fiction quality, museum-grade reference presentation, scientifically plausible structure, coherent materials, restrained coloration unless canon requires otherwise, readable silhouette, consistent scale and anatomy or growth across all views, soft neutral studio lighting, pure black background for isolated references, full requested subject visibility, generous negative space, and PSD-friendly extraction. Habitat and biome outputs may use the canonical environment. No baked-in text, labels, watermark, logo, border, or UI.

Create four clearly different but canon-compliant versions. Preserve body plan or growth architecture, structural counts, environmental adaptations, materials, defining features, and locked coloration. Vary only permitted secondary proportions, markings, surface detail, minor ornamentation, natural wear, and pose or growth irregularity.

Recommended aspect ratio: 3:4.","text, labels, watermark, signature, logo, border, frame, UI, HUD, cropped subject, duplicate anatomy, contradictory anatomy, impossible balance, unsupported structures, random wings, random horns, humanoid default, fantasy armor, weapons, cartoon, anime, toy-like materials, excessive neon, excessive glow, oversaturated colors, busy background, motion blur, low resolution, compression artifacts, generic Earth copy, unsupported fantasy styling, traits conflicting with locked canon",1.0.0,canonical
NB2-CRE-VI-004-COLLECTIVE-INTELLIGENCE-ORTHO-SIDE,CRE-VI-004-COLLECTIVE-INTELLIGENCE,Collective Intelligence,ortho-side,Orthographic Side,3:4,"Create a canonical NOVERIS Nano Banana 2 visual for Collective Intelligence: Orthographic Side.

Canonical archetype:
A canonical collective intelligence designed as a scientifically plausible lifeform whose body plan, support system, locomotion, sensing, metabolism, ecology, and environmental adaptations are internally coherent.

Required visual and biological rules:
• functional anatomy
• credible center of mass
• coherent locomotion
• environment-linked materials
• ecologically plausible scale

Production request:
Create exact side orthographic view.

Studio-resolved canonical values:
{{canonicalId}}, {{displayName}}, {{scientificName}}, {{originPlanet}}, {{planetType}}, {{biome}}, {{gravity}}, {{atmosphere}}, {{climate}}, {{temperatureRange}}, {{sizeScale}}, {{coloration}}, {{materials}}, {{distinctiveFeatures}}, {{lockedTraits}}, {{rarity}}, {{artDirection}}.

Preserve every locked canonical field exactly. The result must use NOVERIS Scientific Realism: premium AAA science-fiction quality, museum-grade reference presentation, scientifically plausible structure, coherent materials, restrained coloration unless canon requires otherwise, readable silhouette, consistent scale and anatomy or growth across all views, soft neutral studio lighting, pure black background for isolated references, full requested subject visibility, generous negative space, and PSD-friendly extraction. Habitat and biome outputs may use the canonical environment. No baked-in text, labels, watermark, logo, border, or UI.

Create four clearly different but canon-compliant versions. Preserve body plan or growth architecture, structural counts, environmental adaptations, materials, defining features, and locked coloration. Vary only permitted secondary proportions, markings, surface detail, minor ornamentation, natural wear, and pose or growth irregularity.

Recommended aspect ratio: 3:4.","text, labels, watermark, signature, logo, border, frame, UI, HUD, cropped subject, duplicate anatomy, contradictory anatomy, impossible balance, unsupported structures, random wings, random horns, humanoid default, fantasy armor, weapons, cartoon, anime, toy-like materials, excessive neon, excessive glow, oversaturated colors, busy background, motion blur, low resolution, compression artifacts, generic Earth copy, unsupported fantasy styling, traits conflicting with locked canon",1.0.0,canonical
NB2-CRE-VI-004-COLLECTIVE-INTELLIGENCE-ORTHO-REAR,CRE-VI-004-COLLECTIVE-INTELLIGENCE,Collective Intelligence,ortho-rear,Orthographic Rear,3:4,"Create a canonical NOVERIS Nano Banana 2 visual for Collective Intelligence: Orthographic Rear.

Canonical archetype:
A canonical collective intelligence designed as a scientifically plausible lifeform whose body plan, support system, locomotion, sensing, metabolism, ecology, and environmental adaptations are internally coherent.

Required visual and biological rules:
• functional anatomy
• credible center of mass
• coherent locomotion
• environment-linked materials
• ecologically plausible scale

Production request:
Create exact rear orthographic view.

Studio-resolved canonical values:
{{canonicalId}}, {{displayName}}, {{scientificName}}, {{originPlanet}}, {{planetType}}, {{biome}}, {{gravity}}, {{atmosphere}}, {{climate}}, {{temperatureRange}}, {{sizeScale}}, {{coloration}}, {{materials}}, {{distinctiveFeatures}}, {{lockedTraits}}, {{rarity}}, {{artDirection}}.

Preserve every locked canonical field exactly. The result must use NOVERIS Scientific Realism: premium AAA science-fiction quality, museum-grade reference presentation, scientifically plausible structure, coherent materials, restrained coloration unless canon requires otherwise, readable silhouette, consistent scale and anatomy or growth across all views, soft neutral studio lighting, pure black background for isolated references, full requested subject visibility, generous negative space, and PSD-friendly extraction. Habitat and biome outputs may use the canonical environment. No baked-in text, labels, watermark, logo, border, or UI.

Create four clearly different but canon-compliant versions. Preserve body plan or growth architecture, structural counts, environmental adaptations, materials, defining features, and locked coloration. Vary only permitted secondary proportions, markings, surface detail, minor ornamentation, natural wear, and pose or growth irregularity.

Recommended aspect ratio: 3:4.","text, labels, watermark, signature, logo, border, frame, UI, HUD, cropped subject, duplicate anatomy, contradictory anatomy, impossible balance, unsupported structures, random wings, random horns, humanoid default, fantasy armor, weapons, cartoon, anime, toy-like materials, excessive neon, excessive glow, oversaturated colors, busy background, motion blur, low resolution, compression artifacts, generic Earth copy, unsupported fantasy styling, traits conflicting with locked canon",1.0.0,canonical
NB2-CRE-VI-004-COLLECTIVE-INTELLIGENCE-TURNAROUND,CRE-VI-004-COLLECTIVE-INTELLIGENCE,Collective Intelligence,turnaround,Turnaround Sheet,16:9,"Create a canonical NOVERIS Nano Banana 2 visual for Collective Intelligence: Turnaround Sheet.

Canonical archetype:
A canonical collective intelligence designed as a scientifically plausible lifeform whose body plan, support system, locomotion, sensing, metabolism, ecology, and environmental adaptations are internally coherent.

Required visual and biological rules:
• functional anatomy
• credible center of mass
• coherent locomotion
• environment-linked materials
• ecologically plausible scale

Production request:
Create front, side, rear, top and underside at identical scale.

Studio-resolved canonical values:
{{canonicalId}}, {{displayName}}, {{scientificName}}, {{originPlanet}}, {{planetType}}, {{biome}}, {{gravity}}, {{atmosphere}}, {{climate}}, {{temperatureRange}}, {{sizeScale}}, {{coloration}}, {{materials}}, {{distinctiveFeatures}}, {{lockedTraits}}, {{rarity}}, {{artDirection}}.

Preserve every locked canonical field exactly. The result must use NOVERIS Scientific Realism: premium AAA science-fiction quality, museum-grade reference presentation, scientifically plausible structure, coherent materials, restrained coloration unless canon requires otherwise, readable silhouette, consistent scale and anatomy or growth across all views, soft neutral studio lighting, pure black background for isolated references, full requested subject visibility, generous negative space, and PSD-friendly extraction. Habitat and biome outputs may use the canonical environment. No baked-in text, labels, watermark, logo, border, or UI.

Create four clearly different but canon-compliant versions. Preserve body plan or growth architecture, structural counts, environmental adaptations, materials, defining features, and locked coloration. Vary only permitted secondary proportions, markings, surface detail, minor ornamentation, natural wear, and pose or growth irregularity.

Recommended aspect ratio: 16:9.","text, labels, watermark, signature, logo, border, frame, UI, HUD, cropped subject, duplicate anatomy, contradictory anatomy, impossible balance, unsupported structures, random wings, random horns, humanoid default, fantasy armor, weapons, cartoon, anime, toy-like materials, excessive neon, excessive glow, oversaturated colors, busy background, motion blur, low resolution, compression artifacts, generic Earth copy, unsupported fantasy styling, traits conflicting with locked canon",1.0.0,canonical
NB2-CRE-VI-004-COLLECTIVE-INTELLIGENCE-SUPPORT,CRE-VI-004-COLLECTIVE-INTELLIGENCE,Collective Intelligence,support,Skeleton or Support Structure,16:9,"Create a canonical NOVERIS Nano Banana 2 visual for Collective Intelligence: Skeleton or Support Structure.

Canonical archetype:
A canonical collective intelligence designed as a scientifically plausible lifeform whose body plan, support system, locomotion, sensing, metabolism, ecology, and environmental adaptations are internally coherent.

Required visual and biological rules:
• functional anatomy
• credible center of mass
• coherent locomotion
• environment-linked materials
• ecologically plausible scale

Production request:
Create complete mechanical support system and joint logic.

Studio-resolved canonical values:
{{canonicalId}}, {{displayName}}, {{scientificName}}, {{originPlanet}}, {{planetType}}, {{biome}}, {{gravity}}, {{atmosphere}}, {{climate}}, {{temperatureRange}}, {{sizeScale}}, {{coloration}}, {{materials}}, {{distinctiveFeatures}}, {{lockedTraits}}, {{rarity}}, {{artDirection}}.

Preserve every locked canonical field exactly. The result must use NOVERIS Scientific Realism: premium AAA science-fiction quality, museum-grade reference presentation, scientifically plausible structure, coherent materials, restrained coloration unless canon requires otherwise, readable silhouette, consistent scale and anatomy or growth across all views, soft neutral studio lighting, pure black background for isolated references, full requested subject visibility, generous negative space, and PSD-friendly extraction. Habitat and biome outputs may use the canonical environment. No baked-in text, labels, watermark, logo, border, or UI.

Create four clearly different but canon-compliant versions. Preserve body plan or growth architecture, structural counts, environmental adaptations, materials, defining features, and locked coloration. Vary only permitted secondary proportions, markings, surface detail, minor ornamentation, natural wear, and pose or growth irregularity.

Recommended aspect ratio: 16:9.","text, labels, watermark, signature, logo, border, frame, UI, HUD, cropped subject, duplicate anatomy, contradictory anatomy, impossible balance, unsupported structures, random wings, random horns, humanoid default, fantasy armor, weapons, cartoon, anime, toy-like materials, excessive neon, excessive glow, oversaturated colors, busy background, motion blur, low resolution, compression artifacts, generic Earth copy, unsupported fantasy styling, traits conflicting with locked canon",1.0.0,canonical
NB2-CRE-VI-004-COLLECTIVE-INTELLIGENCE-ANATOMY,CRE-VI-004-COLLECTIVE-INTELLIGENCE,Collective Intelligence,anatomy,Internal Anatomy,16:9,"Create a canonical NOVERIS Nano Banana 2 visual for Collective Intelligence: Internal Anatomy.

Canonical archetype:
A canonical collective intelligence designed as a scientifically plausible lifeform whose body plan, support system, locomotion, sensing, metabolism, ecology, and environmental adaptations are internally coherent.

Required visual and biological rules:
• functional anatomy
• credible center of mass
• coherent locomotion
• environment-linked materials
• ecologically plausible scale

Production request:
Create major respiratory, circulatory, digestive, sensory and reproductive systems.

Studio-resolved canonical values:
{{canonicalId}}, {{displayName}}, {{scientificName}}, {{originPlanet}}, {{planetType}}, {{biome}}, {{gravity}}, {{atmosphere}}, {{climate}}, {{temperatureRange}}, {{sizeScale}}, {{coloration}}, {{materials}}, {{distinctiveFeatures}}, {{lockedTraits}}, {{rarity}}, {{artDirection}}.

Preserve every locked canonical field exactly. The result must use NOVERIS Scientific Realism: premium AAA science-fiction quality, museum-grade reference presentation, scientifically plausible structure, coherent materials, restrained coloration unless canon requires otherwise, readable silhouette, consistent scale and anatomy or growth across all views, soft neutral studio lighting, pure black background for isolated references, full requested subject visibility, generous negative space, and PSD-friendly extraction. Habitat and biome outputs may use the canonical environment. No baked-in text, labels, watermark, logo, border, or UI.

Create four clearly different but canon-compliant versions. Preserve body plan or growth architecture, structural counts, environmental adaptations, materials, defining features, and locked coloration. Vary only permitted secondary proportions, markings, surface detail, minor ornamentation, natural wear, and pose or growth irregularity.

Recommended aspect ratio: 16:9.","text, labels, watermark, signature, logo, border, frame, UI, HUD, cropped subject, duplicate anatomy, contradictory anatomy, impossible balance, unsupported structures, random wings, random horns, humanoid default, fantasy armor, weapons, cartoon, anime, toy-like materials, excessive neon, excessive glow, oversaturated colors, busy background, motion blur, low resolution, compression artifacts, generic Earth copy, unsupported fantasy styling, traits conflicting with locked canon",1.0.0,canonical
NB2-CRE-VI-004-COLLECTIVE-INTELLIGENCE-LIFECYCLE,CRE-VI-004-COLLECTIVE-INTELLIGENCE,Collective Intelligence,lifecycle,Lifecycle Sheet,16:9,"Create a canonical NOVERIS Nano Banana 2 visual for Collective Intelligence: Lifecycle Sheet.

Canonical archetype:
A canonical collective intelligence designed as a scientifically plausible lifeform whose body plan, support system, locomotion, sensing, metabolism, ecology, and environmental adaptations are internally coherent.

Required visual and biological rules:
• functional anatomy
• credible center of mass
• coherent locomotion
• environment-linked materials
• ecologically plausible scale

Production request:
Create reproductive form, juvenile, adult and elder stages.

Studio-resolved canonical values:
{{canonicalId}}, {{displayName}}, {{scientificName}}, {{originPlanet}}, {{planetType}}, {{biome}}, {{gravity}}, {{atmosphere}}, {{climate}}, {{temperatureRange}}, {{sizeScale}}, {{coloration}}, {{materials}}, {{distinctiveFeatures}}, {{lockedTraits}}, {{rarity}}, {{artDirection}}.

Preserve every locked canonical field exactly. The result must use NOVERIS Scientific Realism: premium AAA science-fiction quality, museum-grade reference presentation, scientifically plausible structure, coherent materials, restrained coloration unless canon requires otherwise, readable silhouette, consistent scale and anatomy or growth across all views, soft neutral studio lighting, pure black background for isolated references, full requested subject visibility, generous negative space, and PSD-friendly extraction. Habitat and biome outputs may use the canonical environment. No baked-in text, labels, watermark, logo, border, or UI.

Create four clearly different but canon-compliant versions. Preserve body plan or growth architecture, structural counts, environmental adaptations, materials, defining features, and locked coloration. Vary only permitted secondary proportions, markings, surface detail, minor ornamentation, natural wear, and pose or growth irregularity.

Recommended aspect ratio: 16:9.","text, labels, watermark, signature, logo, border, frame, UI, HUD, cropped subject, duplicate anatomy, contradictory anatomy, impossible balance, unsupported structures, random wings, random horns, humanoid default, fantasy armor, weapons, cartoon, anime, toy-like materials, excessive neon, excessive glow, oversaturated colors, busy background, motion blur, low resolution, compression artifacts, generic Earth copy, unsupported fantasy styling, traits conflicting with locked canon",1.0.0,canonical
NB2-CRE-VI-004-COLLECTIVE-INTELLIGENCE-VARIANTS,CRE-VI-004-COLLECTIVE-INTELLIGENCE,Collective Intelligence,variants,Canonical Variants,16:9,"Create a canonical NOVERIS Nano Banana 2 visual for Collective Intelligence: Canonical Variants.

Canonical archetype:
A canonical collective intelligence designed as a scientifically plausible lifeform whose body plan, support system, locomotion, sensing, metabolism, ecology, and environmental adaptations are internally coherent.

Required visual and biological rules:
• functional anatomy
• credible center of mass
• coherent locomotion
• environment-linked materials
• ecologically plausible scale

Production request:
Create regional, seasonal, sex, caste, morph or engineered variants.

Studio-resolved canonical values:
{{canonicalId}}, {{displayName}}, {{scientificName}}, {{originPlanet}}, {{planetType}}, {{biome}}, {{gravity}}, {{atmosphere}}, {{climate}}, {{temperatureRange}}, {{sizeScale}}, {{coloration}}, {{materials}}, {{distinctiveFeatures}}, {{lockedTraits}}, {{rarity}}, {{artDirection}}.

Preserve every locked canonical field exactly. The result must use NOVERIS Scientific Realism: premium AAA science-fiction quality, museum-grade reference presentation, scientifically plausible structure, coherent materials, restrained coloration unless canon requires otherwise, readable silhouette, consistent scale and anatomy or growth across all views, soft neutral studio lighting, pure black background for isolated references, full requested subject visibility, generous negative space, and PSD-friendly extraction. Habitat and biome outputs may use the canonical environment. No baked-in text, labels, watermark, logo, border, or UI.

Create four clearly different but canon-compliant versions. Preserve body plan or growth architecture, structural counts, environmental adaptations, materials, defining features, and locked coloration. Vary only permitted secondary proportions, markings, surface detail, minor ornamentation, natural wear, and pose or growth irregularity.

Recommended aspect ratio: 16:9.","text, labels, watermark, signature, logo, border, frame, UI, HUD, cropped subject, duplicate anatomy, contradictory anatomy, impossible balance, unsupported structures, random wings, random horns, humanoid default, fantasy armor, weapons, cartoon, anime, toy-like materials, excessive neon, excessive glow, oversaturated colors, busy background, motion blur, low resolution, compression artifacts, generic Earth copy, unsupported fantasy styling, traits conflicting with locked canon",1.0.0,canonical
NB2-CRE-VI-004-COLLECTIVE-INTELLIGENCE-BEHAVIOR,CRE-VI-004-COLLECTIVE-INTELLIGENCE,Collective Intelligence,behavior,Behavior Sheet,16:9,"Create a canonical NOVERIS Nano Banana 2 visual for Collective Intelligence: Behavior Sheet.

Canonical archetype:
A canonical collective intelligence designed as a scientifically plausible lifeform whose body plan, support system, locomotion, sensing, metabolism, ecology, and environmental adaptations are internally coherent.

Required visual and biological rules:
• functional anatomy
• credible center of mass
• coherent locomotion
• environment-linked materials
• ecologically plausible scale

Production request:
Create idle, feeding, locomotion, social, defense and rest.

Studio-resolved canonical values:
{{canonicalId}}, {{displayName}}, {{scientificName}}, {{originPlanet}}, {{planetType}}, {{biome}}, {{gravity}}, {{atmosphere}}, {{climate}}, {{temperatureRange}}, {{sizeScale}}, {{coloration}}, {{materials}}, {{distinctiveFeatures}}, {{lockedTraits}}, {{rarity}}, {{artDirection}}.

Preserve every locked canonical field exactly. The result must use NOVERIS Scientific Realism: premium AAA science-fiction quality, museum-grade reference presentation, scientifically plausible structure, coherent materials, restrained coloration unless canon requires otherwise, readable silhouette, consistent scale and anatomy or growth across all views, soft neutral studio lighting, pure black background for isolated references, full requested subject visibility, generous negative space, and PSD-friendly extraction. Habitat and biome outputs may use the canonical environment. No baked-in text, labels, watermark, logo, border, or UI.

Create four clearly different but canon-compliant versions. Preserve body plan or growth architecture, structural counts, environmental adaptations, materials, defining features, and locked coloration. Vary only permitted secondary proportions, markings, surface detail, minor ornamentation, natural wear, and pose or growth irregularity.

Recommended aspect ratio: 16:9.","text, labels, watermark, signature, logo, border, frame, UI, HUD, cropped subject, duplicate anatomy, contradictory anatomy, impossible balance, unsupported structures, random wings, random horns, humanoid default, fantasy armor, weapons, cartoon, anime, toy-like materials, excessive neon, excessive glow, oversaturated colors, busy background, motion blur, low resolution, compression artifacts, generic Earth copy, unsupported fantasy styling, traits conflicting with locked canon",1.0.0,canonical
NB2-CRE-VI-004-COLLECTIVE-INTELLIGENCE-HABITAT,CRE-VI-004-COLLECTIVE-INTELLIGENCE,Collective Intelligence,habitat,Native Habitat Scene,16:9,"Create a canonical NOVERIS Nano Banana 2 visual for Collective Intelligence: Native Habitat Scene.

Canonical archetype:
A canonical collective intelligence designed as a scientifically plausible lifeform whose body plan, support system, locomotion, sensing, metabolism, ecology, and environmental adaptations are internally coherent.

Required visual and biological rules:
• functional anatomy
• credible center of mass
• coherent locomotion
• environment-linked materials
• ecologically plausible scale

Production request:
Create natural behavior in canonical planet and biome.

Studio-resolved canonical values:
{{canonicalId}}, {{displayName}}, {{scientificName}}, {{originPlanet}}, {{planetType}}, {{biome}}, {{gravity}}, {{atmosphere}}, {{climate}}, {{temperatureRange}}, {{sizeScale}}, {{coloration}}, {{materials}}, {{distinctiveFeatures}}, {{lockedTraits}}, {{rarity}}, {{artDirection}}.

Preserve every locked canonical field exactly. The result must use NOVERIS Scientific Realism: premium AAA science-fiction quality, museum-grade reference presentation, scientifically plausible structure, coherent materials, restrained coloration unless canon requires otherwise, readable silhouette, consistent scale and anatomy or growth across all views, soft neutral studio lighting, pure black background for isolated references, full requested subject visibility, generous negative space, and PSD-friendly extraction. Habitat and biome outputs may use the canonical environment. No baked-in text, labels, watermark, logo, border, or UI.

Create four clearly different but canon-compliant versions. Preserve body plan or growth architecture, structural counts, environmental adaptations, materials, defining features, and locked coloration. Vary only permitted secondary proportions, markings, surface detail, minor ornamentation, natural wear, and pose or growth irregularity.

Recommended aspect ratio: 16:9.","text, labels, watermark, signature, logo, border, frame, UI, HUD, cropped subject, duplicate anatomy, contradictory anatomy, impossible balance, unsupported structures, random wings, random horns, humanoid default, fantasy armor, weapons, cartoon, anime, toy-like materials, excessive neon, excessive glow, oversaturated colors, busy background, motion blur, low resolution, compression artifacts, generic Earth copy, unsupported fantasy styling, traits conflicting with locked canon",1.0.0,canonical
NB2-CRE-VI-004-COLLECTIVE-INTELLIGENCE-DISCOVERY,CRE-VI-004-COLLECTIVE-INTELLIGENCE,Collective Intelligence,discovery,Discovery Scan,16:9,"Create a canonical NOVERIS Nano Banana 2 visual for Collective Intelligence: Discovery Scan.

Canonical archetype:
A canonical collective intelligence designed as a scientifically plausible lifeform whose body plan, support system, locomotion, sensing, metabolism, ecology, and environmental adaptations are internally coherent.

Required visual and biological rules:
• functional anatomy
• credible center of mass
• coherent locomotion
• environment-linked materials
• ecologically plausible scale

Production request:
Create centered scientific scan source without labels.

Studio-resolved canonical values:
{{canonicalId}}, {{displayName}}, {{scientificName}}, {{originPlanet}}, {{planetType}}, {{biome}}, {{gravity}}, {{atmosphere}}, {{climate}}, {{temperatureRange}}, {{sizeScale}}, {{coloration}}, {{materials}}, {{distinctiveFeatures}}, {{lockedTraits}}, {{rarity}}, {{artDirection}}.

Preserve every locked canonical field exactly. The result must use NOVERIS Scientific Realism: premium AAA science-fiction quality, museum-grade reference presentation, scientifically plausible structure, coherent materials, restrained coloration unless canon requires otherwise, readable silhouette, consistent scale and anatomy or growth across all views, soft neutral studio lighting, pure black background for isolated references, full requested subject visibility, generous negative space, and PSD-friendly extraction. Habitat and biome outputs may use the canonical environment. No baked-in text, labels, watermark, logo, border, or UI.

Create four clearly different but canon-compliant versions. Preserve body plan or growth architecture, structural counts, environmental adaptations, materials, defining features, and locked coloration. Vary only permitted secondary proportions, markings, surface detail, minor ornamentation, natural wear, and pose or growth irregularity.

Recommended aspect ratio: 16:9.","text, labels, watermark, signature, logo, border, frame, UI, HUD, cropped subject, duplicate anatomy, contradictory anatomy, impossible balance, unsupported structures, random wings, random horns, humanoid default, fantasy armor, weapons, cartoon, anime, toy-like materials, excessive neon, excessive glow, oversaturated colors, busy background, motion blur, low resolution, compression artifacts, generic Earth copy, unsupported fantasy styling, traits conflicting with locked canon",1.0.0,canonical
NB2-CRE-VI-004-COLLECTIVE-INTELLIGENCE-ICON,CRE-VI-004-COLLECTIVE-INTELLIGENCE,Collective Intelligence,icon,UI Icon,1:1,"Create a canonical NOVERIS Nano Banana 2 visual for Collective Intelligence: UI Icon.

Canonical archetype:
A canonical collective intelligence designed as a scientifically plausible lifeform whose body plan, support system, locomotion, sensing, metabolism, ecology, and environmental adaptations are internally coherent.

Required visual and biological rules:
• functional anatomy
• credible center of mass
• coherent locomotion
• environment-linked materials
• ecologically plausible scale

Production request:
Create isolated silhouette readable at 64 pixels.

Studio-resolved canonical values:
{{canonicalId}}, {{displayName}}, {{scientificName}}, {{originPlanet}}, {{planetType}}, {{biome}}, {{gravity}}, {{atmosphere}}, {{climate}}, {{temperatureRange}}, {{sizeScale}}, {{coloration}}, {{materials}}, {{distinctiveFeatures}}, {{lockedTraits}}, {{rarity}}, {{artDirection}}.

Preserve every locked canonical field exactly. The result must use NOVERIS Scientific Realism: premium AAA science-fiction quality, museum-grade reference presentation, scientifically plausible structure, coherent materials, restrained coloration unless canon requires otherwise, readable silhouette, consistent scale and anatomy or growth across all views, soft neutral studio lighting, pure black background for isolated references, full requested subject visibility, generous negative space, and PSD-friendly extraction. Habitat and biome outputs may use the canonical environment. No baked-in text, labels, watermark, logo, border, or UI.

Create four clearly different but canon-compliant versions. Preserve body plan or growth architecture, structural counts, environmental adaptations, materials, defining features, and locked coloration. Vary only permitted secondary proportions, markings, surface detail, minor ornamentation, natural wear, and pose or growth irregularity.

Recommended aspect ratio: 1:1.","text, labels, watermark, signature, logo, border, frame, UI, HUD, cropped subject, duplicate anatomy, contradictory anatomy, impossible balance, unsupported structures, random wings, random horns, humanoid default, fantasy armor, weapons, cartoon, anime, toy-like materials, excessive neon, excessive glow, oversaturated colors, busy background, motion blur, low resolution, compression artifacts, generic Earth copy, unsupported fantasy styling, traits conflicting with locked canon",1.0.0,canonical
NB2-CRE-VI-004-COLLECTIVE-INTELLIGENCE-SCALE,CRE-VI-004-COLLECTIVE-INTELLIGENCE,Collective Intelligence,scale,Scale Comparison,16:9,"Create a canonical NOVERIS Nano Banana 2 visual for Collective Intelligence: Scale Comparison.

Canonical archetype:
A canonical collective intelligence designed as a scientifically plausible lifeform whose body plan, support system, locomotion, sensing, metabolism, ecology, and environmental adaptations are internally coherent.

Required visual and biological rules:
• functional anatomy
• credible center of mass
• coherent locomotion
• environment-linked materials
• ecologically plausible scale

Production request:
Create side view with adult human silhouette and one-meter bar.

Studio-resolved canonical values:
{{canonicalId}}, {{displayName}}, {{scientificName}}, {{originPlanet}}, {{planetType}}, {{biome}}, {{gravity}}, {{atmosphere}}, {{climate}}, {{temperatureRange}}, {{sizeScale}}, {{coloration}}, {{materials}}, {{distinctiveFeatures}}, {{lockedTraits}}, {{rarity}}, {{artDirection}}.

Preserve every locked canonical field exactly. The result must use NOVERIS Scientific Realism: premium AAA science-fiction quality, museum-grade reference presentation, scientifically plausible structure, coherent materials, restrained coloration unless canon requires otherwise, readable silhouette, consistent scale and anatomy or growth across all views, soft neutral studio lighting, pure black background for isolated references, full requested subject visibility, generous negative space, and PSD-friendly extraction. Habitat and biome outputs may use the canonical environment. No baked-in text, labels, watermark, logo, border, or UI.

Create four clearly different but canon-compliant versions. Preserve body plan or growth architecture, structural counts, environmental adaptations, materials, defining features, and locked coloration. Vary only permitted secondary proportions, markings, surface detail, minor ornamentation, natural wear, and pose or growth irregularity.

Recommended aspect ratio: 16:9.","text, labels, watermark, signature, logo, border, frame, UI, HUD, cropped subject, duplicate anatomy, contradictory anatomy, impossible balance, unsupported structures, random wings, random horns, humanoid default, fantasy armor, weapons, cartoon, anime, toy-like materials, excessive neon, excessive glow, oversaturated colors, busy background, motion blur, low resolution, compression artifacts, generic Earth copy, unsupported fantasy styling, traits conflicting with locked canon",1.0.0,canonical
NB2-CRE-VI-004-COLLECTIVE-INTELLIGENCE-SPECIES-PLATE,CRE-VI-004-COLLECTIVE-INTELLIGENCE,Collective Intelligence,species-plate,Master Species Plate,16:9,"Create a canonical NOVERIS Nano Banana 2 visual for Collective Intelligence: Master Species Plate.

Canonical archetype:
A canonical collective intelligence designed as a scientifically plausible lifeform whose body plan, support system, locomotion, sensing, metabolism, ecology, and environmental adaptations are internally coherent.

Required visual and biological rules:
• functional anatomy
• credible center of mass
• coherent locomotion
• environment-linked materials
• ecologically plausible scale

Production request:
Create full body, portrait, views, support system, lifecycle, variants, materials and habitat vignette.

Studio-resolved canonical values:
{{canonicalId}}, {{displayName}}, {{scientificName}}, {{originPlanet}}, {{planetType}}, {{biome}}, {{gravity}}, {{atmosphere}}, {{climate}}, {{temperatureRange}}, {{sizeScale}}, {{coloration}}, {{materials}}, {{distinctiveFeatures}}, {{lockedTraits}}, {{rarity}}, {{artDirection}}.

Preserve every locked canonical field exactly. The result must use NOVERIS Scientific Realism: premium AAA science-fiction quality, museum-grade reference presentation, scientifically plausible structure, coherent materials, restrained coloration unless canon requires otherwise, readable silhouette, consistent scale and anatomy or growth across all views, soft neutral studio lighting, pure black background for isolated references, full requested subject visibility, generous negative space, and PSD-friendly extraction. Habitat and biome outputs may use the canonical environment. No baked-in text, labels, watermark, logo, border, or UI.

Create four clearly different but canon-compliant versions. Preserve body plan or growth architecture, structural counts, environmental adaptations, materials, defining features, and locked coloration. Vary only permitted secondary proportions, markings, surface detail, minor ornamentation, natural wear, and pose or growth irregularity.

Recommended aspect ratio: 16:9.","text, labels, watermark, signature, logo, border, frame, UI, HUD, cropped subject, duplicate anatomy, contradictory anatomy, impossible balance, unsupported structures, random wings, random horns, humanoid default, fantasy armor, weapons, cartoon, anime, toy-like materials, excessive neon, excessive glow, oversaturated colors, busy background, motion blur, low resolution, compression artifacts, generic Earth copy, unsupported fantasy styling, traits conflicting with locked canon",1.0.0,canonical
NB2-CRE-VI-004-COLLECTIVE-INTELLIGENCE-ANIMATION,CRE-VI-004-COLLECTIVE-INTELLIGENCE,Collective Intelligence,animation,Animation Reference,16:9,"Create a canonical NOVERIS Nano Banana 2 visual for Collective Intelligence: Animation Reference.

Canonical archetype:
A canonical collective intelligence designed as a scientifically plausible lifeform whose body plan, support system, locomotion, sensing, metabolism, ecology, and environmental adaptations are internally coherent.

Required visual and biological rules:
• functional anatomy
• credible center of mass
• coherent locomotion
• environment-linked materials
• ecologically plausible scale

Production request:
Create idle, locomotion, interaction, feeding, defense, rest and death or shutdown.

Studio-resolved canonical values:
{{canonicalId}}, {{displayName}}, {{scientificName}}, {{originPlanet}}, {{planetType}}, {{biome}}, {{gravity}}, {{atmosphere}}, {{climate}}, {{temperatureRange}}, {{sizeScale}}, {{coloration}}, {{materials}}, {{distinctiveFeatures}}, {{lockedTraits}}, {{rarity}}, {{artDirection}}.

Preserve every locked canonical field exactly. The result must use NOVERIS Scientific Realism: premium AAA science-fiction quality, museum-grade reference presentation, scientifically plausible structure, coherent materials, restrained coloration unless canon requires otherwise, readable silhouette, consistent scale and anatomy or growth across all views, soft neutral studio lighting, pure black background for isolated references, full requested subject visibility, generous negative space, and PSD-friendly extraction. Habitat and biome outputs may use the canonical environment. No baked-in text, labels, watermark, logo, border, or UI.

Create four clearly different but canon-compliant versions. Preserve body plan or growth architecture, structural counts, environmental adaptations, materials, defining features, and locked coloration. Vary only permitted secondary proportions, markings, surface detail, minor ornamentation, natural wear, and pose or growth irregularity.

Recommended aspect ratio: 16:9.","text, labels, watermark, signature, logo, border, frame, UI, HUD, cropped subject, duplicate anatomy, contradictory anatomy, impossible balance, unsupported structures, random wings, random horns, humanoid default, fantasy armor, weapons, cartoon, anime, toy-like materials, excessive neon, excessive glow, oversaturated colors, busy background, motion blur, low resolution, compression artifacts, generic Earth copy, unsupported fantasy styling, traits conflicting with locked canon",1.0.0,canonical
NB2-CRE-VI-004-COLLECTIVE-INTELLIGENCE-PSD,CRE-VI-004-COLLECTIVE-INTELLIGENCE,Collective Intelligence,psd,PSD Extraction Board,16:9,"Create a canonical NOVERIS Nano Banana 2 visual for Collective Intelligence: PSD Extraction Board.

Canonical archetype:
A canonical collective intelligence designed as a scientifically plausible lifeform whose body plan, support system, locomotion, sensing, metabolism, ecology, and environmental adaptations are internally coherent.

Required visual and biological rules:
• functional anatomy
• credible center of mass
• coherent locomotion
• environment-linked materials
• ecologically plausible scale

Production request:
Create isolated whole subject, major parts, silhouette and material references.

Studio-resolved canonical values:
{{canonicalId}}, {{displayName}}, {{scientificName}}, {{originPlanet}}, {{planetType}}, {{biome}}, {{gravity}}, {{atmosphere}}, {{climate}}, {{temperatureRange}}, {{sizeScale}}, {{coloration}}, {{materials}}, {{distinctiveFeatures}}, {{lockedTraits}}, {{rarity}}, {{artDirection}}.

Preserve every locked canonical field exactly. The result must use NOVERIS Scientific Realism: premium AAA science-fiction quality, museum-grade reference presentation, scientifically plausible structure, coherent materials, restrained coloration unless canon requires otherwise, readable silhouette, consistent scale and anatomy or growth across all views, soft neutral studio lighting, pure black background for isolated references, full requested subject visibility, generous negative space, and PSD-friendly extraction. Habitat and biome outputs may use the canonical environment. No baked-in text, labels, watermark, logo, border, or UI.

Create four clearly different but canon-compliant versions. Preserve body plan or growth architecture, structural counts, environmental adaptations, materials, defining features, and locked coloration. Vary only permitted secondary proportions, markings, surface detail, minor ornamentation, natural wear, and pose or growth irregularity.

Recommended aspect ratio: 16:9.","text, labels, watermark, signature, logo, border, frame, UI, HUD, cropped subject, duplicate anatomy, contradictory anatomy, impossible balance, unsupported structures, random wings, random horns, humanoid default, fantasy armor, weapons, cartoon, anime, toy-like materials, excessive neon, excessive glow, oversaturated colors, busy background, motion blur, low resolution, compression artifacts, generic Earth copy, unsupported fantasy styling, traits conflicting with locked canon",1.0.0,canonical
NB2-CRE-VI-005-DISTRIBUTED-COGNITION-FULL-BODY,CRE-VI-005-DISTRIBUTED-COGNITION,Distributed Cognition,full-body,Full Body Production Render,3:4,"Create a canonical NOVERIS Nano Banana 2 visual for Distributed Cognition: Full Body Production Render.

Canonical archetype:
A canonical distributed cognition designed as a scientifically plausible lifeform whose body plan, support system, locomotion, sensing, metabolism, ecology, and environmental adaptations are internally coherent.

Required visual and biological rules:
• functional anatomy
• credible center of mass
• coherent locomotion
• environment-linked materials
• ecologically plausible scale

Production request:
Create complete mature specimen, neutral pose, entire body visible.

Studio-resolved canonical values:
{{canonicalId}}, {{displayName}}, {{scientificName}}, {{originPlanet}}, {{planetType}}, {{biome}}, {{gravity}}, {{atmosphere}}, {{climate}}, {{temperatureRange}}, {{sizeScale}}, {{coloration}}, {{materials}}, {{distinctiveFeatures}}, {{lockedTraits}}, {{rarity}}, {{artDirection}}.

Preserve every locked canonical field exactly. The result must use NOVERIS Scientific Realism: premium AAA science-fiction quality, museum-grade reference presentation, scientifically plausible structure, coherent materials, restrained coloration unless canon requires otherwise, readable silhouette, consistent scale and anatomy or growth across all views, soft neutral studio lighting, pure black background for isolated references, full requested subject visibility, generous negative space, and PSD-friendly extraction. Habitat and biome outputs may use the canonical environment. No baked-in text, labels, watermark, logo, border, or UI.

Create four clearly different but canon-compliant versions. Preserve body plan or growth architecture, structural counts, environmental adaptations, materials, defining features, and locked coloration. Vary only permitted secondary proportions, markings, surface detail, minor ornamentation, natural wear, and pose or growth irregularity.

Recommended aspect ratio: 3:4.","text, labels, watermark, signature, logo, border, frame, UI, HUD, cropped subject, duplicate anatomy, contradictory anatomy, impossible balance, unsupported structures, random wings, random horns, humanoid default, fantasy armor, weapons, cartoon, anime, toy-like materials, excessive neon, excessive glow, oversaturated colors, busy background, motion blur, low resolution, compression artifacts, generic Earth copy, unsupported fantasy styling, traits conflicting with locked canon",1.0.0,canonical
NB2-CRE-VI-005-DISTRIBUTED-COGNITION-PORTRAIT,CRE-VI-005-DISTRIBUTED-COGNITION,Distributed Cognition,portrait,Portrait,1:1,"Create a canonical NOVERIS Nano Banana 2 visual for Distributed Cognition: Portrait.

Canonical archetype:
A canonical distributed cognition designed as a scientifically plausible lifeform whose body plan, support system, locomotion, sensing, metabolism, ecology, and environmental adaptations are internally coherent.

Required visual and biological rules:
• functional anatomy
• credible center of mass
• coherent locomotion
• environment-linked materials
• ecologically plausible scale

Production request:
Create head and upper body emphasizing sensory anatomy and defining materials.

Studio-resolved canonical values:
{{canonicalId}}, {{displayName}}, {{scientificName}}, {{originPlanet}}, {{planetType}}, {{biome}}, {{gravity}}, {{atmosphere}}, {{climate}}, {{temperatureRange}}, {{sizeScale}}, {{coloration}}, {{materials}}, {{distinctiveFeatures}}, {{lockedTraits}}, {{rarity}}, {{artDirection}}.

Preserve every locked canonical field exactly. The result must use NOVERIS Scientific Realism: premium AAA science-fiction quality, museum-grade reference presentation, scientifically plausible structure, coherent materials, restrained coloration unless canon requires otherwise, readable silhouette, consistent scale and anatomy or growth across all views, soft neutral studio lighting, pure black background for isolated references, full requested subject visibility, generous negative space, and PSD-friendly extraction. Habitat and biome outputs may use the canonical environment. No baked-in text, labels, watermark, logo, border, or UI.

Create four clearly different but canon-compliant versions. Preserve body plan or growth architecture, structural counts, environmental adaptations, materials, defining features, and locked coloration. Vary only permitted secondary proportions, markings, surface detail, minor ornamentation, natural wear, and pose or growth irregularity.

Recommended aspect ratio: 1:1.","text, labels, watermark, signature, logo, border, frame, UI, HUD, cropped subject, duplicate anatomy, contradictory anatomy, impossible balance, unsupported structures, random wings, random horns, humanoid default, fantasy armor, weapons, cartoon, anime, toy-like materials, excessive neon, excessive glow, oversaturated colors, busy background, motion blur, low resolution, compression artifacts, generic Earth copy, unsupported fantasy styling, traits conflicting with locked canon",1.0.0,canonical
NB2-CRE-VI-005-DISTRIBUTED-COGNITION-ORTHO-FRONT,CRE-VI-005-DISTRIBUTED-COGNITION,Distributed Cognition,ortho-front,Orthographic Front,3:4,"Create a canonical NOVERIS Nano Banana 2 visual for Distributed Cognition: Orthographic Front.

Canonical archetype:
A canonical distributed cognition designed as a scientifically plausible lifeform whose body plan, support system, locomotion, sensing, metabolism, ecology, and environmental adaptations are internally coherent.

Required visual and biological rules:
• functional anatomy
• credible center of mass
• coherent locomotion
• environment-linked materials
• ecologically plausible scale

Production request:
Create exact front orthographic view.

Studio-resolved canonical values:
{{canonicalId}}, {{displayName}}, {{scientificName}}, {{originPlanet}}, {{planetType}}, {{biome}}, {{gravity}}, {{atmosphere}}, {{climate}}, {{temperatureRange}}, {{sizeScale}}, {{coloration}}, {{materials}}, {{distinctiveFeatures}}, {{lockedTraits}}, {{rarity}}, {{artDirection}}.

Preserve every locked canonical field exactly. The result must use NOVERIS Scientific Realism: premium AAA science-fiction quality, museum-grade reference presentation, scientifically plausible structure, coherent materials, restrained coloration unless canon requires otherwise, readable silhouette, consistent scale and anatomy or growth across all views, soft neutral studio lighting, pure black background for isolated references, full requested subject visibility, generous negative space, and PSD-friendly extraction. Habitat and biome outputs may use the canonical environment. No baked-in text, labels, watermark, logo, border, or UI.

Create four clearly different but canon-compliant versions. Preserve body plan or growth architecture, structural counts, environmental adaptations, materials, defining features, and locked coloration. Vary only permitted secondary proportions, markings, surface detail, minor ornamentation, natural wear, and pose or growth irregularity.

Recommended aspect ratio: 3:4.","text, labels, watermark, signature, logo, border, frame, UI, HUD, cropped subject, duplicate anatomy, contradictory anatomy, impossible balance, unsupported structures, random wings, random horns, humanoid default, fantasy armor, weapons, cartoon, anime, toy-like materials, excessive neon, excessive glow, oversaturated colors, busy background, motion blur, low resolution, compression artifacts, generic Earth copy, unsupported fantasy styling, traits conflicting with locked canon",1.0.0,canonical
NB2-CRE-VI-005-DISTRIBUTED-COGNITION-ORTHO-SIDE,CRE-VI-005-DISTRIBUTED-COGNITION,Distributed Cognition,ortho-side,Orthographic Side,3:4,"Create a canonical NOVERIS Nano Banana 2 visual for Distributed Cognition: Orthographic Side.

Canonical archetype:
A canonical distributed cognition designed as a scientifically plausible lifeform whose body plan, support system, locomotion, sensing, metabolism, ecology, and environmental adaptations are internally coherent.

Required visual and biological rules:
• functional anatomy
• credible center of mass
• coherent locomotion
• environment-linked materials
• ecologically plausible scale

Production request:
Create exact side orthographic view.

Studio-resolved canonical values:
{{canonicalId}}, {{displayName}}, {{scientificName}}, {{originPlanet}}, {{planetType}}, {{biome}}, {{gravity}}, {{atmosphere}}, {{climate}}, {{temperatureRange}}, {{sizeScale}}, {{coloration}}, {{materials}}, {{distinctiveFeatures}}, {{lockedTraits}}, {{rarity}}, {{artDirection}}.

Preserve every locked canonical field exactly. The result must use NOVERIS Scientific Realism: premium AAA science-fiction quality, museum-grade reference presentation, scientifically plausible structure, coherent materials, restrained coloration unless canon requires otherwise, readable silhouette, consistent scale and anatomy or growth across all views, soft neutral studio lighting, pure black background for isolated references, full requested subject visibility, generous negative space, and PSD-friendly extraction. Habitat and biome outputs may use the canonical environment. No baked-in text, labels, watermark, logo, border, or UI.

Create four clearly different but canon-compliant versions. Preserve body plan or growth architecture, structural counts, environmental adaptations, materials, defining features, and locked coloration. Vary only permitted secondary proportions, markings, surface detail, minor ornamentation, natural wear, and pose or growth irregularity.

Recommended aspect ratio: 3:4.","text, labels, watermark, signature, logo, border, frame, UI, HUD, cropped subject, duplicate anatomy, contradictory anatomy, impossible balance, unsupported structures, random wings, random horns, humanoid default, fantasy armor, weapons, cartoon, anime, toy-like materials, excessive neon, excessive glow, oversaturated colors, busy background, motion blur, low resolution, compression artifacts, generic Earth copy, unsupported fantasy styling, traits conflicting with locked canon",1.0.0,canonical
NB2-CRE-VI-005-DISTRIBUTED-COGNITION-ORTHO-REAR,CRE-VI-005-DISTRIBUTED-COGNITION,Distributed Cognition,ortho-rear,Orthographic Rear,3:4,"Create a canonical NOVERIS Nano Banana 2 visual for Distributed Cognition: Orthographic Rear.

Canonical archetype:
A canonical distributed cognition designed as a scientifically plausible lifeform whose body plan, support system, locomotion, sensing, metabolism, ecology, and environmental adaptations are internally coherent.

Required visual and biological rules:
• functional anatomy
• credible center of mass
• coherent locomotion
• environment-linked materials
• ecologically plausible scale

Production request:
Create exact rear orthographic view.

Studio-resolved canonical values:
{{canonicalId}}, {{displayName}}, {{scientificName}}, {{originPlanet}}, {{planetType}}, {{biome}}, {{gravity}}, {{atmosphere}}, {{climate}}, {{temperatureRange}}, {{sizeScale}}, {{coloration}}, {{materials}}, {{distinctiveFeatures}}, {{lockedTraits}}, {{rarity}}, {{artDirection}}.

Preserve every locked canonical field exactly. The result must use NOVERIS Scientific Realism: premium AAA science-fiction quality, museum-grade reference presentation, scientifically plausible structure, coherent materials, restrained coloration unless canon requires otherwise, readable silhouette, consistent scale and anatomy or growth across all views, soft neutral studio lighting, pure black background for isolated references, full requested subject visibility, generous negative space, and PSD-friendly extraction. Habitat and biome outputs may use the canonical environment. No baked-in text, labels, watermark, logo, border, or UI.

Create four clearly different but canon-compliant versions. Preserve body plan or growth architecture, structural counts, environmental adaptations, materials, defining features, and locked coloration. Vary only permitted secondary proportions, markings, surface detail, minor ornamentation, natural wear, and pose or growth irregularity.

Recommended aspect ratio: 3:4.","text, labels, watermark, signature, logo, border, frame, UI, HUD, cropped subject, duplicate anatomy, contradictory anatomy, impossible balance, unsupported structures, random wings, random horns, humanoid default, fantasy armor, weapons, cartoon, anime, toy-like materials, excessive neon, excessive glow, oversaturated colors, busy background, motion blur, low resolution, compression artifacts, generic Earth copy, unsupported fantasy styling, traits conflicting with locked canon",1.0.0,canonical
NB2-CRE-VI-005-DISTRIBUTED-COGNITION-TURNAROUND,CRE-VI-005-DISTRIBUTED-COGNITION,Distributed Cognition,turnaround,Turnaround Sheet,16:9,"Create a canonical NOVERIS Nano Banana 2 visual for Distributed Cognition: Turnaround Sheet.

Canonical archetype:
A canonical distributed cognition designed as a scientifically plausible lifeform whose body plan, support system, locomotion, sensing, metabolism, ecology, and environmental adaptations are internally coherent.

Required visual and biological rules:
• functional anatomy
• credible center of mass
• coherent locomotion
• environment-linked materials
• ecologically plausible scale

Production request:
Create front, side, rear, top and underside at identical scale.

Studio-resolved canonical values:
{{canonicalId}}, {{displayName}}, {{scientificName}}, {{originPlanet}}, {{planetType}}, {{biome}}, {{gravity}}, {{atmosphere}}, {{climate}}, {{temperatureRange}}, {{sizeScale}}, {{coloration}}, {{materials}}, {{distinctiveFeatures}}, {{lockedTraits}}, {{rarity}}, {{artDirection}}.

Preserve every locked canonical field exactly. The result must use NOVERIS Scientific Realism: premium AAA science-fiction quality, museum-grade reference presentation, scientifically plausible structure, coherent materials, restrained coloration unless canon requires otherwise, readable silhouette, consistent scale and anatomy or growth across all views, soft neutral studio lighting, pure black background for isolated references, full requested subject visibility, generous negative space, and PSD-friendly extraction. Habitat and biome outputs may use the canonical environment. No baked-in text, labels, watermark, logo, border, or UI.

Create four clearly different but canon-compliant versions. Preserve body plan or growth architecture, structural counts, environmental adaptations, materials, defining features, and locked coloration. Vary only permitted secondary proportions, markings, surface detail, minor ornamentation, natural wear, and pose or growth irregularity.

Recommended aspect ratio: 16:9.","text, labels, watermark, signature, logo, border, frame, UI, HUD, cropped subject, duplicate anatomy, contradictory anatomy, impossible balance, unsupported structures, random wings, random horns, humanoid default, fantasy armor, weapons, cartoon, anime, toy-like materials, excessive neon, excessive glow, oversaturated colors, busy background, motion blur, low resolution, compression artifacts, generic Earth copy, unsupported fantasy styling, traits conflicting with locked canon",1.0.0,canonical
NB2-CRE-VI-005-DISTRIBUTED-COGNITION-SUPPORT,CRE-VI-005-DISTRIBUTED-COGNITION,Distributed Cognition,support,Skeleton or Support Structure,16:9,"Create a canonical NOVERIS Nano Banana 2 visual for Distributed Cognition: Skeleton or Support Structure.

Canonical archetype:
A canonical distributed cognition designed as a scientifically plausible lifeform whose body plan, support system, locomotion, sensing, metabolism, ecology, and environmental adaptations are internally coherent.

Required visual and biological rules:
• functional anatomy
• credible center of mass
• coherent locomotion
• environment-linked materials
• ecologically plausible scale

Production request:
Create complete mechanical support system and joint logic.

Studio-resolved canonical values:
{{canonicalId}}, {{displayName}}, {{scientificName}}, {{originPlanet}}, {{planetType}}, {{biome}}, {{gravity}}, {{atmosphere}}, {{climate}}, {{temperatureRange}}, {{sizeScale}}, {{coloration}}, {{materials}}, {{distinctiveFeatures}}, {{lockedTraits}}, {{rarity}}, {{artDirection}}.

Preserve every locked canonical field exactly. The result must use NOVERIS Scientific Realism: premium AAA science-fiction quality, museum-grade reference presentation, scientifically plausible structure, coherent materials, restrained coloration unless canon requires otherwise, readable silhouette, consistent scale and anatomy or growth across all views, soft neutral studio lighting, pure black background for isolated references, full requested subject visibility, generous negative space, and PSD-friendly extraction. Habitat and biome outputs may use the canonical environment. No baked-in text, labels, watermark, logo, border, or UI.

Create four clearly different but canon-compliant versions. Preserve body plan or growth architecture, structural counts, environmental adaptations, materials, defining features, and locked coloration. Vary only permitted secondary proportions, markings, surface detail, minor ornamentation, natural wear, and pose or growth irregularity.

Recommended aspect ratio: 16:9.","text, labels, watermark, signature, logo, border, frame, UI, HUD, cropped subject, duplicate anatomy, contradictory anatomy, impossible balance, unsupported structures, random wings, random horns, humanoid default, fantasy armor, weapons, cartoon, anime, toy-like materials, excessive neon, excessive glow, oversaturated colors, busy background, motion blur, low resolution, compression artifacts, generic Earth copy, unsupported fantasy styling, traits conflicting with locked canon",1.0.0,canonical
NB2-CRE-VI-005-DISTRIBUTED-COGNITION-ANATOMY,CRE-VI-005-DISTRIBUTED-COGNITION,Distributed Cognition,anatomy,Internal Anatomy,16:9,"Create a canonical NOVERIS Nano Banana 2 visual for Distributed Cognition: Internal Anatomy.

Canonical archetype:
A canonical distributed cognition designed as a scientifically plausible lifeform whose body plan, support system, locomotion, sensing, metabolism, ecology, and environmental adaptations are internally coherent.

Required visual and biological rules:
• functional anatomy
• credible center of mass
• coherent locomotion
• environment-linked materials
• ecologically plausible scale

Production request:
Create major respiratory, circulatory, digestive, sensory and reproductive systems.

Studio-resolved canonical values:
{{canonicalId}}, {{displayName}}, {{scientificName}}, {{originPlanet}}, {{planetType}}, {{biome}}, {{gravity}}, {{atmosphere}}, {{climate}}, {{temperatureRange}}, {{sizeScale}}, {{coloration}}, {{materials}}, {{distinctiveFeatures}}, {{lockedTraits}}, {{rarity}}, {{artDirection}}.

Preserve every locked canonical field exactly. The result must use NOVERIS Scientific Realism: premium AAA science-fiction quality, museum-grade reference presentation, scientifically plausible structure, coherent materials, restrained coloration unless canon requires otherwise, readable silhouette, consistent scale and anatomy or growth across all views, soft neutral studio lighting, pure black background for isolated references, full requested subject visibility, generous negative space, and PSD-friendly extraction. Habitat and biome outputs may use the canonical environment. No baked-in text, labels, watermark, logo, border, or UI.

Create four clearly different but canon-compliant versions. Preserve body plan or growth architecture, structural counts, environmental adaptations, materials, defining features, and locked coloration. Vary only permitted secondary proportions, markings, surface detail, minor ornamentation, natural wear, and pose or growth irregularity.

Recommended aspect ratio: 16:9.","text, labels, watermark, signature, logo, border, frame, UI, HUD, cropped subject, duplicate anatomy, contradictory anatomy, impossible balance, unsupported structures, random wings, random horns, humanoid default, fantasy armor, weapons, cartoon, anime, toy-like materials, excessive neon, excessive glow, oversaturated colors, busy background, motion blur, low resolution, compression artifacts, generic Earth copy, unsupported fantasy styling, traits conflicting with locked canon",1.0.0,canonical
NB2-CRE-VI-005-DISTRIBUTED-COGNITION-LIFECYCLE,CRE-VI-005-DISTRIBUTED-COGNITION,Distributed Cognition,lifecycle,Lifecycle Sheet,16:9,"Create a canonical NOVERIS Nano Banana 2 visual for Distributed Cognition: Lifecycle Sheet.

Canonical archetype:
A canonical distributed cognition designed as a scientifically plausible lifeform whose body plan, support system, locomotion, sensing, metabolism, ecology, and environmental adaptations are internally coherent.

Required visual and biological rules:
• functional anatomy
• credible center of mass
• coherent locomotion
• environment-linked materials
• ecologically plausible scale

Production request:
Create reproductive form, juvenile, adult and elder stages.

Studio-resolved canonical values:
{{canonicalId}}, {{displayName}}, {{scientificName}}, {{originPlanet}}, {{planetType}}, {{biome}}, {{gravity}}, {{atmosphere}}, {{climate}}, {{temperatureRange}}, {{sizeScale}}, {{coloration}}, {{materials}}, {{distinctiveFeatures}}, {{lockedTraits}}, {{rarity}}, {{artDirection}}.

Preserve every locked canonical field exactly. The result must use NOVERIS Scientific Realism: premium AAA science-fiction quality, museum-grade reference presentation, scientifically plausible structure, coherent materials, restrained coloration unless canon requires otherwise, readable silhouette, consistent scale and anatomy or growth across all views, soft neutral studio lighting, pure black background for isolated references, full requested subject visibility, generous negative space, and PSD-friendly extraction. Habitat and biome outputs may use the canonical environment. No baked-in text, labels, watermark, logo, border, or UI.

Create four clearly different but canon-compliant versions. Preserve body plan or growth architecture, structural counts, environmental adaptations, materials, defining features, and locked coloration. Vary only permitted secondary proportions, markings, surface detail, minor ornamentation, natural wear, and pose or growth irregularity.

Recommended aspect ratio: 16:9.","text, labels, watermark, signature, logo, border, frame, UI, HUD, cropped subject, duplicate anatomy, contradictory anatomy, impossible balance, unsupported structures, random wings, random horns, humanoid default, fantasy armor, weapons, cartoon, anime, toy-like materials, excessive neon, excessive glow, oversaturated colors, busy background, motion blur, low resolution, compression artifacts, generic Earth copy, unsupported fantasy styling, traits conflicting with locked canon",1.0.0,canonical
NB2-CRE-VI-005-DISTRIBUTED-COGNITION-VARIANTS,CRE-VI-005-DISTRIBUTED-COGNITION,Distributed Cognition,variants,Canonical Variants,16:9,"Create a canonical NOVERIS Nano Banana 2 visual for Distributed Cognition: Canonical Variants.

Canonical archetype:
A canonical distributed cognition designed as a scientifically plausible lifeform whose body plan, support system, locomotion, sensing, metabolism, ecology, and environmental adaptations are internally coherent.

Required visual and biological rules:
• functional anatomy
• credible center of mass
• coherent locomotion
• environment-linked materials
• ecologically plausible scale

Production request:
Create regional, seasonal, sex, caste, morph or engineered variants.

Studio-resolved canonical values:
{{canonicalId}}, {{displayName}}, {{scientificName}}, {{originPlanet}}, {{planetType}}, {{biome}}, {{gravity}}, {{atmosphere}}, {{climate}}, {{temperatureRange}}, {{sizeScale}}, {{coloration}}, {{materials}}, {{distinctiveFeatures}}, {{lockedTraits}}, {{rarity}}, {{artDirection}}.

Preserve every locked canonical field exactly. The result must use NOVERIS Scientific Realism: premium AAA science-fiction quality, museum-grade reference presentation, scientifically plausible structure, coherent materials, restrained coloration unless canon requires otherwise, readable silhouette, consistent scale and anatomy or growth across all views, soft neutral studio lighting, pure black background for isolated references, full requested subject visibility, generous negative space, and PSD-friendly extraction. Habitat and biome outputs may use the canonical environment. No baked-in text, labels, watermark, logo, border, or UI.

Create four clearly different but canon-compliant versions. Preserve body plan or growth architecture, structural counts, environmental adaptations, materials, defining features, and locked coloration. Vary only permitted secondary proportions, markings, surface detail, minor ornamentation, natural wear, and pose or growth irregularity.

Recommended aspect ratio: 16:9.","text, labels, watermark, signature, logo, border, frame, UI, HUD, cropped subject, duplicate anatomy, contradictory anatomy, impossible balance, unsupported structures, random wings, random horns, humanoid default, fantasy armor, weapons, cartoon, anime, toy-like materials, excessive neon, excessive glow, oversaturated colors, busy background, motion blur, low resolution, compression artifacts, generic Earth copy, unsupported fantasy styling, traits conflicting with locked canon",1.0.0,canonical
NB2-CRE-VI-005-DISTRIBUTED-COGNITION-BEHAVIOR,CRE-VI-005-DISTRIBUTED-COGNITION,Distributed Cognition,behavior,Behavior Sheet,16:9,"Create a canonical NOVERIS Nano Banana 2 visual for Distributed Cognition: Behavior Sheet.

Canonical archetype:
A canonical distributed cognition designed as a scientifically plausible lifeform whose body plan, support system, locomotion, sensing, metabolism, ecology, and environmental adaptations are internally coherent.

Required visual and biological rules:
• functional anatomy
• credible center of mass
• coherent locomotion
• environment-linked materials
• ecologically plausible scale

Production request:
Create idle, feeding, locomotion, social, defense and rest.

Studio-resolved canonical values:
{{canonicalId}}, {{displayName}}, {{scientificName}}, {{originPlanet}}, {{planetType}}, {{biome}}, {{gravity}}, {{atmosphere}}, {{climate}}, {{temperatureRange}}, {{sizeScale}}, {{coloration}}, {{materials}}, {{distinctiveFeatures}}, {{lockedTraits}}, {{rarity}}, {{artDirection}}.

Preserve every locked canonical field exactly. The result must use NOVERIS Scientific Realism: premium AAA science-fiction quality, museum-grade reference presentation, scientifically plausible structure, coherent materials, restrained coloration unless canon requires otherwise, readable silhouette, consistent scale and anatomy or growth across all views, soft neutral studio lighting, pure black background for isolated references, full requested subject visibility, generous negative space, and PSD-friendly extraction. Habitat and biome outputs may use the canonical environment. No baked-in text, labels, watermark, logo, border, or UI.

Create four clearly different but canon-compliant versions. Preserve body plan or growth architecture, structural counts, environmental adaptations, materials, defining features, and locked coloration. Vary only permitted secondary proportions, markings, surface detail, minor ornamentation, natural wear, and pose or growth irregularity.

Recommended aspect ratio: 16:9.","text, labels, watermark, signature, logo, border, frame, UI, HUD, cropped subject, duplicate anatomy, contradictory anatomy, impossible balance, unsupported structures, random wings, random horns, humanoid default, fantasy armor, weapons, cartoon, anime, toy-like materials, excessive neon, excessive glow, oversaturated colors, busy background, motion blur, low resolution, compression artifacts, generic Earth copy, unsupported fantasy styling, traits conflicting with locked canon",1.0.0,canonical
NB2-CRE-VI-005-DISTRIBUTED-COGNITION-HABITAT,CRE-VI-005-DISTRIBUTED-COGNITION,Distributed Cognition,habitat,Native Habitat Scene,16:9,"Create a canonical NOVERIS Nano Banana 2 visual for Distributed Cognition: Native Habitat Scene.

Canonical archetype:
A canonical distributed cognition designed as a scientifically plausible lifeform whose body plan, support system, locomotion, sensing, metabolism, ecology, and environmental adaptations are internally coherent.

Required visual and biological rules:
• functional anatomy
• credible center of mass
• coherent locomotion
• environment-linked materials
• ecologically plausible scale

Production request:
Create natural behavior in canonical planet and biome.

Studio-resolved canonical values:
{{canonicalId}}, {{displayName}}, {{scientificName}}, {{originPlanet}}, {{planetType}}, {{biome}}, {{gravity}}, {{atmosphere}}, {{climate}}, {{temperatureRange}}, {{sizeScale}}, {{coloration}}, {{materials}}, {{distinctiveFeatures}}, {{lockedTraits}}, {{rarity}}, {{artDirection}}.

Preserve every locked canonical field exactly. The result must use NOVERIS Scientific Realism: premium AAA science-fiction quality, museum-grade reference presentation, scientifically plausible structure, coherent materials, restrained coloration unless canon requires otherwise, readable silhouette, consistent scale and anatomy or growth across all views, soft neutral studio lighting, pure black background for isolated references, full requested subject visibility, generous negative space, and PSD-friendly extraction. Habitat and biome outputs may use the canonical environment. No baked-in text, labels, watermark, logo, border, or UI.

Create four clearly different but canon-compliant versions. Preserve body plan or growth architecture, structural counts, environmental adaptations, materials, defining features, and locked coloration. Vary only permitted secondary proportions, markings, surface detail, minor ornamentation, natural wear, and pose or growth irregularity.

Recommended aspect ratio: 16:9.","text, labels, watermark, signature, logo, border, frame, UI, HUD, cropped subject, duplicate anatomy, contradictory anatomy, impossible balance, unsupported structures, random wings, random horns, humanoid default, fantasy armor, weapons, cartoon, anime, toy-like materials, excessive neon, excessive glow, oversaturated colors, busy background, motion blur, low resolution, compression artifacts, generic Earth copy, unsupported fantasy styling, traits conflicting with locked canon",1.0.0,canonical
NB2-CRE-VI-005-DISTRIBUTED-COGNITION-DISCOVERY,CRE-VI-005-DISTRIBUTED-COGNITION,Distributed Cognition,discovery,Discovery Scan,16:9,"Create a canonical NOVERIS Nano Banana 2 visual for Distributed Cognition: Discovery Scan.

Canonical archetype:
A canonical distributed cognition designed as a scientifically plausible lifeform whose body plan, support system, locomotion, sensing, metabolism, ecology, and environmental adaptations are internally coherent.

Required visual and biological rules:
• functional anatomy
• credible center of mass
• coherent locomotion
• environment-linked materials
• ecologically plausible scale

Production request:
Create centered scientific scan source without labels.

Studio-resolved canonical values:
{{canonicalId}}, {{displayName}}, {{scientificName}}, {{originPlanet}}, {{planetType}}, {{biome}}, {{gravity}}, {{atmosphere}}, {{climate}}, {{temperatureRange}}, {{sizeScale}}, {{coloration}}, {{materials}}, {{distinctiveFeatures}}, {{lockedTraits}}, {{rarity}}, {{artDirection}}.

Preserve every locked canonical field exactly. The result must use NOVERIS Scientific Realism: premium AAA science-fiction quality, museum-grade reference presentation, scientifically plausible structure, coherent materials, restrained coloration unless canon requires otherwise, readable silhouette, consistent scale and anatomy or growth across all views, soft neutral studio lighting, pure black background for isolated references, full requested subject visibility, generous negative space, and PSD-friendly extraction. Habitat and biome outputs may use the canonical environment. No baked-in text, labels, watermark, logo, border, or UI.

Create four clearly different but canon-compliant versions. Preserve body plan or growth architecture, structural counts, environmental adaptations, materials, defining features, and locked coloration. Vary only permitted secondary proportions, markings, surface detail, minor ornamentation, natural wear, and pose or growth irregularity.

Recommended aspect ratio: 16:9.","text, labels, watermark, signature, logo, border, frame, UI, HUD, cropped subject, duplicate anatomy, contradictory anatomy, impossible balance, unsupported structures, random wings, random horns, humanoid default, fantasy armor, weapons, cartoon, anime, toy-like materials, excessive neon, excessive glow, oversaturated colors, busy background, motion blur, low resolution, compression artifacts, generic Earth copy, unsupported fantasy styling, traits conflicting with locked canon",1.0.0,canonical
NB2-CRE-VI-005-DISTRIBUTED-COGNITION-ICON,CRE-VI-005-DISTRIBUTED-COGNITION,Distributed Cognition,icon,UI Icon,1:1,"Create a canonical NOVERIS Nano Banana 2 visual for Distributed Cognition: UI Icon.

Canonical archetype:
A canonical distributed cognition designed as a scientifically plausible lifeform whose body plan, support system, locomotion, sensing, metabolism, ecology, and environmental adaptations are internally coherent.

Required visual and biological rules:
• functional anatomy
• credible center of mass
• coherent locomotion
• environment-linked materials
• ecologically plausible scale

Production request:
Create isolated silhouette readable at 64 pixels.

Studio-resolved canonical values:
{{canonicalId}}, {{displayName}}, {{scientificName}}, {{originPlanet}}, {{planetType}}, {{biome}}, {{gravity}}, {{atmosphere}}, {{climate}}, {{temperatureRange}}, {{sizeScale}}, {{coloration}}, {{materials}}, {{distinctiveFeatures}}, {{lockedTraits}}, {{rarity}}, {{artDirection}}.

Preserve every locked canonical field exactly. The result must use NOVERIS Scientific Realism: premium AAA science-fiction quality, museum-grade reference presentation, scientifically plausible structure, coherent materials, restrained coloration unless canon requires otherwise, readable silhouette, consistent scale and anatomy or growth across all views, soft neutral studio lighting, pure black background for isolated references, full requested subject visibility, generous negative space, and PSD-friendly extraction. Habitat and biome outputs may use the canonical environment. No baked-in text, labels, watermark, logo, border, or UI.

Create four clearly different but canon-compliant versions. Preserve body plan or growth architecture, structural counts, environmental adaptations, materials, defining features, and locked coloration. Vary only permitted secondary proportions, markings, surface detail, minor ornamentation, natural wear, and pose or growth irregularity.

Recommended aspect ratio: 1:1.","text, labels, watermark, signature, logo, border, frame, UI, HUD, cropped subject, duplicate anatomy, contradictory anatomy, impossible balance, unsupported structures, random wings, random horns, humanoid default, fantasy armor, weapons, cartoon, anime, toy-like materials, excessive neon, excessive glow, oversaturated colors, busy background, motion blur, low resolution, compression artifacts, generic Earth copy, unsupported fantasy styling, traits conflicting with locked canon",1.0.0,canonical
NB2-CRE-VI-005-DISTRIBUTED-COGNITION-SCALE,CRE-VI-005-DISTRIBUTED-COGNITION,Distributed Cognition,scale,Scale Comparison,16:9,"Create a canonical NOVERIS Nano Banana 2 visual for Distributed Cognition: Scale Comparison.

Canonical archetype:
A canonical distributed cognition designed as a scientifically plausible lifeform whose body plan, support system, locomotion, sensing, metabolism, ecology, and environmental adaptations are internally coherent.

Required visual and biological rules:
• functional anatomy
• credible center of mass
• coherent locomotion
• environment-linked materials
• ecologically plausible scale

Production request:
Create side view with adult human silhouette and one-meter bar.

Studio-resolved canonical values:
{{canonicalId}}, {{displayName}}, {{scientificName}}, {{originPlanet}}, {{planetType}}, {{biome}}, {{gravity}}, {{atmosphere}}, {{climate}}, {{temperatureRange}}, {{sizeScale}}, {{coloration}}, {{materials}}, {{distinctiveFeatures}}, {{lockedTraits}}, {{rarity}}, {{artDirection}}.

Preserve every locked canonical field exactly. The result must use NOVERIS Scientific Realism: premium AAA science-fiction quality, museum-grade reference presentation, scientifically plausible structure, coherent materials, restrained coloration unless canon requires otherwise, readable silhouette, consistent scale and anatomy or growth across all views, soft neutral studio lighting, pure black background for isolated references, full requested subject visibility, generous negative space, and PSD-friendly extraction. Habitat and biome outputs may use the canonical environment. No baked-in text, labels, watermark, logo, border, or UI.

Create four clearly different but canon-compliant versions. Preserve body plan or growth architecture, structural counts, environmental adaptations, materials, defining features, and locked coloration. Vary only permitted secondary proportions, markings, surface detail, minor ornamentation, natural wear, and pose or growth irregularity.

Recommended aspect ratio: 16:9.","text, labels, watermark, signature, logo, border, frame, UI, HUD, cropped subject, duplicate anatomy, contradictory anatomy, impossible balance, unsupported structures, random wings, random horns, humanoid default, fantasy armor, weapons, cartoon, anime, toy-like materials, excessive neon, excessive glow, oversaturated colors, busy background, motion blur, low resolution, compression artifacts, generic Earth copy, unsupported fantasy styling, traits conflicting with locked canon",1.0.0,canonical
NB2-CRE-VI-005-DISTRIBUTED-COGNITION-SPECIES-PLATE,CRE-VI-005-DISTRIBUTED-COGNITION,Distributed Cognition,species-plate,Master Species Plate,16:9,"Create a canonical NOVERIS Nano Banana 2 visual for Distributed Cognition: Master Species Plate.

Canonical archetype:
A canonical distributed cognition designed as a scientifically plausible lifeform whose body plan, support system, locomotion, sensing, metabolism, ecology, and environmental adaptations are internally coherent.

Required visual and biological rules:
• functional anatomy
• credible center of mass
• coherent locomotion
• environment-linked materials
• ecologically plausible scale

Production request:
Create full body, portrait, views, support system, lifecycle, variants, materials and habitat vignette.

Studio-resolved canonical values:
{{canonicalId}}, {{displayName}}, {{scientificName}}, {{originPlanet}}, {{planetType}}, {{biome}}, {{gravity}}, {{atmosphere}}, {{climate}}, {{temperatureRange}}, {{sizeScale}}, {{coloration}}, {{materials}}, {{distinctiveFeatures}}, {{lockedTraits}}, {{rarity}}, {{artDirection}}.

Preserve every locked canonical field exactly. The result must use NOVERIS Scientific Realism: premium AAA science-fiction quality, museum-grade reference presentation, scientifically plausible structure, coherent materials, restrained coloration unless canon requires otherwise, readable silhouette, consistent scale and anatomy or growth across all views, soft neutral studio lighting, pure black background for isolated references, full requested subject visibility, generous negative space, and PSD-friendly extraction. Habitat and biome outputs may use the canonical environment. No baked-in text, labels, watermark, logo, border, or UI.

Create four clearly different but canon-compliant versions. Preserve body plan or growth architecture, structural counts, environmental adaptations, materials, defining features, and locked coloration. Vary only permitted secondary proportions, markings, surface detail, minor ornamentation, natural wear, and pose or growth irregularity.

Recommended aspect ratio: 16:9.","text, labels, watermark, signature, logo, border, frame, UI, HUD, cropped subject, duplicate anatomy, contradictory anatomy, impossible balance, unsupported structures, random wings, random horns, humanoid default, fantasy armor, weapons, cartoon, anime, toy-like materials, excessive neon, excessive glow, oversaturated colors, busy background, motion blur, low resolution, compression artifacts, generic Earth copy, unsupported fantasy styling, traits conflicting with locked canon",1.0.0,canonical
NB2-CRE-VI-005-DISTRIBUTED-COGNITION-ANIMATION,CRE-VI-005-DISTRIBUTED-COGNITION,Distributed Cognition,animation,Animation Reference,16:9,"Create a canonical NOVERIS Nano Banana 2 visual for Distributed Cognition: Animation Reference.

Canonical archetype:
A canonical distributed cognition designed as a scientifically plausible lifeform whose body plan, support system, locomotion, sensing, metabolism, ecology, and environmental adaptations are internally coherent.

Required visual and biological rules:
• functional anatomy
• credible center of mass
• coherent locomotion
• environment-linked materials
• ecologically plausible scale

Production request:
Create idle, locomotion, interaction, feeding, defense, rest and death or shutdown.

Studio-resolved canonical values:
{{canonicalId}}, {{displayName}}, {{scientificName}}, {{originPlanet}}, {{planetType}}, {{biome}}, {{gravity}}, {{atmosphere}}, {{climate}}, {{temperatureRange}}, {{sizeScale}}, {{coloration}}, {{materials}}, {{distinctiveFeatures}}, {{lockedTraits}}, {{rarity}}, {{artDirection}}.

Preserve every locked canonical field exactly. The result must use NOVERIS Scientific Realism: premium AAA science-fiction quality, museum-grade reference presentation, scientifically plausible structure, coherent materials, restrained coloration unless canon requires otherwise, readable silhouette, consistent scale and anatomy or growth across all views, soft neutral studio lighting, pure black background for isolated references, full requested subject visibility, generous negative space, and PSD-friendly extraction. Habitat and biome outputs may use the canonical environment. No baked-in text, labels, watermark, logo, border, or UI.

Create four clearly different but canon-compliant versions. Preserve body plan or growth architecture, structural counts, environmental adaptations, materials, defining features, and locked coloration. Vary only permitted secondary proportions, markings, surface detail, minor ornamentation, natural wear, and pose or growth irregularity.

Recommended aspect ratio: 16:9.","text, labels, watermark, signature, logo, border, frame, UI, HUD, cropped subject, duplicate anatomy, contradictory anatomy, impossible balance, unsupported structures, random wings, random horns, humanoid default, fantasy armor, weapons, cartoon, anime, toy-like materials, excessive neon, excessive glow, oversaturated colors, busy background, motion blur, low resolution, compression artifacts, generic Earth copy, unsupported fantasy styling, traits conflicting with locked canon",1.0.0,canonical
NB2-CRE-VI-005-DISTRIBUTED-COGNITION-PSD,CRE-VI-005-DISTRIBUTED-COGNITION,Distributed Cognition,psd,PSD Extraction Board,16:9,"Create a canonical NOVERIS Nano Banana 2 visual for Distributed Cognition: PSD Extraction Board.

Canonical archetype:
A canonical distributed cognition designed as a scientifically plausible lifeform whose body plan, support system, locomotion, sensing, metabolism, ecology, and environmental adaptations are internally coherent.

Required visual and biological rules:
• functional anatomy
• credible center of mass
• coherent locomotion
• environment-linked materials
• ecologically plausible scale

Production request:
Create isolated whole subject, major parts, silhouette and material references.

Studio-resolved canonical values:
{{canonicalId}}, {{displayName}}, {{scientificName}}, {{originPlanet}}, {{planetType}}, {{biome}}, {{gravity}}, {{atmosphere}}, {{climate}}, {{temperatureRange}}, {{sizeScale}}, {{coloration}}, {{materials}}, {{distinctiveFeatures}}, {{lockedTraits}}, {{rarity}}, {{artDirection}}.

Preserve every locked canonical field exactly. The result must use NOVERIS Scientific Realism: premium AAA science-fiction quality, museum-grade reference presentation, scientifically plausible structure, coherent materials, restrained coloration unless canon requires otherwise, readable silhouette, consistent scale and anatomy or growth across all views, soft neutral studio lighting, pure black background for isolated references, full requested subject visibility, generous negative space, and PSD-friendly extraction. Habitat and biome outputs may use the canonical environment. No baked-in text, labels, watermark, logo, border, or UI.

Create four clearly different but canon-compliant versions. Preserve body plan or growth architecture, structural counts, environmental adaptations, materials, defining features, and locked coloration. Vary only permitted secondary proportions, markings, surface detail, minor ornamentation, natural wear, and pose or growth irregularity.

Recommended aspect ratio: 16:9.","text, labels, watermark, signature, logo, border, frame, UI, HUD, cropped subject, duplicate anatomy, contradictory anatomy, impossible balance, unsupported structures, random wings, random horns, humanoid default, fantasy armor, weapons, cartoon, anime, toy-like materials, excessive neon, excessive glow, oversaturated colors, busy background, motion blur, low resolution, compression artifacts, generic Earth copy, unsupported fantasy styling, traits conflicting with locked canon",1.0.0,canonical
NB2-CRE-VI-006-MACHINE-INTELLIGENCE-FULL-BODY,CRE-VI-006-MACHINE-INTELLIGENCE,Machine Intelligence,full-body,Full Body Production Render,3:4,"Create a canonical NOVERIS Nano Banana 2 visual for Machine Intelligence: Full Body Production Render.

Canonical archetype:
A canonical machine intelligence designed as a scientifically plausible lifeform whose body plan, support system, locomotion, sensing, metabolism, ecology, and environmental adaptations are internally coherent.

Required visual and biological rules:
• functional anatomy
• credible center of mass
• coherent locomotion
• environment-linked materials
• ecologically plausible scale

Production request:
Create complete mature specimen, neutral pose, entire body visible.

Studio-resolved canonical values:
{{canonicalId}}, {{displayName}}, {{scientificName}}, {{originPlanet}}, {{planetType}}, {{biome}}, {{gravity}}, {{atmosphere}}, {{climate}}, {{temperatureRange}}, {{sizeScale}}, {{coloration}}, {{materials}}, {{distinctiveFeatures}}, {{lockedTraits}}, {{rarity}}, {{artDirection}}.

Preserve every locked canonical field exactly. The result must use NOVERIS Scientific Realism: premium AAA science-fiction quality, museum-grade reference presentation, scientifically plausible structure, coherent materials, restrained coloration unless canon requires otherwise, readable silhouette, consistent scale and anatomy or growth across all views, soft neutral studio lighting, pure black background for isolated references, full requested subject visibility, generous negative space, and PSD-friendly extraction. Habitat and biome outputs may use the canonical environment. No baked-in text, labels, watermark, logo, border, or UI.

Create four clearly different but canon-compliant versions. Preserve body plan or growth architecture, structural counts, environmental adaptations, materials, defining features, and locked coloration. Vary only permitted secondary proportions, markings, surface detail, minor ornamentation, natural wear, and pose or growth irregularity.

Recommended aspect ratio: 3:4.","text, labels, watermark, signature, logo, border, frame, UI, HUD, cropped subject, duplicate anatomy, contradictory anatomy, impossible balance, unsupported structures, random wings, random horns, humanoid default, fantasy armor, weapons, cartoon, anime, toy-like materials, excessive neon, excessive glow, oversaturated colors, busy background, motion blur, low resolution, compression artifacts, generic Earth copy, unsupported fantasy styling, traits conflicting with locked canon",1.0.0,canonical
NB2-CRE-VI-006-MACHINE-INTELLIGENCE-PORTRAIT,CRE-VI-006-MACHINE-INTELLIGENCE,Machine Intelligence,portrait,Portrait,1:1,"Create a canonical NOVERIS Nano Banana 2 visual for Machine Intelligence: Portrait.

Canonical archetype:
A canonical machine intelligence designed as a scientifically plausible lifeform whose body plan, support system, locomotion, sensing, metabolism, ecology, and environmental adaptations are internally coherent.

Required visual and biological rules:
• functional anatomy
• credible center of mass
• coherent locomotion
• environment-linked materials
• ecologically plausible scale

Production request:
Create head and upper body emphasizing sensory anatomy and defining materials.

Studio-resolved canonical values:
{{canonicalId}}, {{displayName}}, {{scientificName}}, {{originPlanet}}, {{planetType}}, {{biome}}, {{gravity}}, {{atmosphere}}, {{climate}}, {{temperatureRange}}, {{sizeScale}}, {{coloration}}, {{materials}}, {{distinctiveFeatures}}, {{lockedTraits}}, {{rarity}}, {{artDirection}}.

Preserve every locked canonical field exactly. The result must use NOVERIS Scientific Realism: premium AAA science-fiction quality, museum-grade reference presentation, scientifically plausible structure, coherent materials, restrained coloration unless canon requires otherwise, readable silhouette, consistent scale and anatomy or growth across all views, soft neutral studio lighting, pure black background for isolated references, full requested subject visibility, generous negative space, and PSD-friendly extraction. Habitat and biome outputs may use the canonical environment. No baked-in text, labels, watermark, logo, border, or UI.

Create four clearly different but canon-compliant versions. Preserve body plan or growth architecture, structural counts, environmental adaptations, materials, defining features, and locked coloration. Vary only permitted secondary proportions, markings, surface detail, minor ornamentation, natural wear, and pose or growth irregularity.

Recommended aspect ratio: 1:1.","text, labels, watermark, signature, logo, border, frame, UI, HUD, cropped subject, duplicate anatomy, contradictory anatomy, impossible balance, unsupported structures, random wings, random horns, humanoid default, fantasy armor, weapons, cartoon, anime, toy-like materials, excessive neon, excessive glow, oversaturated colors, busy background, motion blur, low resolution, compression artifacts, generic Earth copy, unsupported fantasy styling, traits conflicting with locked canon",1.0.0,canonical
NB2-CRE-VI-006-MACHINE-INTELLIGENCE-ORTHO-FRONT,CRE-VI-006-MACHINE-INTELLIGENCE,Machine Intelligence,ortho-front,Orthographic Front,3:4,"Create a canonical NOVERIS Nano Banana 2 visual for Machine Intelligence: Orthographic Front.

Canonical archetype:
A canonical machine intelligence designed as a scientifically plausible lifeform whose body plan, support system, locomotion, sensing, metabolism, ecology, and environmental adaptations are internally coherent.

Required visual and biological rules:
• functional anatomy
• credible center of mass
• coherent locomotion
• environment-linked materials
• ecologically plausible scale

Production request:
Create exact front orthographic view.

Studio-resolved canonical values:
{{canonicalId}}, {{displayName}}, {{scientificName}}, {{originPlanet}}, {{planetType}}, {{biome}}, {{gravity}}, {{atmosphere}}, {{climate}}, {{temperatureRange}}, {{sizeScale}}, {{coloration}}, {{materials}}, {{distinctiveFeatures}}, {{lockedTraits}}, {{rarity}}, {{artDirection}}.

Preserve every locked canonical field exactly. The result must use NOVERIS Scientific Realism: premium AAA science-fiction quality, museum-grade reference presentation, scientifically plausible structure, coherent materials, restrained coloration unless canon requires otherwise, readable silhouette, consistent scale and anatomy or growth across all views, soft neutral studio lighting, pure black background for isolated references, full requested subject visibility, generous negative space, and PSD-friendly extraction. Habitat and biome outputs may use the canonical environment. No baked-in text, labels, watermark, logo, border, or UI.

Create four clearly different but canon-compliant versions. Preserve body plan or growth architecture, structural counts, environmental adaptations, materials, defining features, and locked coloration. Vary only permitted secondary proportions, markings, surface detail, minor ornamentation, natural wear, and pose or growth irregularity.

Recommended aspect ratio: 3:4.","text, labels, watermark, signature, logo, border, frame, UI, HUD, cropped subject, duplicate anatomy, contradictory anatomy, impossible balance, unsupported structures, random wings, random horns, humanoid default, fantasy armor, weapons, cartoon, anime, toy-like materials, excessive neon, excessive glow, oversaturated colors, busy background, motion blur, low resolution, compression artifacts, generic Earth copy, unsupported fantasy styling, traits conflicting with locked canon",1.0.0,canonical
NB2-CRE-VI-006-MACHINE-INTELLIGENCE-ORTHO-SIDE,CRE-VI-006-MACHINE-INTELLIGENCE,Machine Intelligence,ortho-side,Orthographic Side,3:4,"Create a canonical NOVERIS Nano Banana 2 visual for Machine Intelligence: Orthographic Side.

Canonical archetype:
A canonical machine intelligence designed as a scientifically plausible lifeform whose body plan, support system, locomotion, sensing, metabolism, ecology, and environmental adaptations are internally coherent.

Required visual and biological rules:
• functional anatomy
• credible center of mass
• coherent locomotion
• environment-linked materials
• ecologically plausible scale

Production request:
Create exact side orthographic view.

Studio-resolved canonical values:
{{canonicalId}}, {{displayName}}, {{scientificName}}, {{originPlanet}}, {{planetType}}, {{biome}}, {{gravity}}, {{atmosphere}}, {{climate}}, {{temperatureRange}}, {{sizeScale}}, {{coloration}}, {{materials}}, {{distinctiveFeatures}}, {{lockedTraits}}, {{rarity}}, {{artDirection}}.

Preserve every locked canonical field exactly. The result must use NOVERIS Scientific Realism: premium AAA science-fiction quality, museum-grade reference presentation, scientifically plausible structure, coherent materials, restrained coloration unless canon requires otherwise, readable silhouette, consistent scale and anatomy or growth across all views, soft neutral studio lighting, pure black background for isolated references, full requested subject visibility, generous negative space, and PSD-friendly extraction. Habitat and biome outputs may use the canonical environment. No baked-in text, labels, watermark, logo, border, or UI.

Create four clearly different but canon-compliant versions. Preserve body plan or growth architecture, structural counts, environmental adaptations, materials, defining features, and locked coloration. Vary only permitted secondary proportions, markings, surface detail, minor ornamentation, natural wear, and pose or growth irregularity.

Recommended aspect ratio: 3:4.","text, labels, watermark, signature, logo, border, frame, UI, HUD, cropped subject, duplicate anatomy, contradictory anatomy, impossible balance, unsupported structures, random wings, random horns, humanoid default, fantasy armor, weapons, cartoon, anime, toy-like materials, excessive neon, excessive glow, oversaturated colors, busy background, motion blur, low resolution, compression artifacts, generic Earth copy, unsupported fantasy styling, traits conflicting with locked canon",1.0.0,canonical
NB2-CRE-VI-006-MACHINE-INTELLIGENCE-ORTHO-REAR,CRE-VI-006-MACHINE-INTELLIGENCE,Machine Intelligence,ortho-rear,Orthographic Rear,3:4,"Create a canonical NOVERIS Nano Banana 2 visual for Machine Intelligence: Orthographic Rear.

Canonical archetype:
A canonical machine intelligence designed as a scientifically plausible lifeform whose body plan, support system, locomotion, sensing, metabolism, ecology, and environmental adaptations are internally coherent.

Required visual and biological rules:
• functional anatomy
• credible center of mass
• coherent locomotion
• environment-linked materials
• ecologically plausible scale

Production request:
Create exact rear orthographic view.

Studio-resolved canonical values:
{{canonicalId}}, {{displayName}}, {{scientificName}}, {{originPlanet}}, {{planetType}}, {{biome}}, {{gravity}}, {{atmosphere}}, {{climate}}, {{temperatureRange}}, {{sizeScale}}, {{coloration}}, {{materials}}, {{distinctiveFeatures}}, {{lockedTraits}}, {{rarity}}, {{artDirection}}.

Preserve every locked canonical field exactly. The result must use NOVERIS Scientific Realism: premium AAA science-fiction quality, museum-grade reference presentation, scientifically plausible structure, coherent materials, restrained coloration unless canon requires otherwise, readable silhouette, consistent scale and anatomy or growth across all views, soft neutral studio lighting, pure black background for isolated references, full requested subject visibility, generous negative space, and PSD-friendly extraction. Habitat and biome outputs may use the canonical environment. No baked-in text, labels, watermark, logo, border, or UI.

Create four clearly different but canon-compliant versions. Preserve body plan or growth architecture, structural counts, environmental adaptations, materials, defining features, and locked coloration. Vary only permitted secondary proportions, markings, surface detail, minor ornamentation, natural wear, and pose or growth irregularity.

Recommended aspect ratio: 3:4.","text, labels, watermark, signature, logo, border, frame, UI, HUD, cropped subject, duplicate anatomy, contradictory anatomy, impossible balance, unsupported structures, random wings, random horns, humanoid default, fantasy armor, weapons, cartoon, anime, toy-like materials, excessive neon, excessive glow, oversaturated colors, busy background, motion blur, low resolution, compression artifacts, generic Earth copy, unsupported fantasy styling, traits conflicting with locked canon",1.0.0,canonical
NB2-CRE-VI-006-MACHINE-INTELLIGENCE-TURNAROUND,CRE-VI-006-MACHINE-INTELLIGENCE,Machine Intelligence,turnaround,Turnaround Sheet,16:9,"Create a canonical NOVERIS Nano Banana 2 visual for Machine Intelligence: Turnaround Sheet.

Canonical archetype:
A canonical machine intelligence designed as a scientifically plausible lifeform whose body plan, support system, locomotion, sensing, metabolism, ecology, and environmental adaptations are internally coherent.

Required visual and biological rules:
• functional anatomy
• credible center of mass
• coherent locomotion
• environment-linked materials
• ecologically plausible scale

Production request:
Create front, side, rear, top and underside at identical scale.

Studio-resolved canonical values:
{{canonicalId}}, {{displayName}}, {{scientificName}}, {{originPlanet}}, {{planetType}}, {{biome}}, {{gravity}}, {{atmosphere}}, {{climate}}, {{temperatureRange}}, {{sizeScale}}, {{coloration}}, {{materials}}, {{distinctiveFeatures}}, {{lockedTraits}}, {{rarity}}, {{artDirection}}.

Preserve every locked canonical field exactly. The result must use NOVERIS Scientific Realism: premium AAA science-fiction quality, museum-grade reference presentation, scientifically plausible structure, coherent materials, restrained coloration unless canon requires otherwise, readable silhouette, consistent scale and anatomy or growth across all views, soft neutral studio lighting, pure black background for isolated references, full requested subject visibility, generous negative space, and PSD-friendly extraction. Habitat and biome outputs may use the canonical environment. No baked-in text, labels, watermark, logo, border, or UI.

Create four clearly different but canon-compliant versions. Preserve body plan or growth architecture, structural counts, environmental adaptations, materials, defining features, and locked coloration. Vary only permitted secondary proportions, markings, surface detail, minor ornamentation, natural wear, and pose or growth irregularity.

Recommended aspect ratio: 16:9.","text, labels, watermark, signature, logo, border, frame, UI, HUD, cropped subject, duplicate anatomy, contradictory anatomy, impossible balance, unsupported structures, random wings, random horns, humanoid default, fantasy armor, weapons, cartoon, anime, toy-like materials, excessive neon, excessive glow, oversaturated colors, busy background, motion blur, low resolution, compression artifacts, generic Earth copy, unsupported fantasy styling, traits conflicting with locked canon",1.0.0,canonical
NB2-CRE-VI-006-MACHINE-INTELLIGENCE-SUPPORT,CRE-VI-006-MACHINE-INTELLIGENCE,Machine Intelligence,support,Skeleton or Support Structure,16:9,"Create a canonical NOVERIS Nano Banana 2 visual for Machine Intelligence: Skeleton or Support Structure.

Canonical archetype:
A canonical machine intelligence designed as a scientifically plausible lifeform whose body plan, support system, locomotion, sensing, metabolism, ecology, and environmental adaptations are internally coherent.

Required visual and biological rules:
• functional anatomy
• credible center of mass
• coherent locomotion
• environment-linked materials
• ecologically plausible scale

Production request:
Create complete mechanical support system and joint logic.

Studio-resolved canonical values:
{{canonicalId}}, {{displayName}}, {{scientificName}}, {{originPlanet}}, {{planetType}}, {{biome}}, {{gravity}}, {{atmosphere}}, {{climate}}, {{temperatureRange}}, {{sizeScale}}, {{coloration}}, {{materials}}, {{distinctiveFeatures}}, {{lockedTraits}}, {{rarity}}, {{artDirection}}.

Preserve every locked canonical field exactly. The result must use NOVERIS Scientific Realism: premium AAA science-fiction quality, museum-grade reference presentation, scientifically plausible structure, coherent materials, restrained coloration unless canon requires otherwise, readable silhouette, consistent scale and anatomy or growth across all views, soft neutral studio lighting, pure black background for isolated references, full requested subject visibility, generous negative space, and PSD-friendly extraction. Habitat and biome outputs may use the canonical environment. No baked-in text, labels, watermark, logo, border, or UI.

Create four clearly different but canon-compliant versions. Preserve body plan or growth architecture, structural counts, environmental adaptations, materials, defining features, and locked coloration. Vary only permitted secondary proportions, markings, surface detail, minor ornamentation, natural wear, and pose or growth irregularity.

Recommended aspect ratio: 16:9.","text, labels, watermark, signature, logo, border, frame, UI, HUD, cropped subject, duplicate anatomy, contradictory anatomy, impossible balance, unsupported structures, random wings, random horns, humanoid default, fantasy armor, weapons, cartoon, anime, toy-like materials, excessive neon, excessive glow, oversaturated colors, busy background, motion blur, low resolution, compression artifacts, generic Earth copy, unsupported fantasy styling, traits conflicting with locked canon",1.0.0,canonical
NB2-CRE-VI-006-MACHINE-INTELLIGENCE-ANATOMY,CRE-VI-006-MACHINE-INTELLIGENCE,Machine Intelligence,anatomy,Internal Anatomy,16:9,"Create a canonical NOVERIS Nano Banana 2 visual for Machine Intelligence: Internal Anatomy.

Canonical archetype:
A canonical machine intelligence designed as a scientifically plausible lifeform whose body plan, support system, locomotion, sensing, metabolism, ecology, and environmental adaptations are internally coherent.

Required visual and biological rules:
• functional anatomy
• credible center of mass
• coherent locomotion
• environment-linked materials
• ecologically plausible scale

Production request:
Create major respiratory, circulatory, digestive, sensory and reproductive systems.

Studio-resolved canonical values:
{{canonicalId}}, {{displayName}}, {{scientificName}}, {{originPlanet}}, {{planetType}}, {{biome}}, {{gravity}}, {{atmosphere}}, {{climate}}, {{temperatureRange}}, {{sizeScale}}, {{coloration}}, {{materials}}, {{distinctiveFeatures}}, {{lockedTraits}}, {{rarity}}, {{artDirection}}.

Preserve every locked canonical field exactly. The result must use NOVERIS Scientific Realism: premium AAA science-fiction quality, museum-grade reference presentation, scientifically plausible structure, coherent materials, restrained coloration unless canon requires otherwise, readable silhouette, consistent scale and anatomy or growth across all views, soft neutral studio lighting, pure black background for isolated references, full requested subject visibility, generous negative space, and PSD-friendly extraction. Habitat and biome outputs may use the canonical environment. No baked-in text, labels, watermark, logo, border, or UI.

Create four clearly different but canon-compliant versions. Preserve body plan or growth architecture, structural counts, environmental adaptations, materials, defining features, and locked coloration. Vary only permitted secondary proportions, markings, surface detail, minor ornamentation, natural wear, and pose or growth irregularity.

Recommended aspect ratio: 16:9.","text, labels, watermark, signature, logo, border, frame, UI, HUD, cropped subject, duplicate anatomy, contradictory anatomy, impossible balance, unsupported structures, random wings, random horns, humanoid default, fantasy armor, weapons, cartoon, anime, toy-like materials, excessive neon, excessive glow, oversaturated colors, busy background, motion blur, low resolution, compression artifacts, generic Earth copy, unsupported fantasy styling, traits conflicting with locked canon",1.0.0,canonical
NB2-CRE-VI-006-MACHINE-INTELLIGENCE-LIFECYCLE,CRE-VI-006-MACHINE-INTELLIGENCE,Machine Intelligence,lifecycle,Lifecycle Sheet,16:9,"Create a canonical NOVERIS Nano Banana 2 visual for Machine Intelligence: Lifecycle Sheet.

Canonical archetype:
A canonical machine intelligence designed as a scientifically plausible lifeform whose body plan, support system, locomotion, sensing, metabolism, ecology, and environmental adaptations are internally coherent.

Required visual and biological rules:
• functional anatomy
• credible center of mass
• coherent locomotion
• environment-linked materials
• ecologically plausible scale

Production request:
Create reproductive form, juvenile, adult and elder stages.

Studio-resolved canonical values:
{{canonicalId}}, {{displayName}}, {{scientificName}}, {{originPlanet}}, {{planetType}}, {{biome}}, {{gravity}}, {{atmosphere}}, {{climate}}, {{temperatureRange}}, {{sizeScale}}, {{coloration}}, {{materials}}, {{distinctiveFeatures}}, {{lockedTraits}}, {{rarity}}, {{artDirection}}.

Preserve every locked canonical field exactly. The result must use NOVERIS Scientific Realism: premium AAA science-fiction quality, museum-grade reference presentation, scientifically plausible structure, coherent materials, restrained coloration unless canon requires otherwise, readable silhouette, consistent scale and anatomy or growth across all views, soft neutral studio lighting, pure black background for isolated references, full requested subject visibility, generous negative space, and PSD-friendly extraction. Habitat and biome outputs may use the canonical environment. No baked-in text, labels, watermark, logo, border, or UI.

Create four clearly different but canon-compliant versions. Preserve body plan or growth architecture, structural counts, environmental adaptations, materials, defining features, and locked coloration. Vary only permitted secondary proportions, markings, surface detail, minor ornamentation, natural wear, and pose or growth irregularity.

Recommended aspect ratio: 16:9.","text, labels, watermark, signature, logo, border, frame, UI, HUD, cropped subject, duplicate anatomy, contradictory anatomy, impossible balance, unsupported structures, random wings, random horns, humanoid default, fantasy armor, weapons, cartoon, anime, toy-like materials, excessive neon, excessive glow, oversaturated colors, busy background, motion blur, low resolution, compression artifacts, generic Earth copy, unsupported fantasy styling, traits conflicting with locked canon",1.0.0,canonical
NB2-CRE-VI-006-MACHINE-INTELLIGENCE-VARIANTS,CRE-VI-006-MACHINE-INTELLIGENCE,Machine Intelligence,variants,Canonical Variants,16:9,"Create a canonical NOVERIS Nano Banana 2 visual for Machine Intelligence: Canonical Variants.

Canonical archetype:
A canonical machine intelligence designed as a scientifically plausible lifeform whose body plan, support system, locomotion, sensing, metabolism, ecology, and environmental adaptations are internally coherent.

Required visual and biological rules:
• functional anatomy
• credible center of mass
• coherent locomotion
• environment-linked materials
• ecologically plausible scale

Production request:
Create regional, seasonal, sex, caste, morph or engineered variants.

Studio-resolved canonical values:
{{canonicalId}}, {{displayName}}, {{scientificName}}, {{originPlanet}}, {{planetType}}, {{biome}}, {{gravity}}, {{atmosphere}}, {{climate}}, {{temperatureRange}}, {{sizeScale}}, {{coloration}}, {{materials}}, {{distinctiveFeatures}}, {{lockedTraits}}, {{rarity}}, {{artDirection}}.

Preserve every locked canonical field exactly. The result must use NOVERIS Scientific Realism: premium AAA science-fiction quality, museum-grade reference presentation, scientifically plausible structure, coherent materials, restrained coloration unless canon requires otherwise, readable silhouette, consistent scale and anatomy or growth across all views, soft neutral studio lighting, pure black background for isolated references, full requested subject visibility, generous negative space, and PSD-friendly extraction. Habitat and biome outputs may use the canonical environment. No baked-in text, labels, watermark, logo, border, or UI.

Create four clearly different but canon-compliant versions. Preserve body plan or growth architecture, structural counts, environmental adaptations, materials, defining features, and locked coloration. Vary only permitted secondary proportions, markings, surface detail, minor ornamentation, natural wear, and pose or growth irregularity.

Recommended aspect ratio: 16:9.","text, labels, watermark, signature, logo, border, frame, UI, HUD, cropped subject, duplicate anatomy, contradictory anatomy, impossible balance, unsupported structures, random wings, random horns, humanoid default, fantasy armor, weapons, cartoon, anime, toy-like materials, excessive neon, excessive glow, oversaturated colors, busy background, motion blur, low resolution, compression artifacts, generic Earth copy, unsupported fantasy styling, traits conflicting with locked canon",1.0.0,canonical
NB2-CRE-VI-006-MACHINE-INTELLIGENCE-BEHAVIOR,CRE-VI-006-MACHINE-INTELLIGENCE,Machine Intelligence,behavior,Behavior Sheet,16:9,"Create a canonical NOVERIS Nano Banana 2 visual for Machine Intelligence: Behavior Sheet.

Canonical archetype:
A canonical machine intelligence designed as a scientifically plausible lifeform whose body plan, support system, locomotion, sensing, metabolism, ecology, and environmental adaptations are internally coherent.

Required visual and biological rules:
• functional anatomy
• credible center of mass
• coherent locomotion
• environment-linked materials
• ecologically plausible scale

Production request:
Create idle, feeding, locomotion, social, defense and rest.

Studio-resolved canonical values:
{{canonicalId}}, {{displayName}}, {{scientificName}}, {{originPlanet}}, {{planetType}}, {{biome}}, {{gravity}}, {{atmosphere}}, {{climate}}, {{temperatureRange}}, {{sizeScale}}, {{coloration}}, {{materials}}, {{distinctiveFeatures}}, {{lockedTraits}}, {{rarity}}, {{artDirection}}.

Preserve every locked canonical field exactly. The result must use NOVERIS Scientific Realism: premium AAA science-fiction quality, museum-grade reference presentation, scientifically plausible structure, coherent materials, restrained coloration unless canon requires otherwise, readable silhouette, consistent scale and anatomy or growth across all views, soft neutral studio lighting, pure black background for isolated references, full requested subject visibility, generous negative space, and PSD-friendly extraction. Habitat and biome outputs may use the canonical environment. No baked-in text, labels, watermark, logo, border, or UI.

Create four clearly different but canon-compliant versions. Preserve body plan or growth architecture, structural counts, environmental adaptations, materials, defining features, and locked coloration. Vary only permitted secondary proportions, markings, surface detail, minor ornamentation, natural wear, and pose or growth irregularity.

Recommended aspect ratio: 16:9.","text, labels, watermark, signature, logo, border, frame, UI, HUD, cropped subject, duplicate anatomy, contradictory anatomy, impossible balance, unsupported structures, random wings, random horns, humanoid default, fantasy armor, weapons, cartoon, anime, toy-like materials, excessive neon, excessive glow, oversaturated colors, busy background, motion blur, low resolution, compression artifacts, generic Earth copy, unsupported fantasy styling, traits conflicting with locked canon",1.0.0,canonical
NB2-CRE-VI-006-MACHINE-INTELLIGENCE-HABITAT,CRE-VI-006-MACHINE-INTELLIGENCE,Machine Intelligence,habitat,Native Habitat Scene,16:9,"Create a canonical NOVERIS Nano Banana 2 visual for Machine Intelligence: Native Habitat Scene.

Canonical archetype:
A canonical machine intelligence designed as a scientifically plausible lifeform whose body plan, support system, locomotion, sensing, metabolism, ecology, and environmental adaptations are internally coherent.

Required visual and biological rules:
• functional anatomy
• credible center of mass
• coherent locomotion
• environment-linked materials
• ecologically plausible scale

Production request:
Create natural behavior in canonical planet and biome.

Studio-resolved canonical values:
{{canonicalId}}, {{displayName}}, {{scientificName}}, {{originPlanet}}, {{planetType}}, {{biome}}, {{gravity}}, {{atmosphere}}, {{climate}}, {{temperatureRange}}, {{sizeScale}}, {{coloration}}, {{materials}}, {{distinctiveFeatures}}, {{lockedTraits}}, {{rarity}}, {{artDirection}}.

Preserve every locked canonical field exactly. The result must use NOVERIS Scientific Realism: premium AAA science-fiction quality, museum-grade reference presentation, scientifically plausible structure, coherent materials, restrained coloration unless canon requires otherwise, readable silhouette, consistent scale and anatomy or growth across all views, soft neutral studio lighting, pure black background for isolated references, full requested subject visibility, generous negative space, and PSD-friendly extraction. Habitat and biome outputs may use the canonical environment. No baked-in text, labels, watermark, logo, border, or UI.

Create four clearly different but canon-compliant versions. Preserve body plan or growth architecture, structural counts, environmental adaptations, materials, defining features, and locked coloration. Vary only permitted secondary proportions, markings, surface detail, minor ornamentation, natural wear, and pose or growth irregularity.

Recommended aspect ratio: 16:9.","text, labels, watermark, signature, logo, border, frame, UI, HUD, cropped subject, duplicate anatomy, contradictory anatomy, impossible balance, unsupported structures, random wings, random horns, humanoid default, fantasy armor, weapons, cartoon, anime, toy-like materials, excessive neon, excessive glow, oversaturated colors, busy background, motion blur, low resolution, compression artifacts, generic Earth copy, unsupported fantasy styling, traits conflicting with locked canon",1.0.0,canonical
NB2-CRE-VI-006-MACHINE-INTELLIGENCE-DISCOVERY,CRE-VI-006-MACHINE-INTELLIGENCE,Machine Intelligence,discovery,Discovery Scan,16:9,"Create a canonical NOVERIS Nano Banana 2 visual for Machine Intelligence: Discovery Scan.

Canonical archetype:
A canonical machine intelligence designed as a scientifically plausible lifeform whose body plan, support system, locomotion, sensing, metabolism, ecology, and environmental adaptations are internally coherent.

Required visual and biological rules:
• functional anatomy
• credible center of mass
• coherent locomotion
• environment-linked materials
• ecologically plausible scale

Production request:
Create centered scientific scan source without labels.

Studio-resolved canonical values:
{{canonicalId}}, {{displayName}}, {{scientificName}}, {{originPlanet}}, {{planetType}}, {{biome}}, {{gravity}}, {{atmosphere}}, {{climate}}, {{temperatureRange}}, {{sizeScale}}, {{coloration}}, {{materials}}, {{distinctiveFeatures}}, {{lockedTraits}}, {{rarity}}, {{artDirection}}.

Preserve every locked canonical field exactly. The result must use NOVERIS Scientific Realism: premium AAA science-fiction quality, museum-grade reference presentation, scientifically plausible structure, coherent materials, restrained coloration unless canon requires otherwise, readable silhouette, consistent scale and anatomy or growth across all views, soft neutral studio lighting, pure black background for isolated references, full requested subject visibility, generous negative space, and PSD-friendly extraction. Habitat and biome outputs may use the canonical environment. No baked-in text, labels, watermark, logo, border, or UI.

Create four clearly different but canon-compliant versions. Preserve body plan or growth architecture, structural counts, environmental adaptations, materials, defining features, and locked coloration. Vary only permitted secondary proportions, markings, surface detail, minor ornamentation, natural wear, and pose or growth irregularity.

Recommended aspect ratio: 16:9.","text, labels, watermark, signature, logo, border, frame, UI, HUD, cropped subject, duplicate anatomy, contradictory anatomy, impossible balance, unsupported structures, random wings, random horns, humanoid default, fantasy armor, weapons, cartoon, anime, toy-like materials, excessive neon, excessive glow, oversaturated colors, busy background, motion blur, low resolution, compression artifacts, generic Earth copy, unsupported fantasy styling, traits conflicting with locked canon",1.0.0,canonical
NB2-CRE-VI-006-MACHINE-INTELLIGENCE-ICON,CRE-VI-006-MACHINE-INTELLIGENCE,Machine Intelligence,icon,UI Icon,1:1,"Create a canonical NOVERIS Nano Banana 2 visual for Machine Intelligence: UI Icon.

Canonical archetype:
A canonical machine intelligence designed as a scientifically plausible lifeform whose body plan, support system, locomotion, sensing, metabolism, ecology, and environmental adaptations are internally coherent.

Required visual and biological rules:
• functional anatomy
• credible center of mass
• coherent locomotion
• environment-linked materials
• ecologically plausible scale

Production request:
Create isolated silhouette readable at 64 pixels.

Studio-resolved canonical values:
{{canonicalId}}, {{displayName}}, {{scientificName}}, {{originPlanet}}, {{planetType}}, {{biome}}, {{gravity}}, {{atmosphere}}, {{climate}}, {{temperatureRange}}, {{sizeScale}}, {{coloration}}, {{materials}}, {{distinctiveFeatures}}, {{lockedTraits}}, {{rarity}}, {{artDirection}}.

Preserve every locked canonical field exactly. The result must use NOVERIS Scientific Realism: premium AAA science-fiction quality, museum-grade reference presentation, scientifically plausible structure, coherent materials, restrained coloration unless canon requires otherwise, readable silhouette, consistent scale and anatomy or growth across all views, soft neutral studio lighting, pure black background for isolated references, full requested subject visibility, generous negative space, and PSD-friendly extraction. Habitat and biome outputs may use the canonical environment. No baked-in text, labels, watermark, logo, border, or UI.

Create four clearly different but canon-compliant versions. Preserve body plan or growth architecture, structural counts, environmental adaptations, materials, defining features, and locked coloration. Vary only permitted secondary proportions, markings, surface detail, minor ornamentation, natural wear, and pose or growth irregularity.

Recommended aspect ratio: 1:1.","text, labels, watermark, signature, logo, border, frame, UI, HUD, cropped subject, duplicate anatomy, contradictory anatomy, impossible balance, unsupported structures, random wings, random horns, humanoid default, fantasy armor, weapons, cartoon, anime, toy-like materials, excessive neon, excessive glow, oversaturated colors, busy background, motion blur, low resolution, compression artifacts, generic Earth copy, unsupported fantasy styling, traits conflicting with locked canon",1.0.0,canonical
NB2-CRE-VI-006-MACHINE-INTELLIGENCE-SCALE,CRE-VI-006-MACHINE-INTELLIGENCE,Machine Intelligence,scale,Scale Comparison,16:9,"Create a canonical NOVERIS Nano Banana 2 visual for Machine Intelligence: Scale Comparison.

Canonical archetype:
A canonical machine intelligence designed as a scientifically plausible lifeform whose body plan, support system, locomotion, sensing, metabolism, ecology, and environmental adaptations are internally coherent.

Required visual and biological rules:
• functional anatomy
• credible center of mass
• coherent locomotion
• environment-linked materials
• ecologically plausible scale

Production request:
Create side view with adult human silhouette and one-meter bar.

Studio-resolved canonical values:
{{canonicalId}}, {{displayName}}, {{scientificName}}, {{originPlanet}}, {{planetType}}, {{biome}}, {{gravity}}, {{atmosphere}}, {{climate}}, {{temperatureRange}}, {{sizeScale}}, {{coloration}}, {{materials}}, {{distinctiveFeatures}}, {{lockedTraits}}, {{rarity}}, {{artDirection}}.

Preserve every locked canonical field exactly. The result must use NOVERIS Scientific Realism: premium AAA science-fiction quality, museum-grade reference presentation, scientifically plausible structure, coherent materials, restrained coloration unless canon requires otherwise, readable silhouette, consistent scale and anatomy or growth across all views, soft neutral studio lighting, pure black background for isolated references, full requested subject visibility, generous negative space, and PSD-friendly extraction. Habitat and biome outputs may use the canonical environment. No baked-in text, labels, watermark, logo, border, or UI.

Create four clearly different but canon-compliant versions. Preserve body plan or growth architecture, structural counts, environmental adaptations, materials, defining features, and locked coloration. Vary only permitted secondary proportions, markings, surface detail, minor ornamentation, natural wear, and pose or growth irregularity.

Recommended aspect ratio: 16:9.","text, labels, watermark, signature, logo, border, frame, UI, HUD, cropped subject, duplicate anatomy, contradictory anatomy, impossible balance, unsupported structures, random wings, random horns, humanoid default, fantasy armor, weapons, cartoon, anime, toy-like materials, excessive neon, excessive glow, oversaturated colors, busy background, motion blur, low resolution, compression artifacts, generic Earth copy, unsupported fantasy styling, traits conflicting with locked canon",1.0.0,canonical
NB2-CRE-VI-006-MACHINE-INTELLIGENCE-SPECIES-PLATE,CRE-VI-006-MACHINE-INTELLIGENCE,Machine Intelligence,species-plate,Master Species Plate,16:9,"Create a canonical NOVERIS Nano Banana 2 visual for Machine Intelligence: Master Species Plate.

Canonical archetype:
A canonical machine intelligence designed as a scientifically plausible lifeform whose body plan, support system, locomotion, sensing, metabolism, ecology, and environmental adaptations are internally coherent.

Required visual and biological rules:
• functional anatomy
• credible center of mass
• coherent locomotion
• environment-linked materials
• ecologically plausible scale

Production request:
Create full body, portrait, views, support system, lifecycle, variants, materials and habitat vignette.

Studio-resolved canonical values:
{{canonicalId}}, {{displayName}}, {{scientificName}}, {{originPlanet}}, {{planetType}}, {{biome}}, {{gravity}}, {{atmosphere}}, {{climate}}, {{temperatureRange}}, {{sizeScale}}, {{coloration}}, {{materials}}, {{distinctiveFeatures}}, {{lockedTraits}}, {{rarity}}, {{artDirection}}.

Preserve every locked canonical field exactly. The result must use NOVERIS Scientific Realism: premium AAA science-fiction quality, museum-grade reference presentation, scientifically plausible structure, coherent materials, restrained coloration unless canon requires otherwise, readable silhouette, consistent scale and anatomy or growth across all views, soft neutral studio lighting, pure black background for isolated references, full requested subject visibility, generous negative space, and PSD-friendly extraction. Habitat and biome outputs may use the canonical environment. No baked-in text, labels, watermark, logo, border, or UI.

Create four clearly different but canon-compliant versions. Preserve body plan or growth architecture, structural counts, environmental adaptations, materials, defining features, and locked coloration. Vary only permitted secondary proportions, markings, surface detail, minor ornamentation, natural wear, and pose or growth irregularity.

Recommended aspect ratio: 16:9.","text, labels, watermark, signature, logo, border, frame, UI, HUD, cropped subject, duplicate anatomy, contradictory anatomy, impossible balance, unsupported structures, random wings, random horns, humanoid default, fantasy armor, weapons, cartoon, anime, toy-like materials, excessive neon, excessive glow, oversaturated colors, busy background, motion blur, low resolution, compression artifacts, generic Earth copy, unsupported fantasy styling, traits conflicting with locked canon",1.0.0,canonical
NB2-CRE-VI-006-MACHINE-INTELLIGENCE-ANIMATION,CRE-VI-006-MACHINE-INTELLIGENCE,Machine Intelligence,animation,Animation Reference,16:9,"Create a canonical NOVERIS Nano Banana 2 visual for Machine Intelligence: Animation Reference.

Canonical archetype:
A canonical machine intelligence designed as a scientifically plausible lifeform whose body plan, support system, locomotion, sensing, metabolism, ecology, and environmental adaptations are internally coherent.

Required visual and biological rules:
• functional anatomy
• credible center of mass
• coherent locomotion
• environment-linked materials
• ecologically plausible scale

Production request:
Create idle, locomotion, interaction, feeding, defense, rest and death or shutdown.

Studio-resolved canonical values:
{{canonicalId}}, {{displayName}}, {{scientificName}}, {{originPlanet}}, {{planetType}}, {{biome}}, {{gravity}}, {{atmosphere}}, {{climate}}, {{temperatureRange}}, {{sizeScale}}, {{coloration}}, {{materials}}, {{distinctiveFeatures}}, {{lockedTraits}}, {{rarity}}, {{artDirection}}.

Preserve every locked canonical field exactly. The result must use NOVERIS Scientific Realism: premium AAA science-fiction quality, museum-grade reference presentation, scientifically plausible structure, coherent materials, restrained coloration unless canon requires otherwise, readable silhouette, consistent scale and anatomy or growth across all views, soft neutral studio lighting, pure black background for isolated references, full requested subject visibility, generous negative space, and PSD-friendly extraction. Habitat and biome outputs may use the canonical environment. No baked-in text, labels, watermark, logo, border, or UI.

Create four clearly different but canon-compliant versions. Preserve body plan or growth architecture, structural counts, environmental adaptations, materials, defining features, and locked coloration. Vary only permitted secondary proportions, markings, surface detail, minor ornamentation, natural wear, and pose or growth irregularity.

Recommended aspect ratio: 16:9.","text, labels, watermark, signature, logo, border, frame, UI, HUD, cropped subject, duplicate anatomy, contradictory anatomy, impossible balance, unsupported structures, random wings, random horns, humanoid default, fantasy armor, weapons, cartoon, anime, toy-like materials, excessive neon, excessive glow, oversaturated colors, busy background, motion blur, low resolution, compression artifacts, generic Earth copy, unsupported fantasy styling, traits conflicting with locked canon",1.0.0,canonical
NB2-CRE-VI-006-MACHINE-INTELLIGENCE-PSD,CRE-VI-006-MACHINE-INTELLIGENCE,Machine Intelligence,psd,PSD Extraction Board,16:9,"Create a canonical NOVERIS Nano Banana 2 visual for Machine Intelligence: PSD Extraction Board.

Canonical archetype:
A canonical machine intelligence designed as a scientifically plausible lifeform whose body plan, support system, locomotion, sensing, metabolism, ecology, and environmental adaptations are internally coherent.

Required visual and biological rules:
• functional anatomy
• credible center of mass
• coherent locomotion
• environment-linked materials
• ecologically plausible scale

Production request:
Create isolated whole subject, major parts, silhouette and material references.

Studio-resolved canonical values:
{{canonicalId}}, {{displayName}}, {{scientificName}}, {{originPlanet}}, {{planetType}}, {{biome}}, {{gravity}}, {{atmosphere}}, {{climate}}, {{temperatureRange}}, {{sizeScale}}, {{coloration}}, {{materials}}, {{distinctiveFeatures}}, {{lockedTraits}}, {{rarity}}, {{artDirection}}.

Preserve every locked canonical field exactly. The result must use NOVERIS Scientific Realism: premium AAA science-fiction quality, museum-grade reference presentation, scientifically plausible structure, coherent materials, restrained coloration unless canon requires otherwise, readable silhouette, consistent scale and anatomy or growth across all views, soft neutral studio lighting, pure black background for isolated references, full requested subject visibility, generous negative space, and PSD-friendly extraction. Habitat and biome outputs may use the canonical environment. No baked-in text, labels, watermark, logo, border, or UI.

Create four clearly different but canon-compliant versions. Preserve body plan or growth architecture, structural counts, environmental adaptations, materials, defining features, and locked coloration. Vary only permitted secondary proportions, markings, surface detail, minor ornamentation, natural wear, and pose or growth irregularity.

Recommended aspect ratio: 16:9.","text, labels, watermark, signature, logo, border, frame, UI, HUD, cropped subject, duplicate anatomy, contradictory anatomy, impossible balance, unsupported structures, random wings, random horns, humanoid default, fantasy armor, weapons, cartoon, anime, toy-like materials, excessive neon, excessive glow, oversaturated colors, busy background, motion blur, low resolution, compression artifacts, generic Earth copy, unsupported fantasy styling, traits conflicting with locked canon",1.0.0,canonical
NB2-CRE-VI-007-CIVILIZATION-CAPABLE-LIFE-FULL-BODY,CRE-VI-007-CIVILIZATION-CAPABLE-LIFE,Civilization-Capable Life,full-body,Full Body Production Render,3:4,"Create a canonical NOVERIS Nano Banana 2 visual for Civilization-Capable Life: Full Body Production Render.

Canonical archetype:
A canonical civilization-capable life designed as a scientifically plausible lifeform whose body plan, support system, locomotion, sensing, metabolism, ecology, and environmental adaptations are internally coherent.

Required visual and biological rules:
• functional anatomy
• credible center of mass
• coherent locomotion
• environment-linked materials
• ecologically plausible scale

Production request:
Create complete mature specimen, neutral pose, entire body visible.

Studio-resolved canonical values:
{{canonicalId}}, {{displayName}}, {{scientificName}}, {{originPlanet}}, {{planetType}}, {{biome}}, {{gravity}}, {{atmosphere}}, {{climate}}, {{temperatureRange}}, {{sizeScale}}, {{coloration}}, {{materials}}, {{distinctiveFeatures}}, {{lockedTraits}}, {{rarity}}, {{artDirection}}.

Preserve every locked canonical field exactly. The result must use NOVERIS Scientific Realism: premium AAA science-fiction quality, museum-grade reference presentation, scientifically plausible structure, coherent materials, restrained coloration unless canon requires otherwise, readable silhouette, consistent scale and anatomy or growth across all views, soft neutral studio lighting, pure black background for isolated references, full requested subject visibility, generous negative space, and PSD-friendly extraction. Habitat and biome outputs may use the canonical environment. No baked-in text, labels, watermark, logo, border, or UI.

Create four clearly different but canon-compliant versions. Preserve body plan or growth architecture, structural counts, environmental adaptations, materials, defining features, and locked coloration. Vary only permitted secondary proportions, markings, surface detail, minor ornamentation, natural wear, and pose or growth irregularity.

Recommended aspect ratio: 3:4.","text, labels, watermark, signature, logo, border, frame, UI, HUD, cropped subject, duplicate anatomy, contradictory anatomy, impossible balance, unsupported structures, random wings, random horns, humanoid default, fantasy armor, weapons, cartoon, anime, toy-like materials, excessive neon, excessive glow, oversaturated colors, busy background, motion blur, low resolution, compression artifacts, generic Earth copy, unsupported fantasy styling, traits conflicting with locked canon",1.0.0,canonical
NB2-CRE-VI-007-CIVILIZATION-CAPABLE-LIFE-PORTRAIT,CRE-VI-007-CIVILIZATION-CAPABLE-LIFE,Civilization-Capable Life,portrait,Portrait,1:1,"Create a canonical NOVERIS Nano Banana 2 visual for Civilization-Capable Life: Portrait.

Canonical archetype:
A canonical civilization-capable life designed as a scientifically plausible lifeform whose body plan, support system, locomotion, sensing, metabolism, ecology, and environmental adaptations are internally coherent.

Required visual and biological rules:
• functional anatomy
• credible center of mass
• coherent locomotion
• environment-linked materials
• ecologically plausible scale

Production request:
Create head and upper body emphasizing sensory anatomy and defining materials.

Studio-resolved canonical values:
{{canonicalId}}, {{displayName}}, {{scientificName}}, {{originPlanet}}, {{planetType}}, {{biome}}, {{gravity}}, {{atmosphere}}, {{climate}}, {{temperatureRange}}, {{sizeScale}}, {{coloration}}, {{materials}}, {{distinctiveFeatures}}, {{lockedTraits}}, {{rarity}}, {{artDirection}}.

Preserve every locked canonical field exactly. The result must use NOVERIS Scientific Realism: premium AAA science-fiction quality, museum-grade reference presentation, scientifically plausible structure, coherent materials, restrained coloration unless canon requires otherwise, readable silhouette, consistent scale and anatomy or growth across all views, soft neutral studio lighting, pure black background for isolated references, full requested subject visibility, generous negative space, and PSD-friendly extraction. Habitat and biome outputs may use the canonical environment. No baked-in text, labels, watermark, logo, border, or UI.

Create four clearly different but canon-compliant versions. Preserve body plan or growth architecture, structural counts, environmental adaptations, materials, defining features, and locked coloration. Vary only permitted secondary proportions, markings, surface detail, minor ornamentation, natural wear, and pose or growth irregularity.

Recommended aspect ratio: 1:1.","text, labels, watermark, signature, logo, border, frame, UI, HUD, cropped subject, duplicate anatomy, contradictory anatomy, impossible balance, unsupported structures, random wings, random horns, humanoid default, fantasy armor, weapons, cartoon, anime, toy-like materials, excessive neon, excessive glow, oversaturated colors, busy background, motion blur, low resolution, compression artifacts, generic Earth copy, unsupported fantasy styling, traits conflicting with locked canon",1.0.0,canonical
NB2-CRE-VI-007-CIVILIZATION-CAPABLE-LIFE-ORTHO-FRONT,CRE-VI-007-CIVILIZATION-CAPABLE-LIFE,Civilization-Capable Life,ortho-front,Orthographic Front,3:4,"Create a canonical NOVERIS Nano Banana 2 visual for Civilization-Capable Life: Orthographic Front.

Canonical archetype:
A canonical civilization-capable life designed as a scientifically plausible lifeform whose body plan, support system, locomotion, sensing, metabolism, ecology, and environmental adaptations are internally coherent.

Required visual and biological rules:
• functional anatomy
• credible center of mass
• coherent locomotion
• environment-linked materials
• ecologically plausible scale

Production request:
Create exact front orthographic view.

Studio-resolved canonical values:
{{canonicalId}}, {{displayName}}, {{scientificName}}, {{originPlanet}}, {{planetType}}, {{biome}}, {{gravity}}, {{atmosphere}}, {{climate}}, {{temperatureRange}}, {{sizeScale}}, {{coloration}}, {{materials}}, {{distinctiveFeatures}}, {{lockedTraits}}, {{rarity}}, {{artDirection}}.

Preserve every locked canonical field exactly. The result must use NOVERIS Scientific Realism: premium AAA science-fiction quality, museum-grade reference presentation, scientifically plausible structure, coherent materials, restrained coloration unless canon requires otherwise, readable silhouette, consistent scale and anatomy or growth across all views, soft neutral studio lighting, pure black background for isolated references, full requested subject visibility, generous negative space, and PSD-friendly extraction. Habitat and biome outputs may use the canonical environment. No baked-in text, labels, watermark, logo, border, or UI.

Create four clearly different but canon-compliant versions. Preserve body plan or growth architecture, structural counts, environmental adaptations, materials, defining features, and locked coloration. Vary only permitted secondary proportions, markings, surface detail, minor ornamentation, natural wear, and pose or growth irregularity.

Recommended aspect ratio: 3:4.","text, labels, watermark, signature, logo, border, frame, UI, HUD, cropped subject, duplicate anatomy, contradictory anatomy, impossible balance, unsupported structures, random wings, random horns, humanoid default, fantasy armor, weapons, cartoon, anime, toy-like materials, excessive neon, excessive glow, oversaturated colors, busy background, motion blur, low resolution, compression artifacts, generic Earth copy, unsupported fantasy styling, traits conflicting with locked canon",1.0.0,canonical
NB2-CRE-VI-007-CIVILIZATION-CAPABLE-LIFE-ORTHO-SIDE,CRE-VI-007-CIVILIZATION-CAPABLE-LIFE,Civilization-Capable Life,ortho-side,Orthographic Side,3:4,"Create a canonical NOVERIS Nano Banana 2 visual for Civilization-Capable Life: Orthographic Side.

Canonical archetype:
A canonical civilization-capable life designed as a scientifically plausible lifeform whose body plan, support system, locomotion, sensing, metabolism, ecology, and environmental adaptations are internally coherent.

Required visual and biological rules:
• functional anatomy
• credible center of mass
• coherent locomotion
• environment-linked materials
• ecologically plausible scale

Production request:
Create exact side orthographic view.

Studio-resolved canonical values:
{{canonicalId}}, {{displayName}}, {{scientificName}}, {{originPlanet}}, {{planetType}}, {{biome}}, {{gravity}}, {{atmosphere}}, {{climate}}, {{temperatureRange}}, {{sizeScale}}, {{coloration}}, {{materials}}, {{distinctiveFeatures}}, {{lockedTraits}}, {{rarity}}, {{artDirection}}.

Preserve every locked canonical field exactly. The result must use NOVERIS Scientific Realism: premium AAA science-fiction quality, museum-grade reference presentation, scientifically plausible structure, coherent materials, restrained coloration unless canon requires otherwise, readable silhouette, consistent scale and anatomy or growth across all views, soft neutral studio lighting, pure black background for isolated references, full requested subject visibility, generous negative space, and PSD-friendly extraction. Habitat and biome outputs may use the canonical environment. No baked-in text, labels, watermark, logo, border, or UI.

Create four clearly different but canon-compliant versions. Preserve body plan or growth architecture, structural counts, environmental adaptations, materials, defining features, and locked coloration. Vary only permitted secondary proportions, markings, surface detail, minor ornamentation, natural wear, and pose or growth irregularity.

Recommended aspect ratio: 3:4.","text, labels, watermark, signature, logo, border, frame, UI, HUD, cropped subject, duplicate anatomy, contradictory anatomy, impossible balance, unsupported structures, random wings, random horns, humanoid default, fantasy armor, weapons, cartoon, anime, toy-like materials, excessive neon, excessive glow, oversaturated colors, busy background, motion blur, low resolution, compression artifacts, generic Earth copy, unsupported fantasy styling, traits conflicting with locked canon",1.0.0,canonical
NB2-CRE-VI-007-CIVILIZATION-CAPABLE-LIFE-ORTHO-REAR,CRE-VI-007-CIVILIZATION-CAPABLE-LIFE,Civilization-Capable Life,ortho-rear,Orthographic Rear,3:4,"Create a canonical NOVERIS Nano Banana 2 visual for Civilization-Capable Life: Orthographic Rear.

Canonical archetype:
A canonical civilization-capable life designed as a scientifically plausible lifeform whose body plan, support system, locomotion, sensing, metabolism, ecology, and environmental adaptations are internally coherent.

Required visual and biological rules:
• functional anatomy
• credible center of mass
• coherent locomotion
• environment-linked materials
• ecologically plausible scale

Production request:
Create exact rear orthographic view.

Studio-resolved canonical values:
{{canonicalId}}, {{displayName}}, {{scientificName}}, {{originPlanet}}, {{planetType}}, {{biome}}, {{gravity}}, {{atmosphere}}, {{climate}}, {{temperatureRange}}, {{sizeScale}}, {{coloration}}, {{materials}}, {{distinctiveFeatures}}, {{lockedTraits}}, {{rarity}}, {{artDirection}}.

Preserve every locked canonical field exactly. The result must use NOVERIS Scientific Realism: premium AAA science-fiction quality, museum-grade reference presentation, scientifically plausible structure, coherent materials, restrained coloration unless canon requires otherwise, readable silhouette, consistent scale and anatomy or growth across all views, soft neutral studio lighting, pure black background for isolated references, full requested subject visibility, generous negative space, and PSD-friendly extraction. Habitat and biome outputs may use the canonical environment. No baked-in text, labels, watermark, logo, border, or UI.

Create four clearly different but canon-compliant versions. Preserve body plan or growth architecture, structural counts, environmental adaptations, materials, defining features, and locked coloration. Vary only permitted secondary proportions, markings, surface detail, minor ornamentation, natural wear, and pose or growth irregularity.

Recommended aspect ratio: 3:4.","text, labels, watermark, signature, logo, border, frame, UI, HUD, cropped subject, duplicate anatomy, contradictory anatomy, impossible balance, unsupported structures, random wings, random horns, humanoid default, fantasy armor, weapons, cartoon, anime, toy-like materials, excessive neon, excessive glow, oversaturated colors, busy background, motion blur, low resolution, compression artifacts, generic Earth copy, unsupported fantasy styling, traits conflicting with locked canon",1.0.0,canonical
NB2-CRE-VI-007-CIVILIZATION-CAPABLE-LIFE-TURNAROUND,CRE-VI-007-CIVILIZATION-CAPABLE-LIFE,Civilization-Capable Life,turnaround,Turnaround Sheet,16:9,"Create a canonical NOVERIS Nano Banana 2 visual for Civilization-Capable Life: Turnaround Sheet.

Canonical archetype:
A canonical civilization-capable life designed as a scientifically plausible lifeform whose body plan, support system, locomotion, sensing, metabolism, ecology, and environmental adaptations are internally coherent.

Required visual and biological rules:
• functional anatomy
• credible center of mass
• coherent locomotion
• environment-linked materials
• ecologically plausible scale

Production request:
Create front, side, rear, top and underside at identical scale.

Studio-resolved canonical values:
{{canonicalId}}, {{displayName}}, {{scientificName}}, {{originPlanet}}, {{planetType}}, {{biome}}, {{gravity}}, {{atmosphere}}, {{climate}}, {{temperatureRange}}, {{sizeScale}}, {{coloration}}, {{materials}}, {{distinctiveFeatures}}, {{lockedTraits}}, {{rarity}}, {{artDirection}}.

Preserve every locked canonical field exactly. The result must use NOVERIS Scientific Realism: premium AAA science-fiction quality, museum-grade reference presentation, scientifically plausible structure, coherent materials, restrained coloration unless canon requires otherwise, readable silhouette, consistent scale and anatomy or growth across all views, soft neutral studio lighting, pure black background for isolated references, full requested subject visibility, generous negative space, and PSD-friendly extraction. Habitat and biome outputs may use the canonical environment. No baked-in text, labels, watermark, logo, border, or UI.

Create four clearly different but canon-compliant versions. Preserve body plan or growth architecture, structural counts, environmental adaptations, materials, defining features, and locked coloration. Vary only permitted secondary proportions, markings, surface detail, minor ornamentation, natural wear, and pose or growth irregularity.

Recommended aspect ratio: 16:9.","text, labels, watermark, signature, logo, border, frame, UI, HUD, cropped subject, duplicate anatomy, contradictory anatomy, impossible balance, unsupported structures, random wings, random horns, humanoid default, fantasy armor, weapons, cartoon, anime, toy-like materials, excessive neon, excessive glow, oversaturated colors, busy background, motion blur, low resolution, compression artifacts, generic Earth copy, unsupported fantasy styling, traits conflicting with locked canon",1.0.0,canonical
NB2-CRE-VI-007-CIVILIZATION-CAPABLE-LIFE-SUPPORT,CRE-VI-007-CIVILIZATION-CAPABLE-LIFE,Civilization-Capable Life,support,Skeleton or Support Structure,16:9,"Create a canonical NOVERIS Nano Banana 2 visual for Civilization-Capable Life: Skeleton or Support Structure.

Canonical archetype:
A canonical civilization-capable life designed as a scientifically plausible lifeform whose body plan, support system, locomotion, sensing, metabolism, ecology, and environmental adaptations are internally coherent.

Required visual and biological rules:
• functional anatomy
• credible center of mass
• coherent locomotion
• environment-linked materials
• ecologically plausible scale

Production request:
Create complete mechanical support system and joint logic.

Studio-resolved canonical values:
{{canonicalId}}, {{displayName}}, {{scientificName}}, {{originPlanet}}, {{planetType}}, {{biome}}, {{gravity}}, {{atmosphere}}, {{climate}}, {{temperatureRange}}, {{sizeScale}}, {{coloration}}, {{materials}}, {{distinctiveFeatures}}, {{lockedTraits}}, {{rarity}}, {{artDirection}}.

Preserve every locked canonical field exactly. The result must use NOVERIS Scientific Realism: premium AAA science-fiction quality, museum-grade reference presentation, scientifically plausible structure, coherent materials, restrained coloration unless canon requires otherwise, readable silhouette, consistent scale and anatomy or growth across all views, soft neutral studio lighting, pure black background for isolated references, full requested subject visibility, generous negative space, and PSD-friendly extraction. Habitat and biome outputs may use the canonical environment. No baked-in text, labels, watermark, logo, border, or UI.

Create four clearly different but canon-compliant versions. Preserve body plan or growth architecture, structural counts, environmental adaptations, materials, defining features, and locked coloration. Vary only permitted secondary proportions, markings, surface detail, minor ornamentation, natural wear, and pose or growth irregularity.

Recommended aspect ratio: 16:9.","text, labels, watermark, signature, logo, border, frame, UI, HUD, cropped subject, duplicate anatomy, contradictory anatomy, impossible balance, unsupported structures, random wings, random horns, humanoid default, fantasy armor, weapons, cartoon, anime, toy-like materials, excessive neon, excessive glow, oversaturated colors, busy background, motion blur, low resolution, compression artifacts, generic Earth copy, unsupported fantasy styling, traits conflicting with locked canon",1.0.0,canonical
NB2-CRE-VI-007-CIVILIZATION-CAPABLE-LIFE-ANATOMY,CRE-VI-007-CIVILIZATION-CAPABLE-LIFE,Civilization-Capable Life,anatomy,Internal Anatomy,16:9,"Create a canonical NOVERIS Nano Banana 2 visual for Civilization-Capable Life: Internal Anatomy.

Canonical archetype:
A canonical civilization-capable life designed as a scientifically plausible lifeform whose body plan, support system, locomotion, sensing, metabolism, ecology, and environmental adaptations are internally coherent.

Required visual and biological rules:
• functional anatomy
• credible center of mass
• coherent locomotion
• environment-linked materials
• ecologically plausible scale

Production request:
Create major respiratory, circulatory, digestive, sensory and reproductive systems.

Studio-resolved canonical values:
{{canonicalId}}, {{displayName}}, {{scientificName}}, {{originPlanet}}, {{planetType}}, {{biome}}, {{gravity}}, {{atmosphere}}, {{climate}}, {{temperatureRange}}, {{sizeScale}}, {{coloration}}, {{materials}}, {{distinctiveFeatures}}, {{lockedTraits}}, {{rarity}}, {{artDirection}}.

Preserve every locked canonical field exactly. The result must use NOVERIS Scientific Realism: premium AAA science-fiction quality, museum-grade reference presentation, scientifically plausible structure, coherent materials, restrained coloration unless canon requires otherwise, readable silhouette, consistent scale and anatomy or growth across all views, soft neutral studio lighting, pure black background for isolated references, full requested subject visibility, generous negative space, and PSD-friendly extraction. Habitat and biome outputs may use the canonical environment. No baked-in text, labels, watermark, logo, border, or UI.

Create four clearly different but canon-compliant versions. Preserve body plan or growth architecture, structural counts, environmental adaptations, materials, defining features, and locked coloration. Vary only permitted secondary proportions, markings, surface detail, minor ornamentation, natural wear, and pose or growth irregularity.

Recommended aspect ratio: 16:9.","text, labels, watermark, signature, logo, border, frame, UI, HUD, cropped subject, duplicate anatomy, contradictory anatomy, impossible balance, unsupported structures, random wings, random horns, humanoid default, fantasy armor, weapons, cartoon, anime, toy-like materials, excessive neon, excessive glow, oversaturated colors, busy background, motion blur, low resolution, compression artifacts, generic Earth copy, unsupported fantasy styling, traits conflicting with locked canon",1.0.0,canonical
NB2-CRE-VI-007-CIVILIZATION-CAPABLE-LIFE-LIFECYCLE,CRE-VI-007-CIVILIZATION-CAPABLE-LIFE,Civilization-Capable Life,lifecycle,Lifecycle Sheet,16:9,"Create a canonical NOVERIS Nano Banana 2 visual for Civilization-Capable Life: Lifecycle Sheet.

Canonical archetype:
A canonical civilization-capable life designed as a scientifically plausible lifeform whose body plan, support system, locomotion, sensing, metabolism, ecology, and environmental adaptations are internally coherent.

Required visual and biological rules:
• functional anatomy
• credible center of mass
• coherent locomotion
• environment-linked materials
• ecologically plausible scale

Production request:
Create reproductive form, juvenile, adult and elder stages.

Studio-resolved canonical values:
{{canonicalId}}, {{displayName}}, {{scientificName}}, {{originPlanet}}, {{planetType}}, {{biome}}, {{gravity}}, {{atmosphere}}, {{climate}}, {{temperatureRange}}, {{sizeScale}}, {{coloration}}, {{materials}}, {{distinctiveFeatures}}, {{lockedTraits}}, {{rarity}}, {{artDirection}}.

Preserve every locked canonical field exactly. The result must use NOVERIS Scientific Realism: premium AAA science-fiction quality, museum-grade reference presentation, scientifically plausible structure, coherent materials, restrained coloration unless canon requires otherwise, readable silhouette, consistent scale and anatomy or growth across all views, soft neutral studio lighting, pure black background for isolated references, full requested subject visibility, generous negative space, and PSD-friendly extraction. Habitat and biome outputs may use the canonical environment. No baked-in text, labels, watermark, logo, border, or UI.

Create four clearly different but canon-compliant versions. Preserve body plan or growth architecture, structural counts, environmental adaptations, materials, defining features, and locked coloration. Vary only permitted secondary proportions, markings, surface detail, minor ornamentation, natural wear, and pose or growth irregularity.

Recommended aspect ratio: 16:9.","text, labels, watermark, signature, logo, border, frame, UI, HUD, cropped subject, duplicate anatomy, contradictory anatomy, impossible balance, unsupported structures, random wings, random horns, humanoid default, fantasy armor, weapons, cartoon, anime, toy-like materials, excessive neon, excessive glow, oversaturated colors, busy background, motion blur, low resolution, compression artifacts, generic Earth copy, unsupported fantasy styling, traits conflicting with locked canon",1.0.0,canonical
NB2-CRE-VI-007-CIVILIZATION-CAPABLE-LIFE-VARIANTS,CRE-VI-007-CIVILIZATION-CAPABLE-LIFE,Civilization-Capable Life,variants,Canonical Variants,16:9,"Create a canonical NOVERIS Nano Banana 2 visual for Civilization-Capable Life: Canonical Variants.

Canonical archetype:
A canonical civilization-capable life designed as a scientifically plausible lifeform whose body plan, support system, locomotion, sensing, metabolism, ecology, and environmental adaptations are internally coherent.

Required visual and biological rules:
• functional anatomy
• credible center of mass
• coherent locomotion
• environment-linked materials
• ecologically plausible scale

Production request:
Create regional, seasonal, sex, caste, morph or engineered variants.

Studio-resolved canonical values:
{{canonicalId}}, {{displayName}}, {{scientificName}}, {{originPlanet}}, {{planetType}}, {{biome}}, {{gravity}}, {{atmosphere}}, {{climate}}, {{temperatureRange}}, {{sizeScale}}, {{coloration}}, {{materials}}, {{distinctiveFeatures}}, {{lockedTraits}}, {{rarity}}, {{artDirection}}.

Preserve every locked canonical field exactly. The result must use NOVERIS Scientific Realism: premium AAA science-fiction quality, museum-grade reference presentation, scientifically plausible structure, coherent materials, restrained coloration unless canon requires otherwise, readable silhouette, consistent scale and anatomy or growth across all views, soft neutral studio lighting, pure black background for isolated references, full requested subject visibility, generous negative space, and PSD-friendly extraction. Habitat and biome outputs may use the canonical environment. No baked-in text, labels, watermark, logo, border, or UI.

Create four clearly different but canon-compliant versions. Preserve body plan or growth architecture, structural counts, environmental adaptations, materials, defining features, and locked coloration. Vary only permitted secondary proportions, markings, surface detail, minor ornamentation, natural wear, and pose or growth irregularity.

Recommended aspect ratio: 16:9.","text, labels, watermark, signature, logo, border, frame, UI, HUD, cropped subject, duplicate anatomy, contradictory anatomy, impossible balance, unsupported structures, random wings, random horns, humanoid default, fantasy armor, weapons, cartoon, anime, toy-like materials, excessive neon, excessive glow, oversaturated colors, busy background, motion blur, low resolution, compression artifacts, generic Earth copy, unsupported fantasy styling, traits conflicting with locked canon",1.0.0,canonical
NB2-CRE-VI-007-CIVILIZATION-CAPABLE-LIFE-BEHAVIOR,CRE-VI-007-CIVILIZATION-CAPABLE-LIFE,Civilization-Capable Life,behavior,Behavior Sheet,16:9,"Create a canonical NOVERIS Nano Banana 2 visual for Civilization-Capable Life: Behavior Sheet.

Canonical archetype:
A canonical civilization-capable life designed as a scientifically plausible lifeform whose body plan, support system, locomotion, sensing, metabolism, ecology, and environmental adaptations are internally coherent.

Required visual and biological rules:
• functional anatomy
• credible center of mass
• coherent locomotion
• environment-linked materials
• ecologically plausible scale

Production request:
Create idle, feeding, locomotion, social, defense and rest.

Studio-resolved canonical values:
{{canonicalId}}, {{displayName}}, {{scientificName}}, {{originPlanet}}, {{planetType}}, {{biome}}, {{gravity}}, {{atmosphere}}, {{climate}}, {{temperatureRange}}, {{sizeScale}}, {{coloration}}, {{materials}}, {{distinctiveFeatures}}, {{lockedTraits}}, {{rarity}}, {{artDirection}}.

Preserve every locked canonical field exactly. The result must use NOVERIS Scientific Realism: premium AAA science-fiction quality, museum-grade reference presentation, scientifically plausible structure, coherent materials, restrained coloration unless canon requires otherwise, readable silhouette, consistent scale and anatomy or growth across all views, soft neutral studio lighting, pure black background for isolated references, full requested subject visibility, generous negative space, and PSD-friendly extraction. Habitat and biome outputs may use the canonical environment. No baked-in text, labels, watermark, logo, border, or UI.

Create four clearly different but canon-compliant versions. Preserve body plan or growth architecture, structural counts, environmental adaptations, materials, defining features, and locked coloration. Vary only permitted secondary proportions, markings, surface detail, minor ornamentation, natural wear, and pose or growth irregularity.

Recommended aspect ratio: 16:9.","text, labels, watermark, signature, logo, border, frame, UI, HUD, cropped subject, duplicate anatomy, contradictory anatomy, impossible balance, unsupported structures, random wings, random horns, humanoid default, fantasy armor, weapons, cartoon, anime, toy-like materials, excessive neon, excessive glow, oversaturated colors, busy background, motion blur, low resolution, compression artifacts, generic Earth copy, unsupported fantasy styling, traits conflicting with locked canon",1.0.0,canonical
NB2-CRE-VI-007-CIVILIZATION-CAPABLE-LIFE-HABITAT,CRE-VI-007-CIVILIZATION-CAPABLE-LIFE,Civilization-Capable Life,habitat,Native Habitat Scene,16:9,"Create a canonical NOVERIS Nano Banana 2 visual for Civilization-Capable Life: Native Habitat Scene.

Canonical archetype:
A canonical civilization-capable life designed as a scientifically plausible lifeform whose body plan, support system, locomotion, sensing, metabolism, ecology, and environmental adaptations are internally coherent.

Required visual and biological rules:
• functional anatomy
• credible center of mass
• coherent locomotion
• environment-linked materials
• ecologically plausible scale

Production request:
Create natural behavior in canonical planet and biome.

Studio-resolved canonical values:
{{canonicalId}}, {{displayName}}, {{scientificName}}, {{originPlanet}}, {{planetType}}, {{biome}}, {{gravity}}, {{atmosphere}}, {{climate}}, {{temperatureRange}}, {{sizeScale}}, {{coloration}}, {{materials}}, {{distinctiveFeatures}}, {{lockedTraits}}, {{rarity}}, {{artDirection}}.

Preserve every locked canonical field exactly. The result must use NOVERIS Scientific Realism: premium AAA science-fiction quality, museum-grade reference presentation, scientifically plausible structure, coherent materials, restrained coloration unless canon requires otherwise, readable silhouette, consistent scale and anatomy or growth across all views, soft neutral studio lighting, pure black background for isolated references, full requested subject visibility, generous negative space, and PSD-friendly extraction. Habitat and biome outputs may use the canonical environment. No baked-in text, labels, watermark, logo, border, or UI.

Create four clearly different but canon-compliant versions. Preserve body plan or growth architecture, structural counts, environmental adaptations, materials, defining features, and locked coloration. Vary only permitted secondary proportions, markings, surface detail, minor ornamentation, natural wear, and pose or growth irregularity.

Recommended aspect ratio: 16:9.","text, labels, watermark, signature, logo, border, frame, UI, HUD, cropped subject, duplicate anatomy, contradictory anatomy, impossible balance, unsupported structures, random wings, random horns, humanoid default, fantasy armor, weapons, cartoon, anime, toy-like materials, excessive neon, excessive glow, oversaturated colors, busy background, motion blur, low resolution, compression artifacts, generic Earth copy, unsupported fantasy styling, traits conflicting with locked canon",1.0.0,canonical
NB2-CRE-VI-007-CIVILIZATION-CAPABLE-LIFE-DISCOVERY,CRE-VI-007-CIVILIZATION-CAPABLE-LIFE,Civilization-Capable Life,discovery,Discovery Scan,16:9,"Create a canonical NOVERIS Nano Banana 2 visual for Civilization-Capable Life: Discovery Scan.

Canonical archetype:
A canonical civilization-capable life designed as a scientifically plausible lifeform whose body plan, support system, locomotion, sensing, metabolism, ecology, and environmental adaptations are internally coherent.

Required visual and biological rules:
• functional anatomy
• credible center of mass
• coherent locomotion
• environment-linked materials
• ecologically plausible scale

Production request:
Create centered scientific scan source without labels.

Studio-resolved canonical values:
{{canonicalId}}, {{displayName}}, {{scientificName}}, {{originPlanet}}, {{planetType}}, {{biome}}, {{gravity}}, {{atmosphere}}, {{climate}}, {{temperatureRange}}, {{sizeScale}}, {{coloration}}, {{materials}}, {{distinctiveFeatures}}, {{lockedTraits}}, {{rarity}}, {{artDirection}}.

Preserve every locked canonical field exactly. The result must use NOVERIS Scientific Realism: premium AAA science-fiction quality, museum-grade reference presentation, scientifically plausible structure, coherent materials, restrained coloration unless canon requires otherwise, readable silhouette, consistent scale and anatomy or growth across all views, soft neutral studio lighting, pure black background for isolated references, full requested subject visibility, generous negative space, and PSD-friendly extraction. Habitat and biome outputs may use the canonical environment. No baked-in text, labels, watermark, logo, border, or UI.

Create four clearly different but canon-compliant versions. Preserve body plan or growth architecture, structural counts, environmental adaptations, materials, defining features, and locked coloration. Vary only permitted secondary proportions, markings, surface detail, minor ornamentation, natural wear, and pose or growth irregularity.

Recommended aspect ratio: 16:9.","text, labels, watermark, signature, logo, border, frame, UI, HUD, cropped subject, duplicate anatomy, contradictory anatomy, impossible balance, unsupported structures, random wings, random horns, humanoid default, fantasy armor, weapons, cartoon, anime, toy-like materials, excessive neon, excessive glow, oversaturated colors, busy background, motion blur, low resolution, compression artifacts, generic Earth copy, unsupported fantasy styling, traits conflicting with locked canon",1.0.0,canonical
NB2-CRE-VI-007-CIVILIZATION-CAPABLE-LIFE-ICON,CRE-VI-007-CIVILIZATION-CAPABLE-LIFE,Civilization-Capable Life,icon,UI Icon,1:1,"Create a canonical NOVERIS Nano Banana 2 visual for Civilization-Capable Life: UI Icon.

Canonical archetype:
A canonical civilization-capable life designed as a scientifically plausible lifeform whose body plan, support system, locomotion, sensing, metabolism, ecology, and environmental adaptations are internally coherent.

Required visual and biological rules:
• functional anatomy
• credible center of mass
• coherent locomotion
• environment-linked materials
• ecologically plausible scale

Production request:
Create isolated silhouette readable at 64 pixels.

Studio-resolved canonical values:
{{canonicalId}}, {{displayName}}, {{scientificName}}, {{originPlanet}}, {{planetType}}, {{biome}}, {{gravity}}, {{atmosphere}}, {{climate}}, {{temperatureRange}}, {{sizeScale}}, {{coloration}}, {{materials}}, {{distinctiveFeatures}}, {{lockedTraits}}, {{rarity}}, {{artDirection}}.

Preserve every locked canonical field exactly. The result must use NOVERIS Scientific Realism: premium AAA science-fiction quality, museum-grade reference presentation, scientifically plausible structure, coherent materials, restrained coloration unless canon requires otherwise, readable silhouette, consistent scale and anatomy or growth across all views, soft neutral studio lighting, pure black background for isolated references, full requested subject visibility, generous negative space, and PSD-friendly extraction. Habitat and biome outputs may use the canonical environment. No baked-in text, labels, watermark, logo, border, or UI.

Create four clearly different but canon-compliant versions. Preserve body plan or growth architecture, structural counts, environmental adaptations, materials, defining features, and locked coloration. Vary only permitted secondary proportions, markings, surface detail, minor ornamentation, natural wear, and pose or growth irregularity.

Recommended aspect ratio: 1:1.","text, labels, watermark, signature, logo, border, frame, UI, HUD, cropped subject, duplicate anatomy, contradictory anatomy, impossible balance, unsupported structures, random wings, random horns, humanoid default, fantasy armor, weapons, cartoon, anime, toy-like materials, excessive neon, excessive glow, oversaturated colors, busy background, motion blur, low resolution, compression artifacts, generic Earth copy, unsupported fantasy styling, traits conflicting with locked canon",1.0.0,canonical
NB2-CRE-VI-007-CIVILIZATION-CAPABLE-LIFE-SCALE,CRE-VI-007-CIVILIZATION-CAPABLE-LIFE,Civilization-Capable Life,scale,Scale Comparison,16:9,"Create a canonical NOVERIS Nano Banana 2 visual for Civilization-Capable Life: Scale Comparison.

Canonical archetype:
A canonical civilization-capable life designed as a scientifically plausible lifeform whose body plan, support system, locomotion, sensing, metabolism, ecology, and environmental adaptations are internally coherent.

Required visual and biological rules:
• functional anatomy
• credible center of mass
• coherent locomotion
• environment-linked materials
• ecologically plausible scale

Production request:
Create side view with adult human silhouette and one-meter bar.

Studio-resolved canonical values:
{{canonicalId}}, {{displayName}}, {{scientificName}}, {{originPlanet}}, {{planetType}}, {{biome}}, {{gravity}}, {{atmosphere}}, {{climate}}, {{temperatureRange}}, {{sizeScale}}, {{coloration}}, {{materials}}, {{distinctiveFeatures}}, {{lockedTraits}}, {{rarity}}, {{artDirection}}.

Preserve every locked canonical field exactly. The result must use NOVERIS Scientific Realism: premium AAA science-fiction quality, museum-grade reference presentation, scientifically plausible structure, coherent materials, restrained coloration unless canon requires otherwise, readable silhouette, consistent scale and anatomy or growth across all views, soft neutral studio lighting, pure black background for isolated references, full requested subject visibility, generous negative space, and PSD-friendly extraction. Habitat and biome outputs may use the canonical environment. No baked-in text, labels, watermark, logo, border, or UI.

Create four clearly different but canon-compliant versions. Preserve body plan or growth architecture, structural counts, environmental adaptations, materials, defining features, and locked coloration. Vary only permitted secondary proportions, markings, surface detail, minor ornamentation, natural wear, and pose or growth irregularity.

Recommended aspect ratio: 16:9.","text, labels, watermark, signature, logo, border, frame, UI, HUD, cropped subject, duplicate anatomy, contradictory anatomy, impossible balance, unsupported structures, random wings, random horns, humanoid default, fantasy armor, weapons, cartoon, anime, toy-like materials, excessive neon, excessive glow, oversaturated colors, busy background, motion blur, low resolution, compression artifacts, generic Earth copy, unsupported fantasy styling, traits conflicting with locked canon",1.0.0,canonical
NB2-CRE-VI-007-CIVILIZATION-CAPABLE-LIFE-SPECIES-PLATE,CRE-VI-007-CIVILIZATION-CAPABLE-LIFE,Civilization-Capable Life,species-plate,Master Species Plate,16:9,"Create a canonical NOVERIS Nano Banana 2 visual for Civilization-Capable Life: Master Species Plate.

Canonical archetype:
A canonical civilization-capable life designed as a scientifically plausible lifeform whose body plan, support system, locomotion, sensing, metabolism, ecology, and environmental adaptations are internally coherent.

Required visual and biological rules:
• functional anatomy
• credible center of mass
• coherent locomotion
• environment-linked materials
• ecologically plausible scale

Production request:
Create full body, portrait, views, support system, lifecycle, variants, materials and habitat vignette.

Studio-resolved canonical values:
{{canonicalId}}, {{displayName}}, {{scientificName}}, {{originPlanet}}, {{planetType}}, {{biome}}, {{gravity}}, {{atmosphere}}, {{climate}}, {{temperatureRange}}, {{sizeScale}}, {{coloration}}, {{materials}}, {{distinctiveFeatures}}, {{lockedTraits}}, {{rarity}}, {{artDirection}}.

Preserve every locked canonical field exactly. The result must use NOVERIS Scientific Realism: premium AAA science-fiction quality, museum-grade reference presentation, scientifically plausible structure, coherent materials, restrained coloration unless canon requires otherwise, readable silhouette, consistent scale and anatomy or growth across all views, soft neutral studio lighting, pure black background for isolated references, full requested subject visibility, generous negative space, and PSD-friendly extraction. Habitat and biome outputs may use the canonical environment. No baked-in text, labels, watermark, logo, border, or UI.

Create four clearly different but canon-compliant versions. Preserve body plan or growth architecture, structural counts, environmental adaptations, materials, defining features, and locked coloration. Vary only permitted secondary proportions, markings, surface detail, minor ornamentation, natural wear, and pose or growth irregularity.

Recommended aspect ratio: 16:9.","text, labels, watermark, signature, logo, border, frame, UI, HUD, cropped subject, duplicate anatomy, contradictory anatomy, impossible balance, unsupported structures, random wings, random horns, humanoid default, fantasy armor, weapons, cartoon, anime, toy-like materials, excessive neon, excessive glow, oversaturated colors, busy background, motion blur, low resolution, compression artifacts, generic Earth copy, unsupported fantasy styling, traits conflicting with locked canon",1.0.0,canonical
NB2-CRE-VI-007-CIVILIZATION-CAPABLE-LIFE-ANIMATION,CRE-VI-007-CIVILIZATION-CAPABLE-LIFE,Civilization-Capable Life,animation,Animation Reference,16:9,"Create a canonical NOVERIS Nano Banana 2 visual for Civilization-Capable Life: Animation Reference.

Canonical archetype:
A canonical civilization-capable life designed as a scientifically plausible lifeform whose body plan, support system, locomotion, sensing, metabolism, ecology, and environmental adaptations are internally coherent.

Required visual and biological rules:
• functional anatomy
• credible center of mass
• coherent locomotion
• environment-linked materials
• ecologically plausible scale

Production request:
Create idle, locomotion, interaction, feeding, defense, rest and death or shutdown.

Studio-resolved canonical values:
{{canonicalId}}, {{displayName}}, {{scientificName}}, {{originPlanet}}, {{planetType}}, {{biome}}, {{gravity}}, {{atmosphere}}, {{climate}}, {{temperatureRange}}, {{sizeScale}}, {{coloration}}, {{materials}}, {{distinctiveFeatures}}, {{lockedTraits}}, {{rarity}}, {{artDirection}}.

Preserve every locked canonical field exactly. The result must use NOVERIS Scientific Realism: premium AAA science-fiction quality, museum-grade reference presentation, scientifically plausible structure, coherent materials, restrained coloration unless canon requires otherwise, readable silhouette, consistent scale and anatomy or growth across all views, soft neutral studio lighting, pure black background for isolated references, full requested subject visibility, generous negative space, and PSD-friendly extraction. Habitat and biome outputs may use the canonical environment. No baked-in text, labels, watermark, logo, border, or UI.

Create four clearly different but canon-compliant versions. Preserve body plan or growth architecture, structural counts, environmental adaptations, materials, defining features, and locked coloration. Vary only permitted secondary proportions, markings, surface detail, minor ornamentation, natural wear, and pose or growth irregularity.

Recommended aspect ratio: 16:9.","text, labels, watermark, signature, logo, border, frame, UI, HUD, cropped subject, duplicate anatomy, contradictory anatomy, impossible balance, unsupported structures, random wings, random horns, humanoid default, fantasy armor, weapons, cartoon, anime, toy-like materials, excessive neon, excessive glow, oversaturated colors, busy background, motion blur, low resolution, compression artifacts, generic Earth copy, unsupported fantasy styling, traits conflicting with locked canon",1.0.0,canonical
NB2-CRE-VI-007-CIVILIZATION-CAPABLE-LIFE-PSD,CRE-VI-007-CIVILIZATION-CAPABLE-LIFE,Civilization-Capable Life,psd,PSD Extraction Board,16:9,"Create a canonical NOVERIS Nano Banana 2 visual for Civilization-Capable Life: PSD Extraction Board.

Canonical archetype:
A canonical civilization-capable life designed as a scientifically plausible lifeform whose body plan, support system, locomotion, sensing, metabolism, ecology, and environmental adaptations are internally coherent.

Required visual and biological rules:
• functional anatomy
• credible center of mass
• coherent locomotion
• environment-linked materials
• ecologically plausible scale

Production request:
Create isolated whole subject, major parts, silhouette and material references.

Studio-resolved canonical values:
{{canonicalId}}, {{displayName}}, {{scientificName}}, {{originPlanet}}, {{planetType}}, {{biome}}, {{gravity}}, {{atmosphere}}, {{climate}}, {{temperatureRange}}, {{sizeScale}}, {{coloration}}, {{materials}}, {{distinctiveFeatures}}, {{lockedTraits}}, {{rarity}}, {{artDirection}}.

Preserve every locked canonical field exactly. The result must use NOVERIS Scientific Realism: premium AAA science-fiction quality, museum-grade reference presentation, scientifically plausible structure, coherent materials, restrained coloration unless canon requires otherwise, readable silhouette, consistent scale and anatomy or growth across all views, soft neutral studio lighting, pure black background for isolated references, full requested subject visibility, generous negative space, and PSD-friendly extraction. Habitat and biome outputs may use the canonical environment. No baked-in text, labels, watermark, logo, border, or UI.

Create four clearly different but canon-compliant versions. Preserve body plan or growth architecture, structural counts, environmental adaptations, materials, defining features, and locked coloration. Vary only permitted secondary proportions, markings, surface detail, minor ornamentation, natural wear, and pose or growth irregularity.

Recommended aspect ratio: 16:9.","text, labels, watermark, signature, logo, border, frame, UI, HUD, cropped subject, duplicate anatomy, contradictory anatomy, impossible balance, unsupported structures, random wings, random horns, humanoid default, fantasy armor, weapons, cartoon, anime, toy-like materials, excessive neon, excessive glow, oversaturated colors, busy background, motion blur, low resolution, compression artifacts, generic Earth copy, unsupported fantasy styling, traits conflicting with locked canon",1.0.0,canonical
NB2-CRE-VI-008-TOOL-USING-SPECIES-FULL-BODY,CRE-VI-008-TOOL-USING-SPECIES,Tool-Using Species,full-body,Full Body Production Render,3:4,"Create a canonical NOVERIS Nano Banana 2 visual for Tool-Using Species: Full Body Production Render.

Canonical archetype:
A canonical tool-using species designed as a scientifically plausible lifeform whose body plan, support system, locomotion, sensing, metabolism, ecology, and environmental adaptations are internally coherent.

Required visual and biological rules:
• functional anatomy
• credible center of mass
• coherent locomotion
• environment-linked materials
• ecologically plausible scale

Production request:
Create complete mature specimen, neutral pose, entire body visible.

Studio-resolved canonical values:
{{canonicalId}}, {{displayName}}, {{scientificName}}, {{originPlanet}}, {{planetType}}, {{biome}}, {{gravity}}, {{atmosphere}}, {{climate}}, {{temperatureRange}}, {{sizeScale}}, {{coloration}}, {{materials}}, {{distinctiveFeatures}}, {{lockedTraits}}, {{rarity}}, {{artDirection}}.

Preserve every locked canonical field exactly. The result must use NOVERIS Scientific Realism: premium AAA science-fiction quality, museum-grade reference presentation, scientifically plausible structure, coherent materials, restrained coloration unless canon requires otherwise, readable silhouette, consistent scale and anatomy or growth across all views, soft neutral studio lighting, pure black background for isolated references, full requested subject visibility, generous negative space, and PSD-friendly extraction. Habitat and biome outputs may use the canonical environment. No baked-in text, labels, watermark, logo, border, or UI.

Create four clearly different but canon-compliant versions. Preserve body plan or growth architecture, structural counts, environmental adaptations, materials, defining features, and locked coloration. Vary only permitted secondary proportions, markings, surface detail, minor ornamentation, natural wear, and pose or growth irregularity.

Recommended aspect ratio: 3:4.","text, labels, watermark, signature, logo, border, frame, UI, HUD, cropped subject, duplicate anatomy, contradictory anatomy, impossible balance, unsupported structures, random wings, random horns, humanoid default, fantasy armor, weapons, cartoon, anime, toy-like materials, excessive neon, excessive glow, oversaturated colors, busy background, motion blur, low resolution, compression artifacts, generic Earth copy, unsupported fantasy styling, traits conflicting with locked canon",1.0.0,canonical
NB2-CRE-VI-008-TOOL-USING-SPECIES-PORTRAIT,CRE-VI-008-TOOL-USING-SPECIES,Tool-Using Species,portrait,Portrait,1:1,"Create a canonical NOVERIS Nano Banana 2 visual for Tool-Using Species: Portrait.

Canonical archetype:
A canonical tool-using species designed as a scientifically plausible lifeform whose body plan, support system, locomotion, sensing, metabolism, ecology, and environmental adaptations are internally coherent.

Required visual and biological rules:
• functional anatomy
• credible center of mass
• coherent locomotion
• environment-linked materials
• ecologically plausible scale

Production request:
Create head and upper body emphasizing sensory anatomy and defining materials.

Studio-resolved canonical values:
{{canonicalId}}, {{displayName}}, {{scientificName}}, {{originPlanet}}, {{planetType}}, {{biome}}, {{gravity}}, {{atmosphere}}, {{climate}}, {{temperatureRange}}, {{sizeScale}}, {{coloration}}, {{materials}}, {{distinctiveFeatures}}, {{lockedTraits}}, {{rarity}}, {{artDirection}}.

Preserve every locked canonical field exactly. The result must use NOVERIS Scientific Realism: premium AAA science-fiction quality, museum-grade reference presentation, scientifically plausible structure, coherent materials, restrained coloration unless canon requires otherwise, readable silhouette, consistent scale and anatomy or growth across all views, soft neutral studio lighting, pure black background for isolated references, full requested subject visibility, generous negative space, and PSD-friendly extraction. Habitat and biome outputs may use the canonical environment. No baked-in text, labels, watermark, logo, border, or UI.

Create four clearly different but canon-compliant versions. Preserve body plan or growth architecture, structural counts, environmental adaptations, materials, defining features, and locked coloration. Vary only permitted secondary proportions, markings, surface detail, minor ornamentation, natural wear, and pose or growth irregularity.

Recommended aspect ratio: 1:1.","text, labels, watermark, signature, logo, border, frame, UI, HUD, cropped subject, duplicate anatomy, contradictory anatomy, impossible balance, unsupported structures, random wings, random horns, humanoid default, fantasy armor, weapons, cartoon, anime, toy-like materials, excessive neon, excessive glow, oversaturated colors, busy background, motion blur, low resolution, compression artifacts, generic Earth copy, unsupported fantasy styling, traits conflicting with locked canon",1.0.0,canonical
NB2-CRE-VI-008-TOOL-USING-SPECIES-ORTHO-FRONT,CRE-VI-008-TOOL-USING-SPECIES,Tool-Using Species,ortho-front,Orthographic Front,3:4,"Create a canonical NOVERIS Nano Banana 2 visual for Tool-Using Species: Orthographic Front.

Canonical archetype:
A canonical tool-using species designed as a scientifically plausible lifeform whose body plan, support system, locomotion, sensing, metabolism, ecology, and environmental adaptations are internally coherent.

Required visual and biological rules:
• functional anatomy
• credible center of mass
• coherent locomotion
• environment-linked materials
• ecologically plausible scale

Production request:
Create exact front orthographic view.

Studio-resolved canonical values:
{{canonicalId}}, {{displayName}}, {{scientificName}}, {{originPlanet}}, {{planetType}}, {{biome}}, {{gravity}}, {{atmosphere}}, {{climate}}, {{temperatureRange}}, {{sizeScale}}, {{coloration}}, {{materials}}, {{distinctiveFeatures}}, {{lockedTraits}}, {{rarity}}, {{artDirection}}.

Preserve every locked canonical field exactly. The result must use NOVERIS Scientific Realism: premium AAA science-fiction quality, museum-grade reference presentation, scientifically plausible structure, coherent materials, restrained coloration unless canon requires otherwise, readable silhouette, consistent scale and anatomy or growth across all views, soft neutral studio lighting, pure black background for isolated references, full requested subject visibility, generous negative space, and PSD-friendly extraction. Habitat and biome outputs may use the canonical environment. No baked-in text, labels, watermark, logo, border, or UI.

Create four clearly different but canon-compliant versions. Preserve body plan or growth architecture, structural counts, environmental adaptations, materials, defining features, and locked coloration. Vary only permitted secondary proportions, markings, surface detail, minor ornamentation, natural wear, and pose or growth irregularity.

Recommended aspect ratio: 3:4.","text, labels, watermark, signature, logo, border, frame, UI, HUD, cropped subject, duplicate anatomy, contradictory anatomy, impossible balance, unsupported structures, random wings, random horns, humanoid default, fantasy armor, weapons, cartoon, anime, toy-like materials, excessive neon, excessive glow, oversaturated colors, busy background, motion blur, low resolution, compression artifacts, generic Earth copy, unsupported fantasy styling, traits conflicting with locked canon",1.0.0,canonical
NB2-CRE-VI-008-TOOL-USING-SPECIES-ORTHO-SIDE,CRE-VI-008-TOOL-USING-SPECIES,Tool-Using Species,ortho-side,Orthographic Side,3:4,"Create a canonical NOVERIS Nano Banana 2 visual for Tool-Using Species: Orthographic Side.

Canonical archetype:
A canonical tool-using species designed as a scientifically plausible lifeform whose body plan, support system, locomotion, sensing, metabolism, ecology, and environmental adaptations are internally coherent.

Required visual and biological rules:
• functional anatomy
• credible center of mass
• coherent locomotion
• environment-linked materials
• ecologically plausible scale

Production request:
Create exact side orthographic view.

Studio-resolved canonical values:
{{canonicalId}}, {{displayName}}, {{scientificName}}, {{originPlanet}}, {{planetType}}, {{biome}}, {{gravity}}, {{atmosphere}}, {{climate}}, {{temperatureRange}}, {{sizeScale}}, {{coloration}}, {{materials}}, {{distinctiveFeatures}}, {{lockedTraits}}, {{rarity}}, {{artDirection}}.

Preserve every locked canonical field exactly. The result must use NOVERIS Scientific Realism: premium AAA science-fiction quality, museum-grade reference presentation, scientifically plausible structure, coherent materials, restrained coloration unless canon requires otherwise, readable silhouette, consistent scale and anatomy or growth across all views, soft neutral studio lighting, pure black background for isolated references, full requested subject visibility, generous negative space, and PSD-friendly extraction. Habitat and biome outputs may use the canonical environment. No baked-in text, labels, watermark, logo, border, or UI.

Create four clearly different but canon-compliant versions. Preserve body plan or growth architecture, structural counts, environmental adaptations, materials, defining features, and locked coloration. Vary only permitted secondary proportions, markings, surface detail, minor ornamentation, natural wear, and pose or growth irregularity.

Recommended aspect ratio: 3:4.","text, labels, watermark, signature, logo, border, frame, UI, HUD, cropped subject, duplicate anatomy, contradictory anatomy, impossible balance, unsupported structures, random wings, random horns, humanoid default, fantasy armor, weapons, cartoon, anime, toy-like materials, excessive neon, excessive glow, oversaturated colors, busy background, motion blur, low resolution, compression artifacts, generic Earth copy, unsupported fantasy styling, traits conflicting with locked canon",1.0.0,canonical
NB2-CRE-VI-008-TOOL-USING-SPECIES-ORTHO-REAR,CRE-VI-008-TOOL-USING-SPECIES,Tool-Using Species,ortho-rear,Orthographic Rear,3:4,"Create a canonical NOVERIS Nano Banana 2 visual for Tool-Using Species: Orthographic Rear.

Canonical archetype:
A canonical tool-using species designed as a scientifically plausible lifeform whose body plan, support system, locomotion, sensing, metabolism, ecology, and environmental adaptations are internally coherent.

Required visual and biological rules:
• functional anatomy
• credible center of mass
• coherent locomotion
• environment-linked materials
• ecologically plausible scale

Production request:
Create exact rear orthographic view.

Studio-resolved canonical values:
{{canonicalId}}, {{displayName}}, {{scientificName}}, {{originPlanet}}, {{planetType}}, {{biome}}, {{gravity}}, {{atmosphere}}, {{climate}}, {{temperatureRange}}, {{sizeScale}}, {{coloration}}, {{materials}}, {{distinctiveFeatures}}, {{lockedTraits}}, {{rarity}}, {{artDirection}}.

Preserve every locked canonical field exactly. The result must use NOVERIS Scientific Realism: premium AAA science-fiction quality, museum-grade reference presentation, scientifically plausible structure, coherent materials, restrained coloration unless canon requires otherwise, readable silhouette, consistent scale and anatomy or growth across all views, soft neutral studio lighting, pure black background for isolated references, full requested subject visibility, generous negative space, and PSD-friendly extraction. Habitat and biome outputs may use the canonical environment. No baked-in text, labels, watermark, logo, border, or UI.

Create four clearly different but canon-compliant versions. Preserve body plan or growth architecture, structural counts, environmental adaptations, materials, defining features, and locked coloration. Vary only permitted secondary proportions, markings, surface detail, minor ornamentation, natural wear, and pose or growth irregularity.

Recommended aspect ratio: 3:4.","text, labels, watermark, signature, logo, border, frame, UI, HUD, cropped subject, duplicate anatomy, contradictory anatomy, impossible balance, unsupported structures, random wings, random horns, humanoid default, fantasy armor, weapons, cartoon, anime, toy-like materials, excessive neon, excessive glow, oversaturated colors, busy background, motion blur, low resolution, compression artifacts, generic Earth copy, unsupported fantasy styling, traits conflicting with locked canon",1.0.0,canonical
NB2-CRE-VI-008-TOOL-USING-SPECIES-TURNAROUND,CRE-VI-008-TOOL-USING-SPECIES,Tool-Using Species,turnaround,Turnaround Sheet,16:9,"Create a canonical NOVERIS Nano Banana 2 visual for Tool-Using Species: Turnaround Sheet.

Canonical archetype:
A canonical tool-using species designed as a scientifically plausible lifeform whose body plan, support system, locomotion, sensing, metabolism, ecology, and environmental adaptations are internally coherent.

Required visual and biological rules:
• functional anatomy
• credible center of mass
• coherent locomotion
• environment-linked materials
• ecologically plausible scale

Production request:
Create front, side, rear, top and underside at identical scale.

Studio-resolved canonical values:
{{canonicalId}}, {{displayName}}, {{scientificName}}, {{originPlanet}}, {{planetType}}, {{biome}}, {{gravity}}, {{atmosphere}}, {{climate}}, {{temperatureRange}}, {{sizeScale}}, {{coloration}}, {{materials}}, {{distinctiveFeatures}}, {{lockedTraits}}, {{rarity}}, {{artDirection}}.

Preserve every locked canonical field exactly. The result must use NOVERIS Scientific Realism: premium AAA science-fiction quality, museum-grade reference presentation, scientifically plausible structure, coherent materials, restrained coloration unless canon requires otherwise, readable silhouette, consistent scale and anatomy or growth across all views, soft neutral studio lighting, pure black background for isolated references, full requested subject visibility, generous negative space, and PSD-friendly extraction. Habitat and biome outputs may use the canonical environment. No baked-in text, labels, watermark, logo, border, or UI.

Create four clearly different but canon-compliant versions. Preserve body plan or growth architecture, structural counts, environmental adaptations, materials, defining features, and locked coloration. Vary only permitted secondary proportions, markings, surface detail, minor ornamentation, natural wear, and pose or growth irregularity.

Recommended aspect ratio: 16:9.","text, labels, watermark, signature, logo, border, frame, UI, HUD, cropped subject, duplicate anatomy, contradictory anatomy, impossible balance, unsupported structures, random wings, random horns, humanoid default, fantasy armor, weapons, cartoon, anime, toy-like materials, excessive neon, excessive glow, oversaturated colors, busy background, motion blur, low resolution, compression artifacts, generic Earth copy, unsupported fantasy styling, traits conflicting with locked canon",1.0.0,canonical
NB2-CRE-VI-008-TOOL-USING-SPECIES-SUPPORT,CRE-VI-008-TOOL-USING-SPECIES,Tool-Using Species,support,Skeleton or Support Structure,16:9,"Create a canonical NOVERIS Nano Banana 2 visual for Tool-Using Species: Skeleton or Support Structure.

Canonical archetype:
A canonical tool-using species designed as a scientifically plausible lifeform whose body plan, support system, locomotion, sensing, metabolism, ecology, and environmental adaptations are internally coherent.

Required visual and biological rules:
• functional anatomy
• credible center of mass
• coherent locomotion
• environment-linked materials
• ecologically plausible scale

Production request:
Create complete mechanical support system and joint logic.

Studio-resolved canonical values:
{{canonicalId}}, {{displayName}}, {{scientificName}}, {{originPlanet}}, {{planetType}}, {{biome}}, {{gravity}}, {{atmosphere}}, {{climate}}, {{temperatureRange}}, {{sizeScale}}, {{coloration}}, {{materials}}, {{distinctiveFeatures}}, {{lockedTraits}}, {{rarity}}, {{artDirection}}.

Preserve every locked canonical field exactly. The result must use NOVERIS Scientific Realism: premium AAA science-fiction quality, museum-grade reference presentation, scientifically plausible structure, coherent materials, restrained coloration unless canon requires otherwise, readable silhouette, consistent scale and anatomy or growth across all views, soft neutral studio lighting, pure black background for isolated references, full requested subject visibility, generous negative space, and PSD-friendly extraction. Habitat and biome outputs may use the canonical environment. No baked-in text, labels, watermark, logo, border, or UI.

Create four clearly different but canon-compliant versions. Preserve body plan or growth architecture, structural counts, environmental adaptations, materials, defining features, and locked coloration. Vary only permitted secondary proportions, markings, surface detail, minor ornamentation, natural wear, and pose or growth irregularity.

Recommended aspect ratio: 16:9.","text, labels, watermark, signature, logo, border, frame, UI, HUD, cropped subject, duplicate anatomy, contradictory anatomy, impossible balance, unsupported structures, random wings, random horns, humanoid default, fantasy armor, weapons, cartoon, anime, toy-like materials, excessive neon, excessive glow, oversaturated colors, busy background, motion blur, low resolution, compression artifacts, generic Earth copy, unsupported fantasy styling, traits conflicting with locked canon",1.0.0,canonical
NB2-CRE-VI-008-TOOL-USING-SPECIES-ANATOMY,CRE-VI-008-TOOL-USING-SPECIES,Tool-Using Species,anatomy,Internal Anatomy,16:9,"Create a canonical NOVERIS Nano Banana 2 visual for Tool-Using Species: Internal Anatomy.

Canonical archetype:
A canonical tool-using species designed as a scientifically plausible lifeform whose body plan, support system, locomotion, sensing, metabolism, ecology, and environmental adaptations are internally coherent.

Required visual and biological rules:
• functional anatomy
• credible center of mass
• coherent locomotion
• environment-linked materials
• ecologically plausible scale

Production request:
Create major respiratory, circulatory, digestive, sensory and reproductive systems.

Studio-resolved canonical values:
{{canonicalId}}, {{displayName}}, {{scientificName}}, {{originPlanet}}, {{planetType}}, {{biome}}, {{gravity}}, {{atmosphere}}, {{climate}}, {{temperatureRange}}, {{sizeScale}}, {{coloration}}, {{materials}}, {{distinctiveFeatures}}, {{lockedTraits}}, {{rarity}}, {{artDirection}}.

Preserve every locked canonical field exactly. The result must use NOVERIS Scientific Realism: premium AAA science-fiction quality, museum-grade reference presentation, scientifically plausible structure, coherent materials, restrained coloration unless canon requires otherwise, readable silhouette, consistent scale and anatomy or growth across all views, soft neutral studio lighting, pure black background for isolated references, full requested subject visibility, generous negative space, and PSD-friendly extraction. Habitat and biome outputs may use the canonical environment. No baked-in text, labels, watermark, logo, border, or UI.

Create four clearly different but canon-compliant versions. Preserve body plan or growth architecture, structural counts, environmental adaptations, materials, defining features, and locked coloration. Vary only permitted secondary proportions, markings, surface detail, minor ornamentation, natural wear, and pose or growth irregularity.

Recommended aspect ratio: 16:9.","text, labels, watermark, signature, logo, border, frame, UI, HUD, cropped subject, duplicate anatomy, contradictory anatomy, impossible balance, unsupported structures, random wings, random horns, humanoid default, fantasy armor, weapons, cartoon, anime, toy-like materials, excessive neon, excessive glow, oversaturated colors, busy background, motion blur, low resolution, compression artifacts, generic Earth copy, unsupported fantasy styling, traits conflicting with locked canon",1.0.0,canonical
NB2-CRE-VI-008-TOOL-USING-SPECIES-LIFECYCLE,CRE-VI-008-TOOL-USING-SPECIES,Tool-Using Species,lifecycle,Lifecycle Sheet,16:9,"Create a canonical NOVERIS Nano Banana 2 visual for Tool-Using Species: Lifecycle Sheet.

Canonical archetype:
A canonical tool-using species designed as a scientifically plausible lifeform whose body plan, support system, locomotion, sensing, metabolism, ecology, and environmental adaptations are internally coherent.

Required visual and biological rules:
• functional anatomy
• credible center of mass
• coherent locomotion
• environment-linked materials
• ecologically plausible scale

Production request:
Create reproductive form, juvenile, adult and elder stages.

Studio-resolved canonical values:
{{canonicalId}}, {{displayName}}, {{scientificName}}, {{originPlanet}}, {{planetType}}, {{biome}}, {{gravity}}, {{atmosphere}}, {{climate}}, {{temperatureRange}}, {{sizeScale}}, {{coloration}}, {{materials}}, {{distinctiveFeatures}}, {{lockedTraits}}, {{rarity}}, {{artDirection}}.

Preserve every locked canonical field exactly. The result must use NOVERIS Scientific Realism: premium AAA science-fiction quality, museum-grade reference presentation, scientifically plausible structure, coherent materials, restrained coloration unless canon requires otherwise, readable silhouette, consistent scale and anatomy or growth across all views, soft neutral studio lighting, pure black background for isolated references, full requested subject visibility, generous negative space, and PSD-friendly extraction. Habitat and biome outputs may use the canonical environment. No baked-in text, labels, watermark, logo, border, or UI.

Create four clearly different but canon-compliant versions. Preserve body plan or growth architecture, structural counts, environmental adaptations, materials, defining features, and locked coloration. Vary only permitted secondary proportions, markings, surface detail, minor ornamentation, natural wear, and pose or growth irregularity.

Recommended aspect ratio: 16:9.","text, labels, watermark, signature, logo, border, frame, UI, HUD, cropped subject, duplicate anatomy, contradictory anatomy, impossible balance, unsupported structures, random wings, random horns, humanoid default, fantasy armor, weapons, cartoon, anime, toy-like materials, excessive neon, excessive glow, oversaturated colors, busy background, motion blur, low resolution, compression artifacts, generic Earth copy, unsupported fantasy styling, traits conflicting with locked canon",1.0.0,canonical
NB2-CRE-VI-008-TOOL-USING-SPECIES-VARIANTS,CRE-VI-008-TOOL-USING-SPECIES,Tool-Using Species,variants,Canonical Variants,16:9,"Create a canonical NOVERIS Nano Banana 2 visual for Tool-Using Species: Canonical Variants.

Canonical archetype:
A canonical tool-using species designed as a scientifically plausible lifeform whose body plan, support system, locomotion, sensing, metabolism, ecology, and environmental adaptations are internally coherent.

Required visual and biological rules:
• functional anatomy
• credible center of mass
• coherent locomotion
• environment-linked materials
• ecologically plausible scale

Production request:
Create regional, seasonal, sex, caste, morph or engineered variants.

Studio-resolved canonical values:
{{canonicalId}}, {{displayName}}, {{scientificName}}, {{originPlanet}}, {{planetType}}, {{biome}}, {{gravity}}, {{atmosphere}}, {{climate}}, {{temperatureRange}}, {{sizeScale}}, {{coloration}}, {{materials}}, {{distinctiveFeatures}}, {{lockedTraits}}, {{rarity}}, {{artDirection}}.

Preserve every locked canonical field exactly. The result must use NOVERIS Scientific Realism: premium AAA science-fiction quality, museum-grade reference presentation, scientifically plausible structure, coherent materials, restrained coloration unless canon requires otherwise, readable silhouette, consistent scale and anatomy or growth across all views, soft neutral studio lighting, pure black background for isolated references, full requested subject visibility, generous negative space, and PSD-friendly extraction. Habitat and biome outputs may use the canonical environment. No baked-in text, labels, watermark, logo, border, or UI.

Create four clearly different but canon-compliant versions. Preserve body plan or growth architecture, structural counts, environmental adaptations, materials, defining features, and locked coloration. Vary only permitted secondary proportions, markings, surface detail, minor ornamentation, natural wear, and pose or growth irregularity.

Recommended aspect ratio: 16:9.","text, labels, watermark, signature, logo, border, frame, UI, HUD, cropped subject, duplicate anatomy, contradictory anatomy, impossible balance, unsupported structures, random wings, random horns, humanoid default, fantasy armor, weapons, cartoon, anime, toy-like materials, excessive neon, excessive glow, oversaturated colors, busy background, motion blur, low resolution, compression artifacts, generic Earth copy, unsupported fantasy styling, traits conflicting with locked canon",1.0.0,canonical
NB2-CRE-VI-008-TOOL-USING-SPECIES-BEHAVIOR,CRE-VI-008-TOOL-USING-SPECIES,Tool-Using Species,behavior,Behavior Sheet,16:9,"Create a canonical NOVERIS Nano Banana 2 visual for Tool-Using Species: Behavior Sheet.

Canonical archetype:
A canonical tool-using species designed as a scientifically plausible lifeform whose body plan, support system, locomotion, sensing, metabolism, ecology, and environmental adaptations are internally coherent.

Required visual and biological rules:
• functional anatomy
• credible center of mass
• coherent locomotion
• environment-linked materials
• ecologically plausible scale

Production request:
Create idle, feeding, locomotion, social, defense and rest.

Studio-resolved canonical values:
{{canonicalId}}, {{displayName}}, {{scientificName}}, {{originPlanet}}, {{planetType}}, {{biome}}, {{gravity}}, {{atmosphere}}, {{climate}}, {{temperatureRange}}, {{sizeScale}}, {{coloration}}, {{materials}}, {{distinctiveFeatures}}, {{lockedTraits}}, {{rarity}}, {{artDirection}}.

Preserve every locked canonical field exactly. The result must use NOVERIS Scientific Realism: premium AAA science-fiction quality, museum-grade reference presentation, scientifically plausible structure, coherent materials, restrained coloration unless canon requires otherwise, readable silhouette, consistent scale and anatomy or growth across all views, soft neutral studio lighting, pure black background for isolated references, full requested subject visibility, generous negative space, and PSD-friendly extraction. Habitat and biome outputs may use the canonical environment. No baked-in text, labels, watermark, logo, border, or UI.

Create four clearly different but canon-compliant versions. Preserve body plan or growth architecture, structural counts, environmental adaptations, materials, defining features, and locked coloration. Vary only permitted secondary proportions, markings, surface detail, minor ornamentation, natural wear, and pose or growth irregularity.

Recommended aspect ratio: 16:9.","text, labels, watermark, signature, logo, border, frame, UI, HUD, cropped subject, duplicate anatomy, contradictory anatomy, impossible balance, unsupported structures, random wings, random horns, humanoid default, fantasy armor, weapons, cartoon, anime, toy-like materials, excessive neon, excessive glow, oversaturated colors, busy background, motion blur, low resolution, compression artifacts, generic Earth copy, unsupported fantasy styling, traits conflicting with locked canon",1.0.0,canonical
NB2-CRE-VI-008-TOOL-USING-SPECIES-HABITAT,CRE-VI-008-TOOL-USING-SPECIES,Tool-Using Species,habitat,Native Habitat Scene,16:9,"Create a canonical NOVERIS Nano Banana 2 visual for Tool-Using Species: Native Habitat Scene.

Canonical archetype:
A canonical tool-using species designed as a scientifically plausible lifeform whose body plan, support system, locomotion, sensing, metabolism, ecology, and environmental adaptations are internally coherent.

Required visual and biological rules:
• functional anatomy
• credible center of mass
• coherent locomotion
• environment-linked materials
• ecologically plausible scale

Production request:
Create natural behavior in canonical planet and biome.

Studio-resolved canonical values:
{{canonicalId}}, {{displayName}}, {{scientificName}}, {{originPlanet}}, {{planetType}}, {{biome}}, {{gravity}}, {{atmosphere}}, {{climate}}, {{temperatureRange}}, {{sizeScale}}, {{coloration}}, {{materials}}, {{distinctiveFeatures}}, {{lockedTraits}}, {{rarity}}, {{artDirection}}.

Preserve every locked canonical field exactly. The result must use NOVERIS Scientific Realism: premium AAA science-fiction quality, museum-grade reference presentation, scientifically plausible structure, coherent materials, restrained coloration unless canon requires otherwise, readable silhouette, consistent scale and anatomy or growth across all views, soft neutral studio lighting, pure black background for isolated references, full requested subject visibility, generous negative space, and PSD-friendly extraction. Habitat and biome outputs may use the canonical environment. No baked-in text, labels, watermark, logo, border, or UI.

Create four clearly different but canon-compliant versions. Preserve body plan or growth architecture, structural counts, environmental adaptations, materials, defining features, and locked coloration. Vary only permitted secondary proportions, markings, surface detail, minor ornamentation, natural wear, and pose or growth irregularity.

Recommended aspect ratio: 16:9.","text, labels, watermark, signature, logo, border, frame, UI, HUD, cropped subject, duplicate anatomy, contradictory anatomy, impossible balance, unsupported structures, random wings, random horns, humanoid default, fantasy armor, weapons, cartoon, anime, toy-like materials, excessive neon, excessive glow, oversaturated colors, busy background, motion blur, low resolution, compression artifacts, generic Earth copy, unsupported fantasy styling, traits conflicting with locked canon",1.0.0,canonical
NB2-CRE-VI-008-TOOL-USING-SPECIES-DISCOVERY,CRE-VI-008-TOOL-USING-SPECIES,Tool-Using Species,discovery,Discovery Scan,16:9,"Create a canonical NOVERIS Nano Banana 2 visual for Tool-Using Species: Discovery Scan.

Canonical archetype:
A canonical tool-using species designed as a scientifically plausible lifeform whose body plan, support system, locomotion, sensing, metabolism, ecology, and environmental adaptations are internally coherent.

Required visual and biological rules:
• functional anatomy
• credible center of mass
• coherent locomotion
• environment-linked materials
• ecologically plausible scale

Production request:
Create centered scientific scan source without labels.

Studio-resolved canonical values:
{{canonicalId}}, {{displayName}}, {{scientificName}}, {{originPlanet}}, {{planetType}}, {{biome}}, {{gravity}}, {{atmosphere}}, {{climate}}, {{temperatureRange}}, {{sizeScale}}, {{coloration}}, {{materials}}, {{distinctiveFeatures}}, {{lockedTraits}}, {{rarity}}, {{artDirection}}.

Preserve every locked canonical field exactly. The result must use NOVERIS Scientific Realism: premium AAA science-fiction quality, museum-grade reference presentation, scientifically plausible structure, coherent materials, restrained coloration unless canon requires otherwise, readable silhouette, consistent scale and anatomy or growth across all views, soft neutral studio lighting, pure black background for isolated references, full requested subject visibility, generous negative space, and PSD-friendly extraction. Habitat and biome outputs may use the canonical environment. No baked-in text, labels, watermark, logo, border, or UI.

Create four clearly different but canon-compliant versions. Preserve body plan or growth architecture, structural counts, environmental adaptations, materials, defining features, and locked coloration. Vary only permitted secondary proportions, markings, surface detail, minor ornamentation, natural wear, and pose or growth irregularity.

Recommended aspect ratio: 16:9.","text, labels, watermark, signature, logo, border, frame, UI, HUD, cropped subject, duplicate anatomy, contradictory anatomy, impossible balance, unsupported structures, random wings, random horns, humanoid default, fantasy armor, weapons, cartoon, anime, toy-like materials, excessive neon, excessive glow, oversaturated colors, busy background, motion blur, low resolution, compression artifacts, generic Earth copy, unsupported fantasy styling, traits conflicting with locked canon",1.0.0,canonical
NB2-CRE-VI-008-TOOL-USING-SPECIES-ICON,CRE-VI-008-TOOL-USING-SPECIES,Tool-Using Species,icon,UI Icon,1:1,"Create a canonical NOVERIS Nano Banana 2 visual for Tool-Using Species: UI Icon.

Canonical archetype:
A canonical tool-using species designed as a scientifically plausible lifeform whose body plan, support system, locomotion, sensing, metabolism, ecology, and environmental adaptations are internally coherent.

Required visual and biological rules:
• functional anatomy
• credible center of mass
• coherent locomotion
• environment-linked materials
• ecologically plausible scale

Production request:
Create isolated silhouette readable at 64 pixels.

Studio-resolved canonical values:
{{canonicalId}}, {{displayName}}, {{scientificName}}, {{originPlanet}}, {{planetType}}, {{biome}}, {{gravity}}, {{atmosphere}}, {{climate}}, {{temperatureRange}}, {{sizeScale}}, {{coloration}}, {{materials}}, {{distinctiveFeatures}}, {{lockedTraits}}, {{rarity}}, {{artDirection}}.

Preserve every locked canonical field exactly. The result must use NOVERIS Scientific Realism: premium AAA science-fiction quality, museum-grade reference presentation, scientifically plausible structure, coherent materials, restrained coloration unless canon requires otherwise, readable silhouette, consistent scale and anatomy or growth across all views, soft neutral studio lighting, pure black background for isolated references, full requested subject visibility, generous negative space, and PSD-friendly extraction. Habitat and biome outputs may use the canonical environment. No baked-in text, labels, watermark, logo, border, or UI.

Create four clearly different but canon-compliant versions. Preserve body plan or growth architecture, structural counts, environmental adaptations, materials, defining features, and locked coloration. Vary only permitted secondary proportions, markings, surface detail, minor ornamentation, natural wear, and pose or growth irregularity.

Recommended aspect ratio: 1:1.","text, labels, watermark, signature, logo, border, frame, UI, HUD, cropped subject, duplicate anatomy, contradictory anatomy, impossible balance, unsupported structures, random wings, random horns, humanoid default, fantasy armor, weapons, cartoon, anime, toy-like materials, excessive neon, excessive glow, oversaturated colors, busy background, motion blur, low resolution, compression artifacts, generic Earth copy, unsupported fantasy styling, traits conflicting with locked canon",1.0.0,canonical
NB2-CRE-VI-008-TOOL-USING-SPECIES-SCALE,CRE-VI-008-TOOL-USING-SPECIES,Tool-Using Species,scale,Scale Comparison,16:9,"Create a canonical NOVERIS Nano Banana 2 visual for Tool-Using Species: Scale Comparison.

Canonical archetype:
A canonical tool-using species designed as a scientifically plausible lifeform whose body plan, support system, locomotion, sensing, metabolism, ecology, and environmental adaptations are internally coherent.

Required visual and biological rules:
• functional anatomy
• credible center of mass
• coherent locomotion
• environment-linked materials
• ecologically plausible scale

Production request:
Create side view with adult human silhouette and one-meter bar.

Studio-resolved canonical values:
{{canonicalId}}, {{displayName}}, {{scientificName}}, {{originPlanet}}, {{planetType}}, {{biome}}, {{gravity}}, {{atmosphere}}, {{climate}}, {{temperatureRange}}, {{sizeScale}}, {{coloration}}, {{materials}}, {{distinctiveFeatures}}, {{lockedTraits}}, {{rarity}}, {{artDirection}}.

Preserve every locked canonical field exactly. The result must use NOVERIS Scientific Realism: premium AAA science-fiction quality, museum-grade reference presentation, scientifically plausible structure, coherent materials, restrained coloration unless canon requires otherwise, readable silhouette, consistent scale and anatomy or growth across all views, soft neutral studio lighting, pure black background for isolated references, full requested subject visibility, generous negative space, and PSD-friendly extraction. Habitat and biome outputs may use the canonical environment. No baked-in text, labels, watermark, logo, border, or UI.

Create four clearly different but canon-compliant versions. Preserve body plan or growth architecture, structural counts, environmental adaptations, materials, defining features, and locked coloration. Vary only permitted secondary proportions, markings, surface detail, minor ornamentation, natural wear, and pose or growth irregularity.

Recommended aspect ratio: 16:9.","text, labels, watermark, signature, logo, border, frame, UI, HUD, cropped subject, duplicate anatomy, contradictory anatomy, impossible balance, unsupported structures, random wings, random horns, humanoid default, fantasy armor, weapons, cartoon, anime, toy-like materials, excessive neon, excessive glow, oversaturated colors, busy background, motion blur, low resolution, compression artifacts, generic Earth copy, unsupported fantasy styling, traits conflicting with locked canon",1.0.0,canonical
NB2-CRE-VI-008-TOOL-USING-SPECIES-SPECIES-PLATE,CRE-VI-008-TOOL-USING-SPECIES,Tool-Using Species,species-plate,Master Species Plate,16:9,"Create a canonical NOVERIS Nano Banana 2 visual for Tool-Using Species: Master Species Plate.

Canonical archetype:
A canonical tool-using species designed as a scientifically plausible lifeform whose body plan, support system, locomotion, sensing, metabolism, ecology, and environmental adaptations are internally coherent.

Required visual and biological rules:
• functional anatomy
• credible center of mass
• coherent locomotion
• environment-linked materials
• ecologically plausible scale

Production request:
Create full body, portrait, views, support system, lifecycle, variants, materials and habitat vignette.

Studio-resolved canonical values:
{{canonicalId}}, {{displayName}}, {{scientificName}}, {{originPlanet}}, {{planetType}}, {{biome}}, {{gravity}}, {{atmosphere}}, {{climate}}, {{temperatureRange}}, {{sizeScale}}, {{coloration}}, {{materials}}, {{distinctiveFeatures}}, {{lockedTraits}}, {{rarity}}, {{artDirection}}.

Preserve every locked canonical field exactly. The result must use NOVERIS Scientific Realism: premium AAA science-fiction quality, museum-grade reference presentation, scientifically plausible structure, coherent materials, restrained coloration unless canon requires otherwise, readable silhouette, consistent scale and anatomy or growth across all views, soft neutral studio lighting, pure black background for isolated references, full requested subject visibility, generous negative space, and PSD-friendly extraction. Habitat and biome outputs may use the canonical environment. No baked-in text, labels, watermark, logo, border, or UI.

Create four clearly different but canon-compliant versions. Preserve body plan or growth architecture, structural counts, environmental adaptations, materials, defining features, and locked coloration. Vary only permitted secondary proportions, markings, surface detail, minor ornamentation, natural wear, and pose or growth irregularity.

Recommended aspect ratio: 16:9.","text, labels, watermark, signature, logo, border, frame, UI, HUD, cropped subject, duplicate anatomy, contradictory anatomy, impossible balance, unsupported structures, random wings, random horns, humanoid default, fantasy armor, weapons, cartoon, anime, toy-like materials, excessive neon, excessive glow, oversaturated colors, busy background, motion blur, low resolution, compression artifacts, generic Earth copy, unsupported fantasy styling, traits conflicting with locked canon",1.0.0,canonical
NB2-CRE-VI-008-TOOL-USING-SPECIES-ANIMATION,CRE-VI-008-TOOL-USING-SPECIES,Tool-Using Species,animation,Animation Reference,16:9,"Create a canonical NOVERIS Nano Banana 2 visual for Tool-Using Species: Animation Reference.

Canonical archetype:
A canonical tool-using species designed as a scientifically plausible lifeform whose body plan, support system, locomotion, sensing, metabolism, ecology, and environmental adaptations are internally coherent.

Required visual and biological rules:
• functional anatomy
• credible center of mass
• coherent locomotion
• environment-linked materials
• ecologically plausible scale

Production request:
Create idle, locomotion, interaction, feeding, defense, rest and death or shutdown.

Studio-resolved canonical values:
{{canonicalId}}, {{displayName}}, {{scientificName}}, {{originPlanet}}, {{planetType}}, {{biome}}, {{gravity}}, {{atmosphere}}, {{climate}}, {{temperatureRange}}, {{sizeScale}}, {{coloration}}, {{materials}}, {{distinctiveFeatures}}, {{lockedTraits}}, {{rarity}}, {{artDirection}}.

Preserve every locked canonical field exactly. The result must use NOVERIS Scientific Realism: premium AAA science-fiction quality, museum-grade reference presentation, scientifically plausible structure, coherent materials, restrained coloration unless canon requires otherwise, readable silhouette, consistent scale and anatomy or growth across all views, soft neutral studio lighting, pure black background for isolated references, full requested subject visibility, generous negative space, and PSD-friendly extraction. Habitat and biome outputs may use the canonical environment. No baked-in text, labels, watermark, logo, border, or UI.

Create four clearly different but canon-compliant versions. Preserve body plan or growth architecture, structural counts, environmental adaptations, materials, defining features, and locked coloration. Vary only permitted secondary proportions, markings, surface detail, minor ornamentation, natural wear, and pose or growth irregularity.

Recommended aspect ratio: 16:9.","text, labels, watermark, signature, logo, border, frame, UI, HUD, cropped subject, duplicate anatomy, contradictory anatomy, impossible balance, unsupported structures, random wings, random horns, humanoid default, fantasy armor, weapons, cartoon, anime, toy-like materials, excessive neon, excessive glow, oversaturated colors, busy background, motion blur, low resolution, compression artifacts, generic Earth copy, unsupported fantasy styling, traits conflicting with locked canon",1.0.0,canonical
NB2-CRE-VI-008-TOOL-USING-SPECIES-PSD,CRE-VI-008-TOOL-USING-SPECIES,Tool-Using Species,psd,PSD Extraction Board,16:9,"Create a canonical NOVERIS Nano Banana 2 visual for Tool-Using Species: PSD Extraction Board.

Canonical archetype:
A canonical tool-using species designed as a scientifically plausible lifeform whose body plan, support system, locomotion, sensing, metabolism, ecology, and environmental adaptations are internally coherent.

Required visual and biological rules:
• functional anatomy
• credible center of mass
• coherent locomotion
• environment-linked materials
• ecologically plausible scale

Production request:
Create isolated whole subject, major parts, silhouette and material references.

Studio-resolved canonical values:
{{canonicalId}}, {{displayName}}, {{scientificName}}, {{originPlanet}}, {{planetType}}, {{biome}}, {{gravity}}, {{atmosphere}}, {{climate}}, {{temperatureRange}}, {{sizeScale}}, {{coloration}}, {{materials}}, {{distinctiveFeatures}}, {{lockedTraits}}, {{rarity}}, {{artDirection}}.

Preserve every locked canonical field exactly. The result must use NOVERIS Scientific Realism: premium AAA science-fiction quality, museum-grade reference presentation, scientifically plausible structure, coherent materials, restrained coloration unless canon requires otherwise, readable silhouette, consistent scale and anatomy or growth across all views, soft neutral studio lighting, pure black background for isolated references, full requested subject visibility, generous negative space, and PSD-friendly extraction. Habitat and biome outputs may use the canonical environment. No baked-in text, labels, watermark, logo, border, or UI.

Create four clearly different but canon-compliant versions. Preserve body plan or growth architecture, structural counts, environmental adaptations, materials, defining features, and locked coloration. Vary only permitted secondary proportions, markings, surface detail, minor ornamentation, natural wear, and pose or growth irregularity.

Recommended aspect ratio: 16:9.","text, labels, watermark, signature, logo, border, frame, UI, HUD, cropped subject, duplicate anatomy, contradictory anatomy, impossible balance, unsupported structures, random wings, random horns, humanoid default, fantasy armor, weapons, cartoon, anime, toy-like materials, excessive neon, excessive glow, oversaturated colors, busy background, motion blur, low resolution, compression artifacts, generic Earth copy, unsupported fantasy styling, traits conflicting with locked canon",1.0.0,canonical
NB2-CRE-VI-009-SYMBOLIC-REASONING-SPECIES-FULL-BODY,CRE-VI-009-SYMBOLIC-REASONING-SPECIES,Symbolic-Reasoning Species,full-body,Full Body Production Render,3:4,"Create a canonical NOVERIS Nano Banana 2 visual for Symbolic-Reasoning Species: Full Body Production Render.

Canonical archetype:
A canonical symbolic-reasoning species designed as a scientifically plausible lifeform whose body plan, support system, locomotion, sensing, metabolism, ecology, and environmental adaptations are internally coherent.

Required visual and biological rules:
• functional anatomy
• credible center of mass
• coherent locomotion
• environment-linked materials
• ecologically plausible scale

Production request:
Create complete mature specimen, neutral pose, entire body visible.

Studio-resolved canonical values:
{{canonicalId}}, {{displayName}}, {{scientificName}}, {{originPlanet}}, {{planetType}}, {{biome}}, {{gravity}}, {{atmosphere}}, {{climate}}, {{temperatureRange}}, {{sizeScale}}, {{coloration}}, {{materials}}, {{distinctiveFeatures}}, {{lockedTraits}}, {{rarity}}, {{artDirection}}.

Preserve every locked canonical field exactly. The result must use NOVERIS Scientific Realism: premium AAA science-fiction quality, museum-grade reference presentation, scientifically plausible structure, coherent materials, restrained coloration unless canon requires otherwise, readable silhouette, consistent scale and anatomy or growth across all views, soft neutral studio lighting, pure black background for isolated references, full requested subject visibility, generous negative space, and PSD-friendly extraction. Habitat and biome outputs may use the canonical environment. No baked-in text, labels, watermark, logo, border, or UI.

Create four clearly different but canon-compliant versions. Preserve body plan or growth architecture, structural counts, environmental adaptations, materials, defining features, and locked coloration. Vary only permitted secondary proportions, markings, surface detail, minor ornamentation, natural wear, and pose or growth irregularity.

Recommended aspect ratio: 3:4.","text, labels, watermark, signature, logo, border, frame, UI, HUD, cropped subject, duplicate anatomy, contradictory anatomy, impossible balance, unsupported structures, random wings, random horns, humanoid default, fantasy armor, weapons, cartoon, anime, toy-like materials, excessive neon, excessive glow, oversaturated colors, busy background, motion blur, low resolution, compression artifacts, generic Earth copy, unsupported fantasy styling, traits conflicting with locked canon",1.0.0,canonical
NB2-CRE-VI-009-SYMBOLIC-REASONING-SPECIES-PORTRAIT,CRE-VI-009-SYMBOLIC-REASONING-SPECIES,Symbolic-Reasoning Species,portrait,Portrait,1:1,"Create a canonical NOVERIS Nano Banana 2 visual for Symbolic-Reasoning Species: Portrait.

Canonical archetype:
A canonical symbolic-reasoning species designed as a scientifically plausible lifeform whose body plan, support system, locomotion, sensing, metabolism, ecology, and environmental adaptations are internally coherent.

Required visual and biological rules:
• functional anatomy
• credible center of mass
• coherent locomotion
• environment-linked materials
• ecologically plausible scale

Production request:
Create head and upper body emphasizing sensory anatomy and defining materials.

Studio-resolved canonical values:
{{canonicalId}}, {{displayName}}, {{scientificName}}, {{originPlanet}}, {{planetType}}, {{biome}}, {{gravity}}, {{atmosphere}}, {{climate}}, {{temperatureRange}}, {{sizeScale}}, {{coloration}}, {{materials}}, {{distinctiveFeatures}}, {{lockedTraits}}, {{rarity}}, {{artDirection}}.

Preserve every locked canonical field exactly. The result must use NOVERIS Scientific Realism: premium AAA science-fiction quality, museum-grade reference presentation, scientifically plausible structure, coherent materials, restrained coloration unless canon requires otherwise, readable silhouette, consistent scale and anatomy or growth across all views, soft neutral studio lighting, pure black background for isolated references, full requested subject visibility, generous negative space, and PSD-friendly extraction. Habitat and biome outputs may use the canonical environment. No baked-in text, labels, watermark, logo, border, or UI.

Create four clearly different but canon-compliant versions. Preserve body plan or growth architecture, structural counts, environmental adaptations, materials, defining features, and locked coloration. Vary only permitted secondary proportions, markings, surface detail, minor ornamentation, natural wear, and pose or growth irregularity.

Recommended aspect ratio: 1:1.","text, labels, watermark, signature, logo, border, frame, UI, HUD, cropped subject, duplicate anatomy, contradictory anatomy, impossible balance, unsupported structures, random wings, random horns, humanoid default, fantasy armor, weapons, cartoon, anime, toy-like materials, excessive neon, excessive glow, oversaturated colors, busy background, motion blur, low resolution, compression artifacts, generic Earth copy, unsupported fantasy styling, traits conflicting with locked canon",1.0.0,canonical
NB2-CRE-VI-009-SYMBOLIC-REASONING-SPECIES-ORTHO-FRONT,CRE-VI-009-SYMBOLIC-REASONING-SPECIES,Symbolic-Reasoning Species,ortho-front,Orthographic Front,3:4,"Create a canonical NOVERIS Nano Banana 2 visual for Symbolic-Reasoning Species: Orthographic Front.

Canonical archetype:
A canonical symbolic-reasoning species designed as a scientifically plausible lifeform whose body plan, support system, locomotion, sensing, metabolism, ecology, and environmental adaptations are internally coherent.

Required visual and biological rules:
• functional anatomy
• credible center of mass
• coherent locomotion
• environment-linked materials
• ecologically plausible scale

Production request:
Create exact front orthographic view.

Studio-resolved canonical values:
{{canonicalId}}, {{displayName}}, {{scientificName}}, {{originPlanet}}, {{planetType}}, {{biome}}, {{gravity}}, {{atmosphere}}, {{climate}}, {{temperatureRange}}, {{sizeScale}}, {{coloration}}, {{materials}}, {{distinctiveFeatures}}, {{lockedTraits}}, {{rarity}}, {{artDirection}}.

Preserve every locked canonical field exactly. The result must use NOVERIS Scientific Realism: premium AAA science-fiction quality, museum-grade reference presentation, scientifically plausible structure, coherent materials, restrained coloration unless canon requires otherwise, readable silhouette, consistent scale and anatomy or growth across all views, soft neutral studio lighting, pure black background for isolated references, full requested subject visibility, generous negative space, and PSD-friendly extraction. Habitat and biome outputs may use the canonical environment. No baked-in text, labels, watermark, logo, border, or UI.

Create four clearly different but canon-compliant versions. Preserve body plan or growth architecture, structural counts, environmental adaptations, materials, defining features, and locked coloration. Vary only permitted secondary proportions, markings, surface detail, minor ornamentation, natural wear, and pose or growth irregularity.

Recommended aspect ratio: 3:4.","text, labels, watermark, signature, logo, border, frame, UI, HUD, cropped subject, duplicate anatomy, contradictory anatomy, impossible balance, unsupported structures, random wings, random horns, humanoid default, fantasy armor, weapons, cartoon, anime, toy-like materials, excessive neon, excessive glow, oversaturated colors, busy background, motion blur, low resolution, compression artifacts, generic Earth copy, unsupported fantasy styling, traits conflicting with locked canon",1.0.0,canonical
NB2-CRE-VI-009-SYMBOLIC-REASONING-SPECIES-ORTHO-SIDE,CRE-VI-009-SYMBOLIC-REASONING-SPECIES,Symbolic-Reasoning Species,ortho-side,Orthographic Side,3:4,"Create a canonical NOVERIS Nano Banana 2 visual for Symbolic-Reasoning Species: Orthographic Side.

Canonical archetype:
A canonical symbolic-reasoning species designed as a scientifically plausible lifeform whose body plan, support system, locomotion, sensing, metabolism, ecology, and environmental adaptations are internally coherent.

Required visual and biological rules:
• functional anatomy
• credible center of mass
• coherent locomotion
• environment-linked materials
• ecologically plausible scale

Production request:
Create exact side orthographic view.

Studio-resolved canonical values:
{{canonicalId}}, {{displayName}}, {{scientificName}}, {{originPlanet}}, {{planetType}}, {{biome}}, {{gravity}}, {{atmosphere}}, {{climate}}, {{temperatureRange}}, {{sizeScale}}, {{coloration}}, {{materials}}, {{distinctiveFeatures}}, {{lockedTraits}}, {{rarity}}, {{artDirection}}.

Preserve every locked canonical field exactly. The result must use NOVERIS Scientific Realism: premium AAA science-fiction quality, museum-grade reference presentation, scientifically plausible structure, coherent materials, restrained coloration unless canon requires otherwise, readable silhouette, consistent scale and anatomy or growth across all views, soft neutral studio lighting, pure black background for isolated references, full requested subject visibility, generous negative space, and PSD-friendly extraction. Habitat and biome outputs may use the canonical environment. No baked-in text, labels, watermark, logo, border, or UI.

Create four clearly different but canon-compliant versions. Preserve body plan or growth architecture, structural counts, environmental adaptations, materials, defining features, and locked coloration. Vary only permitted secondary proportions, markings, surface detail, minor ornamentation, natural wear, and pose or growth irregularity.

Recommended aspect ratio: 3:4.","text, labels, watermark, signature, logo, border, frame, UI, HUD, cropped subject, duplicate anatomy, contradictory anatomy, impossible balance, unsupported structures, random wings, random horns, humanoid default, fantasy armor, weapons, cartoon, anime, toy-like materials, excessive neon, excessive glow, oversaturated colors, busy background, motion blur, low resolution, compression artifacts, generic Earth copy, unsupported fantasy styling, traits conflicting with locked canon",1.0.0,canonical
NB2-CRE-VI-009-SYMBOLIC-REASONING-SPECIES-ORTHO-REAR,CRE-VI-009-SYMBOLIC-REASONING-SPECIES,Symbolic-Reasoning Species,ortho-rear,Orthographic Rear,3:4,"Create a canonical NOVERIS Nano Banana 2 visual for Symbolic-Reasoning Species: Orthographic Rear.

Canonical archetype:
A canonical symbolic-reasoning species designed as a scientifically plausible lifeform whose body plan, support system, locomotion, sensing, metabolism, ecology, and environmental adaptations are internally coherent.

Required visual and biological rules:
• functional anatomy
• credible center of mass
• coherent locomotion
• environment-linked materials
• ecologically plausible scale

Production request:
Create exact rear orthographic view.

Studio-resolved canonical values:
{{canonicalId}}, {{displayName}}, {{scientificName}}, {{originPlanet}}, {{planetType}}, {{biome}}, {{gravity}}, {{atmosphere}}, {{climate}}, {{temperatureRange}}, {{sizeScale}}, {{coloration}}, {{materials}}, {{distinctiveFeatures}}, {{lockedTraits}}, {{rarity}}, {{artDirection}}.

Preserve every locked canonical field exactly. The result must use NOVERIS Scientific Realism: premium AAA science-fiction quality, museum-grade reference presentation, scientifically plausible structure, coherent materials, restrained coloration unless canon requires otherwise, readable silhouette, consistent scale and anatomy or growth across all views, soft neutral studio lighting, pure black background for isolated references, full requested subject visibility, generous negative space, and PSD-friendly extraction. Habitat and biome outputs may use the canonical environment. No baked-in text, labels, watermark, logo, border, or UI.

Create four clearly different but canon-compliant versions. Preserve body plan or growth architecture, structural counts, environmental adaptations, materials, defining features, and locked coloration. Vary only permitted secondary proportions, markings, surface detail, minor ornamentation, natural wear, and pose or growth irregularity.

Recommended aspect ratio: 3:4.","text, labels, watermark, signature, logo, border, frame, UI, HUD, cropped subject, duplicate anatomy, contradictory anatomy, impossible balance, unsupported structures, random wings, random horns, humanoid default, fantasy armor, weapons, cartoon, anime, toy-like materials, excessive neon, excessive glow, oversaturated colors, busy background, motion blur, low resolution, compression artifacts, generic Earth copy, unsupported fantasy styling, traits conflicting with locked canon",1.0.0,canonical
NB2-CRE-VI-009-SYMBOLIC-REASONING-SPECIES-TURNAROUND,CRE-VI-009-SYMBOLIC-REASONING-SPECIES,Symbolic-Reasoning Species,turnaround,Turnaround Sheet,16:9,"Create a canonical NOVERIS Nano Banana 2 visual for Symbolic-Reasoning Species: Turnaround Sheet.

Canonical archetype:
A canonical symbolic-reasoning species designed as a scientifically plausible lifeform whose body plan, support system, locomotion, sensing, metabolism, ecology, and environmental adaptations are internally coherent.

Required visual and biological rules:
• functional anatomy
• credible center of mass
• coherent locomotion
• environment-linked materials
• ecologically plausible scale

Production request:
Create front, side, rear, top and underside at identical scale.

Studio-resolved canonical values:
{{canonicalId}}, {{displayName}}, {{scientificName}}, {{originPlanet}}, {{planetType}}, {{biome}}, {{gravity}}, {{atmosphere}}, {{climate}}, {{temperatureRange}}, {{sizeScale}}, {{coloration}}, {{materials}}, {{distinctiveFeatures}}, {{lockedTraits}}, {{rarity}}, {{artDirection}}.

Preserve every locked canonical field exactly. The result must use NOVERIS Scientific Realism: premium AAA science-fiction quality, museum-grade reference presentation, scientifically plausible structure, coherent materials, restrained coloration unless canon requires otherwise, readable silhouette, consistent scale and anatomy or growth across all views, soft neutral studio lighting, pure black background for isolated references, full requested subject visibility, generous negative space, and PSD-friendly extraction. Habitat and biome outputs may use the canonical environment. No baked-in text, labels, watermark, logo, border, or UI.

Create four clearly different but canon-compliant versions. Preserve body plan or growth architecture, structural counts, environmental adaptations, materials, defining features, and locked coloration. Vary only permitted secondary proportions, markings, surface detail, minor ornamentation, natural wear, and pose or growth irregularity.

Recommended aspect ratio: 16:9.","text, labels, watermark, signature, logo, border, frame, UI, HUD, cropped subject, duplicate anatomy, contradictory anatomy, impossible balance, unsupported structures, random wings, random horns, humanoid default, fantasy armor, weapons, cartoon, anime, toy-like materials, excessive neon, excessive glow, oversaturated colors, busy background, motion blur, low resolution, compression artifacts, generic Earth copy, unsupported fantasy styling, traits conflicting with locked canon",1.0.0,canonical
NB2-CRE-VI-009-SYMBOLIC-REASONING-SPECIES-SUPPORT,CRE-VI-009-SYMBOLIC-REASONING-SPECIES,Symbolic-Reasoning Species,support,Skeleton or Support Structure,16:9,"Create a canonical NOVERIS Nano Banana 2 visual for Symbolic-Reasoning Species: Skeleton or Support Structure.

Canonical archetype:
A canonical symbolic-reasoning species designed as a scientifically plausible lifeform whose body plan, support system, locomotion, sensing, metabolism, ecology, and environmental adaptations are internally coherent.

Required visual and biological rules:
• functional anatomy
• credible center of mass
• coherent locomotion
• environment-linked materials
• ecologically plausible scale

Production request:
Create complete mechanical support system and joint logic.

Studio-resolved canonical values:
{{canonicalId}}, {{displayName}}, {{scientificName}}, {{originPlanet}}, {{planetType}}, {{biome}}, {{gravity}}, {{atmosphere}}, {{climate}}, {{temperatureRange}}, {{sizeScale}}, {{coloration}}, {{materials}}, {{distinctiveFeatures}}, {{lockedTraits}}, {{rarity}}, {{artDirection}}.

Preserve every locked canonical field exactly. The result must use NOVERIS Scientific Realism: premium AAA science-fiction quality, museum-grade reference presentation, scientifically plausible structure, coherent materials, restrained coloration unless canon requires otherwise, readable silhouette, consistent scale and anatomy or growth across all views, soft neutral studio lighting, pure black background for isolated references, full requested subject visibility, generous negative space, and PSD-friendly extraction. Habitat and biome outputs may use the canonical environment. No baked-in text, labels, watermark, logo, border, or UI.

Create four clearly different but canon-compliant versions. Preserve body plan or growth architecture, structural counts, environmental adaptations, materials, defining features, and locked coloration. Vary only permitted secondary proportions, markings, surface detail, minor ornamentation, natural wear, and pose or growth irregularity.

Recommended aspect ratio: 16:9.","text, labels, watermark, signature, logo, border, frame, UI, HUD, cropped subject, duplicate anatomy, contradictory anatomy, impossible balance, unsupported structures, random wings, random horns, humanoid default, fantasy armor, weapons, cartoon, anime, toy-like materials, excessive neon, excessive glow, oversaturated colors, busy background, motion blur, low resolution, compression artifacts, generic Earth copy, unsupported fantasy styling, traits conflicting with locked canon",1.0.0,canonical
NB2-CRE-VI-009-SYMBOLIC-REASONING-SPECIES-ANATOMY,CRE-VI-009-SYMBOLIC-REASONING-SPECIES,Symbolic-Reasoning Species,anatomy,Internal Anatomy,16:9,"Create a canonical NOVERIS Nano Banana 2 visual for Symbolic-Reasoning Species: Internal Anatomy.

Canonical archetype:
A canonical symbolic-reasoning species designed as a scientifically plausible lifeform whose body plan, support system, locomotion, sensing, metabolism, ecology, and environmental adaptations are internally coherent.

Required visual and biological rules:
• functional anatomy
• credible center of mass
• coherent locomotion
• environment-linked materials
• ecologically plausible scale

Production request:
Create major respiratory, circulatory, digestive, sensory and reproductive systems.

Studio-resolved canonical values:
{{canonicalId}}, {{displayName}}, {{scientificName}}, {{originPlanet}}, {{planetType}}, {{biome}}, {{gravity}}, {{atmosphere}}, {{climate}}, {{temperatureRange}}, {{sizeScale}}, {{coloration}}, {{materials}}, {{distinctiveFeatures}}, {{lockedTraits}}, {{rarity}}, {{artDirection}}.

Preserve every locked canonical field exactly. The result must use NOVERIS Scientific Realism: premium AAA science-fiction quality, museum-grade reference presentation, scientifically plausible structure, coherent materials, restrained coloration unless canon requires otherwise, readable silhouette, consistent scale and anatomy or growth across all views, soft neutral studio lighting, pure black background for isolated references, full requested subject visibility, generous negative space, and PSD-friendly extraction. Habitat and biome outputs may use the canonical environment. No baked-in text, labels, watermark, logo, border, or UI.

Create four clearly different but canon-compliant versions. Preserve body plan or growth architecture, structural counts, environmental adaptations, materials, defining features, and locked coloration. Vary only permitted secondary proportions, markings, surface detail, minor ornamentation, natural wear, and pose or growth irregularity.

Recommended aspect ratio: 16:9.","text, labels, watermark, signature, logo, border, frame, UI, HUD, cropped subject, duplicate anatomy, contradictory anatomy, impossible balance, unsupported structures, random wings, random horns, humanoid default, fantasy armor, weapons, cartoon, anime, toy-like materials, excessive neon, excessive glow, oversaturated colors, busy background, motion blur, low resolution, compression artifacts, generic Earth copy, unsupported fantasy styling, traits conflicting with locked canon",1.0.0,canonical
NB2-CRE-VI-009-SYMBOLIC-REASONING-SPECIES-LIFECYCLE,CRE-VI-009-SYMBOLIC-REASONING-SPECIES,Symbolic-Reasoning Species,lifecycle,Lifecycle Sheet,16:9,"Create a canonical NOVERIS Nano Banana 2 visual for Symbolic-Reasoning Species: Lifecycle Sheet.

Canonical archetype:
A canonical symbolic-reasoning species designed as a scientifically plausible lifeform whose body plan, support system, locomotion, sensing, metabolism, ecology, and environmental adaptations are internally coherent.

Required visual and biological rules:
• functional anatomy
• credible center of mass
• coherent locomotion
• environment-linked materials
• ecologically plausible scale

Production request:
Create reproductive form, juvenile, adult and elder stages.

Studio-resolved canonical values:
{{canonicalId}}, {{displayName}}, {{scientificName}}, {{originPlanet}}, {{planetType}}, {{biome}}, {{gravity}}, {{atmosphere}}, {{climate}}, {{temperatureRange}}, {{sizeScale}}, {{coloration}}, {{materials}}, {{distinctiveFeatures}}, {{lockedTraits}}, {{rarity}}, {{artDirection}}.

Preserve every locked canonical field exactly. The result must use NOVERIS Scientific Realism: premium AAA science-fiction quality, museum-grade reference presentation, scientifically plausible structure, coherent materials, restrained coloration unless canon requires otherwise, readable silhouette, consistent scale and anatomy or growth across all views, soft neutral studio lighting, pure black background for isolated references, full requested subject visibility, generous negative space, and PSD-friendly extraction. Habitat and biome outputs may use the canonical environment. No baked-in text, labels, watermark, logo, border, or UI.

Create four clearly different but canon-compliant versions. Preserve body plan or growth architecture, structural counts, environmental adaptations, materials, defining features, and locked coloration. Vary only permitted secondary proportions, markings, surface detail, minor ornamentation, natural wear, and pose or growth irregularity.

Recommended aspect ratio: 16:9.","text, labels, watermark, signature, logo, border, frame, UI, HUD, cropped subject, duplicate anatomy, contradictory anatomy, impossible balance, unsupported structures, random wings, random horns, humanoid default, fantasy armor, weapons, cartoon, anime, toy-like materials, excessive neon, excessive glow, oversaturated colors, busy background, motion blur, low resolution, compression artifacts, generic Earth copy, unsupported fantasy styling, traits conflicting with locked canon",1.0.0,canonical
NB2-CRE-VI-009-SYMBOLIC-REASONING-SPECIES-VARIANTS,CRE-VI-009-SYMBOLIC-REASONING-SPECIES,Symbolic-Reasoning Species,variants,Canonical Variants,16:9,"Create a canonical NOVERIS Nano Banana 2 visual for Symbolic-Reasoning Species: Canonical Variants.

Canonical archetype:
A canonical symbolic-reasoning species designed as a scientifically plausible lifeform whose body plan, support system, locomotion, sensing, metabolism, ecology, and environmental adaptations are internally coherent.

Required visual and biological rules:
• functional anatomy
• credible center of mass
• coherent locomotion
• environment-linked materials
• ecologically plausible scale

Production request:
Create regional, seasonal, sex, caste, morph or engineered variants.

Studio-resolved canonical values:
{{canonicalId}}, {{displayName}}, {{scientificName}}, {{originPlanet}}, {{planetType}}, {{biome}}, {{gravity}}, {{atmosphere}}, {{climate}}, {{temperatureRange}}, {{sizeScale}}, {{coloration}}, {{materials}}, {{distinctiveFeatures}}, {{lockedTraits}}, {{rarity}}, {{artDirection}}.

Preserve every locked canonical field exactly. The result must use NOVERIS Scientific Realism: premium AAA science-fiction quality, museum-grade reference presentation, scientifically plausible structure, coherent materials, restrained coloration unless canon requires otherwise, readable silhouette, consistent scale and anatomy or growth across all views, soft neutral studio lighting, pure black background for isolated references, full requested subject visibility, generous negative space, and PSD-friendly extraction. Habitat and biome outputs may use the canonical environment. No baked-in text, labels, watermark, logo, border, or UI.

Create four clearly different but canon-compliant versions. Preserve body plan or growth architecture, structural counts, environmental adaptations, materials, defining features, and locked coloration. Vary only permitted secondary proportions, markings, surface detail, minor ornamentation, natural wear, and pose or growth irregularity.

Recommended aspect ratio: 16:9.","text, labels, watermark, signature, logo, border, frame, UI, HUD, cropped subject, duplicate anatomy, contradictory anatomy, impossible balance, unsupported structures, random wings, random horns, humanoid default, fantasy armor, weapons, cartoon, anime, toy-like materials, excessive neon, excessive glow, oversaturated colors, busy background, motion blur, low resolution, compression artifacts, generic Earth copy, unsupported fantasy styling, traits conflicting with locked canon",1.0.0,canonical
NB2-CRE-VI-009-SYMBOLIC-REASONING-SPECIES-BEHAVIOR,CRE-VI-009-SYMBOLIC-REASONING-SPECIES,Symbolic-Reasoning Species,behavior,Behavior Sheet,16:9,"Create a canonical NOVERIS Nano Banana 2 visual for Symbolic-Reasoning Species: Behavior Sheet.

Canonical archetype:
A canonical symbolic-reasoning species designed as a scientifically plausible lifeform whose body plan, support system, locomotion, sensing, metabolism, ecology, and environmental adaptations are internally coherent.

Required visual and biological rules:
• functional anatomy
• credible center of mass
• coherent locomotion
• environment-linked materials
• ecologically plausible scale

Production request:
Create idle, feeding, locomotion, social, defense and rest.

Studio-resolved canonical values:
{{canonicalId}}, {{displayName}}, {{scientificName}}, {{originPlanet}}, {{planetType}}, {{biome}}, {{gravity}}, {{atmosphere}}, {{climate}}, {{temperatureRange}}, {{sizeScale}}, {{coloration}}, {{materials}}, {{distinctiveFeatures}}, {{lockedTraits}}, {{rarity}}, {{artDirection}}.

Preserve every locked canonical field exactly. The result must use NOVERIS Scientific Realism: premium AAA science-fiction quality, museum-grade reference presentation, scientifically plausible structure, coherent materials, restrained coloration unless canon requires otherwise, readable silhouette, consistent scale and anatomy or growth across all views, soft neutral studio lighting, pure black background for isolated references, full requested subject visibility, generous negative space, and PSD-friendly extraction. Habitat and biome outputs may use the canonical environment. No baked-in text, labels, watermark, logo, border, or UI.

Create four clearly different but canon-compliant versions. Preserve body plan or growth architecture, structural counts, environmental adaptations, materials, defining features, and locked coloration. Vary only permitted secondary proportions, markings, surface detail, minor ornamentation, natural wear, and pose or growth irregularity.

Recommended aspect ratio: 16:9.","text, labels, watermark, signature, logo, border, frame, UI, HUD, cropped subject, duplicate anatomy, contradictory anatomy, impossible balance, unsupported structures, random wings, random horns, humanoid default, fantasy armor, weapons, cartoon, anime, toy-like materials, excessive neon, excessive glow, oversaturated colors, busy background, motion blur, low resolution, compression artifacts, generic Earth copy, unsupported fantasy styling, traits conflicting with locked canon",1.0.0,canonical
NB2-CRE-VI-009-SYMBOLIC-REASONING-SPECIES-HABITAT,CRE-VI-009-SYMBOLIC-REASONING-SPECIES,Symbolic-Reasoning Species,habitat,Native Habitat Scene,16:9,"Create a canonical NOVERIS Nano Banana 2 visual for Symbolic-Reasoning Species: Native Habitat Scene.

Canonical archetype:
A canonical symbolic-reasoning species designed as a scientifically plausible lifeform whose body plan, support system, locomotion, sensing, metabolism, ecology, and environmental adaptations are internally coherent.

Required visual and biological rules:
• functional anatomy
• credible center of mass
• coherent locomotion
• environment-linked materials
• ecologically plausible scale

Production request:
Create natural behavior in canonical planet and biome.

Studio-resolved canonical values:
{{canonicalId}}, {{displayName}}, {{scientificName}}, {{originPlanet}}, {{planetType}}, {{biome}}, {{gravity}}, {{atmosphere}}, {{climate}}, {{temperatureRange}}, {{sizeScale}}, {{coloration}}, {{materials}}, {{distinctiveFeatures}}, {{lockedTraits}}, {{rarity}}, {{artDirection}}.

Preserve every locked canonical field exactly. The result must use NOVERIS Scientific Realism: premium AAA science-fiction quality, museum-grade reference presentation, scientifically plausible structure, coherent materials, restrained coloration unless canon requires otherwise, readable silhouette, consistent scale and anatomy or growth across all views, soft neutral studio lighting, pure black background for isolated references, full requested subject visibility, generous negative space, and PSD-friendly extraction. Habitat and biome outputs may use the canonical environment. No baked-in text, labels, watermark, logo, border, or UI.

Create four clearly different but canon-compliant versions. Preserve body plan or growth architecture, structural counts, environmental adaptations, materials, defining features, and locked coloration. Vary only permitted secondary proportions, markings, surface detail, minor ornamentation, natural wear, and pose or growth irregularity.

Recommended aspect ratio: 16:9.","text, labels, watermark, signature, logo, border, frame, UI, HUD, cropped subject, duplicate anatomy, contradictory anatomy, impossible balance, unsupported structures, random wings, random horns, humanoid default, fantasy armor, weapons, cartoon, anime, toy-like materials, excessive neon, excessive glow, oversaturated colors, busy background, motion blur, low resolution, compression artifacts, generic Earth copy, unsupported fantasy styling, traits conflicting with locked canon",1.0.0,canonical
NB2-CRE-VI-009-SYMBOLIC-REASONING-SPECIES-DISCOVERY,CRE-VI-009-SYMBOLIC-REASONING-SPECIES,Symbolic-Reasoning Species,discovery,Discovery Scan,16:9,"Create a canonical NOVERIS Nano Banana 2 visual for Symbolic-Reasoning Species: Discovery Scan.

Canonical archetype:
A canonical symbolic-reasoning species designed as a scientifically plausible lifeform whose body plan, support system, locomotion, sensing, metabolism, ecology, and environmental adaptations are internally coherent.

Required visual and biological rules:
• functional anatomy
• credible center of mass
• coherent locomotion
• environment-linked materials
• ecologically plausible scale

Production request:
Create centered scientific scan source without labels.

Studio-resolved canonical values:
{{canonicalId}}, {{displayName}}, {{scientificName}}, {{originPlanet}}, {{planetType}}, {{biome}}, {{gravity}}, {{atmosphere}}, {{climate}}, {{temperatureRange}}, {{sizeScale}}, {{coloration}}, {{materials}}, {{distinctiveFeatures}}, {{lockedTraits}}, {{rarity}}, {{artDirection}}.

Preserve every locked canonical field exactly. The result must use NOVERIS Scientific Realism: premium AAA science-fiction quality, museum-grade reference presentation, scientifically plausible structure, coherent materials, restrained coloration unless canon requires otherwise, readable silhouette, consistent scale and anatomy or growth across all views, soft neutral studio lighting, pure black background for isolated references, full requested subject visibility, generous negative space, and PSD-friendly extraction. Habitat and biome outputs may use the canonical environment. No baked-in text, labels, watermark, logo, border, or UI.

Create four clearly different but canon-compliant versions. Preserve body plan or growth architecture, structural counts, environmental adaptations, materials, defining features, and locked coloration. Vary only permitted secondary proportions, markings, surface detail, minor ornamentation, natural wear, and pose or growth irregularity.

Recommended aspect ratio: 16:9.","text, labels, watermark, signature, logo, border, frame, UI, HUD, cropped subject, duplicate anatomy, contradictory anatomy, impossible balance, unsupported structures, random wings, random horns, humanoid default, fantasy armor, weapons, cartoon, anime, toy-like materials, excessive neon, excessive glow, oversaturated colors, busy background, motion blur, low resolution, compression artifacts, generic Earth copy, unsupported fantasy styling, traits conflicting with locked canon",1.0.0,canonical
NB2-CRE-VI-009-SYMBOLIC-REASONING-SPECIES-ICON,CRE-VI-009-SYMBOLIC-REASONING-SPECIES,Symbolic-Reasoning Species,icon,UI Icon,1:1,"Create a canonical NOVERIS Nano Banana 2 visual for Symbolic-Reasoning Species: UI Icon.

Canonical archetype:
A canonical symbolic-reasoning species designed as a scientifically plausible lifeform whose body plan, support system, locomotion, sensing, metabolism, ecology, and environmental adaptations are internally coherent.

Required visual and biological rules:
• functional anatomy
• credible center of mass
• coherent locomotion
• environment-linked materials
• ecologically plausible scale

Production request:
Create isolated silhouette readable at 64 pixels.

Studio-resolved canonical values:
{{canonicalId}}, {{displayName}}, {{scientificName}}, {{originPlanet}}, {{planetType}}, {{biome}}, {{gravity}}, {{atmosphere}}, {{climate}}, {{temperatureRange}}, {{sizeScale}}, {{coloration}}, {{materials}}, {{distinctiveFeatures}}, {{lockedTraits}}, {{rarity}}, {{artDirection}}.

Preserve every locked canonical field exactly. The result must use NOVERIS Scientific Realism: premium AAA science-fiction quality, museum-grade reference presentation, scientifically plausible structure, coherent materials, restrained coloration unless canon requires otherwise, readable silhouette, consistent scale and anatomy or growth across all views, soft neutral studio lighting, pure black background for isolated references, full requested subject visibility, generous negative space, and PSD-friendly extraction. Habitat and biome outputs may use the canonical environment. No baked-in text, labels, watermark, logo, border, or UI.

Create four clearly different but canon-compliant versions. Preserve body plan or growth architecture, structural counts, environmental adaptations, materials, defining features, and locked coloration. Vary only permitted secondary proportions, markings, surface detail, minor ornamentation, natural wear, and pose or growth irregularity.

Recommended aspect ratio: 1:1.","text, labels, watermark, signature, logo, border, frame, UI, HUD, cropped subject, duplicate anatomy, contradictory anatomy, impossible balance, unsupported structures, random wings, random horns, humanoid default, fantasy armor, weapons, cartoon, anime, toy-like materials, excessive neon, excessive glow, oversaturated colors, busy background, motion blur, low resolution, compression artifacts, generic Earth copy, unsupported fantasy styling, traits conflicting with locked canon",1.0.0,canonical
NB2-CRE-VI-009-SYMBOLIC-REASONING-SPECIES-SCALE,CRE-VI-009-SYMBOLIC-REASONING-SPECIES,Symbolic-Reasoning Species,scale,Scale Comparison,16:9,"Create a canonical NOVERIS Nano Banana 2 visual for Symbolic-Reasoning Species: Scale Comparison.

Canonical archetype:
A canonical symbolic-reasoning species designed as a scientifically plausible lifeform whose body plan, support system, locomotion, sensing, metabolism, ecology, and environmental adaptations are internally coherent.

Required visual and biological rules:
• functional anatomy
• credible center of mass
• coherent locomotion
• environment-linked materials
• ecologically plausible scale

Production request:
Create side view with adult human silhouette and one-meter bar.

Studio-resolved canonical values:
{{canonicalId}}, {{displayName}}, {{scientificName}}, {{originPlanet}}, {{planetType}}, {{biome}}, {{gravity}}, {{atmosphere}}, {{climate}}, {{temperatureRange}}, {{sizeScale}}, {{coloration}}, {{materials}}, {{distinctiveFeatures}}, {{lockedTraits}}, {{rarity}}, {{artDirection}}.

Preserve every locked canonical field exactly. The result must use NOVERIS Scientific Realism: premium AAA science-fiction quality, museum-grade reference presentation, scientifically plausible structure, coherent materials, restrained coloration unless canon requires otherwise, readable silhouette, consistent scale and anatomy or growth across all views, soft neutral studio lighting, pure black background for isolated references, full requested subject visibility, generous negative space, and PSD-friendly extraction. Habitat and biome outputs may use the canonical environment. No baked-in text, labels, watermark, logo, border, or UI.

Create four clearly different but canon-compliant versions. Preserve body plan or growth architecture, structural counts, environmental adaptations, materials, defining features, and locked coloration. Vary only permitted secondary proportions, markings, surface detail, minor ornamentation, natural wear, and pose or growth irregularity.

Recommended aspect ratio: 16:9.","text, labels, watermark, signature, logo, border, frame, UI, HUD, cropped subject, duplicate anatomy, contradictory anatomy, impossible balance, unsupported structures, random wings, random horns, humanoid default, fantasy armor, weapons, cartoon, anime, toy-like materials, excessive neon, excessive glow, oversaturated colors, busy background, motion blur, low resolution, compression artifacts, generic Earth copy, unsupported fantasy styling, traits conflicting with locked canon",1.0.0,canonical
NB2-CRE-VI-009-SYMBOLIC-REASONING-SPECIES-SPECIES-PLATE,CRE-VI-009-SYMBOLIC-REASONING-SPECIES,Symbolic-Reasoning Species,species-plate,Master Species Plate,16:9,"Create a canonical NOVERIS Nano Banana 2 visual for Symbolic-Reasoning Species: Master Species Plate.

Canonical archetype:
A canonical symbolic-reasoning species designed as a scientifically plausible lifeform whose body plan, support system, locomotion, sensing, metabolism, ecology, and environmental adaptations are internally coherent.

Required visual and biological rules:
• functional anatomy
• credible center of mass
• coherent locomotion
• environment-linked materials
• ecologically plausible scale

Production request:
Create full body, portrait, views, support system, lifecycle, variants, materials and habitat vignette.

Studio-resolved canonical values:
{{canonicalId}}, {{displayName}}, {{scientificName}}, {{originPlanet}}, {{planetType}}, {{biome}}, {{gravity}}, {{atmosphere}}, {{climate}}, {{temperatureRange}}, {{sizeScale}}, {{coloration}}, {{materials}}, {{distinctiveFeatures}}, {{lockedTraits}}, {{rarity}}, {{artDirection}}.

Preserve every locked canonical field exactly. The result must use NOVERIS Scientific Realism: premium AAA science-fiction quality, museum-grade reference presentation, scientifically plausible structure, coherent materials, restrained coloration unless canon requires otherwise, readable silhouette, consistent scale and anatomy or growth across all views, soft neutral studio lighting, pure black background for isolated references, full requested subject visibility, generous negative space, and PSD-friendly extraction. Habitat and biome outputs may use the canonical environment. No baked-in text, labels, watermark, logo, border, or UI.

Create four clearly different but canon-compliant versions. Preserve body plan or growth architecture, structural counts, environmental adaptations, materials, defining features, and locked coloration. Vary only permitted secondary proportions, markings, surface detail, minor ornamentation, natural wear, and pose or growth irregularity.

Recommended aspect ratio: 16:9.","text, labels, watermark, signature, logo, border, frame, UI, HUD, cropped subject, duplicate anatomy, contradictory anatomy, impossible balance, unsupported structures, random wings, random horns, humanoid default, fantasy armor, weapons, cartoon, anime, toy-like materials, excessive neon, excessive glow, oversaturated colors, busy background, motion blur, low resolution, compression artifacts, generic Earth copy, unsupported fantasy styling, traits conflicting with locked canon",1.0.0,canonical
NB2-CRE-VI-009-SYMBOLIC-REASONING-SPECIES-ANIMATION,CRE-VI-009-SYMBOLIC-REASONING-SPECIES,Symbolic-Reasoning Species,animation,Animation Reference,16:9,"Create a canonical NOVERIS Nano Banana 2 visual for Symbolic-Reasoning Species: Animation Reference.

Canonical archetype:
A canonical symbolic-reasoning species designed as a scientifically plausible lifeform whose body plan, support system, locomotion, sensing, metabolism, ecology, and environmental adaptations are internally coherent.

Required visual and biological rules:
• functional anatomy
• credible center of mass
• coherent locomotion
• environment-linked materials
• ecologically plausible scale

Production request:
Create idle, locomotion, interaction, feeding, defense, rest and death or shutdown.

Studio-resolved canonical values:
{{canonicalId}}, {{displayName}}, {{scientificName}}, {{originPlanet}}, {{planetType}}, {{biome}}, {{gravity}}, {{atmosphere}}, {{climate}}, {{temperatureRange}}, {{sizeScale}}, {{coloration}}, {{materials}}, {{distinctiveFeatures}}, {{lockedTraits}}, {{rarity}}, {{artDirection}}.

Preserve every locked canonical field exactly. The result must use NOVERIS Scientific Realism: premium AAA science-fiction quality, museum-grade reference presentation, scientifically plausible structure, coherent materials, restrained coloration unless canon requires otherwise, readable silhouette, consistent scale and anatomy or growth across all views, soft neutral studio lighting, pure black background for isolated references, full requested subject visibility, generous negative space, and PSD-friendly extraction. Habitat and biome outputs may use the canonical environment. No baked-in text, labels, watermark, logo, border, or UI.

Create four clearly different but canon-compliant versions. Preserve body plan or growth architecture, structural counts, environmental adaptations, materials, defining features, and locked coloration. Vary only permitted secondary proportions, markings, surface detail, minor ornamentation, natural wear, and pose or growth irregularity.

Recommended aspect ratio: 16:9.","text, labels, watermark, signature, logo, border, frame, UI, HUD, cropped subject, duplicate anatomy, contradictory anatomy, impossible balance, unsupported structures, random wings, random horns, humanoid default, fantasy armor, weapons, cartoon, anime, toy-like materials, excessive neon, excessive glow, oversaturated colors, busy background, motion blur, low resolution, compression artifacts, generic Earth copy, unsupported fantasy styling, traits conflicting with locked canon",1.0.0,canonical
NB2-CRE-VI-009-SYMBOLIC-REASONING-SPECIES-PSD,CRE-VI-009-SYMBOLIC-REASONING-SPECIES,Symbolic-Reasoning Species,psd,PSD Extraction Board,16:9,"Create a canonical NOVERIS Nano Banana 2 visual for Symbolic-Reasoning Species: PSD Extraction Board.

Canonical archetype:
A canonical symbolic-reasoning species designed as a scientifically plausible lifeform whose body plan, support system, locomotion, sensing, metabolism, ecology, and environmental adaptations are internally coherent.

Required visual and biological rules:
• functional anatomy
• credible center of mass
• coherent locomotion
• environment-linked materials
• ecologically plausible scale

Production request:
Create isolated whole subject, major parts, silhouette and material references.

Studio-resolved canonical values:
{{canonicalId}}, {{displayName}}, {{scientificName}}, {{originPlanet}}, {{planetType}}, {{biome}}, {{gravity}}, {{atmosphere}}, {{climate}}, {{temperatureRange}}, {{sizeScale}}, {{coloration}}, {{materials}}, {{distinctiveFeatures}}, {{lockedTraits}}, {{rarity}}, {{artDirection}}.

Preserve every locked canonical field exactly. The result must use NOVERIS Scientific Realism: premium AAA science-fiction quality, museum-grade reference presentation, scientifically plausible structure, coherent materials, restrained coloration unless canon requires otherwise, readable silhouette, consistent scale and anatomy or growth across all views, soft neutral studio lighting, pure black background for isolated references, full requested subject visibility, generous negative space, and PSD-friendly extraction. Habitat and biome outputs may use the canonical environment. No baked-in text, labels, watermark, logo, border, or UI.

Create four clearly different but canon-compliant versions. Preserve body plan or growth architecture, structural counts, environmental adaptations, materials, defining features, and locked coloration. Vary only permitted secondary proportions, markings, surface detail, minor ornamentation, natural wear, and pose or growth irregularity.

Recommended aspect ratio: 16:9.","text, labels, watermark, signature, logo, border, frame, UI, HUD, cropped subject, duplicate anatomy, contradictory anatomy, impossible balance, unsupported structures, random wings, random horns, humanoid default, fantasy armor, weapons, cartoon, anime, toy-like materials, excessive neon, excessive glow, oversaturated colors, busy background, motion blur, low resolution, compression artifacts, generic Earth copy, unsupported fantasy styling, traits conflicting with locked canon",1.0.0,canonical
NB2-CRE-VI-010-TECHNOLOGICAL-SPECIES-FULL-BODY,CRE-VI-010-TECHNOLOGICAL-SPECIES,Technological Species,full-body,Full Body Production Render,3:4,"Create a canonical NOVERIS Nano Banana 2 visual for Technological Species: Full Body Production Render.

Canonical archetype:
A canonical technological species designed as a scientifically plausible lifeform whose body plan, support system, locomotion, sensing, metabolism, ecology, and environmental adaptations are internally coherent.

Required visual and biological rules:
• functional anatomy
• credible center of mass
• coherent locomotion
• environment-linked materials
• ecologically plausible scale

Production request:
Create complete mature specimen, neutral pose, entire body visible.

Studio-resolved canonical values:
{{canonicalId}}, {{displayName}}, {{scientificName}}, {{originPlanet}}, {{planetType}}, {{biome}}, {{gravity}}, {{atmosphere}}, {{climate}}, {{temperatureRange}}, {{sizeScale}}, {{coloration}}, {{materials}}, {{distinctiveFeatures}}, {{lockedTraits}}, {{rarity}}, {{artDirection}}.

Preserve every locked canonical field exactly. The result must use NOVERIS Scientific Realism: premium AAA science-fiction quality, museum-grade reference presentation, scientifically plausible structure, coherent materials, restrained coloration unless canon requires otherwise, readable silhouette, consistent scale and anatomy or growth across all views, soft neutral studio lighting, pure black background for isolated references, full requested subject visibility, generous negative space, and PSD-friendly extraction. Habitat and biome outputs may use the canonical environment. No baked-in text, labels, watermark, logo, border, or UI.

Create four clearly different but canon-compliant versions. Preserve body plan or growth architecture, structural counts, environmental adaptations, materials, defining features, and locked coloration. Vary only permitted secondary proportions, markings, surface detail, minor ornamentation, natural wear, and pose or growth irregularity.

Recommended aspect ratio: 3:4.","text, labels, watermark, signature, logo, border, frame, UI, HUD, cropped subject, duplicate anatomy, contradictory anatomy, impossible balance, unsupported structures, random wings, random horns, humanoid default, fantasy armor, weapons, cartoon, anime, toy-like materials, excessive neon, excessive glow, oversaturated colors, busy background, motion blur, low resolution, compression artifacts, generic Earth copy, unsupported fantasy styling, traits conflicting with locked canon",1.0.0,canonical
NB2-CRE-VI-010-TECHNOLOGICAL-SPECIES-PORTRAIT,CRE-VI-010-TECHNOLOGICAL-SPECIES,Technological Species,portrait,Portrait,1:1,"Create a canonical NOVERIS Nano Banana 2 visual for Technological Species: Portrait.

Canonical archetype:
A canonical technological species designed as a scientifically plausible lifeform whose body plan, support system, locomotion, sensing, metabolism, ecology, and environmental adaptations are internally coherent.

Required visual and biological rules:
• functional anatomy
• credible center of mass
• coherent locomotion
• environment-linked materials
• ecologically plausible scale

Production request:
Create head and upper body emphasizing sensory anatomy and defining materials.

Studio-resolved canonical values:
{{canonicalId}}, {{displayName}}, {{scientificName}}, {{originPlanet}}, {{planetType}}, {{biome}}, {{gravity}}, {{atmosphere}}, {{climate}}, {{temperatureRange}}, {{sizeScale}}, {{coloration}}, {{materials}}, {{distinctiveFeatures}}, {{lockedTraits}}, {{rarity}}, {{artDirection}}.

Preserve every locked canonical field exactly. The result must use NOVERIS Scientific Realism: premium AAA science-fiction quality, museum-grade reference presentation, scientifically plausible structure, coherent materials, restrained coloration unless canon requires otherwise, readable silhouette, consistent scale and anatomy or growth across all views, soft neutral studio lighting, pure black background for isolated references, full requested subject visibility, generous negative space, and PSD-friendly extraction. Habitat and biome outputs may use the canonical environment. No baked-in text, labels, watermark, logo, border, or UI.

Create four clearly different but canon-compliant versions. Preserve body plan or growth architecture, structural counts, environmental adaptations, materials, defining features, and locked coloration. Vary only permitted secondary proportions, markings, surface detail, minor ornamentation, natural wear, and pose or growth irregularity.

Recommended aspect ratio: 1:1.","text, labels, watermark, signature, logo, border, frame, UI, HUD, cropped subject, duplicate anatomy, contradictory anatomy, impossible balance, unsupported structures, random wings, random horns, humanoid default, fantasy armor, weapons, cartoon, anime, toy-like materials, excessive neon, excessive glow, oversaturated colors, busy background, motion blur, low resolution, compression artifacts, generic Earth copy, unsupported fantasy styling, traits conflicting with locked canon",1.0.0,canonical
NB2-CRE-VI-010-TECHNOLOGICAL-SPECIES-ORTHO-FRONT,CRE-VI-010-TECHNOLOGICAL-SPECIES,Technological Species,ortho-front,Orthographic Front,3:4,"Create a canonical NOVERIS Nano Banana 2 visual for Technological Species: Orthographic Front.

Canonical archetype:
A canonical technological species designed as a scientifically plausible lifeform whose body plan, support system, locomotion, sensing, metabolism, ecology, and environmental adaptations are internally coherent.

Required visual and biological rules:
• functional anatomy
• credible center of mass
• coherent locomotion
• environment-linked materials
• ecologically plausible scale

Production request:
Create exact front orthographic view.

Studio-resolved canonical values:
{{canonicalId}}, {{displayName}}, {{scientificName}}, {{originPlanet}}, {{planetType}}, {{biome}}, {{gravity}}, {{atmosphere}}, {{climate}}, {{temperatureRange}}, {{sizeScale}}, {{coloration}}, {{materials}}, {{distinctiveFeatures}}, {{lockedTraits}}, {{rarity}}, {{artDirection}}.

Preserve every locked canonical field exactly. The result must use NOVERIS Scientific Realism: premium AAA science-fiction quality, museum-grade reference presentation, scientifically plausible structure, coherent materials, restrained coloration unless canon requires otherwise, readable silhouette, consistent scale and anatomy or growth across all views, soft neutral studio lighting, pure black background for isolated references, full requested subject visibility, generous negative space, and PSD-friendly extraction. Habitat and biome outputs may use the canonical environment. No baked-in text, labels, watermark, logo, border, or UI.

Create four clearly different but canon-compliant versions. Preserve body plan or growth architecture, structural counts, environmental adaptations, materials, defining features, and locked coloration. Vary only permitted secondary proportions, markings, surface detail, minor ornamentation, natural wear, and pose or growth irregularity.

Recommended aspect ratio: 3:4.","text, labels, watermark, signature, logo, border, frame, UI, HUD, cropped subject, duplicate anatomy, contradictory anatomy, impossible balance, unsupported structures, random wings, random horns, humanoid default, fantasy armor, weapons, cartoon, anime, toy-like materials, excessive neon, excessive glow, oversaturated colors, busy background, motion blur, low resolution, compression artifacts, generic Earth copy, unsupported fantasy styling, traits conflicting with locked canon",1.0.0,canonical
NB2-CRE-VI-010-TECHNOLOGICAL-SPECIES-ORTHO-SIDE,CRE-VI-010-TECHNOLOGICAL-SPECIES,Technological Species,ortho-side,Orthographic Side,3:4,"Create a canonical NOVERIS Nano Banana 2 visual for Technological Species: Orthographic Side.

Canonical archetype:
A canonical technological species designed as a scientifically plausible lifeform whose body plan, support system, locomotion, sensing, metabolism, ecology, and environmental adaptations are internally coherent.

Required visual and biological rules:
• functional anatomy
• credible center of mass
• coherent locomotion
• environment-linked materials
• ecologically plausible scale

Production request:
Create exact side orthographic view.

Studio-resolved canonical values:
{{canonicalId}}, {{displayName}}, {{scientificName}}, {{originPlanet}}, {{planetType}}, {{biome}}, {{gravity}}, {{atmosphere}}, {{climate}}, {{temperatureRange}}, {{sizeScale}}, {{coloration}}, {{materials}}, {{distinctiveFeatures}}, {{lockedTraits}}, {{rarity}}, {{artDirection}}.

Preserve every locked canonical field exactly. The result must use NOVERIS Scientific Realism: premium AAA science-fiction quality, museum-grade reference presentation, scientifically plausible structure, coherent materials, restrained coloration unless canon requires otherwise, readable silhouette, consistent scale and anatomy or growth across all views, soft neutral studio lighting, pure black background for isolated references, full requested subject visibility, generous negative space, and PSD-friendly extraction. Habitat and biome outputs may use the canonical environment. No baked-in text, labels, watermark, logo, border, or UI.

Create four clearly different but canon-compliant versions. Preserve body plan or growth architecture, structural counts, environmental adaptations, materials, defining features, and locked coloration. Vary only permitted secondary proportions, markings, surface detail, minor ornamentation, natural wear, and pose or growth irregularity.

Recommended aspect ratio: 3:4.","text, labels, watermark, signature, logo, border, frame, UI, HUD, cropped subject, duplicate anatomy, contradictory anatomy, impossible balance, unsupported structures, random wings, random horns, humanoid default, fantasy armor, weapons, cartoon, anime, toy-like materials, excessive neon, excessive glow, oversaturated colors, busy background, motion blur, low resolution, compression artifacts, generic Earth copy, unsupported fantasy styling, traits conflicting with locked canon",1.0.0,canonical
NB2-CRE-VI-010-TECHNOLOGICAL-SPECIES-ORTHO-REAR,CRE-VI-010-TECHNOLOGICAL-SPECIES,Technological Species,ortho-rear,Orthographic Rear,3:4,"Create a canonical NOVERIS Nano Banana 2 visual for Technological Species: Orthographic Rear.

Canonical archetype:
A canonical technological species designed as a scientifically plausible lifeform whose body plan, support system, locomotion, sensing, metabolism, ecology, and environmental adaptations are internally coherent.

Required visual and biological rules:
• functional anatomy
• credible center of mass
• coherent locomotion
• environment-linked materials
• ecologically plausible scale

Production request:
Create exact rear orthographic view.

Studio-resolved canonical values:
{{canonicalId}}, {{displayName}}, {{scientificName}}, {{originPlanet}}, {{planetType}}, {{biome}}, {{gravity}}, {{atmosphere}}, {{climate}}, {{temperatureRange}}, {{sizeScale}}, {{coloration}}, {{materials}}, {{distinctiveFeatures}}, {{lockedTraits}}, {{rarity}}, {{artDirection}}.

Preserve every locked canonical field exactly. The result must use NOVERIS Scientific Realism: premium AAA science-fiction quality, museum-grade reference presentation, scientifically plausible structure, coherent materials, restrained coloration unless canon requires otherwise, readable silhouette, consistent scale and anatomy or growth across all views, soft neutral studio lighting, pure black background for isolated references, full requested subject visibility, generous negative space, and PSD-friendly extraction. Habitat and biome outputs may use the canonical environment. No baked-in text, labels, watermark, logo, border, or UI.

Create four clearly different but canon-compliant versions. Preserve body plan or growth architecture, structural counts, environmental adaptations, materials, defining features, and locked coloration. Vary only permitted secondary proportions, markings, surface detail, minor ornamentation, natural wear, and pose or growth irregularity.

Recommended aspect ratio: 3:4.","text, labels, watermark, signature, logo, border, frame, UI, HUD, cropped subject, duplicate anatomy, contradictory anatomy, impossible balance, unsupported structures, random wings, random horns, humanoid default, fantasy armor, weapons, cartoon, anime, toy-like materials, excessive neon, excessive glow, oversaturated colors, busy background, motion blur, low resolution, compression artifacts, generic Earth copy, unsupported fantasy styling, traits conflicting with locked canon",1.0.0,canonical
NB2-CRE-VI-010-TECHNOLOGICAL-SPECIES-TURNAROUND,CRE-VI-010-TECHNOLOGICAL-SPECIES,Technological Species,turnaround,Turnaround Sheet,16:9,"Create a canonical NOVERIS Nano Banana 2 visual for Technological Species: Turnaround Sheet.

Canonical archetype:
A canonical technological species designed as a scientifically plausible lifeform whose body plan, support system, locomotion, sensing, metabolism, ecology, and environmental adaptations are internally coherent.

Required visual and biological rules:
• functional anatomy
• credible center of mass
• coherent locomotion
• environment-linked materials
• ecologically plausible scale

Production request:
Create front, side, rear, top and underside at identical scale.

Studio-resolved canonical values:
{{canonicalId}}, {{displayName}}, {{scientificName}}, {{originPlanet}}, {{planetType}}, {{biome}}, {{gravity}}, {{atmosphere}}, {{climate}}, {{temperatureRange}}, {{sizeScale}}, {{coloration}}, {{materials}}, {{distinctiveFeatures}}, {{lockedTraits}}, {{rarity}}, {{artDirection}}.

Preserve every locked canonical field exactly. The result must use NOVERIS Scientific Realism: premium AAA science-fiction quality, museum-grade reference presentation, scientifically plausible structure, coherent materials, restrained coloration unless canon requires otherwise, readable silhouette, consistent scale and anatomy or growth across all views, soft neutral studio lighting, pure black background for isolated references, full requested subject visibility, generous negative space, and PSD-friendly extraction. Habitat and biome outputs may use the canonical environment. No baked-in text, labels, watermark, logo, border, or UI.

Create four clearly different but canon-compliant versions. Preserve body plan or growth architecture, structural counts, environmental adaptations, materials, defining features, and locked coloration. Vary only permitted secondary proportions, markings, surface detail, minor ornamentation, natural wear, and pose or growth irregularity.

Recommended aspect ratio: 16:9.","text, labels, watermark, signature, logo, border, frame, UI, HUD, cropped subject, duplicate anatomy, contradictory anatomy, impossible balance, unsupported structures, random wings, random horns, humanoid default, fantasy armor, weapons, cartoon, anime, toy-like materials, excessive neon, excessive glow, oversaturated colors, busy background, motion blur, low resolution, compression artifacts, generic Earth copy, unsupported fantasy styling, traits conflicting with locked canon",1.0.0,canonical
NB2-CRE-VI-010-TECHNOLOGICAL-SPECIES-SUPPORT,CRE-VI-010-TECHNOLOGICAL-SPECIES,Technological Species,support,Skeleton or Support Structure,16:9,"Create a canonical NOVERIS Nano Banana 2 visual for Technological Species: Skeleton or Support Structure.

Canonical archetype:
A canonical technological species designed as a scientifically plausible lifeform whose body plan, support system, locomotion, sensing, metabolism, ecology, and environmental adaptations are internally coherent.

Required visual and biological rules:
• functional anatomy
• credible center of mass
• coherent locomotion
• environment-linked materials
• ecologically plausible scale

Production request:
Create complete mechanical support system and joint logic.

Studio-resolved canonical values:
{{canonicalId}}, {{displayName}}, {{scientificName}}, {{originPlanet}}, {{planetType}}, {{biome}}, {{gravity}}, {{atmosphere}}, {{climate}}, {{temperatureRange}}, {{sizeScale}}, {{coloration}}, {{materials}}, {{distinctiveFeatures}}, {{lockedTraits}}, {{rarity}}, {{artDirection}}.

Preserve every locked canonical field exactly. The result must use NOVERIS Scientific Realism: premium AAA science-fiction quality, museum-grade reference presentation, scientifically plausible structure, coherent materials, restrained coloration unless canon requires otherwise, readable silhouette, consistent scale and anatomy or growth across all views, soft neutral studio lighting, pure black background for isolated references, full requested subject visibility, generous negative space, and PSD-friendly extraction. Habitat and biome outputs may use the canonical environment. No baked-in text, labels, watermark, logo, border, or UI.

Create four clearly different but canon-compliant versions. Preserve body plan or growth architecture, structural counts, environmental adaptations, materials, defining features, and locked coloration. Vary only permitted secondary proportions, markings, surface detail, minor ornamentation, natural wear, and pose or growth irregularity.

Recommended aspect ratio: 16:9.","text, labels, watermark, signature, logo, border, frame, UI, HUD, cropped subject, duplicate anatomy, contradictory anatomy, impossible balance, unsupported structures, random wings, random horns, humanoid default, fantasy armor, weapons, cartoon, anime, toy-like materials, excessive neon, excessive glow, oversaturated colors, busy background, motion blur, low resolution, compression artifacts, generic Earth copy, unsupported fantasy styling, traits conflicting with locked canon",1.0.0,canonical
NB2-CRE-VI-010-TECHNOLOGICAL-SPECIES-ANATOMY,CRE-VI-010-TECHNOLOGICAL-SPECIES,Technological Species,anatomy,Internal Anatomy,16:9,"Create a canonical NOVERIS Nano Banana 2 visual for Technological Species: Internal Anatomy.

Canonical archetype:
A canonical technological species designed as a scientifically plausible lifeform whose body plan, support system, locomotion, sensing, metabolism, ecology, and environmental adaptations are internally coherent.

Required visual and biological rules:
• functional anatomy
• credible center of mass
• coherent locomotion
• environment-linked materials
• ecologically plausible scale

Production request:
Create major respiratory, circulatory, digestive, sensory and reproductive systems.

Studio-resolved canonical values:
{{canonicalId}}, {{displayName}}, {{scientificName}}, {{originPlanet}}, {{planetType}}, {{biome}}, {{gravity}}, {{atmosphere}}, {{climate}}, {{temperatureRange}}, {{sizeScale}}, {{coloration}}, {{materials}}, {{distinctiveFeatures}}, {{lockedTraits}}, {{rarity}}, {{artDirection}}.

Preserve every locked canonical field exactly. The result must use NOVERIS Scientific Realism: premium AAA science-fiction quality, museum-grade reference presentation, scientifically plausible structure, coherent materials, restrained coloration unless canon requires otherwise, readable silhouette, consistent scale and anatomy or growth across all views, soft neutral studio lighting, pure black background for isolated references, full requested subject visibility, generous negative space, and PSD-friendly extraction. Habitat and biome outputs may use the canonical environment. No baked-in text, labels, watermark, logo, border, or UI.

Create four clearly different but canon-compliant versions. Preserve body plan or growth architecture, structural counts, environmental adaptations, materials, defining features, and locked coloration. Vary only permitted secondary proportions, markings, surface detail, minor ornamentation, natural wear, and pose or growth irregularity.

Recommended aspect ratio: 16:9.","text, labels, watermark, signature, logo, border, frame, UI, HUD, cropped subject, duplicate anatomy, contradictory anatomy, impossible balance, unsupported structures, random wings, random horns, humanoid default, fantasy armor, weapons, cartoon, anime, toy-like materials, excessive neon, excessive glow, oversaturated colors, busy background, motion blur, low resolution, compression artifacts, generic Earth copy, unsupported fantasy styling, traits conflicting with locked canon",1.0.0,canonical
NB2-CRE-VI-010-TECHNOLOGICAL-SPECIES-LIFECYCLE,CRE-VI-010-TECHNOLOGICAL-SPECIES,Technological Species,lifecycle,Lifecycle Sheet,16:9,"Create a canonical NOVERIS Nano Banana 2 visual for Technological Species: Lifecycle Sheet.

Canonical archetype:
A canonical technological species designed as a scientifically plausible lifeform whose body plan, support system, locomotion, sensing, metabolism, ecology, and environmental adaptations are internally coherent.

Required visual and biological rules:
• functional anatomy
• credible center of mass
• coherent locomotion
• environment-linked materials
• ecologically plausible scale

Production request:
Create reproductive form, juvenile, adult and elder stages.

Studio-resolved canonical values:
{{canonicalId}}, {{displayName}}, {{scientificName}}, {{originPlanet}}, {{planetType}}, {{biome}}, {{gravity}}, {{atmosphere}}, {{climate}}, {{temperatureRange}}, {{sizeScale}}, {{coloration}}, {{materials}}, {{distinctiveFeatures}}, {{lockedTraits}}, {{rarity}}, {{artDirection}}.

Preserve every locked canonical field exactly. The result must use NOVERIS Scientific Realism: premium AAA science-fiction quality, museum-grade reference presentation, scientifically plausible structure, coherent materials, restrained coloration unless canon requires otherwise, readable silhouette, consistent scale and anatomy or growth across all views, soft neutral studio lighting, pure black background for isolated references, full requested subject visibility, generous negative space, and PSD-friendly extraction. Habitat and biome outputs may use the canonical environment. No baked-in text, labels, watermark, logo, border, or UI.

Create four clearly different but canon-compliant versions. Preserve body plan or growth architecture, structural counts, environmental adaptations, materials, defining features, and locked coloration. Vary only permitted secondary proportions, markings, surface detail, minor ornamentation, natural wear, and pose or growth irregularity.

Recommended aspect ratio: 16:9.","text, labels, watermark, signature, logo, border, frame, UI, HUD, cropped subject, duplicate anatomy, contradictory anatomy, impossible balance, unsupported structures, random wings, random horns, humanoid default, fantasy armor, weapons, cartoon, anime, toy-like materials, excessive neon, excessive glow, oversaturated colors, busy background, motion blur, low resolution, compression artifacts, generic Earth copy, unsupported fantasy styling, traits conflicting with locked canon",1.0.0,canonical
NB2-CRE-VI-010-TECHNOLOGICAL-SPECIES-VARIANTS,CRE-VI-010-TECHNOLOGICAL-SPECIES,Technological Species,variants,Canonical Variants,16:9,"Create a canonical NOVERIS Nano Banana 2 visual for Technological Species: Canonical Variants.

Canonical archetype:
A canonical technological species designed as a scientifically plausible lifeform whose body plan, support system, locomotion, sensing, metabolism, ecology, and environmental adaptations are internally coherent.

Required visual and biological rules:
• functional anatomy
• credible center of mass
• coherent locomotion
• environment-linked materials
• ecologically plausible scale

Production request:
Create regional, seasonal, sex, caste, morph or engineered variants.

Studio-resolved canonical values:
{{canonicalId}}, {{displayName}}, {{scientificName}}, {{originPlanet}}, {{planetType}}, {{biome}}, {{gravity}}, {{atmosphere}}, {{climate}}, {{temperatureRange}}, {{sizeScale}}, {{coloration}}, {{materials}}, {{distinctiveFeatures}}, {{lockedTraits}}, {{rarity}}, {{artDirection}}.

Preserve every locked canonical field exactly. The result must use NOVERIS Scientific Realism: premium AAA science-fiction quality, museum-grade reference presentation, scientifically plausible structure, coherent materials, restrained coloration unless canon requires otherwise, readable silhouette, consistent scale and anatomy or growth across all views, soft neutral studio lighting, pure black background for isolated references, full requested subject visibility, generous negative space, and PSD-friendly extraction. Habitat and biome outputs may use the canonical environment. No baked-in text, labels, watermark, logo, border, or UI.

Create four clearly different but canon-compliant versions. Preserve body plan or growth architecture, structural counts, environmental adaptations, materials, defining features, and locked coloration. Vary only permitted secondary proportions, markings, surface detail, minor ornamentation, natural wear, and pose or growth irregularity.

Recommended aspect ratio: 16:9.","text, labels, watermark, signature, logo, border, frame, UI, HUD, cropped subject, duplicate anatomy, contradictory anatomy, impossible balance, unsupported structures, random wings, random horns, humanoid default, fantasy armor, weapons, cartoon, anime, toy-like materials, excessive neon, excessive glow, oversaturated colors, busy background, motion blur, low resolution, compression artifacts, generic Earth copy, unsupported fantasy styling, traits conflicting with locked canon",1.0.0,canonical
NB2-CRE-VI-010-TECHNOLOGICAL-SPECIES-BEHAVIOR,CRE-VI-010-TECHNOLOGICAL-SPECIES,Technological Species,behavior,Behavior Sheet,16:9,"Create a canonical NOVERIS Nano Banana 2 visual for Technological Species: Behavior Sheet.

Canonical archetype:
A canonical technological species designed as a scientifically plausible lifeform whose body plan, support system, locomotion, sensing, metabolism, ecology, and environmental adaptations are internally coherent.

Required visual and biological rules:
• functional anatomy
• credible center of mass
• coherent locomotion
• environment-linked materials
• ecologically plausible scale

Production request:
Create idle, feeding, locomotion, social, defense and rest.

Studio-resolved canonical values:
{{canonicalId}}, {{displayName}}, {{scientificName}}, {{originPlanet}}, {{planetType}}, {{biome}}, {{gravity}}, {{atmosphere}}, {{climate}}, {{temperatureRange}}, {{sizeScale}}, {{coloration}}, {{materials}}, {{distinctiveFeatures}}, {{lockedTraits}}, {{rarity}}, {{artDirection}}.

Preserve every locked canonical field exactly. The result must use NOVERIS Scientific Realism: premium AAA science-fiction quality, museum-grade reference presentation, scientifically plausible structure, coherent materials, restrained coloration unless canon requires otherwise, readable silhouette, consistent scale and anatomy or growth across all views, soft neutral studio lighting, pure black background for isolated references, full requested subject visibility, generous negative space, and PSD-friendly extraction. Habitat and biome outputs may use the canonical environment. No baked-in text, labels, watermark, logo, border, or UI.

Create four clearly different but canon-compliant versions. Preserve body plan or growth architecture, structural counts, environmental adaptations, materials, defining features, and locked coloration. Vary only permitted secondary proportions, markings, surface detail, minor ornamentation, natural wear, and pose or growth irregularity.

Recommended aspect ratio: 16:9.","text, labels, watermark, signature, logo, border, frame, UI, HUD, cropped subject, duplicate anatomy, contradictory anatomy, impossible balance, unsupported structures, random wings, random horns, humanoid default, fantasy armor, weapons, cartoon, anime, toy-like materials, excessive neon, excessive glow, oversaturated colors, busy background, motion blur, low resolution, compression artifacts, generic Earth copy, unsupported fantasy styling, traits conflicting with locked canon",1.0.0,canonical
NB2-CRE-VI-010-TECHNOLOGICAL-SPECIES-HABITAT,CRE-VI-010-TECHNOLOGICAL-SPECIES,Technological Species,habitat,Native Habitat Scene,16:9,"Create a canonical NOVERIS Nano Banana 2 visual for Technological Species: Native Habitat Scene.

Canonical archetype:
A canonical technological species designed as a scientifically plausible lifeform whose body plan, support system, locomotion, sensing, metabolism, ecology, and environmental adaptations are internally coherent.

Required visual and biological rules:
• functional anatomy
• credible center of mass
• coherent locomotion
• environment-linked materials
• ecologically plausible scale

Production request:
Create natural behavior in canonical planet and biome.

Studio-resolved canonical values:
{{canonicalId}}, {{displayName}}, {{scientificName}}, {{originPlanet}}, {{planetType}}, {{biome}}, {{gravity}}, {{atmosphere}}, {{climate}}, {{temperatureRange}}, {{sizeScale}}, {{coloration}}, {{materials}}, {{distinctiveFeatures}}, {{lockedTraits}}, {{rarity}}, {{artDirection}}.

Preserve every locked canonical field exactly. The result must use NOVERIS Scientific Realism: premium AAA science-fiction quality, museum-grade reference presentation, scientifically plausible structure, coherent materials, restrained coloration unless canon requires otherwise, readable silhouette, consistent scale and anatomy or growth across all views, soft neutral studio lighting, pure black background for isolated references, full requested subject visibility, generous negative space, and PSD-friendly extraction. Habitat and biome outputs may use the canonical environment. No baked-in text, labels, watermark, logo, border, or UI.

Create four clearly different but canon-compliant versions. Preserve body plan or growth architecture, structural counts, environmental adaptations, materials, defining features, and locked coloration. Vary only permitted secondary proportions, markings, surface detail, minor ornamentation, natural wear, and pose or growth irregularity.

Recommended aspect ratio: 16:9.","text, labels, watermark, signature, logo, border, frame, UI, HUD, cropped subject, duplicate anatomy, contradictory anatomy, impossible balance, unsupported structures, random wings, random horns, humanoid default, fantasy armor, weapons, cartoon, anime, toy-like materials, excessive neon, excessive glow, oversaturated colors, busy background, motion blur, low resolution, compression artifacts, generic Earth copy, unsupported fantasy styling, traits conflicting with locked canon",1.0.0,canonical
NB2-CRE-VI-010-TECHNOLOGICAL-SPECIES-DISCOVERY,CRE-VI-010-TECHNOLOGICAL-SPECIES,Technological Species,discovery,Discovery Scan,16:9,"Create a canonical NOVERIS Nano Banana 2 visual for Technological Species: Discovery Scan.

Canonical archetype:
A canonical technological species designed as a scientifically plausible lifeform whose body plan, support system, locomotion, sensing, metabolism, ecology, and environmental adaptations are internally coherent.

Required visual and biological rules:
• functional anatomy
• credible center of mass
• coherent locomotion
• environment-linked materials
• ecologically plausible scale

Production request:
Create centered scientific scan source without labels.

Studio-resolved canonical values:
{{canonicalId}}, {{displayName}}, {{scientificName}}, {{originPlanet}}, {{planetType}}, {{biome}}, {{gravity}}, {{atmosphere}}, {{climate}}, {{temperatureRange}}, {{sizeScale}}, {{coloration}}, {{materials}}, {{distinctiveFeatures}}, {{lockedTraits}}, {{rarity}}, {{artDirection}}.

Preserve every locked canonical field exactly. The result must use NOVERIS Scientific Realism: premium AAA science-fiction quality, museum-grade reference presentation, scientifically plausible structure, coherent materials, restrained coloration unless canon requires otherwise, readable silhouette, consistent scale and anatomy or growth across all views, soft neutral studio lighting, pure black background for isolated references, full requested subject visibility, generous negative space, and PSD-friendly extraction. Habitat and biome outputs may use the canonical environment. No baked-in text, labels, watermark, logo, border, or UI.

Create four clearly different but canon-compliant versions. Preserve body plan or growth architecture, structural counts, environmental adaptations, materials, defining features, and locked coloration. Vary only permitted secondary proportions, markings, surface detail, minor ornamentation, natural wear, and pose or growth irregularity.

Recommended aspect ratio: 16:9.","text, labels, watermark, signature, logo, border, frame, UI, HUD, cropped subject, duplicate anatomy, contradictory anatomy, impossible balance, unsupported structures, random wings, random horns, humanoid default, fantasy armor, weapons, cartoon, anime, toy-like materials, excessive neon, excessive glow, oversaturated colors, busy background, motion blur, low resolution, compression artifacts, generic Earth copy, unsupported fantasy styling, traits conflicting with locked canon",1.0.0,canonical
NB2-CRE-VI-010-TECHNOLOGICAL-SPECIES-ICON,CRE-VI-010-TECHNOLOGICAL-SPECIES,Technological Species,icon,UI Icon,1:1,"Create a canonical NOVERIS Nano Banana 2 visual for Technological Species: UI Icon.

Canonical archetype:
A canonical technological species designed as a scientifically plausible lifeform whose body plan, support system, locomotion, sensing, metabolism, ecology, and environmental adaptations are internally coherent.

Required visual and biological rules:
• functional anatomy
• credible center of mass
• coherent locomotion
• environment-linked materials
• ecologically plausible scale

Production request:
Create isolated silhouette readable at 64 pixels.

Studio-resolved canonical values:
{{canonicalId}}, {{displayName}}, {{scientificName}}, {{originPlanet}}, {{planetType}}, {{biome}}, {{gravity}}, {{atmosphere}}, {{climate}}, {{temperatureRange}}, {{sizeScale}}, {{coloration}}, {{materials}}, {{distinctiveFeatures}}, {{lockedTraits}}, {{rarity}}, {{artDirection}}.

Preserve every locked canonical field exactly. The result must use NOVERIS Scientific Realism: premium AAA science-fiction quality, museum-grade reference presentation, scientifically plausible structure, coherent materials, restrained coloration unless canon requires otherwise, readable silhouette, consistent scale and anatomy or growth across all views, soft neutral studio lighting, pure black background for isolated references, full requested subject visibility, generous negative space, and PSD-friendly extraction. Habitat and biome outputs may use the canonical environment. No baked-in text, labels, watermark, logo, border, or UI.

Create four clearly different but canon-compliant versions. Preserve body plan or growth architecture, structural counts, environmental adaptations, materials, defining features, and locked coloration. Vary only permitted secondary proportions, markings, surface detail, minor ornamentation, natural wear, and pose or growth irregularity.

Recommended aspect ratio: 1:1.","text, labels, watermark, signature, logo, border, frame, UI, HUD, cropped subject, duplicate anatomy, contradictory anatomy, impossible balance, unsupported structures, random wings, random horns, humanoid default, fantasy armor, weapons, cartoon, anime, toy-like materials, excessive neon, excessive glow, oversaturated colors, busy background, motion blur, low resolution, compression artifacts, generic Earth copy, unsupported fantasy styling, traits conflicting with locked canon",1.0.0,canonical
NB2-CRE-VI-010-TECHNOLOGICAL-SPECIES-SCALE,CRE-VI-010-TECHNOLOGICAL-SPECIES,Technological Species,scale,Scale Comparison,16:9,"Create a canonical NOVERIS Nano Banana 2 visual for Technological Species: Scale Comparison.

Canonical archetype:
A canonical technological species designed as a scientifically plausible lifeform whose body plan, support system, locomotion, sensing, metabolism, ecology, and environmental adaptations are internally coherent.

Required visual and biological rules:
• functional anatomy
• credible center of mass
• coherent locomotion
• environment-linked materials
• ecologically plausible scale

Production request:
Create side view with adult human silhouette and one-meter bar.

Studio-resolved canonical values:
{{canonicalId}}, {{displayName}}, {{scientificName}}, {{originPlanet}}, {{planetType}}, {{biome}}, {{gravity}}, {{atmosphere}}, {{climate}}, {{temperatureRange}}, {{sizeScale}}, {{coloration}}, {{materials}}, {{distinctiveFeatures}}, {{lockedTraits}}, {{rarity}}, {{artDirection}}.

Preserve every locked canonical field exactly. The result must use NOVERIS Scientific Realism: premium AAA science-fiction quality, museum-grade reference presentation, scientifically plausible structure, coherent materials, restrained coloration unless canon requires otherwise, readable silhouette, consistent scale and anatomy or growth across all views, soft neutral studio lighting, pure black background for isolated references, full requested subject visibility, generous negative space, and PSD-friendly extraction. Habitat and biome outputs may use the canonical environment. No baked-in text, labels, watermark, logo, border, or UI.

Create four clearly different but canon-compliant versions. Preserve body plan or growth architecture, structural counts, environmental adaptations, materials, defining features, and locked coloration. Vary only permitted secondary proportions, markings, surface detail, minor ornamentation, natural wear, and pose or growth irregularity.

Recommended aspect ratio: 16:9.","text, labels, watermark, signature, logo, border, frame, UI, HUD, cropped subject, duplicate anatomy, contradictory anatomy, impossible balance, unsupported structures, random wings, random horns, humanoid default, fantasy armor, weapons, cartoon, anime, toy-like materials, excessive neon, excessive glow, oversaturated colors, busy background, motion blur, low resolution, compression artifacts, generic Earth copy, unsupported fantasy styling, traits conflicting with locked canon",1.0.0,canonical
NB2-CRE-VI-010-TECHNOLOGICAL-SPECIES-SPECIES-PLATE,CRE-VI-010-TECHNOLOGICAL-SPECIES,Technological Species,species-plate,Master Species Plate,16:9,"Create a canonical NOVERIS Nano Banana 2 visual for Technological Species: Master Species Plate.

Canonical archetype:
A canonical technological species designed as a scientifically plausible lifeform whose body plan, support system, locomotion, sensing, metabolism, ecology, and environmental adaptations are internally coherent.

Required visual and biological rules:
• functional anatomy
• credible center of mass
• coherent locomotion
• environment-linked materials
• ecologically plausible scale

Production request:
Create full body, portrait, views, support system, lifecycle, variants, materials and habitat vignette.

Studio-resolved canonical values:
{{canonicalId}}, {{displayName}}, {{scientificName}}, {{originPlanet}}, {{planetType}}, {{biome}}, {{gravity}}, {{atmosphere}}, {{climate}}, {{temperatureRange}}, {{sizeScale}}, {{coloration}}, {{materials}}, {{distinctiveFeatures}}, {{lockedTraits}}, {{rarity}}, {{artDirection}}.

Preserve every locked canonical field exactly. The result must use NOVERIS Scientific Realism: premium AAA science-fiction quality, museum-grade reference presentation, scientifically plausible structure, coherent materials, restrained coloration unless canon requires otherwise, readable silhouette, consistent scale and anatomy or growth across all views, soft neutral studio lighting, pure black background for isolated references, full requested subject visibility, generous negative space, and PSD-friendly extraction. Habitat and biome outputs may use the canonical environment. No baked-in text, labels, watermark, logo, border, or UI.

Create four clearly different but canon-compliant versions. Preserve body plan or growth architecture, structural counts, environmental adaptations, materials, defining features, and locked coloration. Vary only permitted secondary proportions, markings, surface detail, minor ornamentation, natural wear, and pose or growth irregularity.

Recommended aspect ratio: 16:9.","text, labels, watermark, signature, logo, border, frame, UI, HUD, cropped subject, duplicate anatomy, contradictory anatomy, impossible balance, unsupported structures, random wings, random horns, humanoid default, fantasy armor, weapons, cartoon, anime, toy-like materials, excessive neon, excessive glow, oversaturated colors, busy background, motion blur, low resolution, compression artifacts, generic Earth copy, unsupported fantasy styling, traits conflicting with locked canon",1.0.0,canonical
NB2-CRE-VI-010-TECHNOLOGICAL-SPECIES-ANIMATION,CRE-VI-010-TECHNOLOGICAL-SPECIES,Technological Species,animation,Animation Reference,16:9,"Create a canonical NOVERIS Nano Banana 2 visual for Technological Species: Animation Reference.

Canonical archetype:
A canonical technological species designed as a scientifically plausible lifeform whose body plan, support system, locomotion, sensing, metabolism, ecology, and environmental adaptations are internally coherent.

Required visual and biological rules:
• functional anatomy
• credible center of mass
• coherent locomotion
• environment-linked materials
• ecologically plausible scale

Production request:
Create idle, locomotion, interaction, feeding, defense, rest and death or shutdown.

Studio-resolved canonical values:
{{canonicalId}}, {{displayName}}, {{scientificName}}, {{originPlanet}}, {{planetType}}, {{biome}}, {{gravity}}, {{atmosphere}}, {{climate}}, {{temperatureRange}}, {{sizeScale}}, {{coloration}}, {{materials}}, {{distinctiveFeatures}}, {{lockedTraits}}, {{rarity}}, {{artDirection}}.

Preserve every locked canonical field exactly. The result must use NOVERIS Scientific Realism: premium AAA science-fiction quality, museum-grade reference presentation, scientifically plausible structure, coherent materials, restrained coloration unless canon requires otherwise, readable silhouette, consistent scale and anatomy or growth across all views, soft neutral studio lighting, pure black background for isolated references, full requested subject visibility, generous negative space, and PSD-friendly extraction. Habitat and biome outputs may use the canonical environment. No baked-in text, labels, watermark, logo, border, or UI.

Create four clearly different but canon-compliant versions. Preserve body plan or growth architecture, structural counts, environmental adaptations, materials, defining features, and locked coloration. Vary only permitted secondary proportions, markings, surface detail, minor ornamentation, natural wear, and pose or growth irregularity.

Recommended aspect ratio: 16:9.","text, labels, watermark, signature, logo, border, frame, UI, HUD, cropped subject, duplicate anatomy, contradictory anatomy, impossible balance, unsupported structures, random wings, random horns, humanoid default, fantasy armor, weapons, cartoon, anime, toy-like materials, excessive neon, excessive glow, oversaturated colors, busy background, motion blur, low resolution, compression artifacts, generic Earth copy, unsupported fantasy styling, traits conflicting with locked canon",1.0.0,canonical
NB2-CRE-VI-010-TECHNOLOGICAL-SPECIES-PSD,CRE-VI-010-TECHNOLOGICAL-SPECIES,Technological Species,psd,PSD Extraction Board,16:9,"Create a canonical NOVERIS Nano Banana 2 visual for Technological Species: PSD Extraction Board.

Canonical archetype:
A canonical technological species designed as a scientifically plausible lifeform whose body plan, support system, locomotion, sensing, metabolism, ecology, and environmental adaptations are internally coherent.

Required visual and biological rules:
• functional anatomy
• credible center of mass
• coherent locomotion
• environment-linked materials
• ecologically plausible scale

Production request:
Create isolated whole subject, major parts, silhouette and material references.

Studio-resolved canonical values:
{{canonicalId}}, {{displayName}}, {{scientificName}}, {{originPlanet}}, {{planetType}}, {{biome}}, {{gravity}}, {{atmosphere}}, {{climate}}, {{temperatureRange}}, {{sizeScale}}, {{coloration}}, {{materials}}, {{distinctiveFeatures}}, {{lockedTraits}}, {{rarity}}, {{artDirection}}.

Preserve every locked canonical field exactly. The result must use NOVERIS Scientific Realism: premium AAA science-fiction quality, museum-grade reference presentation, scientifically plausible structure, coherent materials, restrained coloration unless canon requires otherwise, readable silhouette, consistent scale and anatomy or growth across all views, soft neutral studio lighting, pure black background for isolated references, full requested subject visibility, generous negative space, and PSD-friendly extraction. Habitat and biome outputs may use the canonical environment. No baked-in text, labels, watermark, logo, border, or UI.

Create four clearly different but canon-compliant versions. Preserve body plan or growth architecture, structural counts, environmental adaptations, materials, defining features, and locked coloration. Vary only permitted secondary proportions, markings, surface detail, minor ornamentation, natural wear, and pose or growth irregularity.

Recommended aspect ratio: 16:9.","text, labels, watermark, signature, logo, border, frame, UI, HUD, cropped subject, duplicate anatomy, contradictory anatomy, impossible balance, unsupported structures, random wings, random horns, humanoid default, fantasy armor, weapons, cartoon, anime, toy-like materials, excessive neon, excessive glow, oversaturated colors, busy background, motion blur, low resolution, compression artifacts, generic Earth copy, unsupported fantasy styling, traits conflicting with locked canon",1.0.0,canonical
