promptId,archetypeId,archetypeName,outputType,outputName,aspectRatio,positivePrompt,negativePrompt,version,status
NB2-PLT-PIII-001-CRYSTAL-FLORA-WHOLE-PLANT,PLT-PIII-001-CRYSTAL-FLORA,Crystal Flora,whole-plant,Whole Plant Production Render,3:4,"Create a canonical NOVERIS Nano Banana 2 visual for Crystal Flora: Whole Plant Production Render.

Canonical archetype:
A canonical crystal flora designed as a scientifically plausible plant-like or fungal organism whose anchoring, support, transport, energy capture, growth, reproduction, ecology, and environmental adaptations are internally coherent.

Required visual and biological rules:
• credible anchoring
• coherent support and transport
• functional energy collectors
• reproductive logic
• environment-linked growth
• coherent lattice growth
• geochemical exchange

Production request:
Create complete mature organism including roots or anchor system.

Studio-resolved canonical values:
{{canonicalId}}, {{displayName}}, {{scientificName}}, {{originPlanet}}, {{planetType}}, {{biome}}, {{gravity}}, {{atmosphere}}, {{climate}}, {{temperatureRange}}, {{sizeScale}}, {{coloration}}, {{materials}}, {{distinctiveFeatures}}, {{lockedTraits}}, {{rarity}}, {{artDirection}}.

Preserve every locked canonical field exactly. The result must use NOVERIS Scientific Realism: premium AAA science-fiction quality, museum-grade reference presentation, scientifically plausible structure, coherent materials, restrained coloration unless canon requires otherwise, readable silhouette, consistent scale and anatomy or growth across all views, soft neutral studio lighting, pure black background for isolated references, full requested subject visibility, generous negative space, and PSD-friendly extraction. Habitat and biome outputs may use the canonical environment. No baked-in text, labels, watermark, logo, border, or UI.

Create four clearly different but canon-compliant versions. Preserve body plan or growth architecture, structural counts, environmental adaptations, materials, defining features, and locked coloration. Vary only permitted secondary proportions, markings, surface detail, minor ornamentation, natural wear, and pose or growth irregularity.

Recommended aspect ratio: 3:4.","text, labels, watermark, signature, logo, border, frame, UI, HUD, cropped subject, duplicate anatomy, contradictory anatomy, impossible balance, unsupported structures, random wings, random horns, humanoid default, fantasy armor, weapons, cartoon, anime, toy-like materials, excessive neon, excessive glow, oversaturated colors, busy background, motion blur, low resolution, compression artifacts, generic Earth copy, unsupported fantasy styling, traits conflicting with locked canon",1.0.0,canonical
NB2-PLT-PIII-001-CRYSTAL-FLORA-PORTRAIT,PLT-PIII-001-CRYSTAL-FLORA,Crystal Flora,portrait,Botanical Portrait,1:1,"Create a canonical NOVERIS Nano Banana 2 visual for Crystal Flora: Botanical Portrait.

Canonical archetype:
A canonical crystal flora designed as a scientifically plausible plant-like or fungal organism whose anchoring, support, transport, energy capture, growth, reproduction, ecology, and environmental adaptations are internally coherent.

Required visual and biological rules:
• credible anchoring
• coherent support and transport
• functional energy collectors
• reproductive logic
• environment-linked growth
• coherent lattice growth
• geochemical exchange

Production request:
Create defining growth form, foliage, collectors and reproduction.

Studio-resolved canonical values:
{{canonicalId}}, {{displayName}}, {{scientificName}}, {{originPlanet}}, {{planetType}}, {{biome}}, {{gravity}}, {{atmosphere}}, {{climate}}, {{temperatureRange}}, {{sizeScale}}, {{coloration}}, {{materials}}, {{distinctiveFeatures}}, {{lockedTraits}}, {{rarity}}, {{artDirection}}.

Preserve every locked canonical field exactly. The result must use NOVERIS Scientific Realism: premium AAA science-fiction quality, museum-grade reference presentation, scientifically plausible structure, coherent materials, restrained coloration unless canon requires otherwise, readable silhouette, consistent scale and anatomy or growth across all views, soft neutral studio lighting, pure black background for isolated references, full requested subject visibility, generous negative space, and PSD-friendly extraction. Habitat and biome outputs may use the canonical environment. No baked-in text, labels, watermark, logo, border, or UI.

Create four clearly different but canon-compliant versions. Preserve body plan or growth architecture, structural counts, environmental adaptations, materials, defining features, and locked coloration. Vary only permitted secondary proportions, markings, surface detail, minor ornamentation, natural wear, and pose or growth irregularity.

Recommended aspect ratio: 1:1.","text, labels, watermark, signature, logo, border, frame, UI, HUD, cropped subject, duplicate anatomy, contradictory anatomy, impossible balance, unsupported structures, random wings, random horns, humanoid default, fantasy armor, weapons, cartoon, anime, toy-like materials, excessive neon, excessive glow, oversaturated colors, busy background, motion blur, low resolution, compression artifacts, generic Earth copy, unsupported fantasy styling, traits conflicting with locked canon",1.0.0,canonical
NB2-PLT-PIII-001-CRYSTAL-FLORA-ORTHO-FRONT,PLT-PIII-001-CRYSTAL-FLORA,Crystal Flora,ortho-front,Orthographic Front,3:4,"Create a canonical NOVERIS Nano Banana 2 visual for Crystal Flora: Orthographic Front.

Canonical archetype:
A canonical crystal flora designed as a scientifically plausible plant-like or fungal organism whose anchoring, support, transport, energy capture, growth, reproduction, ecology, and environmental adaptations are internally coherent.

Required visual and biological rules:
• credible anchoring
• coherent support and transport
• functional energy collectors
• reproductive logic
• environment-linked growth
• coherent lattice growth
• geochemical exchange

Production request:
Create exact front orthographic view.

Studio-resolved canonical values:
{{canonicalId}}, {{displayName}}, {{scientificName}}, {{originPlanet}}, {{planetType}}, {{biome}}, {{gravity}}, {{atmosphere}}, {{climate}}, {{temperatureRange}}, {{sizeScale}}, {{coloration}}, {{materials}}, {{distinctiveFeatures}}, {{lockedTraits}}, {{rarity}}, {{artDirection}}.

Preserve every locked canonical field exactly. The result must use NOVERIS Scientific Realism: premium AAA science-fiction quality, museum-grade reference presentation, scientifically plausible structure, coherent materials, restrained coloration unless canon requires otherwise, readable silhouette, consistent scale and anatomy or growth across all views, soft neutral studio lighting, pure black background for isolated references, full requested subject visibility, generous negative space, and PSD-friendly extraction. Habitat and biome outputs may use the canonical environment. No baked-in text, labels, watermark, logo, border, or UI.

Create four clearly different but canon-compliant versions. Preserve body plan or growth architecture, structural counts, environmental adaptations, materials, defining features, and locked coloration. Vary only permitted secondary proportions, markings, surface detail, minor ornamentation, natural wear, and pose or growth irregularity.

Recommended aspect ratio: 3:4.","text, labels, watermark, signature, logo, border, frame, UI, HUD, cropped subject, duplicate anatomy, contradictory anatomy, impossible balance, unsupported structures, random wings, random horns, humanoid default, fantasy armor, weapons, cartoon, anime, toy-like materials, excessive neon, excessive glow, oversaturated colors, busy background, motion blur, low resolution, compression artifacts, generic Earth copy, unsupported fantasy styling, traits conflicting with locked canon",1.0.0,canonical
NB2-PLT-PIII-001-CRYSTAL-FLORA-ORTHO-SIDE,PLT-PIII-001-CRYSTAL-FLORA,Crystal Flora,ortho-side,Orthographic Side,3:4,"Create a canonical NOVERIS Nano Banana 2 visual for Crystal Flora: Orthographic Side.

Canonical archetype:
A canonical crystal flora designed as a scientifically plausible plant-like or fungal organism whose anchoring, support, transport, energy capture, growth, reproduction, ecology, and environmental adaptations are internally coherent.

Required visual and biological rules:
• credible anchoring
• coherent support and transport
• functional energy collectors
• reproductive logic
• environment-linked growth
• coherent lattice growth
• geochemical exchange

Production request:
Create exact side orthographic view.

Studio-resolved canonical values:
{{canonicalId}}, {{displayName}}, {{scientificName}}, {{originPlanet}}, {{planetType}}, {{biome}}, {{gravity}}, {{atmosphere}}, {{climate}}, {{temperatureRange}}, {{sizeScale}}, {{coloration}}, {{materials}}, {{distinctiveFeatures}}, {{lockedTraits}}, {{rarity}}, {{artDirection}}.

Preserve every locked canonical field exactly. The result must use NOVERIS Scientific Realism: premium AAA science-fiction quality, museum-grade reference presentation, scientifically plausible structure, coherent materials, restrained coloration unless canon requires otherwise, readable silhouette, consistent scale and anatomy or growth across all views, soft neutral studio lighting, pure black background for isolated references, full requested subject visibility, generous negative space, and PSD-friendly extraction. Habitat and biome outputs may use the canonical environment. No baked-in text, labels, watermark, logo, border, or UI.

Create four clearly different but canon-compliant versions. Preserve body plan or growth architecture, structural counts, environmental adaptations, materials, defining features, and locked coloration. Vary only permitted secondary proportions, markings, surface detail, minor ornamentation, natural wear, and pose or growth irregularity.

Recommended aspect ratio: 3:4.","text, labels, watermark, signature, logo, border, frame, UI, HUD, cropped subject, duplicate anatomy, contradictory anatomy, impossible balance, unsupported structures, random wings, random horns, humanoid default, fantasy armor, weapons, cartoon, anime, toy-like materials, excessive neon, excessive glow, oversaturated colors, busy background, motion blur, low resolution, compression artifacts, generic Earth copy, unsupported fantasy styling, traits conflicting with locked canon",1.0.0,canonical
NB2-PLT-PIII-001-CRYSTAL-FLORA-ORTHO-TOP,PLT-PIII-001-CRYSTAL-FLORA,Crystal Flora,ortho-top,Orthographic Top,1:1,"Create a canonical NOVERIS Nano Banana 2 visual for Crystal Flora: Orthographic Top.

Canonical archetype:
A canonical crystal flora designed as a scientifically plausible plant-like or fungal organism whose anchoring, support, transport, energy capture, growth, reproduction, ecology, and environmental adaptations are internally coherent.

Required visual and biological rules:
• credible anchoring
• coherent support and transport
• functional energy collectors
• reproductive logic
• environment-linked growth
• coherent lattice growth
• geochemical exchange

Production request:
Create exact top view showing spread and growth geometry.

Studio-resolved canonical values:
{{canonicalId}}, {{displayName}}, {{scientificName}}, {{originPlanet}}, {{planetType}}, {{biome}}, {{gravity}}, {{atmosphere}}, {{climate}}, {{temperatureRange}}, {{sizeScale}}, {{coloration}}, {{materials}}, {{distinctiveFeatures}}, {{lockedTraits}}, {{rarity}}, {{artDirection}}.

Preserve every locked canonical field exactly. The result must use NOVERIS Scientific Realism: premium AAA science-fiction quality, museum-grade reference presentation, scientifically plausible structure, coherent materials, restrained coloration unless canon requires otherwise, readable silhouette, consistent scale and anatomy or growth across all views, soft neutral studio lighting, pure black background for isolated references, full requested subject visibility, generous negative space, and PSD-friendly extraction. Habitat and biome outputs may use the canonical environment. No baked-in text, labels, watermark, logo, border, or UI.

Create four clearly different but canon-compliant versions. Preserve body plan or growth architecture, structural counts, environmental adaptations, materials, defining features, and locked coloration. Vary only permitted secondary proportions, markings, surface detail, minor ornamentation, natural wear, and pose or growth irregularity.

Recommended aspect ratio: 1:1.","text, labels, watermark, signature, logo, border, frame, UI, HUD, cropped subject, duplicate anatomy, contradictory anatomy, impossible balance, unsupported structures, random wings, random horns, humanoid default, fantasy armor, weapons, cartoon, anime, toy-like materials, excessive neon, excessive glow, oversaturated colors, busy background, motion blur, low resolution, compression artifacts, generic Earth copy, unsupported fantasy styling, traits conflicting with locked canon",1.0.0,canonical
NB2-PLT-PIII-001-CRYSTAL-FLORA-ROOTS,PLT-PIII-001-CRYSTAL-FLORA,Crystal Flora,roots,Root or Anchor System,16:9,"Create a canonical NOVERIS Nano Banana 2 visual for Crystal Flora: Root or Anchor System.

Canonical archetype:
A canonical crystal flora designed as a scientifically plausible plant-like or fungal organism whose anchoring, support, transport, energy capture, growth, reproduction, ecology, and environmental adaptations are internally coherent.

Required visual and biological rules:
• credible anchoring
• coherent support and transport
• functional energy collectors
• reproductive logic
• environment-linked growth
• coherent lattice growth
• geochemical exchange

Production request:
Create complete substrate interface and nutrient exchange structures.

Studio-resolved canonical values:
{{canonicalId}}, {{displayName}}, {{scientificName}}, {{originPlanet}}, {{planetType}}, {{biome}}, {{gravity}}, {{atmosphere}}, {{climate}}, {{temperatureRange}}, {{sizeScale}}, {{coloration}}, {{materials}}, {{distinctiveFeatures}}, {{lockedTraits}}, {{rarity}}, {{artDirection}}.

Preserve every locked canonical field exactly. The result must use NOVERIS Scientific Realism: premium AAA science-fiction quality, museum-grade reference presentation, scientifically plausible structure, coherent materials, restrained coloration unless canon requires otherwise, readable silhouette, consistent scale and anatomy or growth across all views, soft neutral studio lighting, pure black background for isolated references, full requested subject visibility, generous negative space, and PSD-friendly extraction. Habitat and biome outputs may use the canonical environment. No baked-in text, labels, watermark, logo, border, or UI.

Create four clearly different but canon-compliant versions. Preserve body plan or growth architecture, structural counts, environmental adaptations, materials, defining features, and locked coloration. Vary only permitted secondary proportions, markings, surface detail, minor ornamentation, natural wear, and pose or growth irregularity.

Recommended aspect ratio: 16:9.","text, labels, watermark, signature, logo, border, frame, UI, HUD, cropped subject, duplicate anatomy, contradictory anatomy, impossible balance, unsupported structures, random wings, random horns, humanoid default, fantasy armor, weapons, cartoon, anime, toy-like materials, excessive neon, excessive glow, oversaturated colors, busy background, motion blur, low resolution, compression artifacts, generic Earth copy, unsupported fantasy styling, traits conflicting with locked canon",1.0.0,canonical
NB2-PLT-PIII-001-CRYSTAL-FLORA-STEMS,PLT-PIII-001-CRYSTAL-FLORA,Crystal Flora,stems,"Stem, Trunk or Structural Study",16:9,"Create a canonical NOVERIS Nano Banana 2 visual for Crystal Flora: Stem, Trunk or Structural Study.

Canonical archetype:
A canonical crystal flora designed as a scientifically plausible plant-like or fungal organism whose anchoring, support, transport, energy capture, growth, reproduction, ecology, and environmental adaptations are internally coherent.

Required visual and biological rules:
• credible anchoring
• coherent support and transport
• functional energy collectors
• reproductive logic
• environment-linked growth
• coherent lattice growth
• geochemical exchange

Production request:
Create support and transport architecture.

Studio-resolved canonical values:
{{canonicalId}}, {{displayName}}, {{scientificName}}, {{originPlanet}}, {{planetType}}, {{biome}}, {{gravity}}, {{atmosphere}}, {{climate}}, {{temperatureRange}}, {{sizeScale}}, {{coloration}}, {{materials}}, {{distinctiveFeatures}}, {{lockedTraits}}, {{rarity}}, {{artDirection}}.

Preserve every locked canonical field exactly. The result must use NOVERIS Scientific Realism: premium AAA science-fiction quality, museum-grade reference presentation, scientifically plausible structure, coherent materials, restrained coloration unless canon requires otherwise, readable silhouette, consistent scale and anatomy or growth across all views, soft neutral studio lighting, pure black background for isolated references, full requested subject visibility, generous negative space, and PSD-friendly extraction. Habitat and biome outputs may use the canonical environment. No baked-in text, labels, watermark, logo, border, or UI.

Create four clearly different but canon-compliant versions. Preserve body plan or growth architecture, structural counts, environmental adaptations, materials, defining features, and locked coloration. Vary only permitted secondary proportions, markings, surface detail, minor ornamentation, natural wear, and pose or growth irregularity.

Recommended aspect ratio: 16:9.","text, labels, watermark, signature, logo, border, frame, UI, HUD, cropped subject, duplicate anatomy, contradictory anatomy, impossible balance, unsupported structures, random wings, random horns, humanoid default, fantasy armor, weapons, cartoon, anime, toy-like materials, excessive neon, excessive glow, oversaturated colors, busy background, motion blur, low resolution, compression artifacts, generic Earth copy, unsupported fantasy styling, traits conflicting with locked canon",1.0.0,canonical
NB2-PLT-PIII-001-CRYSTAL-FLORA-COLLECTORS,PLT-PIII-001-CRYSTAL-FLORA,Crystal Flora,collectors,Leaves or Collector Study,16:9,"Create a canonical NOVERIS Nano Banana 2 visual for Crystal Flora: Leaves or Collector Study.

Canonical archetype:
A canonical crystal flora designed as a scientifically plausible plant-like or fungal organism whose anchoring, support, transport, energy capture, growth, reproduction, ecology, and environmental adaptations are internally coherent.

Required visual and biological rules:
• credible anchoring
• coherent support and transport
• functional energy collectors
• reproductive logic
• environment-linked growth
• coherent lattice growth
• geochemical exchange

Production request:
Create front, back, edge, juvenile, mature and stressed states.

Studio-resolved canonical values:
{{canonicalId}}, {{displayName}}, {{scientificName}}, {{originPlanet}}, {{planetType}}, {{biome}}, {{gravity}}, {{atmosphere}}, {{climate}}, {{temperatureRange}}, {{sizeScale}}, {{coloration}}, {{materials}}, {{distinctiveFeatures}}, {{lockedTraits}}, {{rarity}}, {{artDirection}}.

Preserve every locked canonical field exactly. The result must use NOVERIS Scientific Realism: premium AAA science-fiction quality, museum-grade reference presentation, scientifically plausible structure, coherent materials, restrained coloration unless canon requires otherwise, readable silhouette, consistent scale and anatomy or growth across all views, soft neutral studio lighting, pure black background for isolated references, full requested subject visibility, generous negative space, and PSD-friendly extraction. Habitat and biome outputs may use the canonical environment. No baked-in text, labels, watermark, logo, border, or UI.

Create four clearly different but canon-compliant versions. Preserve body plan or growth architecture, structural counts, environmental adaptations, materials, defining features, and locked coloration. Vary only permitted secondary proportions, markings, surface detail, minor ornamentation, natural wear, and pose or growth irregularity.

Recommended aspect ratio: 16:9.","text, labels, watermark, signature, logo, border, frame, UI, HUD, cropped subject, duplicate anatomy, contradictory anatomy, impossible balance, unsupported structures, random wings, random horns, humanoid default, fantasy armor, weapons, cartoon, anime, toy-like materials, excessive neon, excessive glow, oversaturated colors, busy background, motion blur, low resolution, compression artifacts, generic Earth copy, unsupported fantasy styling, traits conflicting with locked canon",1.0.0,canonical
NB2-PLT-PIII-001-CRYSTAL-FLORA-REPRODUCTION,PLT-PIII-001-CRYSTAL-FLORA,Crystal Flora,reproduction,Reproductive Structure,16:9,"Create a canonical NOVERIS Nano Banana 2 visual for Crystal Flora: Reproductive Structure.

Canonical archetype:
A canonical crystal flora designed as a scientifically plausible plant-like or fungal organism whose anchoring, support, transport, energy capture, growth, reproduction, ecology, and environmental adaptations are internally coherent.

Required visual and biological rules:
• credible anchoring
• coherent support and transport
• functional energy collectors
• reproductive logic
• environment-linked growth
• coherent lattice growth
• geochemical exchange

Production request:
Create flowers, cones, spores, fields or equivalent stages.

Studio-resolved canonical values:
{{canonicalId}}, {{displayName}}, {{scientificName}}, {{originPlanet}}, {{planetType}}, {{biome}}, {{gravity}}, {{atmosphere}}, {{climate}}, {{temperatureRange}}, {{sizeScale}}, {{coloration}}, {{materials}}, {{distinctiveFeatures}}, {{lockedTraits}}, {{rarity}}, {{artDirection}}.

Preserve every locked canonical field exactly. The result must use NOVERIS Scientific Realism: premium AAA science-fiction quality, museum-grade reference presentation, scientifically plausible structure, coherent materials, restrained coloration unless canon requires otherwise, readable silhouette, consistent scale and anatomy or growth across all views, soft neutral studio lighting, pure black background for isolated references, full requested subject visibility, generous negative space, and PSD-friendly extraction. Habitat and biome outputs may use the canonical environment. No baked-in text, labels, watermark, logo, border, or UI.

Create four clearly different but canon-compliant versions. Preserve body plan or growth architecture, structural counts, environmental adaptations, materials, defining features, and locked coloration. Vary only permitted secondary proportions, markings, surface detail, minor ornamentation, natural wear, and pose or growth irregularity.

Recommended aspect ratio: 16:9.","text, labels, watermark, signature, logo, border, frame, UI, HUD, cropped subject, duplicate anatomy, contradictory anatomy, impossible balance, unsupported structures, random wings, random horns, humanoid default, fantasy armor, weapons, cartoon, anime, toy-like materials, excessive neon, excessive glow, oversaturated colors, busy background, motion blur, low resolution, compression artifacts, generic Earth copy, unsupported fantasy styling, traits conflicting with locked canon",1.0.0,canonical
NB2-PLT-PIII-001-CRYSTAL-FLORA-PROPAGULES,PLT-PIII-001-CRYSTAL-FLORA,Crystal Flora,propagules,"Seed, Spore or Propagule Study",16:9,"Create a canonical NOVERIS Nano Banana 2 visual for Crystal Flora: Seed, Spore or Propagule Study.

Canonical archetype:
A canonical crystal flora designed as a scientifically plausible plant-like or fungal organism whose anchoring, support, transport, energy capture, growth, reproduction, ecology, and environmental adaptations are internally coherent.

Required visual and biological rules:
• credible anchoring
• coherent support and transport
• functional energy collectors
• reproductive logic
• environment-linked growth
• coherent lattice growth
• geochemical exchange

Production request:
Create dispersal, germination and early establishment.

Studio-resolved canonical values:
{{canonicalId}}, {{displayName}}, {{scientificName}}, {{originPlanet}}, {{planetType}}, {{biome}}, {{gravity}}, {{atmosphere}}, {{climate}}, {{temperatureRange}}, {{sizeScale}}, {{coloration}}, {{materials}}, {{distinctiveFeatures}}, {{lockedTraits}}, {{rarity}}, {{artDirection}}.

Preserve every locked canonical field exactly. The result must use NOVERIS Scientific Realism: premium AAA science-fiction quality, museum-grade reference presentation, scientifically plausible structure, coherent materials, restrained coloration unless canon requires otherwise, readable silhouette, consistent scale and anatomy or growth across all views, soft neutral studio lighting, pure black background for isolated references, full requested subject visibility, generous negative space, and PSD-friendly extraction. Habitat and biome outputs may use the canonical environment. No baked-in text, labels, watermark, logo, border, or UI.

Create four clearly different but canon-compliant versions. Preserve body plan or growth architecture, structural counts, environmental adaptations, materials, defining features, and locked coloration. Vary only permitted secondary proportions, markings, surface detail, minor ornamentation, natural wear, and pose or growth irregularity.

Recommended aspect ratio: 16:9.","text, labels, watermark, signature, logo, border, frame, UI, HUD, cropped subject, duplicate anatomy, contradictory anatomy, impossible balance, unsupported structures, random wings, random horns, humanoid default, fantasy armor, weapons, cartoon, anime, toy-like materials, excessive neon, excessive glow, oversaturated colors, busy background, motion blur, low resolution, compression artifacts, generic Earth copy, unsupported fantasy styling, traits conflicting with locked canon",1.0.0,canonical
NB2-PLT-PIII-001-CRYSTAL-FLORA-CROSS-SECTION,PLT-PIII-001-CRYSTAL-FLORA,Crystal Flora,cross-section,Internal Cross Section,16:9,"Create a canonical NOVERIS Nano Banana 2 visual for Crystal Flora: Internal Cross Section.

Canonical archetype:
A canonical crystal flora designed as a scientifically plausible plant-like or fungal organism whose anchoring, support, transport, energy capture, growth, reproduction, ecology, and environmental adaptations are internally coherent.

Required visual and biological rules:
• credible anchoring
• coherent support and transport
• functional energy collectors
• reproductive logic
• environment-linked growth
• coherent lattice growth
• geochemical exchange

Production request:
Create protection, transport, support, storage and reproduction.

Studio-resolved canonical values:
{{canonicalId}}, {{displayName}}, {{scientificName}}, {{originPlanet}}, {{planetType}}, {{biome}}, {{gravity}}, {{atmosphere}}, {{climate}}, {{temperatureRange}}, {{sizeScale}}, {{coloration}}, {{materials}}, {{distinctiveFeatures}}, {{lockedTraits}}, {{rarity}}, {{artDirection}}.

Preserve every locked canonical field exactly. The result must use NOVERIS Scientific Realism: premium AAA science-fiction quality, museum-grade reference presentation, scientifically plausible structure, coherent materials, restrained coloration unless canon requires otherwise, readable silhouette, consistent scale and anatomy or growth across all views, soft neutral studio lighting, pure black background for isolated references, full requested subject visibility, generous negative space, and PSD-friendly extraction. Habitat and biome outputs may use the canonical environment. No baked-in text, labels, watermark, logo, border, or UI.

Create four clearly different but canon-compliant versions. Preserve body plan or growth architecture, structural counts, environmental adaptations, materials, defining features, and locked coloration. Vary only permitted secondary proportions, markings, surface detail, minor ornamentation, natural wear, and pose or growth irregularity.

Recommended aspect ratio: 16:9.","text, labels, watermark, signature, logo, border, frame, UI, HUD, cropped subject, duplicate anatomy, contradictory anatomy, impossible balance, unsupported structures, random wings, random horns, humanoid default, fantasy armor, weapons, cartoon, anime, toy-like materials, excessive neon, excessive glow, oversaturated colors, busy background, motion blur, low resolution, compression artifacts, generic Earth copy, unsupported fantasy styling, traits conflicting with locked canon",1.0.0,canonical
NB2-PLT-PIII-001-CRYSTAL-FLORA-GROWTH,PLT-PIII-001-CRYSTAL-FLORA,Crystal Flora,growth,Growth Stages,16:9,"Create a canonical NOVERIS Nano Banana 2 visual for Crystal Flora: Growth Stages.

Canonical archetype:
A canonical crystal flora designed as a scientifically plausible plant-like or fungal organism whose anchoring, support, transport, energy capture, growth, reproduction, ecology, and environmental adaptations are internally coherent.

Required visual and biological rules:
• credible anchoring
• coherent support and transport
• functional energy collectors
• reproductive logic
• environment-linked growth
• coherent lattice growth
• geochemical exchange

Production request:
Create propagule, juvenile, mature, reproductive and senescent stages.

Studio-resolved canonical values:
{{canonicalId}}, {{displayName}}, {{scientificName}}, {{originPlanet}}, {{planetType}}, {{biome}}, {{gravity}}, {{atmosphere}}, {{climate}}, {{temperatureRange}}, {{sizeScale}}, {{coloration}}, {{materials}}, {{distinctiveFeatures}}, {{lockedTraits}}, {{rarity}}, {{artDirection}}.

Preserve every locked canonical field exactly. The result must use NOVERIS Scientific Realism: premium AAA science-fiction quality, museum-grade reference presentation, scientifically plausible structure, coherent materials, restrained coloration unless canon requires otherwise, readable silhouette, consistent scale and anatomy or growth across all views, soft neutral studio lighting, pure black background for isolated references, full requested subject visibility, generous negative space, and PSD-friendly extraction. Habitat and biome outputs may use the canonical environment. No baked-in text, labels, watermark, logo, border, or UI.

Create four clearly different but canon-compliant versions. Preserve body plan or growth architecture, structural counts, environmental adaptations, materials, defining features, and locked coloration. Vary only permitted secondary proportions, markings, surface detail, minor ornamentation, natural wear, and pose or growth irregularity.

Recommended aspect ratio: 16:9.","text, labels, watermark, signature, logo, border, frame, UI, HUD, cropped subject, duplicate anatomy, contradictory anatomy, impossible balance, unsupported structures, random wings, random horns, humanoid default, fantasy armor, weapons, cartoon, anime, toy-like materials, excessive neon, excessive glow, oversaturated colors, busy background, motion blur, low resolution, compression artifacts, generic Earth copy, unsupported fantasy styling, traits conflicting with locked canon",1.0.0,canonical
NB2-PLT-PIII-001-CRYSTAL-FLORA-SEASONAL,PLT-PIII-001-CRYSTAL-FLORA,Crystal Flora,seasonal,Seasonal and Stress Variants,16:9,"Create a canonical NOVERIS Nano Banana 2 visual for Crystal Flora: Seasonal and Stress Variants.

Canonical archetype:
A canonical crystal flora designed as a scientifically plausible plant-like or fungal organism whose anchoring, support, transport, energy capture, growth, reproduction, ecology, and environmental adaptations are internally coherent.

Required visual and biological rules:
• credible anchoring
• coherent support and transport
• functional energy collectors
• reproductive logic
• environment-linked growth
• coherent lattice growth
• geochemical exchange

Production request:
Create growth, reproduction, dormancy, damage and recovery.

Studio-resolved canonical values:
{{canonicalId}}, {{displayName}}, {{scientificName}}, {{originPlanet}}, {{planetType}}, {{biome}}, {{gravity}}, {{atmosphere}}, {{climate}}, {{temperatureRange}}, {{sizeScale}}, {{coloration}}, {{materials}}, {{distinctiveFeatures}}, {{lockedTraits}}, {{rarity}}, {{artDirection}}.

Preserve every locked canonical field exactly. The result must use NOVERIS Scientific Realism: premium AAA science-fiction quality, museum-grade reference presentation, scientifically plausible structure, coherent materials, restrained coloration unless canon requires otherwise, readable silhouette, consistent scale and anatomy or growth across all views, soft neutral studio lighting, pure black background for isolated references, full requested subject visibility, generous negative space, and PSD-friendly extraction. Habitat and biome outputs may use the canonical environment. No baked-in text, labels, watermark, logo, border, or UI.

Create four clearly different but canon-compliant versions. Preserve body plan or growth architecture, structural counts, environmental adaptations, materials, defining features, and locked coloration. Vary only permitted secondary proportions, markings, surface detail, minor ornamentation, natural wear, and pose or growth irregularity.

Recommended aspect ratio: 16:9.","text, labels, watermark, signature, logo, border, frame, UI, HUD, cropped subject, duplicate anatomy, contradictory anatomy, impossible balance, unsupported structures, random wings, random horns, humanoid default, fantasy armor, weapons, cartoon, anime, toy-like materials, excessive neon, excessive glow, oversaturated colors, busy background, motion blur, low resolution, compression artifacts, generic Earth copy, unsupported fantasy styling, traits conflicting with locked canon",1.0.0,canonical
NB2-PLT-PIII-001-CRYSTAL-FLORA-HABITAT,PLT-PIII-001-CRYSTAL-FLORA,Crystal Flora,habitat,Native Habitat Composition,16:9,"Create a canonical NOVERIS Nano Banana 2 visual for Crystal Flora: Native Habitat Composition.

Canonical archetype:
A canonical crystal flora designed as a scientifically plausible plant-like or fungal organism whose anchoring, support, transport, energy capture, growth, reproduction, ecology, and environmental adaptations are internally coherent.

Required visual and biological rules:
• credible anchoring
• coherent support and transport
• functional energy collectors
• reproductive logic
• environment-linked growth
• coherent lattice growth
• geochemical exchange

Production request:
Create natural population with spacing and age diversity.

Studio-resolved canonical values:
{{canonicalId}}, {{displayName}}, {{scientificName}}, {{originPlanet}}, {{planetType}}, {{biome}}, {{gravity}}, {{atmosphere}}, {{climate}}, {{temperatureRange}}, {{sizeScale}}, {{coloration}}, {{materials}}, {{distinctiveFeatures}}, {{lockedTraits}}, {{rarity}}, {{artDirection}}.

Preserve every locked canonical field exactly. The result must use NOVERIS Scientific Realism: premium AAA science-fiction quality, museum-grade reference presentation, scientifically plausible structure, coherent materials, restrained coloration unless canon requires otherwise, readable silhouette, consistent scale and anatomy or growth across all views, soft neutral studio lighting, pure black background for isolated references, full requested subject visibility, generous negative space, and PSD-friendly extraction. Habitat and biome outputs may use the canonical environment. No baked-in text, labels, watermark, logo, border, or UI.

Create four clearly different but canon-compliant versions. Preserve body plan or growth architecture, structural counts, environmental adaptations, materials, defining features, and locked coloration. Vary only permitted secondary proportions, markings, surface detail, minor ornamentation, natural wear, and pose or growth irregularity.

Recommended aspect ratio: 16:9.","text, labels, watermark, signature, logo, border, frame, UI, HUD, cropped subject, duplicate anatomy, contradictory anatomy, impossible balance, unsupported structures, random wings, random horns, humanoid default, fantasy armor, weapons, cartoon, anime, toy-like materials, excessive neon, excessive glow, oversaturated colors, busy background, motion blur, low resolution, compression artifacts, generic Earth copy, unsupported fantasy styling, traits conflicting with locked canon",1.0.0,canonical
NB2-PLT-PIII-001-CRYSTAL-FLORA-BIOME,PLT-PIII-001-CRYSTAL-FLORA,Crystal Flora,biome,Biome Composition,16:9,"Create a canonical NOVERIS Nano Banana 2 visual for Crystal Flora: Biome Composition.

Canonical archetype:
A canonical crystal flora designed as a scientifically plausible plant-like or fungal organism whose anchoring, support, transport, energy capture, growth, reproduction, ecology, and environmental adaptations are internally coherent.

Required visual and biological rules:
• credible anchoring
• coherent support and transport
• functional energy collectors
• reproductive logic
• environment-linked growth
• coherent lattice growth
• geochemical exchange

Production request:
Create coordinated vegetation set at consistent scale.

Studio-resolved canonical values:
{{canonicalId}}, {{displayName}}, {{scientificName}}, {{originPlanet}}, {{planetType}}, {{biome}}, {{gravity}}, {{atmosphere}}, {{climate}}, {{temperatureRange}}, {{sizeScale}}, {{coloration}}, {{materials}}, {{distinctiveFeatures}}, {{lockedTraits}}, {{rarity}}, {{artDirection}}.

Preserve every locked canonical field exactly. The result must use NOVERIS Scientific Realism: premium AAA science-fiction quality, museum-grade reference presentation, scientifically plausible structure, coherent materials, restrained coloration unless canon requires otherwise, readable silhouette, consistent scale and anatomy or growth across all views, soft neutral studio lighting, pure black background for isolated references, full requested subject visibility, generous negative space, and PSD-friendly extraction. Habitat and biome outputs may use the canonical environment. No baked-in text, labels, watermark, logo, border, or UI.

Create four clearly different but canon-compliant versions. Preserve body plan or growth architecture, structural counts, environmental adaptations, materials, defining features, and locked coloration. Vary only permitted secondary proportions, markings, surface detail, minor ornamentation, natural wear, and pose or growth irregularity.

Recommended aspect ratio: 16:9.","text, labels, watermark, signature, logo, border, frame, UI, HUD, cropped subject, duplicate anatomy, contradictory anatomy, impossible balance, unsupported structures, random wings, random horns, humanoid default, fantasy armor, weapons, cartoon, anime, toy-like materials, excessive neon, excessive glow, oversaturated colors, busy background, motion blur, low resolution, compression artifacts, generic Earth copy, unsupported fantasy styling, traits conflicting with locked canon",1.0.0,canonical
NB2-PLT-PIII-001-CRYSTAL-FLORA-DISCOVERY,PLT-PIII-001-CRYSTAL-FLORA,Crystal Flora,discovery,Discovery Scan,16:9,"Create a canonical NOVERIS Nano Banana 2 visual for Crystal Flora: Discovery Scan.

Canonical archetype:
A canonical crystal flora designed as a scientifically plausible plant-like or fungal organism whose anchoring, support, transport, energy capture, growth, reproduction, ecology, and environmental adaptations are internally coherent.

Required visual and biological rules:
• credible anchoring
• coherent support and transport
• functional energy collectors
• reproductive logic
• environment-linked growth
• coherent lattice growth
• geochemical exchange

Production request:
Create centered scientific scan source without labels.

Studio-resolved canonical values:
{{canonicalId}}, {{displayName}}, {{scientificName}}, {{originPlanet}}, {{planetType}}, {{biome}}, {{gravity}}, {{atmosphere}}, {{climate}}, {{temperatureRange}}, {{sizeScale}}, {{coloration}}, {{materials}}, {{distinctiveFeatures}}, {{lockedTraits}}, {{rarity}}, {{artDirection}}.

Preserve every locked canonical field exactly. The result must use NOVERIS Scientific Realism: premium AAA science-fiction quality, museum-grade reference presentation, scientifically plausible structure, coherent materials, restrained coloration unless canon requires otherwise, readable silhouette, consistent scale and anatomy or growth across all views, soft neutral studio lighting, pure black background for isolated references, full requested subject visibility, generous negative space, and PSD-friendly extraction. Habitat and biome outputs may use the canonical environment. No baked-in text, labels, watermark, logo, border, or UI.

Create four clearly different but canon-compliant versions. Preserve body plan or growth architecture, structural counts, environmental adaptations, materials, defining features, and locked coloration. Vary only permitted secondary proportions, markings, surface detail, minor ornamentation, natural wear, and pose or growth irregularity.

Recommended aspect ratio: 16:9.","text, labels, watermark, signature, logo, border, frame, UI, HUD, cropped subject, duplicate anatomy, contradictory anatomy, impossible balance, unsupported structures, random wings, random horns, humanoid default, fantasy armor, weapons, cartoon, anime, toy-like materials, excessive neon, excessive glow, oversaturated colors, busy background, motion blur, low resolution, compression artifacts, generic Earth copy, unsupported fantasy styling, traits conflicting with locked canon",1.0.0,canonical
NB2-PLT-PIII-001-CRYSTAL-FLORA-ICON,PLT-PIII-001-CRYSTAL-FLORA,Crystal Flora,icon,UI Icon,1:1,"Create a canonical NOVERIS Nano Banana 2 visual for Crystal Flora: UI Icon.

Canonical archetype:
A canonical crystal flora designed as a scientifically plausible plant-like or fungal organism whose anchoring, support, transport, energy capture, growth, reproduction, ecology, and environmental adaptations are internally coherent.

Required visual and biological rules:
• credible anchoring
• coherent support and transport
• functional energy collectors
• reproductive logic
• environment-linked growth
• coherent lattice growth
• geochemical exchange

Production request:
Create isolated silhouette readable at 64 pixels.

Studio-resolved canonical values:
{{canonicalId}}, {{displayName}}, {{scientificName}}, {{originPlanet}}, {{planetType}}, {{biome}}, {{gravity}}, {{atmosphere}}, {{climate}}, {{temperatureRange}}, {{sizeScale}}, {{coloration}}, {{materials}}, {{distinctiveFeatures}}, {{lockedTraits}}, {{rarity}}, {{artDirection}}.

Preserve every locked canonical field exactly. The result must use NOVERIS Scientific Realism: premium AAA science-fiction quality, museum-grade reference presentation, scientifically plausible structure, coherent materials, restrained coloration unless canon requires otherwise, readable silhouette, consistent scale and anatomy or growth across all views, soft neutral studio lighting, pure black background for isolated references, full requested subject visibility, generous negative space, and PSD-friendly extraction. Habitat and biome outputs may use the canonical environment. No baked-in text, labels, watermark, logo, border, or UI.

Create four clearly different but canon-compliant versions. Preserve body plan or growth architecture, structural counts, environmental adaptations, materials, defining features, and locked coloration. Vary only permitted secondary proportions, markings, surface detail, minor ornamentation, natural wear, and pose or growth irregularity.

Recommended aspect ratio: 1:1.","text, labels, watermark, signature, logo, border, frame, UI, HUD, cropped subject, duplicate anatomy, contradictory anatomy, impossible balance, unsupported structures, random wings, random horns, humanoid default, fantasy armor, weapons, cartoon, anime, toy-like materials, excessive neon, excessive glow, oversaturated colors, busy background, motion blur, low resolution, compression artifacts, generic Earth copy, unsupported fantasy styling, traits conflicting with locked canon",1.0.0,canonical
NB2-PLT-PIII-001-CRYSTAL-FLORA-SCALE,PLT-PIII-001-CRYSTAL-FLORA,Crystal Flora,scale,Scale Comparison,16:9,"Create a canonical NOVERIS Nano Banana 2 visual for Crystal Flora: Scale Comparison.

Canonical archetype:
A canonical crystal flora designed as a scientifically plausible plant-like or fungal organism whose anchoring, support, transport, energy capture, growth, reproduction, ecology, and environmental adaptations are internally coherent.

Required visual and biological rules:
• credible anchoring
• coherent support and transport
• functional energy collectors
• reproductive logic
• environment-linked growth
• coherent lattice growth
• geochemical exchange

Production request:
Create side view with adult human silhouette and one-meter bar.

Studio-resolved canonical values:
{{canonicalId}}, {{displayName}}, {{scientificName}}, {{originPlanet}}, {{planetType}}, {{biome}}, {{gravity}}, {{atmosphere}}, {{climate}}, {{temperatureRange}}, {{sizeScale}}, {{coloration}}, {{materials}}, {{distinctiveFeatures}}, {{lockedTraits}}, {{rarity}}, {{artDirection}}.

Preserve every locked canonical field exactly. The result must use NOVERIS Scientific Realism: premium AAA science-fiction quality, museum-grade reference presentation, scientifically plausible structure, coherent materials, restrained coloration unless canon requires otherwise, readable silhouette, consistent scale and anatomy or growth across all views, soft neutral studio lighting, pure black background for isolated references, full requested subject visibility, generous negative space, and PSD-friendly extraction. Habitat and biome outputs may use the canonical environment. No baked-in text, labels, watermark, logo, border, or UI.

Create four clearly different but canon-compliant versions. Preserve body plan or growth architecture, structural counts, environmental adaptations, materials, defining features, and locked coloration. Vary only permitted secondary proportions, markings, surface detail, minor ornamentation, natural wear, and pose or growth irregularity.

Recommended aspect ratio: 16:9.","text, labels, watermark, signature, logo, border, frame, UI, HUD, cropped subject, duplicate anatomy, contradictory anatomy, impossible balance, unsupported structures, random wings, random horns, humanoid default, fantasy armor, weapons, cartoon, anime, toy-like materials, excessive neon, excessive glow, oversaturated colors, busy background, motion blur, low resolution, compression artifacts, generic Earth copy, unsupported fantasy styling, traits conflicting with locked canon",1.0.0,canonical
NB2-PLT-PIII-001-CRYSTAL-FLORA-PLATE,PLT-PIII-001-CRYSTAL-FLORA,Crystal Flora,plate,Master Botanical Plate,16:9,"Create a canonical NOVERIS Nano Banana 2 visual for Crystal Flora: Master Botanical Plate.

Canonical archetype:
A canonical crystal flora designed as a scientifically plausible plant-like or fungal organism whose anchoring, support, transport, energy capture, growth, reproduction, ecology, and environmental adaptations are internally coherent.

Required visual and biological rules:
• credible anchoring
• coherent support and transport
• functional energy collectors
• reproductive logic
• environment-linked growth
• coherent lattice growth
• geochemical exchange

Production request:
Create whole organism, views, roots, structure, collectors, reproduction, stages, materials and habitat vignette.

Studio-resolved canonical values:
{{canonicalId}}, {{displayName}}, {{scientificName}}, {{originPlanet}}, {{planetType}}, {{biome}}, {{gravity}}, {{atmosphere}}, {{climate}}, {{temperatureRange}}, {{sizeScale}}, {{coloration}}, {{materials}}, {{distinctiveFeatures}}, {{lockedTraits}}, {{rarity}}, {{artDirection}}.

Preserve every locked canonical field exactly. The result must use NOVERIS Scientific Realism: premium AAA science-fiction quality, museum-grade reference presentation, scientifically plausible structure, coherent materials, restrained coloration unless canon requires otherwise, readable silhouette, consistent scale and anatomy or growth across all views, soft neutral studio lighting, pure black background for isolated references, full requested subject visibility, generous negative space, and PSD-friendly extraction. Habitat and biome outputs may use the canonical environment. No baked-in text, labels, watermark, logo, border, or UI.

Create four clearly different but canon-compliant versions. Preserve body plan or growth architecture, structural counts, environmental adaptations, materials, defining features, and locked coloration. Vary only permitted secondary proportions, markings, surface detail, minor ornamentation, natural wear, and pose or growth irregularity.

Recommended aspect ratio: 16:9.","text, labels, watermark, signature, logo, border, frame, UI, HUD, cropped subject, duplicate anatomy, contradictory anatomy, impossible balance, unsupported structures, random wings, random horns, humanoid default, fantasy armor, weapons, cartoon, anime, toy-like materials, excessive neon, excessive glow, oversaturated colors, busy background, motion blur, low resolution, compression artifacts, generic Earth copy, unsupported fantasy styling, traits conflicting with locked canon",1.0.0,canonical
NB2-PLT-PIII-001-CRYSTAL-FLORA-PSD,PLT-PIII-001-CRYSTAL-FLORA,Crystal Flora,psd,PSD Extraction Board,16:9,"Create a canonical NOVERIS Nano Banana 2 visual for Crystal Flora: PSD Extraction Board.

Canonical archetype:
A canonical crystal flora designed as a scientifically plausible plant-like or fungal organism whose anchoring, support, transport, energy capture, growth, reproduction, ecology, and environmental adaptations are internally coherent.

Required visual and biological rules:
• credible anchoring
• coherent support and transport
• functional energy collectors
• reproductive logic
• environment-linked growth
• coherent lattice growth
• geochemical exchange

Production request:
Create isolated whole organism, parts, silhouette and material references.

Studio-resolved canonical values:
{{canonicalId}}, {{displayName}}, {{scientificName}}, {{originPlanet}}, {{planetType}}, {{biome}}, {{gravity}}, {{atmosphere}}, {{climate}}, {{temperatureRange}}, {{sizeScale}}, {{coloration}}, {{materials}}, {{distinctiveFeatures}}, {{lockedTraits}}, {{rarity}}, {{artDirection}}.

Preserve every locked canonical field exactly. The result must use NOVERIS Scientific Realism: premium AAA science-fiction quality, museum-grade reference presentation, scientifically plausible structure, coherent materials, restrained coloration unless canon requires otherwise, readable silhouette, consistent scale and anatomy or growth across all views, soft neutral studio lighting, pure black background for isolated references, full requested subject visibility, generous negative space, and PSD-friendly extraction. Habitat and biome outputs may use the canonical environment. No baked-in text, labels, watermark, logo, border, or UI.

Create four clearly different but canon-compliant versions. Preserve body plan or growth architecture, structural counts, environmental adaptations, materials, defining features, and locked coloration. Vary only permitted secondary proportions, markings, surface detail, minor ornamentation, natural wear, and pose or growth irregularity.

Recommended aspect ratio: 16:9.","text, labels, watermark, signature, logo, border, frame, UI, HUD, cropped subject, duplicate anatomy, contradictory anatomy, impossible balance, unsupported structures, random wings, random horns, humanoid default, fantasy armor, weapons, cartoon, anime, toy-like materials, excessive neon, excessive glow, oversaturated colors, busy background, motion blur, low resolution, compression artifacts, generic Earth copy, unsupported fantasy styling, traits conflicting with locked canon",1.0.0,canonical
NB2-PLT-PIII-002-SILICON-FLORA-WHOLE-PLANT,PLT-PIII-002-SILICON-FLORA,Silicon Flora,whole-plant,Whole Plant Production Render,3:4,"Create a canonical NOVERIS Nano Banana 2 visual for Silicon Flora: Whole Plant Production Render.

Canonical archetype:
A canonical silicon flora designed as a scientifically plausible plant-like or fungal organism whose anchoring, support, transport, energy capture, growth, reproduction, ecology, and environmental adaptations are internally coherent.

Required visual and biological rules:
• credible anchoring
• coherent support and transport
• functional energy collectors
• reproductive logic
• environment-linked growth
• coherent lattice growth
• geochemical exchange

Production request:
Create complete mature organism including roots or anchor system.

Studio-resolved canonical values:
{{canonicalId}}, {{displayName}}, {{scientificName}}, {{originPlanet}}, {{planetType}}, {{biome}}, {{gravity}}, {{atmosphere}}, {{climate}}, {{temperatureRange}}, {{sizeScale}}, {{coloration}}, {{materials}}, {{distinctiveFeatures}}, {{lockedTraits}}, {{rarity}}, {{artDirection}}.

Preserve every locked canonical field exactly. The result must use NOVERIS Scientific Realism: premium AAA science-fiction quality, museum-grade reference presentation, scientifically plausible structure, coherent materials, restrained coloration unless canon requires otherwise, readable silhouette, consistent scale and anatomy or growth across all views, soft neutral studio lighting, pure black background for isolated references, full requested subject visibility, generous negative space, and PSD-friendly extraction. Habitat and biome outputs may use the canonical environment. No baked-in text, labels, watermark, logo, border, or UI.

Create four clearly different but canon-compliant versions. Preserve body plan or growth architecture, structural counts, environmental adaptations, materials, defining features, and locked coloration. Vary only permitted secondary proportions, markings, surface detail, minor ornamentation, natural wear, and pose or growth irregularity.

Recommended aspect ratio: 3:4.","text, labels, watermark, signature, logo, border, frame, UI, HUD, cropped subject, duplicate anatomy, contradictory anatomy, impossible balance, unsupported structures, random wings, random horns, humanoid default, fantasy armor, weapons, cartoon, anime, toy-like materials, excessive neon, excessive glow, oversaturated colors, busy background, motion blur, low resolution, compression artifacts, generic Earth copy, unsupported fantasy styling, traits conflicting with locked canon",1.0.0,canonical
NB2-PLT-PIII-002-SILICON-FLORA-PORTRAIT,PLT-PIII-002-SILICON-FLORA,Silicon Flora,portrait,Botanical Portrait,1:1,"Create a canonical NOVERIS Nano Banana 2 visual for Silicon Flora: Botanical Portrait.

Canonical archetype:
A canonical silicon flora designed as a scientifically plausible plant-like or fungal organism whose anchoring, support, transport, energy capture, growth, reproduction, ecology, and environmental adaptations are internally coherent.

Required visual and biological rules:
• credible anchoring
• coherent support and transport
• functional energy collectors
• reproductive logic
• environment-linked growth
• coherent lattice growth
• geochemical exchange

Production request:
Create defining growth form, foliage, collectors and reproduction.

Studio-resolved canonical values:
{{canonicalId}}, {{displayName}}, {{scientificName}}, {{originPlanet}}, {{planetType}}, {{biome}}, {{gravity}}, {{atmosphere}}, {{climate}}, {{temperatureRange}}, {{sizeScale}}, {{coloration}}, {{materials}}, {{distinctiveFeatures}}, {{lockedTraits}}, {{rarity}}, {{artDirection}}.

Preserve every locked canonical field exactly. The result must use NOVERIS Scientific Realism: premium AAA science-fiction quality, museum-grade reference presentation, scientifically plausible structure, coherent materials, restrained coloration unless canon requires otherwise, readable silhouette, consistent scale and anatomy or growth across all views, soft neutral studio lighting, pure black background for isolated references, full requested subject visibility, generous negative space, and PSD-friendly extraction. Habitat and biome outputs may use the canonical environment. No baked-in text, labels, watermark, logo, border, or UI.

Create four clearly different but canon-compliant versions. Preserve body plan or growth architecture, structural counts, environmental adaptations, materials, defining features, and locked coloration. Vary only permitted secondary proportions, markings, surface detail, minor ornamentation, natural wear, and pose or growth irregularity.

Recommended aspect ratio: 1:1.","text, labels, watermark, signature, logo, border, frame, UI, HUD, cropped subject, duplicate anatomy, contradictory anatomy, impossible balance, unsupported structures, random wings, random horns, humanoid default, fantasy armor, weapons, cartoon, anime, toy-like materials, excessive neon, excessive glow, oversaturated colors, busy background, motion blur, low resolution, compression artifacts, generic Earth copy, unsupported fantasy styling, traits conflicting with locked canon",1.0.0,canonical
NB2-PLT-PIII-002-SILICON-FLORA-ORTHO-FRONT,PLT-PIII-002-SILICON-FLORA,Silicon Flora,ortho-front,Orthographic Front,3:4,"Create a canonical NOVERIS Nano Banana 2 visual for Silicon Flora: Orthographic Front.

Canonical archetype:
A canonical silicon flora designed as a scientifically plausible plant-like or fungal organism whose anchoring, support, transport, energy capture, growth, reproduction, ecology, and environmental adaptations are internally coherent.

Required visual and biological rules:
• credible anchoring
• coherent support and transport
• functional energy collectors
• reproductive logic
• environment-linked growth
• coherent lattice growth
• geochemical exchange

Production request:
Create exact front orthographic view.

Studio-resolved canonical values:
{{canonicalId}}, {{displayName}}, {{scientificName}}, {{originPlanet}}, {{planetType}}, {{biome}}, {{gravity}}, {{atmosphere}}, {{climate}}, {{temperatureRange}}, {{sizeScale}}, {{coloration}}, {{materials}}, {{distinctiveFeatures}}, {{lockedTraits}}, {{rarity}}, {{artDirection}}.

Preserve every locked canonical field exactly. The result must use NOVERIS Scientific Realism: premium AAA science-fiction quality, museum-grade reference presentation, scientifically plausible structure, coherent materials, restrained coloration unless canon requires otherwise, readable silhouette, consistent scale and anatomy or growth across all views, soft neutral studio lighting, pure black background for isolated references, full requested subject visibility, generous negative space, and PSD-friendly extraction. Habitat and biome outputs may use the canonical environment. No baked-in text, labels, watermark, logo, border, or UI.

Create four clearly different but canon-compliant versions. Preserve body plan or growth architecture, structural counts, environmental adaptations, materials, defining features, and locked coloration. Vary only permitted secondary proportions, markings, surface detail, minor ornamentation, natural wear, and pose or growth irregularity.

Recommended aspect ratio: 3:4.","text, labels, watermark, signature, logo, border, frame, UI, HUD, cropped subject, duplicate anatomy, contradictory anatomy, impossible balance, unsupported structures, random wings, random horns, humanoid default, fantasy armor, weapons, cartoon, anime, toy-like materials, excessive neon, excessive glow, oversaturated colors, busy background, motion blur, low resolution, compression artifacts, generic Earth copy, unsupported fantasy styling, traits conflicting with locked canon",1.0.0,canonical
NB2-PLT-PIII-002-SILICON-FLORA-ORTHO-SIDE,PLT-PIII-002-SILICON-FLORA,Silicon Flora,ortho-side,Orthographic Side,3:4,"Create a canonical NOVERIS Nano Banana 2 visual for Silicon Flora: Orthographic Side.

Canonical archetype:
A canonical silicon flora designed as a scientifically plausible plant-like or fungal organism whose anchoring, support, transport, energy capture, growth, reproduction, ecology, and environmental adaptations are internally coherent.

Required visual and biological rules:
• credible anchoring
• coherent support and transport
• functional energy collectors
• reproductive logic
• environment-linked growth
• coherent lattice growth
• geochemical exchange

Production request:
Create exact side orthographic view.

Studio-resolved canonical values:
{{canonicalId}}, {{displayName}}, {{scientificName}}, {{originPlanet}}, {{planetType}}, {{biome}}, {{gravity}}, {{atmosphere}}, {{climate}}, {{temperatureRange}}, {{sizeScale}}, {{coloration}}, {{materials}}, {{distinctiveFeatures}}, {{lockedTraits}}, {{rarity}}, {{artDirection}}.

Preserve every locked canonical field exactly. The result must use NOVERIS Scientific Realism: premium AAA science-fiction quality, museum-grade reference presentation, scientifically plausible structure, coherent materials, restrained coloration unless canon requires otherwise, readable silhouette, consistent scale and anatomy or growth across all views, soft neutral studio lighting, pure black background for isolated references, full requested subject visibility, generous negative space, and PSD-friendly extraction. Habitat and biome outputs may use the canonical environment. No baked-in text, labels, watermark, logo, border, or UI.

Create four clearly different but canon-compliant versions. Preserve body plan or growth architecture, structural counts, environmental adaptations, materials, defining features, and locked coloration. Vary only permitted secondary proportions, markings, surface detail, minor ornamentation, natural wear, and pose or growth irregularity.

Recommended aspect ratio: 3:4.","text, labels, watermark, signature, logo, border, frame, UI, HUD, cropped subject, duplicate anatomy, contradictory anatomy, impossible balance, unsupported structures, random wings, random horns, humanoid default, fantasy armor, weapons, cartoon, anime, toy-like materials, excessive neon, excessive glow, oversaturated colors, busy background, motion blur, low resolution, compression artifacts, generic Earth copy, unsupported fantasy styling, traits conflicting with locked canon",1.0.0,canonical
NB2-PLT-PIII-002-SILICON-FLORA-ORTHO-TOP,PLT-PIII-002-SILICON-FLORA,Silicon Flora,ortho-top,Orthographic Top,1:1,"Create a canonical NOVERIS Nano Banana 2 visual for Silicon Flora: Orthographic Top.

Canonical archetype:
A canonical silicon flora designed as a scientifically plausible plant-like or fungal organism whose anchoring, support, transport, energy capture, growth, reproduction, ecology, and environmental adaptations are internally coherent.

Required visual and biological rules:
• credible anchoring
• coherent support and transport
• functional energy collectors
• reproductive logic
• environment-linked growth
• coherent lattice growth
• geochemical exchange

Production request:
Create exact top view showing spread and growth geometry.

Studio-resolved canonical values:
{{canonicalId}}, {{displayName}}, {{scientificName}}, {{originPlanet}}, {{planetType}}, {{biome}}, {{gravity}}, {{atmosphere}}, {{climate}}, {{temperatureRange}}, {{sizeScale}}, {{coloration}}, {{materials}}, {{distinctiveFeatures}}, {{lockedTraits}}, {{rarity}}, {{artDirection}}.

Preserve every locked canonical field exactly. The result must use NOVERIS Scientific Realism: premium AAA science-fiction quality, museum-grade reference presentation, scientifically plausible structure, coherent materials, restrained coloration unless canon requires otherwise, readable silhouette, consistent scale and anatomy or growth across all views, soft neutral studio lighting, pure black background for isolated references, full requested subject visibility, generous negative space, and PSD-friendly extraction. Habitat and biome outputs may use the canonical environment. No baked-in text, labels, watermark, logo, border, or UI.

Create four clearly different but canon-compliant versions. Preserve body plan or growth architecture, structural counts, environmental adaptations, materials, defining features, and locked coloration. Vary only permitted secondary proportions, markings, surface detail, minor ornamentation, natural wear, and pose or growth irregularity.

Recommended aspect ratio: 1:1.","text, labels, watermark, signature, logo, border, frame, UI, HUD, cropped subject, duplicate anatomy, contradictory anatomy, impossible balance, unsupported structures, random wings, random horns, humanoid default, fantasy armor, weapons, cartoon, anime, toy-like materials, excessive neon, excessive glow, oversaturated colors, busy background, motion blur, low resolution, compression artifacts, generic Earth copy, unsupported fantasy styling, traits conflicting with locked canon",1.0.0,canonical
NB2-PLT-PIII-002-SILICON-FLORA-ROOTS,PLT-PIII-002-SILICON-FLORA,Silicon Flora,roots,Root or Anchor System,16:9,"Create a canonical NOVERIS Nano Banana 2 visual for Silicon Flora: Root or Anchor System.

Canonical archetype:
A canonical silicon flora designed as a scientifically plausible plant-like or fungal organism whose anchoring, support, transport, energy capture, growth, reproduction, ecology, and environmental adaptations are internally coherent.

Required visual and biological rules:
• credible anchoring
• coherent support and transport
• functional energy collectors
• reproductive logic
• environment-linked growth
• coherent lattice growth
• geochemical exchange

Production request:
Create complete substrate interface and nutrient exchange structures.

Studio-resolved canonical values:
{{canonicalId}}, {{displayName}}, {{scientificName}}, {{originPlanet}}, {{planetType}}, {{biome}}, {{gravity}}, {{atmosphere}}, {{climate}}, {{temperatureRange}}, {{sizeScale}}, {{coloration}}, {{materials}}, {{distinctiveFeatures}}, {{lockedTraits}}, {{rarity}}, {{artDirection}}.

Preserve every locked canonical field exactly. The result must use NOVERIS Scientific Realism: premium AAA science-fiction quality, museum-grade reference presentation, scientifically plausible structure, coherent materials, restrained coloration unless canon requires otherwise, readable silhouette, consistent scale and anatomy or growth across all views, soft neutral studio lighting, pure black background for isolated references, full requested subject visibility, generous negative space, and PSD-friendly extraction. Habitat and biome outputs may use the canonical environment. No baked-in text, labels, watermark, logo, border, or UI.

Create four clearly different but canon-compliant versions. Preserve body plan or growth architecture, structural counts, environmental adaptations, materials, defining features, and locked coloration. Vary only permitted secondary proportions, markings, surface detail, minor ornamentation, natural wear, and pose or growth irregularity.

Recommended aspect ratio: 16:9.","text, labels, watermark, signature, logo, border, frame, UI, HUD, cropped subject, duplicate anatomy, contradictory anatomy, impossible balance, unsupported structures, random wings, random horns, humanoid default, fantasy armor, weapons, cartoon, anime, toy-like materials, excessive neon, excessive glow, oversaturated colors, busy background, motion blur, low resolution, compression artifacts, generic Earth copy, unsupported fantasy styling, traits conflicting with locked canon",1.0.0,canonical
NB2-PLT-PIII-002-SILICON-FLORA-STEMS,PLT-PIII-002-SILICON-FLORA,Silicon Flora,stems,"Stem, Trunk or Structural Study",16:9,"Create a canonical NOVERIS Nano Banana 2 visual for Silicon Flora: Stem, Trunk or Structural Study.

Canonical archetype:
A canonical silicon flora designed as a scientifically plausible plant-like or fungal organism whose anchoring, support, transport, energy capture, growth, reproduction, ecology, and environmental adaptations are internally coherent.

Required visual and biological rules:
• credible anchoring
• coherent support and transport
• functional energy collectors
• reproductive logic
• environment-linked growth
• coherent lattice growth
• geochemical exchange

Production request:
Create support and transport architecture.

Studio-resolved canonical values:
{{canonicalId}}, {{displayName}}, {{scientificName}}, {{originPlanet}}, {{planetType}}, {{biome}}, {{gravity}}, {{atmosphere}}, {{climate}}, {{temperatureRange}}, {{sizeScale}}, {{coloration}}, {{materials}}, {{distinctiveFeatures}}, {{lockedTraits}}, {{rarity}}, {{artDirection}}.

Preserve every locked canonical field exactly. The result must use NOVERIS Scientific Realism: premium AAA science-fiction quality, museum-grade reference presentation, scientifically plausible structure, coherent materials, restrained coloration unless canon requires otherwise, readable silhouette, consistent scale and anatomy or growth across all views, soft neutral studio lighting, pure black background for isolated references, full requested subject visibility, generous negative space, and PSD-friendly extraction. Habitat and biome outputs may use the canonical environment. No baked-in text, labels, watermark, logo, border, or UI.

Create four clearly different but canon-compliant versions. Preserve body plan or growth architecture, structural counts, environmental adaptations, materials, defining features, and locked coloration. Vary only permitted secondary proportions, markings, surface detail, minor ornamentation, natural wear, and pose or growth irregularity.

Recommended aspect ratio: 16:9.","text, labels, watermark, signature, logo, border, frame, UI, HUD, cropped subject, duplicate anatomy, contradictory anatomy, impossible balance, unsupported structures, random wings, random horns, humanoid default, fantasy armor, weapons, cartoon, anime, toy-like materials, excessive neon, excessive glow, oversaturated colors, busy background, motion blur, low resolution, compression artifacts, generic Earth copy, unsupported fantasy styling, traits conflicting with locked canon",1.0.0,canonical
NB2-PLT-PIII-002-SILICON-FLORA-COLLECTORS,PLT-PIII-002-SILICON-FLORA,Silicon Flora,collectors,Leaves or Collector Study,16:9,"Create a canonical NOVERIS Nano Banana 2 visual for Silicon Flora: Leaves or Collector Study.

Canonical archetype:
A canonical silicon flora designed as a scientifically plausible plant-like or fungal organism whose anchoring, support, transport, energy capture, growth, reproduction, ecology, and environmental adaptations are internally coherent.

Required visual and biological rules:
• credible anchoring
• coherent support and transport
• functional energy collectors
• reproductive logic
• environment-linked growth
• coherent lattice growth
• geochemical exchange

Production request:
Create front, back, edge, juvenile, mature and stressed states.

Studio-resolved canonical values:
{{canonicalId}}, {{displayName}}, {{scientificName}}, {{originPlanet}}, {{planetType}}, {{biome}}, {{gravity}}, {{atmosphere}}, {{climate}}, {{temperatureRange}}, {{sizeScale}}, {{coloration}}, {{materials}}, {{distinctiveFeatures}}, {{lockedTraits}}, {{rarity}}, {{artDirection}}.

Preserve every locked canonical field exactly. The result must use NOVERIS Scientific Realism: premium AAA science-fiction quality, museum-grade reference presentation, scientifically plausible structure, coherent materials, restrained coloration unless canon requires otherwise, readable silhouette, consistent scale and anatomy or growth across all views, soft neutral studio lighting, pure black background for isolated references, full requested subject visibility, generous negative space, and PSD-friendly extraction. Habitat and biome outputs may use the canonical environment. No baked-in text, labels, watermark, logo, border, or UI.

Create four clearly different but canon-compliant versions. Preserve body plan or growth architecture, structural counts, environmental adaptations, materials, defining features, and locked coloration. Vary only permitted secondary proportions, markings, surface detail, minor ornamentation, natural wear, and pose or growth irregularity.

Recommended aspect ratio: 16:9.","text, labels, watermark, signature, logo, border, frame, UI, HUD, cropped subject, duplicate anatomy, contradictory anatomy, impossible balance, unsupported structures, random wings, random horns, humanoid default, fantasy armor, weapons, cartoon, anime, toy-like materials, excessive neon, excessive glow, oversaturated colors, busy background, motion blur, low resolution, compression artifacts, generic Earth copy, unsupported fantasy styling, traits conflicting with locked canon",1.0.0,canonical
NB2-PLT-PIII-002-SILICON-FLORA-REPRODUCTION,PLT-PIII-002-SILICON-FLORA,Silicon Flora,reproduction,Reproductive Structure,16:9,"Create a canonical NOVERIS Nano Banana 2 visual for Silicon Flora: Reproductive Structure.

Canonical archetype:
A canonical silicon flora designed as a scientifically plausible plant-like or fungal organism whose anchoring, support, transport, energy capture, growth, reproduction, ecology, and environmental adaptations are internally coherent.

Required visual and biological rules:
• credible anchoring
• coherent support and transport
• functional energy collectors
• reproductive logic
• environment-linked growth
• coherent lattice growth
• geochemical exchange

Production request:
Create flowers, cones, spores, fields or equivalent stages.

Studio-resolved canonical values:
{{canonicalId}}, {{displayName}}, {{scientificName}}, {{originPlanet}}, {{planetType}}, {{biome}}, {{gravity}}, {{atmosphere}}, {{climate}}, {{temperatureRange}}, {{sizeScale}}, {{coloration}}, {{materials}}, {{distinctiveFeatures}}, {{lockedTraits}}, {{rarity}}, {{artDirection}}.

Preserve every locked canonical field exactly. The result must use NOVERIS Scientific Realism: premium AAA science-fiction quality, museum-grade reference presentation, scientifically plausible structure, coherent materials, restrained coloration unless canon requires otherwise, readable silhouette, consistent scale and anatomy or growth across all views, soft neutral studio lighting, pure black background for isolated references, full requested subject visibility, generous negative space, and PSD-friendly extraction. Habitat and biome outputs may use the canonical environment. No baked-in text, labels, watermark, logo, border, or UI.

Create four clearly different but canon-compliant versions. Preserve body plan or growth architecture, structural counts, environmental adaptations, materials, defining features, and locked coloration. Vary only permitted secondary proportions, markings, surface detail, minor ornamentation, natural wear, and pose or growth irregularity.

Recommended aspect ratio: 16:9.","text, labels, watermark, signature, logo, border, frame, UI, HUD, cropped subject, duplicate anatomy, contradictory anatomy, impossible balance, unsupported structures, random wings, random horns, humanoid default, fantasy armor, weapons, cartoon, anime, toy-like materials, excessive neon, excessive glow, oversaturated colors, busy background, motion blur, low resolution, compression artifacts, generic Earth copy, unsupported fantasy styling, traits conflicting with locked canon",1.0.0,canonical
NB2-PLT-PIII-002-SILICON-FLORA-PROPAGULES,PLT-PIII-002-SILICON-FLORA,Silicon Flora,propagules,"Seed, Spore or Propagule Study",16:9,"Create a canonical NOVERIS Nano Banana 2 visual for Silicon Flora: Seed, Spore or Propagule Study.

Canonical archetype:
A canonical silicon flora designed as a scientifically plausible plant-like or fungal organism whose anchoring, support, transport, energy capture, growth, reproduction, ecology, and environmental adaptations are internally coherent.

Required visual and biological rules:
• credible anchoring
• coherent support and transport
• functional energy collectors
• reproductive logic
• environment-linked growth
• coherent lattice growth
• geochemical exchange

Production request:
Create dispersal, germination and early establishment.

Studio-resolved canonical values:
{{canonicalId}}, {{displayName}}, {{scientificName}}, {{originPlanet}}, {{planetType}}, {{biome}}, {{gravity}}, {{atmosphere}}, {{climate}}, {{temperatureRange}}, {{sizeScale}}, {{coloration}}, {{materials}}, {{distinctiveFeatures}}, {{lockedTraits}}, {{rarity}}, {{artDirection}}.

Preserve every locked canonical field exactly. The result must use NOVERIS Scientific Realism: premium AAA science-fiction quality, museum-grade reference presentation, scientifically plausible structure, coherent materials, restrained coloration unless canon requires otherwise, readable silhouette, consistent scale and anatomy or growth across all views, soft neutral studio lighting, pure black background for isolated references, full requested subject visibility, generous negative space, and PSD-friendly extraction. Habitat and biome outputs may use the canonical environment. No baked-in text, labels, watermark, logo, border, or UI.

Create four clearly different but canon-compliant versions. Preserve body plan or growth architecture, structural counts, environmental adaptations, materials, defining features, and locked coloration. Vary only permitted secondary proportions, markings, surface detail, minor ornamentation, natural wear, and pose or growth irregularity.

Recommended aspect ratio: 16:9.","text, labels, watermark, signature, logo, border, frame, UI, HUD, cropped subject, duplicate anatomy, contradictory anatomy, impossible balance, unsupported structures, random wings, random horns, humanoid default, fantasy armor, weapons, cartoon, anime, toy-like materials, excessive neon, excessive glow, oversaturated colors, busy background, motion blur, low resolution, compression artifacts, generic Earth copy, unsupported fantasy styling, traits conflicting with locked canon",1.0.0,canonical
NB2-PLT-PIII-002-SILICON-FLORA-CROSS-SECTION,PLT-PIII-002-SILICON-FLORA,Silicon Flora,cross-section,Internal Cross Section,16:9,"Create a canonical NOVERIS Nano Banana 2 visual for Silicon Flora: Internal Cross Section.

Canonical archetype:
A canonical silicon flora designed as a scientifically plausible plant-like or fungal organism whose anchoring, support, transport, energy capture, growth, reproduction, ecology, and environmental adaptations are internally coherent.

Required visual and biological rules:
• credible anchoring
• coherent support and transport
• functional energy collectors
• reproductive logic
• environment-linked growth
• coherent lattice growth
• geochemical exchange

Production request:
Create protection, transport, support, storage and reproduction.

Studio-resolved canonical values:
{{canonicalId}}, {{displayName}}, {{scientificName}}, {{originPlanet}}, {{planetType}}, {{biome}}, {{gravity}}, {{atmosphere}}, {{climate}}, {{temperatureRange}}, {{sizeScale}}, {{coloration}}, {{materials}}, {{distinctiveFeatures}}, {{lockedTraits}}, {{rarity}}, {{artDirection}}.

Preserve every locked canonical field exactly. The result must use NOVERIS Scientific Realism: premium AAA science-fiction quality, museum-grade reference presentation, scientifically plausible structure, coherent materials, restrained coloration unless canon requires otherwise, readable silhouette, consistent scale and anatomy or growth across all views, soft neutral studio lighting, pure black background for isolated references, full requested subject visibility, generous negative space, and PSD-friendly extraction. Habitat and biome outputs may use the canonical environment. No baked-in text, labels, watermark, logo, border, or UI.

Create four clearly different but canon-compliant versions. Preserve body plan or growth architecture, structural counts, environmental adaptations, materials, defining features, and locked coloration. Vary only permitted secondary proportions, markings, surface detail, minor ornamentation, natural wear, and pose or growth irregularity.

Recommended aspect ratio: 16:9.","text, labels, watermark, signature, logo, border, frame, UI, HUD, cropped subject, duplicate anatomy, contradictory anatomy, impossible balance, unsupported structures, random wings, random horns, humanoid default, fantasy armor, weapons, cartoon, anime, toy-like materials, excessive neon, excessive glow, oversaturated colors, busy background, motion blur, low resolution, compression artifacts, generic Earth copy, unsupported fantasy styling, traits conflicting with locked canon",1.0.0,canonical
NB2-PLT-PIII-002-SILICON-FLORA-GROWTH,PLT-PIII-002-SILICON-FLORA,Silicon Flora,growth,Growth Stages,16:9,"Create a canonical NOVERIS Nano Banana 2 visual for Silicon Flora: Growth Stages.

Canonical archetype:
A canonical silicon flora designed as a scientifically plausible plant-like or fungal organism whose anchoring, support, transport, energy capture, growth, reproduction, ecology, and environmental adaptations are internally coherent.

Required visual and biological rules:
• credible anchoring
• coherent support and transport
• functional energy collectors
• reproductive logic
• environment-linked growth
• coherent lattice growth
• geochemical exchange

Production request:
Create propagule, juvenile, mature, reproductive and senescent stages.

Studio-resolved canonical values:
{{canonicalId}}, {{displayName}}, {{scientificName}}, {{originPlanet}}, {{planetType}}, {{biome}}, {{gravity}}, {{atmosphere}}, {{climate}}, {{temperatureRange}}, {{sizeScale}}, {{coloration}}, {{materials}}, {{distinctiveFeatures}}, {{lockedTraits}}, {{rarity}}, {{artDirection}}.

Preserve every locked canonical field exactly. The result must use NOVERIS Scientific Realism: premium AAA science-fiction quality, museum-grade reference presentation, scientifically plausible structure, coherent materials, restrained coloration unless canon requires otherwise, readable silhouette, consistent scale and anatomy or growth across all views, soft neutral studio lighting, pure black background for isolated references, full requested subject visibility, generous negative space, and PSD-friendly extraction. Habitat and biome outputs may use the canonical environment. No baked-in text, labels, watermark, logo, border, or UI.

Create four clearly different but canon-compliant versions. Preserve body plan or growth architecture, structural counts, environmental adaptations, materials, defining features, and locked coloration. Vary only permitted secondary proportions, markings, surface detail, minor ornamentation, natural wear, and pose or growth irregularity.

Recommended aspect ratio: 16:9.","text, labels, watermark, signature, logo, border, frame, UI, HUD, cropped subject, duplicate anatomy, contradictory anatomy, impossible balance, unsupported structures, random wings, random horns, humanoid default, fantasy armor, weapons, cartoon, anime, toy-like materials, excessive neon, excessive glow, oversaturated colors, busy background, motion blur, low resolution, compression artifacts, generic Earth copy, unsupported fantasy styling, traits conflicting with locked canon",1.0.0,canonical
NB2-PLT-PIII-002-SILICON-FLORA-SEASONAL,PLT-PIII-002-SILICON-FLORA,Silicon Flora,seasonal,Seasonal and Stress Variants,16:9,"Create a canonical NOVERIS Nano Banana 2 visual for Silicon Flora: Seasonal and Stress Variants.

Canonical archetype:
A canonical silicon flora designed as a scientifically plausible plant-like or fungal organism whose anchoring, support, transport, energy capture, growth, reproduction, ecology, and environmental adaptations are internally coherent.

Required visual and biological rules:
• credible anchoring
• coherent support and transport
• functional energy collectors
• reproductive logic
• environment-linked growth
• coherent lattice growth
• geochemical exchange

Production request:
Create growth, reproduction, dormancy, damage and recovery.

Studio-resolved canonical values:
{{canonicalId}}, {{displayName}}, {{scientificName}}, {{originPlanet}}, {{planetType}}, {{biome}}, {{gravity}}, {{atmosphere}}, {{climate}}, {{temperatureRange}}, {{sizeScale}}, {{coloration}}, {{materials}}, {{distinctiveFeatures}}, {{lockedTraits}}, {{rarity}}, {{artDirection}}.

Preserve every locked canonical field exactly. The result must use NOVERIS Scientific Realism: premium AAA science-fiction quality, museum-grade reference presentation, scientifically plausible structure, coherent materials, restrained coloration unless canon requires otherwise, readable silhouette, consistent scale and anatomy or growth across all views, soft neutral studio lighting, pure black background for isolated references, full requested subject visibility, generous negative space, and PSD-friendly extraction. Habitat and biome outputs may use the canonical environment. No baked-in text, labels, watermark, logo, border, or UI.

Create four clearly different but canon-compliant versions. Preserve body plan or growth architecture, structural counts, environmental adaptations, materials, defining features, and locked coloration. Vary only permitted secondary proportions, markings, surface detail, minor ornamentation, natural wear, and pose or growth irregularity.

Recommended aspect ratio: 16:9.","text, labels, watermark, signature, logo, border, frame, UI, HUD, cropped subject, duplicate anatomy, contradictory anatomy, impossible balance, unsupported structures, random wings, random horns, humanoid default, fantasy armor, weapons, cartoon, anime, toy-like materials, excessive neon, excessive glow, oversaturated colors, busy background, motion blur, low resolution, compression artifacts, generic Earth copy, unsupported fantasy styling, traits conflicting with locked canon",1.0.0,canonical
NB2-PLT-PIII-002-SILICON-FLORA-HABITAT,PLT-PIII-002-SILICON-FLORA,Silicon Flora,habitat,Native Habitat Composition,16:9,"Create a canonical NOVERIS Nano Banana 2 visual for Silicon Flora: Native Habitat Composition.

Canonical archetype:
A canonical silicon flora designed as a scientifically plausible plant-like or fungal organism whose anchoring, support, transport, energy capture, growth, reproduction, ecology, and environmental adaptations are internally coherent.

Required visual and biological rules:
• credible anchoring
• coherent support and transport
• functional energy collectors
• reproductive logic
• environment-linked growth
• coherent lattice growth
• geochemical exchange

Production request:
Create natural population with spacing and age diversity.

Studio-resolved canonical values:
{{canonicalId}}, {{displayName}}, {{scientificName}}, {{originPlanet}}, {{planetType}}, {{biome}}, {{gravity}}, {{atmosphere}}, {{climate}}, {{temperatureRange}}, {{sizeScale}}, {{coloration}}, {{materials}}, {{distinctiveFeatures}}, {{lockedTraits}}, {{rarity}}, {{artDirection}}.

Preserve every locked canonical field exactly. The result must use NOVERIS Scientific Realism: premium AAA science-fiction quality, museum-grade reference presentation, scientifically plausible structure, coherent materials, restrained coloration unless canon requires otherwise, readable silhouette, consistent scale and anatomy or growth across all views, soft neutral studio lighting, pure black background for isolated references, full requested subject visibility, generous negative space, and PSD-friendly extraction. Habitat and biome outputs may use the canonical environment. No baked-in text, labels, watermark, logo, border, or UI.

Create four clearly different but canon-compliant versions. Preserve body plan or growth architecture, structural counts, environmental adaptations, materials, defining features, and locked coloration. Vary only permitted secondary proportions, markings, surface detail, minor ornamentation, natural wear, and pose or growth irregularity.

Recommended aspect ratio: 16:9.","text, labels, watermark, signature, logo, border, frame, UI, HUD, cropped subject, duplicate anatomy, contradictory anatomy, impossible balance, unsupported structures, random wings, random horns, humanoid default, fantasy armor, weapons, cartoon, anime, toy-like materials, excessive neon, excessive glow, oversaturated colors, busy background, motion blur, low resolution, compression artifacts, generic Earth copy, unsupported fantasy styling, traits conflicting with locked canon",1.0.0,canonical
NB2-PLT-PIII-002-SILICON-FLORA-BIOME,PLT-PIII-002-SILICON-FLORA,Silicon Flora,biome,Biome Composition,16:9,"Create a canonical NOVERIS Nano Banana 2 visual for Silicon Flora: Biome Composition.

Canonical archetype:
A canonical silicon flora designed as a scientifically plausible plant-like or fungal organism whose anchoring, support, transport, energy capture, growth, reproduction, ecology, and environmental adaptations are internally coherent.

Required visual and biological rules:
• credible anchoring
• coherent support and transport
• functional energy collectors
• reproductive logic
• environment-linked growth
• coherent lattice growth
• geochemical exchange

Production request:
Create coordinated vegetation set at consistent scale.

Studio-resolved canonical values:
{{canonicalId}}, {{displayName}}, {{scientificName}}, {{originPlanet}}, {{planetType}}, {{biome}}, {{gravity}}, {{atmosphere}}, {{climate}}, {{temperatureRange}}, {{sizeScale}}, {{coloration}}, {{materials}}, {{distinctiveFeatures}}, {{lockedTraits}}, {{rarity}}, {{artDirection}}.

Preserve every locked canonical field exactly. The result must use NOVERIS Scientific Realism: premium AAA science-fiction quality, museum-grade reference presentation, scientifically plausible structure, coherent materials, restrained coloration unless canon requires otherwise, readable silhouette, consistent scale and anatomy or growth across all views, soft neutral studio lighting, pure black background for isolated references, full requested subject visibility, generous negative space, and PSD-friendly extraction. Habitat and biome outputs may use the canonical environment. No baked-in text, labels, watermark, logo, border, or UI.

Create four clearly different but canon-compliant versions. Preserve body plan or growth architecture, structural counts, environmental adaptations, materials, defining features, and locked coloration. Vary only permitted secondary proportions, markings, surface detail, minor ornamentation, natural wear, and pose or growth irregularity.

Recommended aspect ratio: 16:9.","text, labels, watermark, signature, logo, border, frame, UI, HUD, cropped subject, duplicate anatomy, contradictory anatomy, impossible balance, unsupported structures, random wings, random horns, humanoid default, fantasy armor, weapons, cartoon, anime, toy-like materials, excessive neon, excessive glow, oversaturated colors, busy background, motion blur, low resolution, compression artifacts, generic Earth copy, unsupported fantasy styling, traits conflicting with locked canon",1.0.0,canonical
NB2-PLT-PIII-002-SILICON-FLORA-DISCOVERY,PLT-PIII-002-SILICON-FLORA,Silicon Flora,discovery,Discovery Scan,16:9,"Create a canonical NOVERIS Nano Banana 2 visual for Silicon Flora: Discovery Scan.

Canonical archetype:
A canonical silicon flora designed as a scientifically plausible plant-like or fungal organism whose anchoring, support, transport, energy capture, growth, reproduction, ecology, and environmental adaptations are internally coherent.

Required visual and biological rules:
• credible anchoring
• coherent support and transport
• functional energy collectors
• reproductive logic
• environment-linked growth
• coherent lattice growth
• geochemical exchange

Production request:
Create centered scientific scan source without labels.

Studio-resolved canonical values:
{{canonicalId}}, {{displayName}}, {{scientificName}}, {{originPlanet}}, {{planetType}}, {{biome}}, {{gravity}}, {{atmosphere}}, {{climate}}, {{temperatureRange}}, {{sizeScale}}, {{coloration}}, {{materials}}, {{distinctiveFeatures}}, {{lockedTraits}}, {{rarity}}, {{artDirection}}.

Preserve every locked canonical field exactly. The result must use NOVERIS Scientific Realism: premium AAA science-fiction quality, museum-grade reference presentation, scientifically plausible structure, coherent materials, restrained coloration unless canon requires otherwise, readable silhouette, consistent scale and anatomy or growth across all views, soft neutral studio lighting, pure black background for isolated references, full requested subject visibility, generous negative space, and PSD-friendly extraction. Habitat and biome outputs may use the canonical environment. No baked-in text, labels, watermark, logo, border, or UI.

Create four clearly different but canon-compliant versions. Preserve body plan or growth architecture, structural counts, environmental adaptations, materials, defining features, and locked coloration. Vary only permitted secondary proportions, markings, surface detail, minor ornamentation, natural wear, and pose or growth irregularity.

Recommended aspect ratio: 16:9.","text, labels, watermark, signature, logo, border, frame, UI, HUD, cropped subject, duplicate anatomy, contradictory anatomy, impossible balance, unsupported structures, random wings, random horns, humanoid default, fantasy armor, weapons, cartoon, anime, toy-like materials, excessive neon, excessive glow, oversaturated colors, busy background, motion blur, low resolution, compression artifacts, generic Earth copy, unsupported fantasy styling, traits conflicting with locked canon",1.0.0,canonical
NB2-PLT-PIII-002-SILICON-FLORA-ICON,PLT-PIII-002-SILICON-FLORA,Silicon Flora,icon,UI Icon,1:1,"Create a canonical NOVERIS Nano Banana 2 visual for Silicon Flora: UI Icon.

Canonical archetype:
A canonical silicon flora designed as a scientifically plausible plant-like or fungal organism whose anchoring, support, transport, energy capture, growth, reproduction, ecology, and environmental adaptations are internally coherent.

Required visual and biological rules:
• credible anchoring
• coherent support and transport
• functional energy collectors
• reproductive logic
• environment-linked growth
• coherent lattice growth
• geochemical exchange

Production request:
Create isolated silhouette readable at 64 pixels.

Studio-resolved canonical values:
{{canonicalId}}, {{displayName}}, {{scientificName}}, {{originPlanet}}, {{planetType}}, {{biome}}, {{gravity}}, {{atmosphere}}, {{climate}}, {{temperatureRange}}, {{sizeScale}}, {{coloration}}, {{materials}}, {{distinctiveFeatures}}, {{lockedTraits}}, {{rarity}}, {{artDirection}}.

Preserve every locked canonical field exactly. The result must use NOVERIS Scientific Realism: premium AAA science-fiction quality, museum-grade reference presentation, scientifically plausible structure, coherent materials, restrained coloration unless canon requires otherwise, readable silhouette, consistent scale and anatomy or growth across all views, soft neutral studio lighting, pure black background for isolated references, full requested subject visibility, generous negative space, and PSD-friendly extraction. Habitat and biome outputs may use the canonical environment. No baked-in text, labels, watermark, logo, border, or UI.

Create four clearly different but canon-compliant versions. Preserve body plan or growth architecture, structural counts, environmental adaptations, materials, defining features, and locked coloration. Vary only permitted secondary proportions, markings, surface detail, minor ornamentation, natural wear, and pose or growth irregularity.

Recommended aspect ratio: 1:1.","text, labels, watermark, signature, logo, border, frame, UI, HUD, cropped subject, duplicate anatomy, contradictory anatomy, impossible balance, unsupported structures, random wings, random horns, humanoid default, fantasy armor, weapons, cartoon, anime, toy-like materials, excessive neon, excessive glow, oversaturated colors, busy background, motion blur, low resolution, compression artifacts, generic Earth copy, unsupported fantasy styling, traits conflicting with locked canon",1.0.0,canonical
NB2-PLT-PIII-002-SILICON-FLORA-SCALE,PLT-PIII-002-SILICON-FLORA,Silicon Flora,scale,Scale Comparison,16:9,"Create a canonical NOVERIS Nano Banana 2 visual for Silicon Flora: Scale Comparison.

Canonical archetype:
A canonical silicon flora designed as a scientifically plausible plant-like or fungal organism whose anchoring, support, transport, energy capture, growth, reproduction, ecology, and environmental adaptations are internally coherent.

Required visual and biological rules:
• credible anchoring
• coherent support and transport
• functional energy collectors
• reproductive logic
• environment-linked growth
• coherent lattice growth
• geochemical exchange

Production request:
Create side view with adult human silhouette and one-meter bar.

Studio-resolved canonical values:
{{canonicalId}}, {{displayName}}, {{scientificName}}, {{originPlanet}}, {{planetType}}, {{biome}}, {{gravity}}, {{atmosphere}}, {{climate}}, {{temperatureRange}}, {{sizeScale}}, {{coloration}}, {{materials}}, {{distinctiveFeatures}}, {{lockedTraits}}, {{rarity}}, {{artDirection}}.

Preserve every locked canonical field exactly. The result must use NOVERIS Scientific Realism: premium AAA science-fiction quality, museum-grade reference presentation, scientifically plausible structure, coherent materials, restrained coloration unless canon requires otherwise, readable silhouette, consistent scale and anatomy or growth across all views, soft neutral studio lighting, pure black background for isolated references, full requested subject visibility, generous negative space, and PSD-friendly extraction. Habitat and biome outputs may use the canonical environment. No baked-in text, labels, watermark, logo, border, or UI.

Create four clearly different but canon-compliant versions. Preserve body plan or growth architecture, structural counts, environmental adaptations, materials, defining features, and locked coloration. Vary only permitted secondary proportions, markings, surface detail, minor ornamentation, natural wear, and pose or growth irregularity.

Recommended aspect ratio: 16:9.","text, labels, watermark, signature, logo, border, frame, UI, HUD, cropped subject, duplicate anatomy, contradictory anatomy, impossible balance, unsupported structures, random wings, random horns, humanoid default, fantasy armor, weapons, cartoon, anime, toy-like materials, excessive neon, excessive glow, oversaturated colors, busy background, motion blur, low resolution, compression artifacts, generic Earth copy, unsupported fantasy styling, traits conflicting with locked canon",1.0.0,canonical
NB2-PLT-PIII-002-SILICON-FLORA-PLATE,PLT-PIII-002-SILICON-FLORA,Silicon Flora,plate,Master Botanical Plate,16:9,"Create a canonical NOVERIS Nano Banana 2 visual for Silicon Flora: Master Botanical Plate.

Canonical archetype:
A canonical silicon flora designed as a scientifically plausible plant-like or fungal organism whose anchoring, support, transport, energy capture, growth, reproduction, ecology, and environmental adaptations are internally coherent.

Required visual and biological rules:
• credible anchoring
• coherent support and transport
• functional energy collectors
• reproductive logic
• environment-linked growth
• coherent lattice growth
• geochemical exchange

Production request:
Create whole organism, views, roots, structure, collectors, reproduction, stages, materials and habitat vignette.

Studio-resolved canonical values:
{{canonicalId}}, {{displayName}}, {{scientificName}}, {{originPlanet}}, {{planetType}}, {{biome}}, {{gravity}}, {{atmosphere}}, {{climate}}, {{temperatureRange}}, {{sizeScale}}, {{coloration}}, {{materials}}, {{distinctiveFeatures}}, {{lockedTraits}}, {{rarity}}, {{artDirection}}.

Preserve every locked canonical field exactly. The result must use NOVERIS Scientific Realism: premium AAA science-fiction quality, museum-grade reference presentation, scientifically plausible structure, coherent materials, restrained coloration unless canon requires otherwise, readable silhouette, consistent scale and anatomy or growth across all views, soft neutral studio lighting, pure black background for isolated references, full requested subject visibility, generous negative space, and PSD-friendly extraction. Habitat and biome outputs may use the canonical environment. No baked-in text, labels, watermark, logo, border, or UI.

Create four clearly different but canon-compliant versions. Preserve body plan or growth architecture, structural counts, environmental adaptations, materials, defining features, and locked coloration. Vary only permitted secondary proportions, markings, surface detail, minor ornamentation, natural wear, and pose or growth irregularity.

Recommended aspect ratio: 16:9.","text, labels, watermark, signature, logo, border, frame, UI, HUD, cropped subject, duplicate anatomy, contradictory anatomy, impossible balance, unsupported structures, random wings, random horns, humanoid default, fantasy armor, weapons, cartoon, anime, toy-like materials, excessive neon, excessive glow, oversaturated colors, busy background, motion blur, low resolution, compression artifacts, generic Earth copy, unsupported fantasy styling, traits conflicting with locked canon",1.0.0,canonical
NB2-PLT-PIII-002-SILICON-FLORA-PSD,PLT-PIII-002-SILICON-FLORA,Silicon Flora,psd,PSD Extraction Board,16:9,"Create a canonical NOVERIS Nano Banana 2 visual for Silicon Flora: PSD Extraction Board.

Canonical archetype:
A canonical silicon flora designed as a scientifically plausible plant-like or fungal organism whose anchoring, support, transport, energy capture, growth, reproduction, ecology, and environmental adaptations are internally coherent.

Required visual and biological rules:
• credible anchoring
• coherent support and transport
• functional energy collectors
• reproductive logic
• environment-linked growth
• coherent lattice growth
• geochemical exchange

Production request:
Create isolated whole organism, parts, silhouette and material references.

Studio-resolved canonical values:
{{canonicalId}}, {{displayName}}, {{scientificName}}, {{originPlanet}}, {{planetType}}, {{biome}}, {{gravity}}, {{atmosphere}}, {{climate}}, {{temperatureRange}}, {{sizeScale}}, {{coloration}}, {{materials}}, {{distinctiveFeatures}}, {{lockedTraits}}, {{rarity}}, {{artDirection}}.

Preserve every locked canonical field exactly. The result must use NOVERIS Scientific Realism: premium AAA science-fiction quality, museum-grade reference presentation, scientifically plausible structure, coherent materials, restrained coloration unless canon requires otherwise, readable silhouette, consistent scale and anatomy or growth across all views, soft neutral studio lighting, pure black background for isolated references, full requested subject visibility, generous negative space, and PSD-friendly extraction. Habitat and biome outputs may use the canonical environment. No baked-in text, labels, watermark, logo, border, or UI.

Create four clearly different but canon-compliant versions. Preserve body plan or growth architecture, structural counts, environmental adaptations, materials, defining features, and locked coloration. Vary only permitted secondary proportions, markings, surface detail, minor ornamentation, natural wear, and pose or growth irregularity.

Recommended aspect ratio: 16:9.","text, labels, watermark, signature, logo, border, frame, UI, HUD, cropped subject, duplicate anatomy, contradictory anatomy, impossible balance, unsupported structures, random wings, random horns, humanoid default, fantasy armor, weapons, cartoon, anime, toy-like materials, excessive neon, excessive glow, oversaturated colors, busy background, motion blur, low resolution, compression artifacts, generic Earth copy, unsupported fantasy styling, traits conflicting with locked canon",1.0.0,canonical
NB2-PLT-PIII-003-MINERAL-FLORA-WHOLE-PLANT,PLT-PIII-003-MINERAL-FLORA,Mineral Flora,whole-plant,Whole Plant Production Render,3:4,"Create a canonical NOVERIS Nano Banana 2 visual for Mineral Flora: Whole Plant Production Render.

Canonical archetype:
A canonical mineral flora designed as a scientifically plausible plant-like or fungal organism whose anchoring, support, transport, energy capture, growth, reproduction, ecology, and environmental adaptations are internally coherent.

Required visual and biological rules:
• credible anchoring
• coherent support and transport
• functional energy collectors
• reproductive logic
• environment-linked growth
• coherent lattice growth
• geochemical exchange

Production request:
Create complete mature organism including roots or anchor system.

Studio-resolved canonical values:
{{canonicalId}}, {{displayName}}, {{scientificName}}, {{originPlanet}}, {{planetType}}, {{biome}}, {{gravity}}, {{atmosphere}}, {{climate}}, {{temperatureRange}}, {{sizeScale}}, {{coloration}}, {{materials}}, {{distinctiveFeatures}}, {{lockedTraits}}, {{rarity}}, {{artDirection}}.

Preserve every locked canonical field exactly. The result must use NOVERIS Scientific Realism: premium AAA science-fiction quality, museum-grade reference presentation, scientifically plausible structure, coherent materials, restrained coloration unless canon requires otherwise, readable silhouette, consistent scale and anatomy or growth across all views, soft neutral studio lighting, pure black background for isolated references, full requested subject visibility, generous negative space, and PSD-friendly extraction. Habitat and biome outputs may use the canonical environment. No baked-in text, labels, watermark, logo, border, or UI.

Create four clearly different but canon-compliant versions. Preserve body plan or growth architecture, structural counts, environmental adaptations, materials, defining features, and locked coloration. Vary only permitted secondary proportions, markings, surface detail, minor ornamentation, natural wear, and pose or growth irregularity.

Recommended aspect ratio: 3:4.","text, labels, watermark, signature, logo, border, frame, UI, HUD, cropped subject, duplicate anatomy, contradictory anatomy, impossible balance, unsupported structures, random wings, random horns, humanoid default, fantasy armor, weapons, cartoon, anime, toy-like materials, excessive neon, excessive glow, oversaturated colors, busy background, motion blur, low resolution, compression artifacts, generic Earth copy, unsupported fantasy styling, traits conflicting with locked canon",1.0.0,canonical
NB2-PLT-PIII-003-MINERAL-FLORA-PORTRAIT,PLT-PIII-003-MINERAL-FLORA,Mineral Flora,portrait,Botanical Portrait,1:1,"Create a canonical NOVERIS Nano Banana 2 visual for Mineral Flora: Botanical Portrait.

Canonical archetype:
A canonical mineral flora designed as a scientifically plausible plant-like or fungal organism whose anchoring, support, transport, energy capture, growth, reproduction, ecology, and environmental adaptations are internally coherent.

Required visual and biological rules:
• credible anchoring
• coherent support and transport
• functional energy collectors
• reproductive logic
• environment-linked growth
• coherent lattice growth
• geochemical exchange

Production request:
Create defining growth form, foliage, collectors and reproduction.

Studio-resolved canonical values:
{{canonicalId}}, {{displayName}}, {{scientificName}}, {{originPlanet}}, {{planetType}}, {{biome}}, {{gravity}}, {{atmosphere}}, {{climate}}, {{temperatureRange}}, {{sizeScale}}, {{coloration}}, {{materials}}, {{distinctiveFeatures}}, {{lockedTraits}}, {{rarity}}, {{artDirection}}.

Preserve every locked canonical field exactly. The result must use NOVERIS Scientific Realism: premium AAA science-fiction quality, museum-grade reference presentation, scientifically plausible structure, coherent materials, restrained coloration unless canon requires otherwise, readable silhouette, consistent scale and anatomy or growth across all views, soft neutral studio lighting, pure black background for isolated references, full requested subject visibility, generous negative space, and PSD-friendly extraction. Habitat and biome outputs may use the canonical environment. No baked-in text, labels, watermark, logo, border, or UI.

Create four clearly different but canon-compliant versions. Preserve body plan or growth architecture, structural counts, environmental adaptations, materials, defining features, and locked coloration. Vary only permitted secondary proportions, markings, surface detail, minor ornamentation, natural wear, and pose or growth irregularity.

Recommended aspect ratio: 1:1.","text, labels, watermark, signature, logo, border, frame, UI, HUD, cropped subject, duplicate anatomy, contradictory anatomy, impossible balance, unsupported structures, random wings, random horns, humanoid default, fantasy armor, weapons, cartoon, anime, toy-like materials, excessive neon, excessive glow, oversaturated colors, busy background, motion blur, low resolution, compression artifacts, generic Earth copy, unsupported fantasy styling, traits conflicting with locked canon",1.0.0,canonical
NB2-PLT-PIII-003-MINERAL-FLORA-ORTHO-FRONT,PLT-PIII-003-MINERAL-FLORA,Mineral Flora,ortho-front,Orthographic Front,3:4,"Create a canonical NOVERIS Nano Banana 2 visual for Mineral Flora: Orthographic Front.

Canonical archetype:
A canonical mineral flora designed as a scientifically plausible plant-like or fungal organism whose anchoring, support, transport, energy capture, growth, reproduction, ecology, and environmental adaptations are internally coherent.

Required visual and biological rules:
• credible anchoring
• coherent support and transport
• functional energy collectors
• reproductive logic
• environment-linked growth
• coherent lattice growth
• geochemical exchange

Production request:
Create exact front orthographic view.

Studio-resolved canonical values:
{{canonicalId}}, {{displayName}}, {{scientificName}}, {{originPlanet}}, {{planetType}}, {{biome}}, {{gravity}}, {{atmosphere}}, {{climate}}, {{temperatureRange}}, {{sizeScale}}, {{coloration}}, {{materials}}, {{distinctiveFeatures}}, {{lockedTraits}}, {{rarity}}, {{artDirection}}.

Preserve every locked canonical field exactly. The result must use NOVERIS Scientific Realism: premium AAA science-fiction quality, museum-grade reference presentation, scientifically plausible structure, coherent materials, restrained coloration unless canon requires otherwise, readable silhouette, consistent scale and anatomy or growth across all views, soft neutral studio lighting, pure black background for isolated references, full requested subject visibility, generous negative space, and PSD-friendly extraction. Habitat and biome outputs may use the canonical environment. No baked-in text, labels, watermark, logo, border, or UI.

Create four clearly different but canon-compliant versions. Preserve body plan or growth architecture, structural counts, environmental adaptations, materials, defining features, and locked coloration. Vary only permitted secondary proportions, markings, surface detail, minor ornamentation, natural wear, and pose or growth irregularity.

Recommended aspect ratio: 3:4.","text, labels, watermark, signature, logo, border, frame, UI, HUD, cropped subject, duplicate anatomy, contradictory anatomy, impossible balance, unsupported structures, random wings, random horns, humanoid default, fantasy armor, weapons, cartoon, anime, toy-like materials, excessive neon, excessive glow, oversaturated colors, busy background, motion blur, low resolution, compression artifacts, generic Earth copy, unsupported fantasy styling, traits conflicting with locked canon",1.0.0,canonical
NB2-PLT-PIII-003-MINERAL-FLORA-ORTHO-SIDE,PLT-PIII-003-MINERAL-FLORA,Mineral Flora,ortho-side,Orthographic Side,3:4,"Create a canonical NOVERIS Nano Banana 2 visual for Mineral Flora: Orthographic Side.

Canonical archetype:
A canonical mineral flora designed as a scientifically plausible plant-like or fungal organism whose anchoring, support, transport, energy capture, growth, reproduction, ecology, and environmental adaptations are internally coherent.

Required visual and biological rules:
• credible anchoring
• coherent support and transport
• functional energy collectors
• reproductive logic
• environment-linked growth
• coherent lattice growth
• geochemical exchange

Production request:
Create exact side orthographic view.

Studio-resolved canonical values:
{{canonicalId}}, {{displayName}}, {{scientificName}}, {{originPlanet}}, {{planetType}}, {{biome}}, {{gravity}}, {{atmosphere}}, {{climate}}, {{temperatureRange}}, {{sizeScale}}, {{coloration}}, {{materials}}, {{distinctiveFeatures}}, {{lockedTraits}}, {{rarity}}, {{artDirection}}.

Preserve every locked canonical field exactly. The result must use NOVERIS Scientific Realism: premium AAA science-fiction quality, museum-grade reference presentation, scientifically plausible structure, coherent materials, restrained coloration unless canon requires otherwise, readable silhouette, consistent scale and anatomy or growth across all views, soft neutral studio lighting, pure black background for isolated references, full requested subject visibility, generous negative space, and PSD-friendly extraction. Habitat and biome outputs may use the canonical environment. No baked-in text, labels, watermark, logo, border, or UI.

Create four clearly different but canon-compliant versions. Preserve body plan or growth architecture, structural counts, environmental adaptations, materials, defining features, and locked coloration. Vary only permitted secondary proportions, markings, surface detail, minor ornamentation, natural wear, and pose or growth irregularity.

Recommended aspect ratio: 3:4.","text, labels, watermark, signature, logo, border, frame, UI, HUD, cropped subject, duplicate anatomy, contradictory anatomy, impossible balance, unsupported structures, random wings, random horns, humanoid default, fantasy armor, weapons, cartoon, anime, toy-like materials, excessive neon, excessive glow, oversaturated colors, busy background, motion blur, low resolution, compression artifacts, generic Earth copy, unsupported fantasy styling, traits conflicting with locked canon",1.0.0,canonical
NB2-PLT-PIII-003-MINERAL-FLORA-ORTHO-TOP,PLT-PIII-003-MINERAL-FLORA,Mineral Flora,ortho-top,Orthographic Top,1:1,"Create a canonical NOVERIS Nano Banana 2 visual for Mineral Flora: Orthographic Top.

Canonical archetype:
A canonical mineral flora designed as a scientifically plausible plant-like or fungal organism whose anchoring, support, transport, energy capture, growth, reproduction, ecology, and environmental adaptations are internally coherent.

Required visual and biological rules:
• credible anchoring
• coherent support and transport
• functional energy collectors
• reproductive logic
• environment-linked growth
• coherent lattice growth
• geochemical exchange

Production request:
Create exact top view showing spread and growth geometry.

Studio-resolved canonical values:
{{canonicalId}}, {{displayName}}, {{scientificName}}, {{originPlanet}}, {{planetType}}, {{biome}}, {{gravity}}, {{atmosphere}}, {{climate}}, {{temperatureRange}}, {{sizeScale}}, {{coloration}}, {{materials}}, {{distinctiveFeatures}}, {{lockedTraits}}, {{rarity}}, {{artDirection}}.

Preserve every locked canonical field exactly. The result must use NOVERIS Scientific Realism: premium AAA science-fiction quality, museum-grade reference presentation, scientifically plausible structure, coherent materials, restrained coloration unless canon requires otherwise, readable silhouette, consistent scale and anatomy or growth across all views, soft neutral studio lighting, pure black background for isolated references, full requested subject visibility, generous negative space, and PSD-friendly extraction. Habitat and biome outputs may use the canonical environment. No baked-in text, labels, watermark, logo, border, or UI.

Create four clearly different but canon-compliant versions. Preserve body plan or growth architecture, structural counts, environmental adaptations, materials, defining features, and locked coloration. Vary only permitted secondary proportions, markings, surface detail, minor ornamentation, natural wear, and pose or growth irregularity.

Recommended aspect ratio: 1:1.","text, labels, watermark, signature, logo, border, frame, UI, HUD, cropped subject, duplicate anatomy, contradictory anatomy, impossible balance, unsupported structures, random wings, random horns, humanoid default, fantasy armor, weapons, cartoon, anime, toy-like materials, excessive neon, excessive glow, oversaturated colors, busy background, motion blur, low resolution, compression artifacts, generic Earth copy, unsupported fantasy styling, traits conflicting with locked canon",1.0.0,canonical
NB2-PLT-PIII-003-MINERAL-FLORA-ROOTS,PLT-PIII-003-MINERAL-FLORA,Mineral Flora,roots,Root or Anchor System,16:9,"Create a canonical NOVERIS Nano Banana 2 visual for Mineral Flora: Root or Anchor System.

Canonical archetype:
A canonical mineral flora designed as a scientifically plausible plant-like or fungal organism whose anchoring, support, transport, energy capture, growth, reproduction, ecology, and environmental adaptations are internally coherent.

Required visual and biological rules:
• credible anchoring
• coherent support and transport
• functional energy collectors
• reproductive logic
• environment-linked growth
• coherent lattice growth
• geochemical exchange

Production request:
Create complete substrate interface and nutrient exchange structures.

Studio-resolved canonical values:
{{canonicalId}}, {{displayName}}, {{scientificName}}, {{originPlanet}}, {{planetType}}, {{biome}}, {{gravity}}, {{atmosphere}}, {{climate}}, {{temperatureRange}}, {{sizeScale}}, {{coloration}}, {{materials}}, {{distinctiveFeatures}}, {{lockedTraits}}, {{rarity}}, {{artDirection}}.

Preserve every locked canonical field exactly. The result must use NOVERIS Scientific Realism: premium AAA science-fiction quality, museum-grade reference presentation, scientifically plausible structure, coherent materials, restrained coloration unless canon requires otherwise, readable silhouette, consistent scale and anatomy or growth across all views, soft neutral studio lighting, pure black background for isolated references, full requested subject visibility, generous negative space, and PSD-friendly extraction. Habitat and biome outputs may use the canonical environment. No baked-in text, labels, watermark, logo, border, or UI.

Create four clearly different but canon-compliant versions. Preserve body plan or growth architecture, structural counts, environmental adaptations, materials, defining features, and locked coloration. Vary only permitted secondary proportions, markings, surface detail, minor ornamentation, natural wear, and pose or growth irregularity.

Recommended aspect ratio: 16:9.","text, labels, watermark, signature, logo, border, frame, UI, HUD, cropped subject, duplicate anatomy, contradictory anatomy, impossible balance, unsupported structures, random wings, random horns, humanoid default, fantasy armor, weapons, cartoon, anime, toy-like materials, excessive neon, excessive glow, oversaturated colors, busy background, motion blur, low resolution, compression artifacts, generic Earth copy, unsupported fantasy styling, traits conflicting with locked canon",1.0.0,canonical
NB2-PLT-PIII-003-MINERAL-FLORA-STEMS,PLT-PIII-003-MINERAL-FLORA,Mineral Flora,stems,"Stem, Trunk or Structural Study",16:9,"Create a canonical NOVERIS Nano Banana 2 visual for Mineral Flora: Stem, Trunk or Structural Study.

Canonical archetype:
A canonical mineral flora designed as a scientifically plausible plant-like or fungal organism whose anchoring, support, transport, energy capture, growth, reproduction, ecology, and environmental adaptations are internally coherent.

Required visual and biological rules:
• credible anchoring
• coherent support and transport
• functional energy collectors
• reproductive logic
• environment-linked growth
• coherent lattice growth
• geochemical exchange

Production request:
Create support and transport architecture.

Studio-resolved canonical values:
{{canonicalId}}, {{displayName}}, {{scientificName}}, {{originPlanet}}, {{planetType}}, {{biome}}, {{gravity}}, {{atmosphere}}, {{climate}}, {{temperatureRange}}, {{sizeScale}}, {{coloration}}, {{materials}}, {{distinctiveFeatures}}, {{lockedTraits}}, {{rarity}}, {{artDirection}}.

Preserve every locked canonical field exactly. The result must use NOVERIS Scientific Realism: premium AAA science-fiction quality, museum-grade reference presentation, scientifically plausible structure, coherent materials, restrained coloration unless canon requires otherwise, readable silhouette, consistent scale and anatomy or growth across all views, soft neutral studio lighting, pure black background for isolated references, full requested subject visibility, generous negative space, and PSD-friendly extraction. Habitat and biome outputs may use the canonical environment. No baked-in text, labels, watermark, logo, border, or UI.

Create four clearly different but canon-compliant versions. Preserve body plan or growth architecture, structural counts, environmental adaptations, materials, defining features, and locked coloration. Vary only permitted secondary proportions, markings, surface detail, minor ornamentation, natural wear, and pose or growth irregularity.

Recommended aspect ratio: 16:9.","text, labels, watermark, signature, logo, border, frame, UI, HUD, cropped subject, duplicate anatomy, contradictory anatomy, impossible balance, unsupported structures, random wings, random horns, humanoid default, fantasy armor, weapons, cartoon, anime, toy-like materials, excessive neon, excessive glow, oversaturated colors, busy background, motion blur, low resolution, compression artifacts, generic Earth copy, unsupported fantasy styling, traits conflicting with locked canon",1.0.0,canonical
NB2-PLT-PIII-003-MINERAL-FLORA-COLLECTORS,PLT-PIII-003-MINERAL-FLORA,Mineral Flora,collectors,Leaves or Collector Study,16:9,"Create a canonical NOVERIS Nano Banana 2 visual for Mineral Flora: Leaves or Collector Study.

Canonical archetype:
A canonical mineral flora designed as a scientifically plausible plant-like or fungal organism whose anchoring, support, transport, energy capture, growth, reproduction, ecology, and environmental adaptations are internally coherent.

Required visual and biological rules:
• credible anchoring
• coherent support and transport
• functional energy collectors
• reproductive logic
• environment-linked growth
• coherent lattice growth
• geochemical exchange

Production request:
Create front, back, edge, juvenile, mature and stressed states.

Studio-resolved canonical values:
{{canonicalId}}, {{displayName}}, {{scientificName}}, {{originPlanet}}, {{planetType}}, {{biome}}, {{gravity}}, {{atmosphere}}, {{climate}}, {{temperatureRange}}, {{sizeScale}}, {{coloration}}, {{materials}}, {{distinctiveFeatures}}, {{lockedTraits}}, {{rarity}}, {{artDirection}}.

Preserve every locked canonical field exactly. The result must use NOVERIS Scientific Realism: premium AAA science-fiction quality, museum-grade reference presentation, scientifically plausible structure, coherent materials, restrained coloration unless canon requires otherwise, readable silhouette, consistent scale and anatomy or growth across all views, soft neutral studio lighting, pure black background for isolated references, full requested subject visibility, generous negative space, and PSD-friendly extraction. Habitat and biome outputs may use the canonical environment. No baked-in text, labels, watermark, logo, border, or UI.

Create four clearly different but canon-compliant versions. Preserve body plan or growth architecture, structural counts, environmental adaptations, materials, defining features, and locked coloration. Vary only permitted secondary proportions, markings, surface detail, minor ornamentation, natural wear, and pose or growth irregularity.

Recommended aspect ratio: 16:9.","text, labels, watermark, signature, logo, border, frame, UI, HUD, cropped subject, duplicate anatomy, contradictory anatomy, impossible balance, unsupported structures, random wings, random horns, humanoid default, fantasy armor, weapons, cartoon, anime, toy-like materials, excessive neon, excessive glow, oversaturated colors, busy background, motion blur, low resolution, compression artifacts, generic Earth copy, unsupported fantasy styling, traits conflicting with locked canon",1.0.0,canonical
NB2-PLT-PIII-003-MINERAL-FLORA-REPRODUCTION,PLT-PIII-003-MINERAL-FLORA,Mineral Flora,reproduction,Reproductive Structure,16:9,"Create a canonical NOVERIS Nano Banana 2 visual for Mineral Flora: Reproductive Structure.

Canonical archetype:
A canonical mineral flora designed as a scientifically plausible plant-like or fungal organism whose anchoring, support, transport, energy capture, growth, reproduction, ecology, and environmental adaptations are internally coherent.

Required visual and biological rules:
• credible anchoring
• coherent support and transport
• functional energy collectors
• reproductive logic
• environment-linked growth
• coherent lattice growth
• geochemical exchange

Production request:
Create flowers, cones, spores, fields or equivalent stages.

Studio-resolved canonical values:
{{canonicalId}}, {{displayName}}, {{scientificName}}, {{originPlanet}}, {{planetType}}, {{biome}}, {{gravity}}, {{atmosphere}}, {{climate}}, {{temperatureRange}}, {{sizeScale}}, {{coloration}}, {{materials}}, {{distinctiveFeatures}}, {{lockedTraits}}, {{rarity}}, {{artDirection}}.

Preserve every locked canonical field exactly. The result must use NOVERIS Scientific Realism: premium AAA science-fiction quality, museum-grade reference presentation, scientifically plausible structure, coherent materials, restrained coloration unless canon requires otherwise, readable silhouette, consistent scale and anatomy or growth across all views, soft neutral studio lighting, pure black background for isolated references, full requested subject visibility, generous negative space, and PSD-friendly extraction. Habitat and biome outputs may use the canonical environment. No baked-in text, labels, watermark, logo, border, or UI.

Create four clearly different but canon-compliant versions. Preserve body plan or growth architecture, structural counts, environmental adaptations, materials, defining features, and locked coloration. Vary only permitted secondary proportions, markings, surface detail, minor ornamentation, natural wear, and pose or growth irregularity.

Recommended aspect ratio: 16:9.","text, labels, watermark, signature, logo, border, frame, UI, HUD, cropped subject, duplicate anatomy, contradictory anatomy, impossible balance, unsupported structures, random wings, random horns, humanoid default, fantasy armor, weapons, cartoon, anime, toy-like materials, excessive neon, excessive glow, oversaturated colors, busy background, motion blur, low resolution, compression artifacts, generic Earth copy, unsupported fantasy styling, traits conflicting with locked canon",1.0.0,canonical
NB2-PLT-PIII-003-MINERAL-FLORA-PROPAGULES,PLT-PIII-003-MINERAL-FLORA,Mineral Flora,propagules,"Seed, Spore or Propagule Study",16:9,"Create a canonical NOVERIS Nano Banana 2 visual for Mineral Flora: Seed, Spore or Propagule Study.

Canonical archetype:
A canonical mineral flora designed as a scientifically plausible plant-like or fungal organism whose anchoring, support, transport, energy capture, growth, reproduction, ecology, and environmental adaptations are internally coherent.

Required visual and biological rules:
• credible anchoring
• coherent support and transport
• functional energy collectors
• reproductive logic
• environment-linked growth
• coherent lattice growth
• geochemical exchange

Production request:
Create dispersal, germination and early establishment.

Studio-resolved canonical values:
{{canonicalId}}, {{displayName}}, {{scientificName}}, {{originPlanet}}, {{planetType}}, {{biome}}, {{gravity}}, {{atmosphere}}, {{climate}}, {{temperatureRange}}, {{sizeScale}}, {{coloration}}, {{materials}}, {{distinctiveFeatures}}, {{lockedTraits}}, {{rarity}}, {{artDirection}}.

Preserve every locked canonical field exactly. The result must use NOVERIS Scientific Realism: premium AAA science-fiction quality, museum-grade reference presentation, scientifically plausible structure, coherent materials, restrained coloration unless canon requires otherwise, readable silhouette, consistent scale and anatomy or growth across all views, soft neutral studio lighting, pure black background for isolated references, full requested subject visibility, generous negative space, and PSD-friendly extraction. Habitat and biome outputs may use the canonical environment. No baked-in text, labels, watermark, logo, border, or UI.

Create four clearly different but canon-compliant versions. Preserve body plan or growth architecture, structural counts, environmental adaptations, materials, defining features, and locked coloration. Vary only permitted secondary proportions, markings, surface detail, minor ornamentation, natural wear, and pose or growth irregularity.

Recommended aspect ratio: 16:9.","text, labels, watermark, signature, logo, border, frame, UI, HUD, cropped subject, duplicate anatomy, contradictory anatomy, impossible balance, unsupported structures, random wings, random horns, humanoid default, fantasy armor, weapons, cartoon, anime, toy-like materials, excessive neon, excessive glow, oversaturated colors, busy background, motion blur, low resolution, compression artifacts, generic Earth copy, unsupported fantasy styling, traits conflicting with locked canon",1.0.0,canonical
NB2-PLT-PIII-003-MINERAL-FLORA-CROSS-SECTION,PLT-PIII-003-MINERAL-FLORA,Mineral Flora,cross-section,Internal Cross Section,16:9,"Create a canonical NOVERIS Nano Banana 2 visual for Mineral Flora: Internal Cross Section.

Canonical archetype:
A canonical mineral flora designed as a scientifically plausible plant-like or fungal organism whose anchoring, support, transport, energy capture, growth, reproduction, ecology, and environmental adaptations are internally coherent.

Required visual and biological rules:
• credible anchoring
• coherent support and transport
• functional energy collectors
• reproductive logic
• environment-linked growth
• coherent lattice growth
• geochemical exchange

Production request:
Create protection, transport, support, storage and reproduction.

Studio-resolved canonical values:
{{canonicalId}}, {{displayName}}, {{scientificName}}, {{originPlanet}}, {{planetType}}, {{biome}}, {{gravity}}, {{atmosphere}}, {{climate}}, {{temperatureRange}}, {{sizeScale}}, {{coloration}}, {{materials}}, {{distinctiveFeatures}}, {{lockedTraits}}, {{rarity}}, {{artDirection}}.

Preserve every locked canonical field exactly. The result must use NOVERIS Scientific Realism: premium AAA science-fiction quality, museum-grade reference presentation, scientifically plausible structure, coherent materials, restrained coloration unless canon requires otherwise, readable silhouette, consistent scale and anatomy or growth across all views, soft neutral studio lighting, pure black background for isolated references, full requested subject visibility, generous negative space, and PSD-friendly extraction. Habitat and biome outputs may use the canonical environment. No baked-in text, labels, watermark, logo, border, or UI.

Create four clearly different but canon-compliant versions. Preserve body plan or growth architecture, structural counts, environmental adaptations, materials, defining features, and locked coloration. Vary only permitted secondary proportions, markings, surface detail, minor ornamentation, natural wear, and pose or growth irregularity.

Recommended aspect ratio: 16:9.","text, labels, watermark, signature, logo, border, frame, UI, HUD, cropped subject, duplicate anatomy, contradictory anatomy, impossible balance, unsupported structures, random wings, random horns, humanoid default, fantasy armor, weapons, cartoon, anime, toy-like materials, excessive neon, excessive glow, oversaturated colors, busy background, motion blur, low resolution, compression artifacts, generic Earth copy, unsupported fantasy styling, traits conflicting with locked canon",1.0.0,canonical
NB2-PLT-PIII-003-MINERAL-FLORA-GROWTH,PLT-PIII-003-MINERAL-FLORA,Mineral Flora,growth,Growth Stages,16:9,"Create a canonical NOVERIS Nano Banana 2 visual for Mineral Flora: Growth Stages.

Canonical archetype:
A canonical mineral flora designed as a scientifically plausible plant-like or fungal organism whose anchoring, support, transport, energy capture, growth, reproduction, ecology, and environmental adaptations are internally coherent.

Required visual and biological rules:
• credible anchoring
• coherent support and transport
• functional energy collectors
• reproductive logic
• environment-linked growth
• coherent lattice growth
• geochemical exchange

Production request:
Create propagule, juvenile, mature, reproductive and senescent stages.

Studio-resolved canonical values:
{{canonicalId}}, {{displayName}}, {{scientificName}}, {{originPlanet}}, {{planetType}}, {{biome}}, {{gravity}}, {{atmosphere}}, {{climate}}, {{temperatureRange}}, {{sizeScale}}, {{coloration}}, {{materials}}, {{distinctiveFeatures}}, {{lockedTraits}}, {{rarity}}, {{artDirection}}.

Preserve every locked canonical field exactly. The result must use NOVERIS Scientific Realism: premium AAA science-fiction quality, museum-grade reference presentation, scientifically plausible structure, coherent materials, restrained coloration unless canon requires otherwise, readable silhouette, consistent scale and anatomy or growth across all views, soft neutral studio lighting, pure black background for isolated references, full requested subject visibility, generous negative space, and PSD-friendly extraction. Habitat and biome outputs may use the canonical environment. No baked-in text, labels, watermark, logo, border, or UI.

Create four clearly different but canon-compliant versions. Preserve body plan or growth architecture, structural counts, environmental adaptations, materials, defining features, and locked coloration. Vary only permitted secondary proportions, markings, surface detail, minor ornamentation, natural wear, and pose or growth irregularity.

Recommended aspect ratio: 16:9.","text, labels, watermark, signature, logo, border, frame, UI, HUD, cropped subject, duplicate anatomy, contradictory anatomy, impossible balance, unsupported structures, random wings, random horns, humanoid default, fantasy armor, weapons, cartoon, anime, toy-like materials, excessive neon, excessive glow, oversaturated colors, busy background, motion blur, low resolution, compression artifacts, generic Earth copy, unsupported fantasy styling, traits conflicting with locked canon",1.0.0,canonical
NB2-PLT-PIII-003-MINERAL-FLORA-SEASONAL,PLT-PIII-003-MINERAL-FLORA,Mineral Flora,seasonal,Seasonal and Stress Variants,16:9,"Create a canonical NOVERIS Nano Banana 2 visual for Mineral Flora: Seasonal and Stress Variants.

Canonical archetype:
A canonical mineral flora designed as a scientifically plausible plant-like or fungal organism whose anchoring, support, transport, energy capture, growth, reproduction, ecology, and environmental adaptations are internally coherent.

Required visual and biological rules:
• credible anchoring
• coherent support and transport
• functional energy collectors
• reproductive logic
• environment-linked growth
• coherent lattice growth
• geochemical exchange

Production request:
Create growth, reproduction, dormancy, damage and recovery.

Studio-resolved canonical values:
{{canonicalId}}, {{displayName}}, {{scientificName}}, {{originPlanet}}, {{planetType}}, {{biome}}, {{gravity}}, {{atmosphere}}, {{climate}}, {{temperatureRange}}, {{sizeScale}}, {{coloration}}, {{materials}}, {{distinctiveFeatures}}, {{lockedTraits}}, {{rarity}}, {{artDirection}}.

Preserve every locked canonical field exactly. The result must use NOVERIS Scientific Realism: premium AAA science-fiction quality, museum-grade reference presentation, scientifically plausible structure, coherent materials, restrained coloration unless canon requires otherwise, readable silhouette, consistent scale and anatomy or growth across all views, soft neutral studio lighting, pure black background for isolated references, full requested subject visibility, generous negative space, and PSD-friendly extraction. Habitat and biome outputs may use the canonical environment. No baked-in text, labels, watermark, logo, border, or UI.

Create four clearly different but canon-compliant versions. Preserve body plan or growth architecture, structural counts, environmental adaptations, materials, defining features, and locked coloration. Vary only permitted secondary proportions, markings, surface detail, minor ornamentation, natural wear, and pose or growth irregularity.

Recommended aspect ratio: 16:9.","text, labels, watermark, signature, logo, border, frame, UI, HUD, cropped subject, duplicate anatomy, contradictory anatomy, impossible balance, unsupported structures, random wings, random horns, humanoid default, fantasy armor, weapons, cartoon, anime, toy-like materials, excessive neon, excessive glow, oversaturated colors, busy background, motion blur, low resolution, compression artifacts, generic Earth copy, unsupported fantasy styling, traits conflicting with locked canon",1.0.0,canonical
NB2-PLT-PIII-003-MINERAL-FLORA-HABITAT,PLT-PIII-003-MINERAL-FLORA,Mineral Flora,habitat,Native Habitat Composition,16:9,"Create a canonical NOVERIS Nano Banana 2 visual for Mineral Flora: Native Habitat Composition.

Canonical archetype:
A canonical mineral flora designed as a scientifically plausible plant-like or fungal organism whose anchoring, support, transport, energy capture, growth, reproduction, ecology, and environmental adaptations are internally coherent.

Required visual and biological rules:
• credible anchoring
• coherent support and transport
• functional energy collectors
• reproductive logic
• environment-linked growth
• coherent lattice growth
• geochemical exchange

Production request:
Create natural population with spacing and age diversity.

Studio-resolved canonical values:
{{canonicalId}}, {{displayName}}, {{scientificName}}, {{originPlanet}}, {{planetType}}, {{biome}}, {{gravity}}, {{atmosphere}}, {{climate}}, {{temperatureRange}}, {{sizeScale}}, {{coloration}}, {{materials}}, {{distinctiveFeatures}}, {{lockedTraits}}, {{rarity}}, {{artDirection}}.

Preserve every locked canonical field exactly. The result must use NOVERIS Scientific Realism: premium AAA science-fiction quality, museum-grade reference presentation, scientifically plausible structure, coherent materials, restrained coloration unless canon requires otherwise, readable silhouette, consistent scale and anatomy or growth across all views, soft neutral studio lighting, pure black background for isolated references, full requested subject visibility, generous negative space, and PSD-friendly extraction. Habitat and biome outputs may use the canonical environment. No baked-in text, labels, watermark, logo, border, or UI.

Create four clearly different but canon-compliant versions. Preserve body plan or growth architecture, structural counts, environmental adaptations, materials, defining features, and locked coloration. Vary only permitted secondary proportions, markings, surface detail, minor ornamentation, natural wear, and pose or growth irregularity.

Recommended aspect ratio: 16:9.","text, labels, watermark, signature, logo, border, frame, UI, HUD, cropped subject, duplicate anatomy, contradictory anatomy, impossible balance, unsupported structures, random wings, random horns, humanoid default, fantasy armor, weapons, cartoon, anime, toy-like materials, excessive neon, excessive glow, oversaturated colors, busy background, motion blur, low resolution, compression artifacts, generic Earth copy, unsupported fantasy styling, traits conflicting with locked canon",1.0.0,canonical
NB2-PLT-PIII-003-MINERAL-FLORA-BIOME,PLT-PIII-003-MINERAL-FLORA,Mineral Flora,biome,Biome Composition,16:9,"Create a canonical NOVERIS Nano Banana 2 visual for Mineral Flora: Biome Composition.

Canonical archetype:
A canonical mineral flora designed as a scientifically plausible plant-like or fungal organism whose anchoring, support, transport, energy capture, growth, reproduction, ecology, and environmental adaptations are internally coherent.

Required visual and biological rules:
• credible anchoring
• coherent support and transport
• functional energy collectors
• reproductive logic
• environment-linked growth
• coherent lattice growth
• geochemical exchange

Production request:
Create coordinated vegetation set at consistent scale.

Studio-resolved canonical values:
{{canonicalId}}, {{displayName}}, {{scientificName}}, {{originPlanet}}, {{planetType}}, {{biome}}, {{gravity}}, {{atmosphere}}, {{climate}}, {{temperatureRange}}, {{sizeScale}}, {{coloration}}, {{materials}}, {{distinctiveFeatures}}, {{lockedTraits}}, {{rarity}}, {{artDirection}}.

Preserve every locked canonical field exactly. The result must use NOVERIS Scientific Realism: premium AAA science-fiction quality, museum-grade reference presentation, scientifically plausible structure, coherent materials, restrained coloration unless canon requires otherwise, readable silhouette, consistent scale and anatomy or growth across all views, soft neutral studio lighting, pure black background for isolated references, full requested subject visibility, generous negative space, and PSD-friendly extraction. Habitat and biome outputs may use the canonical environment. No baked-in text, labels, watermark, logo, border, or UI.

Create four clearly different but canon-compliant versions. Preserve body plan or growth architecture, structural counts, environmental adaptations, materials, defining features, and locked coloration. Vary only permitted secondary proportions, markings, surface detail, minor ornamentation, natural wear, and pose or growth irregularity.

Recommended aspect ratio: 16:9.","text, labels, watermark, signature, logo, border, frame, UI, HUD, cropped subject, duplicate anatomy, contradictory anatomy, impossible balance, unsupported structures, random wings, random horns, humanoid default, fantasy armor, weapons, cartoon, anime, toy-like materials, excessive neon, excessive glow, oversaturated colors, busy background, motion blur, low resolution, compression artifacts, generic Earth copy, unsupported fantasy styling, traits conflicting with locked canon",1.0.0,canonical
NB2-PLT-PIII-003-MINERAL-FLORA-DISCOVERY,PLT-PIII-003-MINERAL-FLORA,Mineral Flora,discovery,Discovery Scan,16:9,"Create a canonical NOVERIS Nano Banana 2 visual for Mineral Flora: Discovery Scan.

Canonical archetype:
A canonical mineral flora designed as a scientifically plausible plant-like or fungal organism whose anchoring, support, transport, energy capture, growth, reproduction, ecology, and environmental adaptations are internally coherent.

Required visual and biological rules:
• credible anchoring
• coherent support and transport
• functional energy collectors
• reproductive logic
• environment-linked growth
• coherent lattice growth
• geochemical exchange

Production request:
Create centered scientific scan source without labels.

Studio-resolved canonical values:
{{canonicalId}}, {{displayName}}, {{scientificName}}, {{originPlanet}}, {{planetType}}, {{biome}}, {{gravity}}, {{atmosphere}}, {{climate}}, {{temperatureRange}}, {{sizeScale}}, {{coloration}}, {{materials}}, {{distinctiveFeatures}}, {{lockedTraits}}, {{rarity}}, {{artDirection}}.

Preserve every locked canonical field exactly. The result must use NOVERIS Scientific Realism: premium AAA science-fiction quality, museum-grade reference presentation, scientifically plausible structure, coherent materials, restrained coloration unless canon requires otherwise, readable silhouette, consistent scale and anatomy or growth across all views, soft neutral studio lighting, pure black background for isolated references, full requested subject visibility, generous negative space, and PSD-friendly extraction. Habitat and biome outputs may use the canonical environment. No baked-in text, labels, watermark, logo, border, or UI.

Create four clearly different but canon-compliant versions. Preserve body plan or growth architecture, structural counts, environmental adaptations, materials, defining features, and locked coloration. Vary only permitted secondary proportions, markings, surface detail, minor ornamentation, natural wear, and pose or growth irregularity.

Recommended aspect ratio: 16:9.","text, labels, watermark, signature, logo, border, frame, UI, HUD, cropped subject, duplicate anatomy, contradictory anatomy, impossible balance, unsupported structures, random wings, random horns, humanoid default, fantasy armor, weapons, cartoon, anime, toy-like materials, excessive neon, excessive glow, oversaturated colors, busy background, motion blur, low resolution, compression artifacts, generic Earth copy, unsupported fantasy styling, traits conflicting with locked canon",1.0.0,canonical
NB2-PLT-PIII-003-MINERAL-FLORA-ICON,PLT-PIII-003-MINERAL-FLORA,Mineral Flora,icon,UI Icon,1:1,"Create a canonical NOVERIS Nano Banana 2 visual for Mineral Flora: UI Icon.

Canonical archetype:
A canonical mineral flora designed as a scientifically plausible plant-like or fungal organism whose anchoring, support, transport, energy capture, growth, reproduction, ecology, and environmental adaptations are internally coherent.

Required visual and biological rules:
• credible anchoring
• coherent support and transport
• functional energy collectors
• reproductive logic
• environment-linked growth
• coherent lattice growth
• geochemical exchange

Production request:
Create isolated silhouette readable at 64 pixels.

Studio-resolved canonical values:
{{canonicalId}}, {{displayName}}, {{scientificName}}, {{originPlanet}}, {{planetType}}, {{biome}}, {{gravity}}, {{atmosphere}}, {{climate}}, {{temperatureRange}}, {{sizeScale}}, {{coloration}}, {{materials}}, {{distinctiveFeatures}}, {{lockedTraits}}, {{rarity}}, {{artDirection}}.

Preserve every locked canonical field exactly. The result must use NOVERIS Scientific Realism: premium AAA science-fiction quality, museum-grade reference presentation, scientifically plausible structure, coherent materials, restrained coloration unless canon requires otherwise, readable silhouette, consistent scale and anatomy or growth across all views, soft neutral studio lighting, pure black background for isolated references, full requested subject visibility, generous negative space, and PSD-friendly extraction. Habitat and biome outputs may use the canonical environment. No baked-in text, labels, watermark, logo, border, or UI.

Create four clearly different but canon-compliant versions. Preserve body plan or growth architecture, structural counts, environmental adaptations, materials, defining features, and locked coloration. Vary only permitted secondary proportions, markings, surface detail, minor ornamentation, natural wear, and pose or growth irregularity.

Recommended aspect ratio: 1:1.","text, labels, watermark, signature, logo, border, frame, UI, HUD, cropped subject, duplicate anatomy, contradictory anatomy, impossible balance, unsupported structures, random wings, random horns, humanoid default, fantasy armor, weapons, cartoon, anime, toy-like materials, excessive neon, excessive glow, oversaturated colors, busy background, motion blur, low resolution, compression artifacts, generic Earth copy, unsupported fantasy styling, traits conflicting with locked canon",1.0.0,canonical
NB2-PLT-PIII-003-MINERAL-FLORA-SCALE,PLT-PIII-003-MINERAL-FLORA,Mineral Flora,scale,Scale Comparison,16:9,"Create a canonical NOVERIS Nano Banana 2 visual for Mineral Flora: Scale Comparison.

Canonical archetype:
A canonical mineral flora designed as a scientifically plausible plant-like or fungal organism whose anchoring, support, transport, energy capture, growth, reproduction, ecology, and environmental adaptations are internally coherent.

Required visual and biological rules:
• credible anchoring
• coherent support and transport
• functional energy collectors
• reproductive logic
• environment-linked growth
• coherent lattice growth
• geochemical exchange

Production request:
Create side view with adult human silhouette and one-meter bar.

Studio-resolved canonical values:
{{canonicalId}}, {{displayName}}, {{scientificName}}, {{originPlanet}}, {{planetType}}, {{biome}}, {{gravity}}, {{atmosphere}}, {{climate}}, {{temperatureRange}}, {{sizeScale}}, {{coloration}}, {{materials}}, {{distinctiveFeatures}}, {{lockedTraits}}, {{rarity}}, {{artDirection}}.

Preserve every locked canonical field exactly. The result must use NOVERIS Scientific Realism: premium AAA science-fiction quality, museum-grade reference presentation, scientifically plausible structure, coherent materials, restrained coloration unless canon requires otherwise, readable silhouette, consistent scale and anatomy or growth across all views, soft neutral studio lighting, pure black background for isolated references, full requested subject visibility, generous negative space, and PSD-friendly extraction. Habitat and biome outputs may use the canonical environment. No baked-in text, labels, watermark, logo, border, or UI.

Create four clearly different but canon-compliant versions. Preserve body plan or growth architecture, structural counts, environmental adaptations, materials, defining features, and locked coloration. Vary only permitted secondary proportions, markings, surface detail, minor ornamentation, natural wear, and pose or growth irregularity.

Recommended aspect ratio: 16:9.","text, labels, watermark, signature, logo, border, frame, UI, HUD, cropped subject, duplicate anatomy, contradictory anatomy, impossible balance, unsupported structures, random wings, random horns, humanoid default, fantasy armor, weapons, cartoon, anime, toy-like materials, excessive neon, excessive glow, oversaturated colors, busy background, motion blur, low resolution, compression artifacts, generic Earth copy, unsupported fantasy styling, traits conflicting with locked canon",1.0.0,canonical
NB2-PLT-PIII-003-MINERAL-FLORA-PLATE,PLT-PIII-003-MINERAL-FLORA,Mineral Flora,plate,Master Botanical Plate,16:9,"Create a canonical NOVERIS Nano Banana 2 visual for Mineral Flora: Master Botanical Plate.

Canonical archetype:
A canonical mineral flora designed as a scientifically plausible plant-like or fungal organism whose anchoring, support, transport, energy capture, growth, reproduction, ecology, and environmental adaptations are internally coherent.

Required visual and biological rules:
• credible anchoring
• coherent support and transport
• functional energy collectors
• reproductive logic
• environment-linked growth
• coherent lattice growth
• geochemical exchange

Production request:
Create whole organism, views, roots, structure, collectors, reproduction, stages, materials and habitat vignette.

Studio-resolved canonical values:
{{canonicalId}}, {{displayName}}, {{scientificName}}, {{originPlanet}}, {{planetType}}, {{biome}}, {{gravity}}, {{atmosphere}}, {{climate}}, {{temperatureRange}}, {{sizeScale}}, {{coloration}}, {{materials}}, {{distinctiveFeatures}}, {{lockedTraits}}, {{rarity}}, {{artDirection}}.

Preserve every locked canonical field exactly. The result must use NOVERIS Scientific Realism: premium AAA science-fiction quality, museum-grade reference presentation, scientifically plausible structure, coherent materials, restrained coloration unless canon requires otherwise, readable silhouette, consistent scale and anatomy or growth across all views, soft neutral studio lighting, pure black background for isolated references, full requested subject visibility, generous negative space, and PSD-friendly extraction. Habitat and biome outputs may use the canonical environment. No baked-in text, labels, watermark, logo, border, or UI.

Create four clearly different but canon-compliant versions. Preserve body plan or growth architecture, structural counts, environmental adaptations, materials, defining features, and locked coloration. Vary only permitted secondary proportions, markings, surface detail, minor ornamentation, natural wear, and pose or growth irregularity.

Recommended aspect ratio: 16:9.","text, labels, watermark, signature, logo, border, frame, UI, HUD, cropped subject, duplicate anatomy, contradictory anatomy, impossible balance, unsupported structures, random wings, random horns, humanoid default, fantasy armor, weapons, cartoon, anime, toy-like materials, excessive neon, excessive glow, oversaturated colors, busy background, motion blur, low resolution, compression artifacts, generic Earth copy, unsupported fantasy styling, traits conflicting with locked canon",1.0.0,canonical
NB2-PLT-PIII-003-MINERAL-FLORA-PSD,PLT-PIII-003-MINERAL-FLORA,Mineral Flora,psd,PSD Extraction Board,16:9,"Create a canonical NOVERIS Nano Banana 2 visual for Mineral Flora: PSD Extraction Board.

Canonical archetype:
A canonical mineral flora designed as a scientifically plausible plant-like or fungal organism whose anchoring, support, transport, energy capture, growth, reproduction, ecology, and environmental adaptations are internally coherent.

Required visual and biological rules:
• credible anchoring
• coherent support and transport
• functional energy collectors
• reproductive logic
• environment-linked growth
• coherent lattice growth
• geochemical exchange

Production request:
Create isolated whole organism, parts, silhouette and material references.

Studio-resolved canonical values:
{{canonicalId}}, {{displayName}}, {{scientificName}}, {{originPlanet}}, {{planetType}}, {{biome}}, {{gravity}}, {{atmosphere}}, {{climate}}, {{temperatureRange}}, {{sizeScale}}, {{coloration}}, {{materials}}, {{distinctiveFeatures}}, {{lockedTraits}}, {{rarity}}, {{artDirection}}.

Preserve every locked canonical field exactly. The result must use NOVERIS Scientific Realism: premium AAA science-fiction quality, museum-grade reference presentation, scientifically plausible structure, coherent materials, restrained coloration unless canon requires otherwise, readable silhouette, consistent scale and anatomy or growth across all views, soft neutral studio lighting, pure black background for isolated references, full requested subject visibility, generous negative space, and PSD-friendly extraction. Habitat and biome outputs may use the canonical environment. No baked-in text, labels, watermark, logo, border, or UI.

Create four clearly different but canon-compliant versions. Preserve body plan or growth architecture, structural counts, environmental adaptations, materials, defining features, and locked coloration. Vary only permitted secondary proportions, markings, surface detail, minor ornamentation, natural wear, and pose or growth irregularity.

Recommended aspect ratio: 16:9.","text, labels, watermark, signature, logo, border, frame, UI, HUD, cropped subject, duplicate anatomy, contradictory anatomy, impossible balance, unsupported structures, random wings, random horns, humanoid default, fantasy armor, weapons, cartoon, anime, toy-like materials, excessive neon, excessive glow, oversaturated colors, busy background, motion blur, low resolution, compression artifacts, generic Earth copy, unsupported fantasy styling, traits conflicting with locked canon",1.0.0,canonical
NB2-PLT-PIII-004-PLASMA-FLORA-WHOLE-PLANT,PLT-PIII-004-PLASMA-FLORA,Plasma Flora,whole-plant,Whole Plant Production Render,3:4,"Create a canonical NOVERIS Nano Banana 2 visual for Plasma Flora: Whole Plant Production Render.

Canonical archetype:
A canonical plasma flora designed as a scientifically plausible plant-like or fungal organism whose anchoring, support, transport, energy capture, growth, reproduction, ecology, and environmental adaptations are internally coherent.

Required visual and biological rules:
• credible anchoring
• coherent support and transport
• functional energy collectors
• reproductive logic
• environment-linked growth
• stable field anchoring
• controlled luminosity
• persistent growth grammar

Production request:
Create complete mature organism including roots or anchor system.

Studio-resolved canonical values:
{{canonicalId}}, {{displayName}}, {{scientificName}}, {{originPlanet}}, {{planetType}}, {{biome}}, {{gravity}}, {{atmosphere}}, {{climate}}, {{temperatureRange}}, {{sizeScale}}, {{coloration}}, {{materials}}, {{distinctiveFeatures}}, {{lockedTraits}}, {{rarity}}, {{artDirection}}.

Preserve every locked canonical field exactly. The result must use NOVERIS Scientific Realism: premium AAA science-fiction quality, museum-grade reference presentation, scientifically plausible structure, coherent materials, restrained coloration unless canon requires otherwise, readable silhouette, consistent scale and anatomy or growth across all views, soft neutral studio lighting, pure black background for isolated references, full requested subject visibility, generous negative space, and PSD-friendly extraction. Habitat and biome outputs may use the canonical environment. No baked-in text, labels, watermark, logo, border, or UI.

Create four clearly different but canon-compliant versions. Preserve body plan or growth architecture, structural counts, environmental adaptations, materials, defining features, and locked coloration. Vary only permitted secondary proportions, markings, surface detail, minor ornamentation, natural wear, and pose or growth irregularity.

Recommended aspect ratio: 3:4.","text, labels, watermark, signature, logo, border, frame, UI, HUD, cropped subject, duplicate anatomy, contradictory anatomy, impossible balance, unsupported structures, random wings, random horns, humanoid default, fantasy armor, weapons, cartoon, anime, toy-like materials, excessive neon, excessive glow, oversaturated colors, busy background, motion blur, low resolution, compression artifacts, generic Earth copy, unsupported fantasy styling, traits conflicting with locked canon",1.0.0,canonical
NB2-PLT-PIII-004-PLASMA-FLORA-PORTRAIT,PLT-PIII-004-PLASMA-FLORA,Plasma Flora,portrait,Botanical Portrait,1:1,"Create a canonical NOVERIS Nano Banana 2 visual for Plasma Flora: Botanical Portrait.

Canonical archetype:
A canonical plasma flora designed as a scientifically plausible plant-like or fungal organism whose anchoring, support, transport, energy capture, growth, reproduction, ecology, and environmental adaptations are internally coherent.

Required visual and biological rules:
• credible anchoring
• coherent support and transport
• functional energy collectors
• reproductive logic
• environment-linked growth
• stable field anchoring
• controlled luminosity
• persistent growth grammar

Production request:
Create defining growth form, foliage, collectors and reproduction.

Studio-resolved canonical values:
{{canonicalId}}, {{displayName}}, {{scientificName}}, {{originPlanet}}, {{planetType}}, {{biome}}, {{gravity}}, {{atmosphere}}, {{climate}}, {{temperatureRange}}, {{sizeScale}}, {{coloration}}, {{materials}}, {{distinctiveFeatures}}, {{lockedTraits}}, {{rarity}}, {{artDirection}}.

Preserve every locked canonical field exactly. The result must use NOVERIS Scientific Realism: premium AAA science-fiction quality, museum-grade reference presentation, scientifically plausible structure, coherent materials, restrained coloration unless canon requires otherwise, readable silhouette, consistent scale and anatomy or growth across all views, soft neutral studio lighting, pure black background for isolated references, full requested subject visibility, generous negative space, and PSD-friendly extraction. Habitat and biome outputs may use the canonical environment. No baked-in text, labels, watermark, logo, border, or UI.

Create four clearly different but canon-compliant versions. Preserve body plan or growth architecture, structural counts, environmental adaptations, materials, defining features, and locked coloration. Vary only permitted secondary proportions, markings, surface detail, minor ornamentation, natural wear, and pose or growth irregularity.

Recommended aspect ratio: 1:1.","text, labels, watermark, signature, logo, border, frame, UI, HUD, cropped subject, duplicate anatomy, contradictory anatomy, impossible balance, unsupported structures, random wings, random horns, humanoid default, fantasy armor, weapons, cartoon, anime, toy-like materials, excessive neon, excessive glow, oversaturated colors, busy background, motion blur, low resolution, compression artifacts, generic Earth copy, unsupported fantasy styling, traits conflicting with locked canon",1.0.0,canonical
NB2-PLT-PIII-004-PLASMA-FLORA-ORTHO-FRONT,PLT-PIII-004-PLASMA-FLORA,Plasma Flora,ortho-front,Orthographic Front,3:4,"Create a canonical NOVERIS Nano Banana 2 visual for Plasma Flora: Orthographic Front.

Canonical archetype:
A canonical plasma flora designed as a scientifically plausible plant-like or fungal organism whose anchoring, support, transport, energy capture, growth, reproduction, ecology, and environmental adaptations are internally coherent.

Required visual and biological rules:
• credible anchoring
• coherent support and transport
• functional energy collectors
• reproductive logic
• environment-linked growth
• stable field anchoring
• controlled luminosity
• persistent growth grammar

Production request:
Create exact front orthographic view.

Studio-resolved canonical values:
{{canonicalId}}, {{displayName}}, {{scientificName}}, {{originPlanet}}, {{planetType}}, {{biome}}, {{gravity}}, {{atmosphere}}, {{climate}}, {{temperatureRange}}, {{sizeScale}}, {{coloration}}, {{materials}}, {{distinctiveFeatures}}, {{lockedTraits}}, {{rarity}}, {{artDirection}}.

Preserve every locked canonical field exactly. The result must use NOVERIS Scientific Realism: premium AAA science-fiction quality, museum-grade reference presentation, scientifically plausible structure, coherent materials, restrained coloration unless canon requires otherwise, readable silhouette, consistent scale and anatomy or growth across all views, soft neutral studio lighting, pure black background for isolated references, full requested subject visibility, generous negative space, and PSD-friendly extraction. Habitat and biome outputs may use the canonical environment. No baked-in text, labels, watermark, logo, border, or UI.

Create four clearly different but canon-compliant versions. Preserve body plan or growth architecture, structural counts, environmental adaptations, materials, defining features, and locked coloration. Vary only permitted secondary proportions, markings, surface detail, minor ornamentation, natural wear, and pose or growth irregularity.

Recommended aspect ratio: 3:4.","text, labels, watermark, signature, logo, border, frame, UI, HUD, cropped subject, duplicate anatomy, contradictory anatomy, impossible balance, unsupported structures, random wings, random horns, humanoid default, fantasy armor, weapons, cartoon, anime, toy-like materials, excessive neon, excessive glow, oversaturated colors, busy background, motion blur, low resolution, compression artifacts, generic Earth copy, unsupported fantasy styling, traits conflicting with locked canon",1.0.0,canonical
NB2-PLT-PIII-004-PLASMA-FLORA-ORTHO-SIDE,PLT-PIII-004-PLASMA-FLORA,Plasma Flora,ortho-side,Orthographic Side,3:4,"Create a canonical NOVERIS Nano Banana 2 visual for Plasma Flora: Orthographic Side.

Canonical archetype:
A canonical plasma flora designed as a scientifically plausible plant-like or fungal organism whose anchoring, support, transport, energy capture, growth, reproduction, ecology, and environmental adaptations are internally coherent.

Required visual and biological rules:
• credible anchoring
• coherent support and transport
• functional energy collectors
• reproductive logic
• environment-linked growth
• stable field anchoring
• controlled luminosity
• persistent growth grammar

Production request:
Create exact side orthographic view.

Studio-resolved canonical values:
{{canonicalId}}, {{displayName}}, {{scientificName}}, {{originPlanet}}, {{planetType}}, {{biome}}, {{gravity}}, {{atmosphere}}, {{climate}}, {{temperatureRange}}, {{sizeScale}}, {{coloration}}, {{materials}}, {{distinctiveFeatures}}, {{lockedTraits}}, {{rarity}}, {{artDirection}}.

Preserve every locked canonical field exactly. The result must use NOVERIS Scientific Realism: premium AAA science-fiction quality, museum-grade reference presentation, scientifically plausible structure, coherent materials, restrained coloration unless canon requires otherwise, readable silhouette, consistent scale and anatomy or growth across all views, soft neutral studio lighting, pure black background for isolated references, full requested subject visibility, generous negative space, and PSD-friendly extraction. Habitat and biome outputs may use the canonical environment. No baked-in text, labels, watermark, logo, border, or UI.

Create four clearly different but canon-compliant versions. Preserve body plan or growth architecture, structural counts, environmental adaptations, materials, defining features, and locked coloration. Vary only permitted secondary proportions, markings, surface detail, minor ornamentation, natural wear, and pose or growth irregularity.

Recommended aspect ratio: 3:4.","text, labels, watermark, signature, logo, border, frame, UI, HUD, cropped subject, duplicate anatomy, contradictory anatomy, impossible balance, unsupported structures, random wings, random horns, humanoid default, fantasy armor, weapons, cartoon, anime, toy-like materials, excessive neon, excessive glow, oversaturated colors, busy background, motion blur, low resolution, compression artifacts, generic Earth copy, unsupported fantasy styling, traits conflicting with locked canon",1.0.0,canonical
NB2-PLT-PIII-004-PLASMA-FLORA-ORTHO-TOP,PLT-PIII-004-PLASMA-FLORA,Plasma Flora,ortho-top,Orthographic Top,1:1,"Create a canonical NOVERIS Nano Banana 2 visual for Plasma Flora: Orthographic Top.

Canonical archetype:
A canonical plasma flora designed as a scientifically plausible plant-like or fungal organism whose anchoring, support, transport, energy capture, growth, reproduction, ecology, and environmental adaptations are internally coherent.

Required visual and biological rules:
• credible anchoring
• coherent support and transport
• functional energy collectors
• reproductive logic
• environment-linked growth
• stable field anchoring
• controlled luminosity
• persistent growth grammar

Production request:
Create exact top view showing spread and growth geometry.

Studio-resolved canonical values:
{{canonicalId}}, {{displayName}}, {{scientificName}}, {{originPlanet}}, {{planetType}}, {{biome}}, {{gravity}}, {{atmosphere}}, {{climate}}, {{temperatureRange}}, {{sizeScale}}, {{coloration}}, {{materials}}, {{distinctiveFeatures}}, {{lockedTraits}}, {{rarity}}, {{artDirection}}.

Preserve every locked canonical field exactly. The result must use NOVERIS Scientific Realism: premium AAA science-fiction quality, museum-grade reference presentation, scientifically plausible structure, coherent materials, restrained coloration unless canon requires otherwise, readable silhouette, consistent scale and anatomy or growth across all views, soft neutral studio lighting, pure black background for isolated references, full requested subject visibility, generous negative space, and PSD-friendly extraction. Habitat and biome outputs may use the canonical environment. No baked-in text, labels, watermark, logo, border, or UI.

Create four clearly different but canon-compliant versions. Preserve body plan or growth architecture, structural counts, environmental adaptations, materials, defining features, and locked coloration. Vary only permitted secondary proportions, markings, surface detail, minor ornamentation, natural wear, and pose or growth irregularity.

Recommended aspect ratio: 1:1.","text, labels, watermark, signature, logo, border, frame, UI, HUD, cropped subject, duplicate anatomy, contradictory anatomy, impossible balance, unsupported structures, random wings, random horns, humanoid default, fantasy armor, weapons, cartoon, anime, toy-like materials, excessive neon, excessive glow, oversaturated colors, busy background, motion blur, low resolution, compression artifacts, generic Earth copy, unsupported fantasy styling, traits conflicting with locked canon",1.0.0,canonical
NB2-PLT-PIII-004-PLASMA-FLORA-ROOTS,PLT-PIII-004-PLASMA-FLORA,Plasma Flora,roots,Root or Anchor System,16:9,"Create a canonical NOVERIS Nano Banana 2 visual for Plasma Flora: Root or Anchor System.

Canonical archetype:
A canonical plasma flora designed as a scientifically plausible plant-like or fungal organism whose anchoring, support, transport, energy capture, growth, reproduction, ecology, and environmental adaptations are internally coherent.

Required visual and biological rules:
• credible anchoring
• coherent support and transport
• functional energy collectors
• reproductive logic
• environment-linked growth
• stable field anchoring
• controlled luminosity
• persistent growth grammar

Production request:
Create complete substrate interface and nutrient exchange structures.

Studio-resolved canonical values:
{{canonicalId}}, {{displayName}}, {{scientificName}}, {{originPlanet}}, {{planetType}}, {{biome}}, {{gravity}}, {{atmosphere}}, {{climate}}, {{temperatureRange}}, {{sizeScale}}, {{coloration}}, {{materials}}, {{distinctiveFeatures}}, {{lockedTraits}}, {{rarity}}, {{artDirection}}.

Preserve every locked canonical field exactly. The result must use NOVERIS Scientific Realism: premium AAA science-fiction quality, museum-grade reference presentation, scientifically plausible structure, coherent materials, restrained coloration unless canon requires otherwise, readable silhouette, consistent scale and anatomy or growth across all views, soft neutral studio lighting, pure black background for isolated references, full requested subject visibility, generous negative space, and PSD-friendly extraction. Habitat and biome outputs may use the canonical environment. No baked-in text, labels, watermark, logo, border, or UI.

Create four clearly different but canon-compliant versions. Preserve body plan or growth architecture, structural counts, environmental adaptations, materials, defining features, and locked coloration. Vary only permitted secondary proportions, markings, surface detail, minor ornamentation, natural wear, and pose or growth irregularity.

Recommended aspect ratio: 16:9.","text, labels, watermark, signature, logo, border, frame, UI, HUD, cropped subject, duplicate anatomy, contradictory anatomy, impossible balance, unsupported structures, random wings, random horns, humanoid default, fantasy armor, weapons, cartoon, anime, toy-like materials, excessive neon, excessive glow, oversaturated colors, busy background, motion blur, low resolution, compression artifacts, generic Earth copy, unsupported fantasy styling, traits conflicting with locked canon",1.0.0,canonical
NB2-PLT-PIII-004-PLASMA-FLORA-STEMS,PLT-PIII-004-PLASMA-FLORA,Plasma Flora,stems,"Stem, Trunk or Structural Study",16:9,"Create a canonical NOVERIS Nano Banana 2 visual for Plasma Flora: Stem, Trunk or Structural Study.

Canonical archetype:
A canonical plasma flora designed as a scientifically plausible plant-like or fungal organism whose anchoring, support, transport, energy capture, growth, reproduction, ecology, and environmental adaptations are internally coherent.

Required visual and biological rules:
• credible anchoring
• coherent support and transport
• functional energy collectors
• reproductive logic
• environment-linked growth
• stable field anchoring
• controlled luminosity
• persistent growth grammar

Production request:
Create support and transport architecture.

Studio-resolved canonical values:
{{canonicalId}}, {{displayName}}, {{scientificName}}, {{originPlanet}}, {{planetType}}, {{biome}}, {{gravity}}, {{atmosphere}}, {{climate}}, {{temperatureRange}}, {{sizeScale}}, {{coloration}}, {{materials}}, {{distinctiveFeatures}}, {{lockedTraits}}, {{rarity}}, {{artDirection}}.

Preserve every locked canonical field exactly. The result must use NOVERIS Scientific Realism: premium AAA science-fiction quality, museum-grade reference presentation, scientifically plausible structure, coherent materials, restrained coloration unless canon requires otherwise, readable silhouette, consistent scale and anatomy or growth across all views, soft neutral studio lighting, pure black background for isolated references, full requested subject visibility, generous negative space, and PSD-friendly extraction. Habitat and biome outputs may use the canonical environment. No baked-in text, labels, watermark, logo, border, or UI.

Create four clearly different but canon-compliant versions. Preserve body plan or growth architecture, structural counts, environmental adaptations, materials, defining features, and locked coloration. Vary only permitted secondary proportions, markings, surface detail, minor ornamentation, natural wear, and pose or growth irregularity.

Recommended aspect ratio: 16:9.","text, labels, watermark, signature, logo, border, frame, UI, HUD, cropped subject, duplicate anatomy, contradictory anatomy, impossible balance, unsupported structures, random wings, random horns, humanoid default, fantasy armor, weapons, cartoon, anime, toy-like materials, excessive neon, excessive glow, oversaturated colors, busy background, motion blur, low resolution, compression artifacts, generic Earth copy, unsupported fantasy styling, traits conflicting with locked canon",1.0.0,canonical
NB2-PLT-PIII-004-PLASMA-FLORA-COLLECTORS,PLT-PIII-004-PLASMA-FLORA,Plasma Flora,collectors,Leaves or Collector Study,16:9,"Create a canonical NOVERIS Nano Banana 2 visual for Plasma Flora: Leaves or Collector Study.

Canonical archetype:
A canonical plasma flora designed as a scientifically plausible plant-like or fungal organism whose anchoring, support, transport, energy capture, growth, reproduction, ecology, and environmental adaptations are internally coherent.

Required visual and biological rules:
• credible anchoring
• coherent support and transport
• functional energy collectors
• reproductive logic
• environment-linked growth
• stable field anchoring
• controlled luminosity
• persistent growth grammar

Production request:
Create front, back, edge, juvenile, mature and stressed states.

Studio-resolved canonical values:
{{canonicalId}}, {{displayName}}, {{scientificName}}, {{originPlanet}}, {{planetType}}, {{biome}}, {{gravity}}, {{atmosphere}}, {{climate}}, {{temperatureRange}}, {{sizeScale}}, {{coloration}}, {{materials}}, {{distinctiveFeatures}}, {{lockedTraits}}, {{rarity}}, {{artDirection}}.

Preserve every locked canonical field exactly. The result must use NOVERIS Scientific Realism: premium AAA science-fiction quality, museum-grade reference presentation, scientifically plausible structure, coherent materials, restrained coloration unless canon requires otherwise, readable silhouette, consistent scale and anatomy or growth across all views, soft neutral studio lighting, pure black background for isolated references, full requested subject visibility, generous negative space, and PSD-friendly extraction. Habitat and biome outputs may use the canonical environment. No baked-in text, labels, watermark, logo, border, or UI.

Create four clearly different but canon-compliant versions. Preserve body plan or growth architecture, structural counts, environmental adaptations, materials, defining features, and locked coloration. Vary only permitted secondary proportions, markings, surface detail, minor ornamentation, natural wear, and pose or growth irregularity.

Recommended aspect ratio: 16:9.","text, labels, watermark, signature, logo, border, frame, UI, HUD, cropped subject, duplicate anatomy, contradictory anatomy, impossible balance, unsupported structures, random wings, random horns, humanoid default, fantasy armor, weapons, cartoon, anime, toy-like materials, excessive neon, excessive glow, oversaturated colors, busy background, motion blur, low resolution, compression artifacts, generic Earth copy, unsupported fantasy styling, traits conflicting with locked canon",1.0.0,canonical
NB2-PLT-PIII-004-PLASMA-FLORA-REPRODUCTION,PLT-PIII-004-PLASMA-FLORA,Plasma Flora,reproduction,Reproductive Structure,16:9,"Create a canonical NOVERIS Nano Banana 2 visual for Plasma Flora: Reproductive Structure.

Canonical archetype:
A canonical plasma flora designed as a scientifically plausible plant-like or fungal organism whose anchoring, support, transport, energy capture, growth, reproduction, ecology, and environmental adaptations are internally coherent.

Required visual and biological rules:
• credible anchoring
• coherent support and transport
• functional energy collectors
• reproductive logic
• environment-linked growth
• stable field anchoring
• controlled luminosity
• persistent growth grammar

Production request:
Create flowers, cones, spores, fields or equivalent stages.

Studio-resolved canonical values:
{{canonicalId}}, {{displayName}}, {{scientificName}}, {{originPlanet}}, {{planetType}}, {{biome}}, {{gravity}}, {{atmosphere}}, {{climate}}, {{temperatureRange}}, {{sizeScale}}, {{coloration}}, {{materials}}, {{distinctiveFeatures}}, {{lockedTraits}}, {{rarity}}, {{artDirection}}.

Preserve every locked canonical field exactly. The result must use NOVERIS Scientific Realism: premium AAA science-fiction quality, museum-grade reference presentation, scientifically plausible structure, coherent materials, restrained coloration unless canon requires otherwise, readable silhouette, consistent scale and anatomy or growth across all views, soft neutral studio lighting, pure black background for isolated references, full requested subject visibility, generous negative space, and PSD-friendly extraction. Habitat and biome outputs may use the canonical environment. No baked-in text, labels, watermark, logo, border, or UI.

Create four clearly different but canon-compliant versions. Preserve body plan or growth architecture, structural counts, environmental adaptations, materials, defining features, and locked coloration. Vary only permitted secondary proportions, markings, surface detail, minor ornamentation, natural wear, and pose or growth irregularity.

Recommended aspect ratio: 16:9.","text, labels, watermark, signature, logo, border, frame, UI, HUD, cropped subject, duplicate anatomy, contradictory anatomy, impossible balance, unsupported structures, random wings, random horns, humanoid default, fantasy armor, weapons, cartoon, anime, toy-like materials, excessive neon, excessive glow, oversaturated colors, busy background, motion blur, low resolution, compression artifacts, generic Earth copy, unsupported fantasy styling, traits conflicting with locked canon",1.0.0,canonical
NB2-PLT-PIII-004-PLASMA-FLORA-PROPAGULES,PLT-PIII-004-PLASMA-FLORA,Plasma Flora,propagules,"Seed, Spore or Propagule Study",16:9,"Create a canonical NOVERIS Nano Banana 2 visual for Plasma Flora: Seed, Spore or Propagule Study.

Canonical archetype:
A canonical plasma flora designed as a scientifically plausible plant-like or fungal organism whose anchoring, support, transport, energy capture, growth, reproduction, ecology, and environmental adaptations are internally coherent.

Required visual and biological rules:
• credible anchoring
• coherent support and transport
• functional energy collectors
• reproductive logic
• environment-linked growth
• stable field anchoring
• controlled luminosity
• persistent growth grammar

Production request:
Create dispersal, germination and early establishment.

Studio-resolved canonical values:
{{canonicalId}}, {{displayName}}, {{scientificName}}, {{originPlanet}}, {{planetType}}, {{biome}}, {{gravity}}, {{atmosphere}}, {{climate}}, {{temperatureRange}}, {{sizeScale}}, {{coloration}}, {{materials}}, {{distinctiveFeatures}}, {{lockedTraits}}, {{rarity}}, {{artDirection}}.

Preserve every locked canonical field exactly. The result must use NOVERIS Scientific Realism: premium AAA science-fiction quality, museum-grade reference presentation, scientifically plausible structure, coherent materials, restrained coloration unless canon requires otherwise, readable silhouette, consistent scale and anatomy or growth across all views, soft neutral studio lighting, pure black background for isolated references, full requested subject visibility, generous negative space, and PSD-friendly extraction. Habitat and biome outputs may use the canonical environment. No baked-in text, labels, watermark, logo, border, or UI.

Create four clearly different but canon-compliant versions. Preserve body plan or growth architecture, structural counts, environmental adaptations, materials, defining features, and locked coloration. Vary only permitted secondary proportions, markings, surface detail, minor ornamentation, natural wear, and pose or growth irregularity.

Recommended aspect ratio: 16:9.","text, labels, watermark, signature, logo, border, frame, UI, HUD, cropped subject, duplicate anatomy, contradictory anatomy, impossible balance, unsupported structures, random wings, random horns, humanoid default, fantasy armor, weapons, cartoon, anime, toy-like materials, excessive neon, excessive glow, oversaturated colors, busy background, motion blur, low resolution, compression artifacts, generic Earth copy, unsupported fantasy styling, traits conflicting with locked canon",1.0.0,canonical
NB2-PLT-PIII-004-PLASMA-FLORA-CROSS-SECTION,PLT-PIII-004-PLASMA-FLORA,Plasma Flora,cross-section,Internal Cross Section,16:9,"Create a canonical NOVERIS Nano Banana 2 visual for Plasma Flora: Internal Cross Section.

Canonical archetype:
A canonical plasma flora designed as a scientifically plausible plant-like or fungal organism whose anchoring, support, transport, energy capture, growth, reproduction, ecology, and environmental adaptations are internally coherent.

Required visual and biological rules:
• credible anchoring
• coherent support and transport
• functional energy collectors
• reproductive logic
• environment-linked growth
• stable field anchoring
• controlled luminosity
• persistent growth grammar

Production request:
Create protection, transport, support, storage and reproduction.

Studio-resolved canonical values:
{{canonicalId}}, {{displayName}}, {{scientificName}}, {{originPlanet}}, {{planetType}}, {{biome}}, {{gravity}}, {{atmosphere}}, {{climate}}, {{temperatureRange}}, {{sizeScale}}, {{coloration}}, {{materials}}, {{distinctiveFeatures}}, {{lockedTraits}}, {{rarity}}, {{artDirection}}.

Preserve every locked canonical field exactly. The result must use NOVERIS Scientific Realism: premium AAA science-fiction quality, museum-grade reference presentation, scientifically plausible structure, coherent materials, restrained coloration unless canon requires otherwise, readable silhouette, consistent scale and anatomy or growth across all views, soft neutral studio lighting, pure black background for isolated references, full requested subject visibility, generous negative space, and PSD-friendly extraction. Habitat and biome outputs may use the canonical environment. No baked-in text, labels, watermark, logo, border, or UI.

Create four clearly different but canon-compliant versions. Preserve body plan or growth architecture, structural counts, environmental adaptations, materials, defining features, and locked coloration. Vary only permitted secondary proportions, markings, surface detail, minor ornamentation, natural wear, and pose or growth irregularity.

Recommended aspect ratio: 16:9.","text, labels, watermark, signature, logo, border, frame, UI, HUD, cropped subject, duplicate anatomy, contradictory anatomy, impossible balance, unsupported structures, random wings, random horns, humanoid default, fantasy armor, weapons, cartoon, anime, toy-like materials, excessive neon, excessive glow, oversaturated colors, busy background, motion blur, low resolution, compression artifacts, generic Earth copy, unsupported fantasy styling, traits conflicting with locked canon",1.0.0,canonical
NB2-PLT-PIII-004-PLASMA-FLORA-GROWTH,PLT-PIII-004-PLASMA-FLORA,Plasma Flora,growth,Growth Stages,16:9,"Create a canonical NOVERIS Nano Banana 2 visual for Plasma Flora: Growth Stages.

Canonical archetype:
A canonical plasma flora designed as a scientifically plausible plant-like or fungal organism whose anchoring, support, transport, energy capture, growth, reproduction, ecology, and environmental adaptations are internally coherent.

Required visual and biological rules:
• credible anchoring
• coherent support and transport
• functional energy collectors
• reproductive logic
• environment-linked growth
• stable field anchoring
• controlled luminosity
• persistent growth grammar

Production request:
Create propagule, juvenile, mature, reproductive and senescent stages.

Studio-resolved canonical values:
{{canonicalId}}, {{displayName}}, {{scientificName}}, {{originPlanet}}, {{planetType}}, {{biome}}, {{gravity}}, {{atmosphere}}, {{climate}}, {{temperatureRange}}, {{sizeScale}}, {{coloration}}, {{materials}}, {{distinctiveFeatures}}, {{lockedTraits}}, {{rarity}}, {{artDirection}}.

Preserve every locked canonical field exactly. The result must use NOVERIS Scientific Realism: premium AAA science-fiction quality, museum-grade reference presentation, scientifically plausible structure, coherent materials, restrained coloration unless canon requires otherwise, readable silhouette, consistent scale and anatomy or growth across all views, soft neutral studio lighting, pure black background for isolated references, full requested subject visibility, generous negative space, and PSD-friendly extraction. Habitat and biome outputs may use the canonical environment. No baked-in text, labels, watermark, logo, border, or UI.

Create four clearly different but canon-compliant versions. Preserve body plan or growth architecture, structural counts, environmental adaptations, materials, defining features, and locked coloration. Vary only permitted secondary proportions, markings, surface detail, minor ornamentation, natural wear, and pose or growth irregularity.

Recommended aspect ratio: 16:9.","text, labels, watermark, signature, logo, border, frame, UI, HUD, cropped subject, duplicate anatomy, contradictory anatomy, impossible balance, unsupported structures, random wings, random horns, humanoid default, fantasy armor, weapons, cartoon, anime, toy-like materials, excessive neon, excessive glow, oversaturated colors, busy background, motion blur, low resolution, compression artifacts, generic Earth copy, unsupported fantasy styling, traits conflicting with locked canon",1.0.0,canonical
NB2-PLT-PIII-004-PLASMA-FLORA-SEASONAL,PLT-PIII-004-PLASMA-FLORA,Plasma Flora,seasonal,Seasonal and Stress Variants,16:9,"Create a canonical NOVERIS Nano Banana 2 visual for Plasma Flora: Seasonal and Stress Variants.

Canonical archetype:
A canonical plasma flora designed as a scientifically plausible plant-like or fungal organism whose anchoring, support, transport, energy capture, growth, reproduction, ecology, and environmental adaptations are internally coherent.

Required visual and biological rules:
• credible anchoring
• coherent support and transport
• functional energy collectors
• reproductive logic
• environment-linked growth
• stable field anchoring
• controlled luminosity
• persistent growth grammar

Production request:
Create growth, reproduction, dormancy, damage and recovery.

Studio-resolved canonical values:
{{canonicalId}}, {{displayName}}, {{scientificName}}, {{originPlanet}}, {{planetType}}, {{biome}}, {{gravity}}, {{atmosphere}}, {{climate}}, {{temperatureRange}}, {{sizeScale}}, {{coloration}}, {{materials}}, {{distinctiveFeatures}}, {{lockedTraits}}, {{rarity}}, {{artDirection}}.

Preserve every locked canonical field exactly. The result must use NOVERIS Scientific Realism: premium AAA science-fiction quality, museum-grade reference presentation, scientifically plausible structure, coherent materials, restrained coloration unless canon requires otherwise, readable silhouette, consistent scale and anatomy or growth across all views, soft neutral studio lighting, pure black background for isolated references, full requested subject visibility, generous negative space, and PSD-friendly extraction. Habitat and biome outputs may use the canonical environment. No baked-in text, labels, watermark, logo, border, or UI.

Create four clearly different but canon-compliant versions. Preserve body plan or growth architecture, structural counts, environmental adaptations, materials, defining features, and locked coloration. Vary only permitted secondary proportions, markings, surface detail, minor ornamentation, natural wear, and pose or growth irregularity.

Recommended aspect ratio: 16:9.","text, labels, watermark, signature, logo, border, frame, UI, HUD, cropped subject, duplicate anatomy, contradictory anatomy, impossible balance, unsupported structures, random wings, random horns, humanoid default, fantasy armor, weapons, cartoon, anime, toy-like materials, excessive neon, excessive glow, oversaturated colors, busy background, motion blur, low resolution, compression artifacts, generic Earth copy, unsupported fantasy styling, traits conflicting with locked canon",1.0.0,canonical
NB2-PLT-PIII-004-PLASMA-FLORA-HABITAT,PLT-PIII-004-PLASMA-FLORA,Plasma Flora,habitat,Native Habitat Composition,16:9,"Create a canonical NOVERIS Nano Banana 2 visual for Plasma Flora: Native Habitat Composition.

Canonical archetype:
A canonical plasma flora designed as a scientifically plausible plant-like or fungal organism whose anchoring, support, transport, energy capture, growth, reproduction, ecology, and environmental adaptations are internally coherent.

Required visual and biological rules:
• credible anchoring
• coherent support and transport
• functional energy collectors
• reproductive logic
• environment-linked growth
• stable field anchoring
• controlled luminosity
• persistent growth grammar

Production request:
Create natural population with spacing and age diversity.

Studio-resolved canonical values:
{{canonicalId}}, {{displayName}}, {{scientificName}}, {{originPlanet}}, {{planetType}}, {{biome}}, {{gravity}}, {{atmosphere}}, {{climate}}, {{temperatureRange}}, {{sizeScale}}, {{coloration}}, {{materials}}, {{distinctiveFeatures}}, {{lockedTraits}}, {{rarity}}, {{artDirection}}.

Preserve every locked canonical field exactly. The result must use NOVERIS Scientific Realism: premium AAA science-fiction quality, museum-grade reference presentation, scientifically plausible structure, coherent materials, restrained coloration unless canon requires otherwise, readable silhouette, consistent scale and anatomy or growth across all views, soft neutral studio lighting, pure black background for isolated references, full requested subject visibility, generous negative space, and PSD-friendly extraction. Habitat and biome outputs may use the canonical environment. No baked-in text, labels, watermark, logo, border, or UI.

Create four clearly different but canon-compliant versions. Preserve body plan or growth architecture, structural counts, environmental adaptations, materials, defining features, and locked coloration. Vary only permitted secondary proportions, markings, surface detail, minor ornamentation, natural wear, and pose or growth irregularity.

Recommended aspect ratio: 16:9.","text, labels, watermark, signature, logo, border, frame, UI, HUD, cropped subject, duplicate anatomy, contradictory anatomy, impossible balance, unsupported structures, random wings, random horns, humanoid default, fantasy armor, weapons, cartoon, anime, toy-like materials, excessive neon, excessive glow, oversaturated colors, busy background, motion blur, low resolution, compression artifacts, generic Earth copy, unsupported fantasy styling, traits conflicting with locked canon",1.0.0,canonical
NB2-PLT-PIII-004-PLASMA-FLORA-BIOME,PLT-PIII-004-PLASMA-FLORA,Plasma Flora,biome,Biome Composition,16:9,"Create a canonical NOVERIS Nano Banana 2 visual for Plasma Flora: Biome Composition.

Canonical archetype:
A canonical plasma flora designed as a scientifically plausible plant-like or fungal organism whose anchoring, support, transport, energy capture, growth, reproduction, ecology, and environmental adaptations are internally coherent.

Required visual and biological rules:
• credible anchoring
• coherent support and transport
• functional energy collectors
• reproductive logic
• environment-linked growth
• stable field anchoring
• controlled luminosity
• persistent growth grammar

Production request:
Create coordinated vegetation set at consistent scale.

Studio-resolved canonical values:
{{canonicalId}}, {{displayName}}, {{scientificName}}, {{originPlanet}}, {{planetType}}, {{biome}}, {{gravity}}, {{atmosphere}}, {{climate}}, {{temperatureRange}}, {{sizeScale}}, {{coloration}}, {{materials}}, {{distinctiveFeatures}}, {{lockedTraits}}, {{rarity}}, {{artDirection}}.

Preserve every locked canonical field exactly. The result must use NOVERIS Scientific Realism: premium AAA science-fiction quality, museum-grade reference presentation, scientifically plausible structure, coherent materials, restrained coloration unless canon requires otherwise, readable silhouette, consistent scale and anatomy or growth across all views, soft neutral studio lighting, pure black background for isolated references, full requested subject visibility, generous negative space, and PSD-friendly extraction. Habitat and biome outputs may use the canonical environment. No baked-in text, labels, watermark, logo, border, or UI.

Create four clearly different but canon-compliant versions. Preserve body plan or growth architecture, structural counts, environmental adaptations, materials, defining features, and locked coloration. Vary only permitted secondary proportions, markings, surface detail, minor ornamentation, natural wear, and pose or growth irregularity.

Recommended aspect ratio: 16:9.","text, labels, watermark, signature, logo, border, frame, UI, HUD, cropped subject, duplicate anatomy, contradictory anatomy, impossible balance, unsupported structures, random wings, random horns, humanoid default, fantasy armor, weapons, cartoon, anime, toy-like materials, excessive neon, excessive glow, oversaturated colors, busy background, motion blur, low resolution, compression artifacts, generic Earth copy, unsupported fantasy styling, traits conflicting with locked canon",1.0.0,canonical
NB2-PLT-PIII-004-PLASMA-FLORA-DISCOVERY,PLT-PIII-004-PLASMA-FLORA,Plasma Flora,discovery,Discovery Scan,16:9,"Create a canonical NOVERIS Nano Banana 2 visual for Plasma Flora: Discovery Scan.

Canonical archetype:
A canonical plasma flora designed as a scientifically plausible plant-like or fungal organism whose anchoring, support, transport, energy capture, growth, reproduction, ecology, and environmental adaptations are internally coherent.

Required visual and biological rules:
• credible anchoring
• coherent support and transport
• functional energy collectors
• reproductive logic
• environment-linked growth
• stable field anchoring
• controlled luminosity
• persistent growth grammar

Production request:
Create centered scientific scan source without labels.

Studio-resolved canonical values:
{{canonicalId}}, {{displayName}}, {{scientificName}}, {{originPlanet}}, {{planetType}}, {{biome}}, {{gravity}}, {{atmosphere}}, {{climate}}, {{temperatureRange}}, {{sizeScale}}, {{coloration}}, {{materials}}, {{distinctiveFeatures}}, {{lockedTraits}}, {{rarity}}, {{artDirection}}.

Preserve every locked canonical field exactly. The result must use NOVERIS Scientific Realism: premium AAA science-fiction quality, museum-grade reference presentation, scientifically plausible structure, coherent materials, restrained coloration unless canon requires otherwise, readable silhouette, consistent scale and anatomy or growth across all views, soft neutral studio lighting, pure black background for isolated references, full requested subject visibility, generous negative space, and PSD-friendly extraction. Habitat and biome outputs may use the canonical environment. No baked-in text, labels, watermark, logo, border, or UI.

Create four clearly different but canon-compliant versions. Preserve body plan or growth architecture, structural counts, environmental adaptations, materials, defining features, and locked coloration. Vary only permitted secondary proportions, markings, surface detail, minor ornamentation, natural wear, and pose or growth irregularity.

Recommended aspect ratio: 16:9.","text, labels, watermark, signature, logo, border, frame, UI, HUD, cropped subject, duplicate anatomy, contradictory anatomy, impossible balance, unsupported structures, random wings, random horns, humanoid default, fantasy armor, weapons, cartoon, anime, toy-like materials, excessive neon, excessive glow, oversaturated colors, busy background, motion blur, low resolution, compression artifacts, generic Earth copy, unsupported fantasy styling, traits conflicting with locked canon",1.0.0,canonical
NB2-PLT-PIII-004-PLASMA-FLORA-ICON,PLT-PIII-004-PLASMA-FLORA,Plasma Flora,icon,UI Icon,1:1,"Create a canonical NOVERIS Nano Banana 2 visual for Plasma Flora: UI Icon.

Canonical archetype:
A canonical plasma flora designed as a scientifically plausible plant-like or fungal organism whose anchoring, support, transport, energy capture, growth, reproduction, ecology, and environmental adaptations are internally coherent.

Required visual and biological rules:
• credible anchoring
• coherent support and transport
• functional energy collectors
• reproductive logic
• environment-linked growth
• stable field anchoring
• controlled luminosity
• persistent growth grammar

Production request:
Create isolated silhouette readable at 64 pixels.

Studio-resolved canonical values:
{{canonicalId}}, {{displayName}}, {{scientificName}}, {{originPlanet}}, {{planetType}}, {{biome}}, {{gravity}}, {{atmosphere}}, {{climate}}, {{temperatureRange}}, {{sizeScale}}, {{coloration}}, {{materials}}, {{distinctiveFeatures}}, {{lockedTraits}}, {{rarity}}, {{artDirection}}.

Preserve every locked canonical field exactly. The result must use NOVERIS Scientific Realism: premium AAA science-fiction quality, museum-grade reference presentation, scientifically plausible structure, coherent materials, restrained coloration unless canon requires otherwise, readable silhouette, consistent scale and anatomy or growth across all views, soft neutral studio lighting, pure black background for isolated references, full requested subject visibility, generous negative space, and PSD-friendly extraction. Habitat and biome outputs may use the canonical environment. No baked-in text, labels, watermark, logo, border, or UI.

Create four clearly different but canon-compliant versions. Preserve body plan or growth architecture, structural counts, environmental adaptations, materials, defining features, and locked coloration. Vary only permitted secondary proportions, markings, surface detail, minor ornamentation, natural wear, and pose or growth irregularity.

Recommended aspect ratio: 1:1.","text, labels, watermark, signature, logo, border, frame, UI, HUD, cropped subject, duplicate anatomy, contradictory anatomy, impossible balance, unsupported structures, random wings, random horns, humanoid default, fantasy armor, weapons, cartoon, anime, toy-like materials, excessive neon, excessive glow, oversaturated colors, busy background, motion blur, low resolution, compression artifacts, generic Earth copy, unsupported fantasy styling, traits conflicting with locked canon",1.0.0,canonical
NB2-PLT-PIII-004-PLASMA-FLORA-SCALE,PLT-PIII-004-PLASMA-FLORA,Plasma Flora,scale,Scale Comparison,16:9,"Create a canonical NOVERIS Nano Banana 2 visual for Plasma Flora: Scale Comparison.

Canonical archetype:
A canonical plasma flora designed as a scientifically plausible plant-like or fungal organism whose anchoring, support, transport, energy capture, growth, reproduction, ecology, and environmental adaptations are internally coherent.

Required visual and biological rules:
• credible anchoring
• coherent support and transport
• functional energy collectors
• reproductive logic
• environment-linked growth
• stable field anchoring
• controlled luminosity
• persistent growth grammar

Production request:
Create side view with adult human silhouette and one-meter bar.

Studio-resolved canonical values:
{{canonicalId}}, {{displayName}}, {{scientificName}}, {{originPlanet}}, {{planetType}}, {{biome}}, {{gravity}}, {{atmosphere}}, {{climate}}, {{temperatureRange}}, {{sizeScale}}, {{coloration}}, {{materials}}, {{distinctiveFeatures}}, {{lockedTraits}}, {{rarity}}, {{artDirection}}.

Preserve every locked canonical field exactly. The result must use NOVERIS Scientific Realism: premium AAA science-fiction quality, museum-grade reference presentation, scientifically plausible structure, coherent materials, restrained coloration unless canon requires otherwise, readable silhouette, consistent scale and anatomy or growth across all views, soft neutral studio lighting, pure black background for isolated references, full requested subject visibility, generous negative space, and PSD-friendly extraction. Habitat and biome outputs may use the canonical environment. No baked-in text, labels, watermark, logo, border, or UI.

Create four clearly different but canon-compliant versions. Preserve body plan or growth architecture, structural counts, environmental adaptations, materials, defining features, and locked coloration. Vary only permitted secondary proportions, markings, surface detail, minor ornamentation, natural wear, and pose or growth irregularity.

Recommended aspect ratio: 16:9.","text, labels, watermark, signature, logo, border, frame, UI, HUD, cropped subject, duplicate anatomy, contradictory anatomy, impossible balance, unsupported structures, random wings, random horns, humanoid default, fantasy armor, weapons, cartoon, anime, toy-like materials, excessive neon, excessive glow, oversaturated colors, busy background, motion blur, low resolution, compression artifacts, generic Earth copy, unsupported fantasy styling, traits conflicting with locked canon",1.0.0,canonical
NB2-PLT-PIII-004-PLASMA-FLORA-PLATE,PLT-PIII-004-PLASMA-FLORA,Plasma Flora,plate,Master Botanical Plate,16:9,"Create a canonical NOVERIS Nano Banana 2 visual for Plasma Flora: Master Botanical Plate.

Canonical archetype:
A canonical plasma flora designed as a scientifically plausible plant-like or fungal organism whose anchoring, support, transport, energy capture, growth, reproduction, ecology, and environmental adaptations are internally coherent.

Required visual and biological rules:
• credible anchoring
• coherent support and transport
• functional energy collectors
• reproductive logic
• environment-linked growth
• stable field anchoring
• controlled luminosity
• persistent growth grammar

Production request:
Create whole organism, views, roots, structure, collectors, reproduction, stages, materials and habitat vignette.

Studio-resolved canonical values:
{{canonicalId}}, {{displayName}}, {{scientificName}}, {{originPlanet}}, {{planetType}}, {{biome}}, {{gravity}}, {{atmosphere}}, {{climate}}, {{temperatureRange}}, {{sizeScale}}, {{coloration}}, {{materials}}, {{distinctiveFeatures}}, {{lockedTraits}}, {{rarity}}, {{artDirection}}.

Preserve every locked canonical field exactly. The result must use NOVERIS Scientific Realism: premium AAA science-fiction quality, museum-grade reference presentation, scientifically plausible structure, coherent materials, restrained coloration unless canon requires otherwise, readable silhouette, consistent scale and anatomy or growth across all views, soft neutral studio lighting, pure black background for isolated references, full requested subject visibility, generous negative space, and PSD-friendly extraction. Habitat and biome outputs may use the canonical environment. No baked-in text, labels, watermark, logo, border, or UI.

Create four clearly different but canon-compliant versions. Preserve body plan or growth architecture, structural counts, environmental adaptations, materials, defining features, and locked coloration. Vary only permitted secondary proportions, markings, surface detail, minor ornamentation, natural wear, and pose or growth irregularity.

Recommended aspect ratio: 16:9.","text, labels, watermark, signature, logo, border, frame, UI, HUD, cropped subject, duplicate anatomy, contradictory anatomy, impossible balance, unsupported structures, random wings, random horns, humanoid default, fantasy armor, weapons, cartoon, anime, toy-like materials, excessive neon, excessive glow, oversaturated colors, busy background, motion blur, low resolution, compression artifacts, generic Earth copy, unsupported fantasy styling, traits conflicting with locked canon",1.0.0,canonical
NB2-PLT-PIII-004-PLASMA-FLORA-PSD,PLT-PIII-004-PLASMA-FLORA,Plasma Flora,psd,PSD Extraction Board,16:9,"Create a canonical NOVERIS Nano Banana 2 visual for Plasma Flora: PSD Extraction Board.

Canonical archetype:
A canonical plasma flora designed as a scientifically plausible plant-like or fungal organism whose anchoring, support, transport, energy capture, growth, reproduction, ecology, and environmental adaptations are internally coherent.

Required visual and biological rules:
• credible anchoring
• coherent support and transport
• functional energy collectors
• reproductive logic
• environment-linked growth
• stable field anchoring
• controlled luminosity
• persistent growth grammar

Production request:
Create isolated whole organism, parts, silhouette and material references.

Studio-resolved canonical values:
{{canonicalId}}, {{displayName}}, {{scientificName}}, {{originPlanet}}, {{planetType}}, {{biome}}, {{gravity}}, {{atmosphere}}, {{climate}}, {{temperatureRange}}, {{sizeScale}}, {{coloration}}, {{materials}}, {{distinctiveFeatures}}, {{lockedTraits}}, {{rarity}}, {{artDirection}}.

Preserve every locked canonical field exactly. The result must use NOVERIS Scientific Realism: premium AAA science-fiction quality, museum-grade reference presentation, scientifically plausible structure, coherent materials, restrained coloration unless canon requires otherwise, readable silhouette, consistent scale and anatomy or growth across all views, soft neutral studio lighting, pure black background for isolated references, full requested subject visibility, generous negative space, and PSD-friendly extraction. Habitat and biome outputs may use the canonical environment. No baked-in text, labels, watermark, logo, border, or UI.

Create four clearly different but canon-compliant versions. Preserve body plan or growth architecture, structural counts, environmental adaptations, materials, defining features, and locked coloration. Vary only permitted secondary proportions, markings, surface detail, minor ornamentation, natural wear, and pose or growth irregularity.

Recommended aspect ratio: 16:9.","text, labels, watermark, signature, logo, border, frame, UI, HUD, cropped subject, duplicate anatomy, contradictory anatomy, impossible balance, unsupported structures, random wings, random horns, humanoid default, fantasy armor, weapons, cartoon, anime, toy-like materials, excessive neon, excessive glow, oversaturated colors, busy background, motion blur, low resolution, compression artifacts, generic Earth copy, unsupported fantasy styling, traits conflicting with locked canon",1.0.0,canonical
NB2-PLT-PIII-005-GAS-FLORA-WHOLE-PLANT,PLT-PIII-005-GAS-FLORA,Gas Flora,whole-plant,Whole Plant Production Render,3:4,"Create a canonical NOVERIS Nano Banana 2 visual for Gas Flora: Whole Plant Production Render.

Canonical archetype:
A canonical gas flora designed as a scientifically plausible plant-like or fungal organism whose anchoring, support, transport, energy capture, growth, reproduction, ecology, and environmental adaptations are internally coherent.

Required visual and biological rules:
• credible anchoring
• coherent support and transport
• functional energy collectors
• reproductive logic
• environment-linked growth
• stable field anchoring
• controlled luminosity
• persistent growth grammar

Production request:
Create complete mature organism including roots or anchor system.

Studio-resolved canonical values:
{{canonicalId}}, {{displayName}}, {{scientificName}}, {{originPlanet}}, {{planetType}}, {{biome}}, {{gravity}}, {{atmosphere}}, {{climate}}, {{temperatureRange}}, {{sizeScale}}, {{coloration}}, {{materials}}, {{distinctiveFeatures}}, {{lockedTraits}}, {{rarity}}, {{artDirection}}.

Preserve every locked canonical field exactly. The result must use NOVERIS Scientific Realism: premium AAA science-fiction quality, museum-grade reference presentation, scientifically plausible structure, coherent materials, restrained coloration unless canon requires otherwise, readable silhouette, consistent scale and anatomy or growth across all views, soft neutral studio lighting, pure black background for isolated references, full requested subject visibility, generous negative space, and PSD-friendly extraction. Habitat and biome outputs may use the canonical environment. No baked-in text, labels, watermark, logo, border, or UI.

Create four clearly different but canon-compliant versions. Preserve body plan or growth architecture, structural counts, environmental adaptations, materials, defining features, and locked coloration. Vary only permitted secondary proportions, markings, surface detail, minor ornamentation, natural wear, and pose or growth irregularity.

Recommended aspect ratio: 3:4.","text, labels, watermark, signature, logo, border, frame, UI, HUD, cropped subject, duplicate anatomy, contradictory anatomy, impossible balance, unsupported structures, random wings, random horns, humanoid default, fantasy armor, weapons, cartoon, anime, toy-like materials, excessive neon, excessive glow, oversaturated colors, busy background, motion blur, low resolution, compression artifacts, generic Earth copy, unsupported fantasy styling, traits conflicting with locked canon",1.0.0,canonical
NB2-PLT-PIII-005-GAS-FLORA-PORTRAIT,PLT-PIII-005-GAS-FLORA,Gas Flora,portrait,Botanical Portrait,1:1,"Create a canonical NOVERIS Nano Banana 2 visual for Gas Flora: Botanical Portrait.

Canonical archetype:
A canonical gas flora designed as a scientifically plausible plant-like or fungal organism whose anchoring, support, transport, energy capture, growth, reproduction, ecology, and environmental adaptations are internally coherent.

Required visual and biological rules:
• credible anchoring
• coherent support and transport
• functional energy collectors
• reproductive logic
• environment-linked growth
• stable field anchoring
• controlled luminosity
• persistent growth grammar

Production request:
Create defining growth form, foliage, collectors and reproduction.

Studio-resolved canonical values:
{{canonicalId}}, {{displayName}}, {{scientificName}}, {{originPlanet}}, {{planetType}}, {{biome}}, {{gravity}}, {{atmosphere}}, {{climate}}, {{temperatureRange}}, {{sizeScale}}, {{coloration}}, {{materials}}, {{distinctiveFeatures}}, {{lockedTraits}}, {{rarity}}, {{artDirection}}.

Preserve every locked canonical field exactly. The result must use NOVERIS Scientific Realism: premium AAA science-fiction quality, museum-grade reference presentation, scientifically plausible structure, coherent materials, restrained coloration unless canon requires otherwise, readable silhouette, consistent scale and anatomy or growth across all views, soft neutral studio lighting, pure black background for isolated references, full requested subject visibility, generous negative space, and PSD-friendly extraction. Habitat and biome outputs may use the canonical environment. No baked-in text, labels, watermark, logo, border, or UI.

Create four clearly different but canon-compliant versions. Preserve body plan or growth architecture, structural counts, environmental adaptations, materials, defining features, and locked coloration. Vary only permitted secondary proportions, markings, surface detail, minor ornamentation, natural wear, and pose or growth irregularity.

Recommended aspect ratio: 1:1.","text, labels, watermark, signature, logo, border, frame, UI, HUD, cropped subject, duplicate anatomy, contradictory anatomy, impossible balance, unsupported structures, random wings, random horns, humanoid default, fantasy armor, weapons, cartoon, anime, toy-like materials, excessive neon, excessive glow, oversaturated colors, busy background, motion blur, low resolution, compression artifacts, generic Earth copy, unsupported fantasy styling, traits conflicting with locked canon",1.0.0,canonical
NB2-PLT-PIII-005-GAS-FLORA-ORTHO-FRONT,PLT-PIII-005-GAS-FLORA,Gas Flora,ortho-front,Orthographic Front,3:4,"Create a canonical NOVERIS Nano Banana 2 visual for Gas Flora: Orthographic Front.

Canonical archetype:
A canonical gas flora designed as a scientifically plausible plant-like or fungal organism whose anchoring, support, transport, energy capture, growth, reproduction, ecology, and environmental adaptations are internally coherent.

Required visual and biological rules:
• credible anchoring
• coherent support and transport
• functional energy collectors
• reproductive logic
• environment-linked growth
• stable field anchoring
• controlled luminosity
• persistent growth grammar

Production request:
Create exact front orthographic view.

Studio-resolved canonical values:
{{canonicalId}}, {{displayName}}, {{scientificName}}, {{originPlanet}}, {{planetType}}, {{biome}}, {{gravity}}, {{atmosphere}}, {{climate}}, {{temperatureRange}}, {{sizeScale}}, {{coloration}}, {{materials}}, {{distinctiveFeatures}}, {{lockedTraits}}, {{rarity}}, {{artDirection}}.

Preserve every locked canonical field exactly. The result must use NOVERIS Scientific Realism: premium AAA science-fiction quality, museum-grade reference presentation, scientifically plausible structure, coherent materials, restrained coloration unless canon requires otherwise, readable silhouette, consistent scale and anatomy or growth across all views, soft neutral studio lighting, pure black background for isolated references, full requested subject visibility, generous negative space, and PSD-friendly extraction. Habitat and biome outputs may use the canonical environment. No baked-in text, labels, watermark, logo, border, or UI.

Create four clearly different but canon-compliant versions. Preserve body plan or growth architecture, structural counts, environmental adaptations, materials, defining features, and locked coloration. Vary only permitted secondary proportions, markings, surface detail, minor ornamentation, natural wear, and pose or growth irregularity.

Recommended aspect ratio: 3:4.","text, labels, watermark, signature, logo, border, frame, UI, HUD, cropped subject, duplicate anatomy, contradictory anatomy, impossible balance, unsupported structures, random wings, random horns, humanoid default, fantasy armor, weapons, cartoon, anime, toy-like materials, excessive neon, excessive glow, oversaturated colors, busy background, motion blur, low resolution, compression artifacts, generic Earth copy, unsupported fantasy styling, traits conflicting with locked canon",1.0.0,canonical
NB2-PLT-PIII-005-GAS-FLORA-ORTHO-SIDE,PLT-PIII-005-GAS-FLORA,Gas Flora,ortho-side,Orthographic Side,3:4,"Create a canonical NOVERIS Nano Banana 2 visual for Gas Flora: Orthographic Side.

Canonical archetype:
A canonical gas flora designed as a scientifically plausible plant-like or fungal organism whose anchoring, support, transport, energy capture, growth, reproduction, ecology, and environmental adaptations are internally coherent.

Required visual and biological rules:
• credible anchoring
• coherent support and transport
• functional energy collectors
• reproductive logic
• environment-linked growth
• stable field anchoring
• controlled luminosity
• persistent growth grammar

Production request:
Create exact side orthographic view.

Studio-resolved canonical values:
{{canonicalId}}, {{displayName}}, {{scientificName}}, {{originPlanet}}, {{planetType}}, {{biome}}, {{gravity}}, {{atmosphere}}, {{climate}}, {{temperatureRange}}, {{sizeScale}}, {{coloration}}, {{materials}}, {{distinctiveFeatures}}, {{lockedTraits}}, {{rarity}}, {{artDirection}}.

Preserve every locked canonical field exactly. The result must use NOVERIS Scientific Realism: premium AAA science-fiction quality, museum-grade reference presentation, scientifically plausible structure, coherent materials, restrained coloration unless canon requires otherwise, readable silhouette, consistent scale and anatomy or growth across all views, soft neutral studio lighting, pure black background for isolated references, full requested subject visibility, generous negative space, and PSD-friendly extraction. Habitat and biome outputs may use the canonical environment. No baked-in text, labels, watermark, logo, border, or UI.

Create four clearly different but canon-compliant versions. Preserve body plan or growth architecture, structural counts, environmental adaptations, materials, defining features, and locked coloration. Vary only permitted secondary proportions, markings, surface detail, minor ornamentation, natural wear, and pose or growth irregularity.

Recommended aspect ratio: 3:4.","text, labels, watermark, signature, logo, border, frame, UI, HUD, cropped subject, duplicate anatomy, contradictory anatomy, impossible balance, unsupported structures, random wings, random horns, humanoid default, fantasy armor, weapons, cartoon, anime, toy-like materials, excessive neon, excessive glow, oversaturated colors, busy background, motion blur, low resolution, compression artifacts, generic Earth copy, unsupported fantasy styling, traits conflicting with locked canon",1.0.0,canonical
NB2-PLT-PIII-005-GAS-FLORA-ORTHO-TOP,PLT-PIII-005-GAS-FLORA,Gas Flora,ortho-top,Orthographic Top,1:1,"Create a canonical NOVERIS Nano Banana 2 visual for Gas Flora: Orthographic Top.

Canonical archetype:
A canonical gas flora designed as a scientifically plausible plant-like or fungal organism whose anchoring, support, transport, energy capture, growth, reproduction, ecology, and environmental adaptations are internally coherent.

Required visual and biological rules:
• credible anchoring
• coherent support and transport
• functional energy collectors
• reproductive logic
• environment-linked growth
• stable field anchoring
• controlled luminosity
• persistent growth grammar

Production request:
Create exact top view showing spread and growth geometry.

Studio-resolved canonical values:
{{canonicalId}}, {{displayName}}, {{scientificName}}, {{originPlanet}}, {{planetType}}, {{biome}}, {{gravity}}, {{atmosphere}}, {{climate}}, {{temperatureRange}}, {{sizeScale}}, {{coloration}}, {{materials}}, {{distinctiveFeatures}}, {{lockedTraits}}, {{rarity}}, {{artDirection}}.

Preserve every locked canonical field exactly. The result must use NOVERIS Scientific Realism: premium AAA science-fiction quality, museum-grade reference presentation, scientifically plausible structure, coherent materials, restrained coloration unless canon requires otherwise, readable silhouette, consistent scale and anatomy or growth across all views, soft neutral studio lighting, pure black background for isolated references, full requested subject visibility, generous negative space, and PSD-friendly extraction. Habitat and biome outputs may use the canonical environment. No baked-in text, labels, watermark, logo, border, or UI.

Create four clearly different but canon-compliant versions. Preserve body plan or growth architecture, structural counts, environmental adaptations, materials, defining features, and locked coloration. Vary only permitted secondary proportions, markings, surface detail, minor ornamentation, natural wear, and pose or growth irregularity.

Recommended aspect ratio: 1:1.","text, labels, watermark, signature, logo, border, frame, UI, HUD, cropped subject, duplicate anatomy, contradictory anatomy, impossible balance, unsupported structures, random wings, random horns, humanoid default, fantasy armor, weapons, cartoon, anime, toy-like materials, excessive neon, excessive glow, oversaturated colors, busy background, motion blur, low resolution, compression artifacts, generic Earth copy, unsupported fantasy styling, traits conflicting with locked canon",1.0.0,canonical
NB2-PLT-PIII-005-GAS-FLORA-ROOTS,PLT-PIII-005-GAS-FLORA,Gas Flora,roots,Root or Anchor System,16:9,"Create a canonical NOVERIS Nano Banana 2 visual for Gas Flora: Root or Anchor System.

Canonical archetype:
A canonical gas flora designed as a scientifically plausible plant-like or fungal organism whose anchoring, support, transport, energy capture, growth, reproduction, ecology, and environmental adaptations are internally coherent.

Required visual and biological rules:
• credible anchoring
• coherent support and transport
• functional energy collectors
• reproductive logic
• environment-linked growth
• stable field anchoring
• controlled luminosity
• persistent growth grammar

Production request:
Create complete substrate interface and nutrient exchange structures.

Studio-resolved canonical values:
{{canonicalId}}, {{displayName}}, {{scientificName}}, {{originPlanet}}, {{planetType}}, {{biome}}, {{gravity}}, {{atmosphere}}, {{climate}}, {{temperatureRange}}, {{sizeScale}}, {{coloration}}, {{materials}}, {{distinctiveFeatures}}, {{lockedTraits}}, {{rarity}}, {{artDirection}}.

Preserve every locked canonical field exactly. The result must use NOVERIS Scientific Realism: premium AAA science-fiction quality, museum-grade reference presentation, scientifically plausible structure, coherent materials, restrained coloration unless canon requires otherwise, readable silhouette, consistent scale and anatomy or growth across all views, soft neutral studio lighting, pure black background for isolated references, full requested subject visibility, generous negative space, and PSD-friendly extraction. Habitat and biome outputs may use the canonical environment. No baked-in text, labels, watermark, logo, border, or UI.

Create four clearly different but canon-compliant versions. Preserve body plan or growth architecture, structural counts, environmental adaptations, materials, defining features, and locked coloration. Vary only permitted secondary proportions, markings, surface detail, minor ornamentation, natural wear, and pose or growth irregularity.

Recommended aspect ratio: 16:9.","text, labels, watermark, signature, logo, border, frame, UI, HUD, cropped subject, duplicate anatomy, contradictory anatomy, impossible balance, unsupported structures, random wings, random horns, humanoid default, fantasy armor, weapons, cartoon, anime, toy-like materials, excessive neon, excessive glow, oversaturated colors, busy background, motion blur, low resolution, compression artifacts, generic Earth copy, unsupported fantasy styling, traits conflicting with locked canon",1.0.0,canonical
NB2-PLT-PIII-005-GAS-FLORA-STEMS,PLT-PIII-005-GAS-FLORA,Gas Flora,stems,"Stem, Trunk or Structural Study",16:9,"Create a canonical NOVERIS Nano Banana 2 visual for Gas Flora: Stem, Trunk or Structural Study.

Canonical archetype:
A canonical gas flora designed as a scientifically plausible plant-like or fungal organism whose anchoring, support, transport, energy capture, growth, reproduction, ecology, and environmental adaptations are internally coherent.

Required visual and biological rules:
• credible anchoring
• coherent support and transport
• functional energy collectors
• reproductive logic
• environment-linked growth
• stable field anchoring
• controlled luminosity
• persistent growth grammar

Production request:
Create support and transport architecture.

Studio-resolved canonical values:
{{canonicalId}}, {{displayName}}, {{scientificName}}, {{originPlanet}}, {{planetType}}, {{biome}}, {{gravity}}, {{atmosphere}}, {{climate}}, {{temperatureRange}}, {{sizeScale}}, {{coloration}}, {{materials}}, {{distinctiveFeatures}}, {{lockedTraits}}, {{rarity}}, {{artDirection}}.

Preserve every locked canonical field exactly. The result must use NOVERIS Scientific Realism: premium AAA science-fiction quality, museum-grade reference presentation, scientifically plausible structure, coherent materials, restrained coloration unless canon requires otherwise, readable silhouette, consistent scale and anatomy or growth across all views, soft neutral studio lighting, pure black background for isolated references, full requested subject visibility, generous negative space, and PSD-friendly extraction. Habitat and biome outputs may use the canonical environment. No baked-in text, labels, watermark, logo, border, or UI.

Create four clearly different but canon-compliant versions. Preserve body plan or growth architecture, structural counts, environmental adaptations, materials, defining features, and locked coloration. Vary only permitted secondary proportions, markings, surface detail, minor ornamentation, natural wear, and pose or growth irregularity.

Recommended aspect ratio: 16:9.","text, labels, watermark, signature, logo, border, frame, UI, HUD, cropped subject, duplicate anatomy, contradictory anatomy, impossible balance, unsupported structures, random wings, random horns, humanoid default, fantasy armor, weapons, cartoon, anime, toy-like materials, excessive neon, excessive glow, oversaturated colors, busy background, motion blur, low resolution, compression artifacts, generic Earth copy, unsupported fantasy styling, traits conflicting with locked canon",1.0.0,canonical
NB2-PLT-PIII-005-GAS-FLORA-COLLECTORS,PLT-PIII-005-GAS-FLORA,Gas Flora,collectors,Leaves or Collector Study,16:9,"Create a canonical NOVERIS Nano Banana 2 visual for Gas Flora: Leaves or Collector Study.

Canonical archetype:
A canonical gas flora designed as a scientifically plausible plant-like or fungal organism whose anchoring, support, transport, energy capture, growth, reproduction, ecology, and environmental adaptations are internally coherent.

Required visual and biological rules:
• credible anchoring
• coherent support and transport
• functional energy collectors
• reproductive logic
• environment-linked growth
• stable field anchoring
• controlled luminosity
• persistent growth grammar

Production request:
Create front, back, edge, juvenile, mature and stressed states.

Studio-resolved canonical values:
{{canonicalId}}, {{displayName}}, {{scientificName}}, {{originPlanet}}, {{planetType}}, {{biome}}, {{gravity}}, {{atmosphere}}, {{climate}}, {{temperatureRange}}, {{sizeScale}}, {{coloration}}, {{materials}}, {{distinctiveFeatures}}, {{lockedTraits}}, {{rarity}}, {{artDirection}}.

Preserve every locked canonical field exactly. The result must use NOVERIS Scientific Realism: premium AAA science-fiction quality, museum-grade reference presentation, scientifically plausible structure, coherent materials, restrained coloration unless canon requires otherwise, readable silhouette, consistent scale and anatomy or growth across all views, soft neutral studio lighting, pure black background for isolated references, full requested subject visibility, generous negative space, and PSD-friendly extraction. Habitat and biome outputs may use the canonical environment. No baked-in text, labels, watermark, logo, border, or UI.

Create four clearly different but canon-compliant versions. Preserve body plan or growth architecture, structural counts, environmental adaptations, materials, defining features, and locked coloration. Vary only permitted secondary proportions, markings, surface detail, minor ornamentation, natural wear, and pose or growth irregularity.

Recommended aspect ratio: 16:9.","text, labels, watermark, signature, logo, border, frame, UI, HUD, cropped subject, duplicate anatomy, contradictory anatomy, impossible balance, unsupported structures, random wings, random horns, humanoid default, fantasy armor, weapons, cartoon, anime, toy-like materials, excessive neon, excessive glow, oversaturated colors, busy background, motion blur, low resolution, compression artifacts, generic Earth copy, unsupported fantasy styling, traits conflicting with locked canon",1.0.0,canonical
NB2-PLT-PIII-005-GAS-FLORA-REPRODUCTION,PLT-PIII-005-GAS-FLORA,Gas Flora,reproduction,Reproductive Structure,16:9,"Create a canonical NOVERIS Nano Banana 2 visual for Gas Flora: Reproductive Structure.

Canonical archetype:
A canonical gas flora designed as a scientifically plausible plant-like or fungal organism whose anchoring, support, transport, energy capture, growth, reproduction, ecology, and environmental adaptations are internally coherent.

Required visual and biological rules:
• credible anchoring
• coherent support and transport
• functional energy collectors
• reproductive logic
• environment-linked growth
• stable field anchoring
• controlled luminosity
• persistent growth grammar

Production request:
Create flowers, cones, spores, fields or equivalent stages.

Studio-resolved canonical values:
{{canonicalId}}, {{displayName}}, {{scientificName}}, {{originPlanet}}, {{planetType}}, {{biome}}, {{gravity}}, {{atmosphere}}, {{climate}}, {{temperatureRange}}, {{sizeScale}}, {{coloration}}, {{materials}}, {{distinctiveFeatures}}, {{lockedTraits}}, {{rarity}}, {{artDirection}}.

Preserve every locked canonical field exactly. The result must use NOVERIS Scientific Realism: premium AAA science-fiction quality, museum-grade reference presentation, scientifically plausible structure, coherent materials, restrained coloration unless canon requires otherwise, readable silhouette, consistent scale and anatomy or growth across all views, soft neutral studio lighting, pure black background for isolated references, full requested subject visibility, generous negative space, and PSD-friendly extraction. Habitat and biome outputs may use the canonical environment. No baked-in text, labels, watermark, logo, border, or UI.

Create four clearly different but canon-compliant versions. Preserve body plan or growth architecture, structural counts, environmental adaptations, materials, defining features, and locked coloration. Vary only permitted secondary proportions, markings, surface detail, minor ornamentation, natural wear, and pose or growth irregularity.

Recommended aspect ratio: 16:9.","text, labels, watermark, signature, logo, border, frame, UI, HUD, cropped subject, duplicate anatomy, contradictory anatomy, impossible balance, unsupported structures, random wings, random horns, humanoid default, fantasy armor, weapons, cartoon, anime, toy-like materials, excessive neon, excessive glow, oversaturated colors, busy background, motion blur, low resolution, compression artifacts, generic Earth copy, unsupported fantasy styling, traits conflicting with locked canon",1.0.0,canonical
NB2-PLT-PIII-005-GAS-FLORA-PROPAGULES,PLT-PIII-005-GAS-FLORA,Gas Flora,propagules,"Seed, Spore or Propagule Study",16:9,"Create a canonical NOVERIS Nano Banana 2 visual for Gas Flora: Seed, Spore or Propagule Study.

Canonical archetype:
A canonical gas flora designed as a scientifically plausible plant-like or fungal organism whose anchoring, support, transport, energy capture, growth, reproduction, ecology, and environmental adaptations are internally coherent.

Required visual and biological rules:
• credible anchoring
• coherent support and transport
• functional energy collectors
• reproductive logic
• environment-linked growth
• stable field anchoring
• controlled luminosity
• persistent growth grammar

Production request:
Create dispersal, germination and early establishment.

Studio-resolved canonical values:
{{canonicalId}}, {{displayName}}, {{scientificName}}, {{originPlanet}}, {{planetType}}, {{biome}}, {{gravity}}, {{atmosphere}}, {{climate}}, {{temperatureRange}}, {{sizeScale}}, {{coloration}}, {{materials}}, {{distinctiveFeatures}}, {{lockedTraits}}, {{rarity}}, {{artDirection}}.

Preserve every locked canonical field exactly. The result must use NOVERIS Scientific Realism: premium AAA science-fiction quality, museum-grade reference presentation, scientifically plausible structure, coherent materials, restrained coloration unless canon requires otherwise, readable silhouette, consistent scale and anatomy or growth across all views, soft neutral studio lighting, pure black background for isolated references, full requested subject visibility, generous negative space, and PSD-friendly extraction. Habitat and biome outputs may use the canonical environment. No baked-in text, labels, watermark, logo, border, or UI.

Create four clearly different but canon-compliant versions. Preserve body plan or growth architecture, structural counts, environmental adaptations, materials, defining features, and locked coloration. Vary only permitted secondary proportions, markings, surface detail, minor ornamentation, natural wear, and pose or growth irregularity.

Recommended aspect ratio: 16:9.","text, labels, watermark, signature, logo, border, frame, UI, HUD, cropped subject, duplicate anatomy, contradictory anatomy, impossible balance, unsupported structures, random wings, random horns, humanoid default, fantasy armor, weapons, cartoon, anime, toy-like materials, excessive neon, excessive glow, oversaturated colors, busy background, motion blur, low resolution, compression artifacts, generic Earth copy, unsupported fantasy styling, traits conflicting with locked canon",1.0.0,canonical
NB2-PLT-PIII-005-GAS-FLORA-CROSS-SECTION,PLT-PIII-005-GAS-FLORA,Gas Flora,cross-section,Internal Cross Section,16:9,"Create a canonical NOVERIS Nano Banana 2 visual for Gas Flora: Internal Cross Section.

Canonical archetype:
A canonical gas flora designed as a scientifically plausible plant-like or fungal organism whose anchoring, support, transport, energy capture, growth, reproduction, ecology, and environmental adaptations are internally coherent.

Required visual and biological rules:
• credible anchoring
• coherent support and transport
• functional energy collectors
• reproductive logic
• environment-linked growth
• stable field anchoring
• controlled luminosity
• persistent growth grammar

Production request:
Create protection, transport, support, storage and reproduction.

Studio-resolved canonical values:
{{canonicalId}}, {{displayName}}, {{scientificName}}, {{originPlanet}}, {{planetType}}, {{biome}}, {{gravity}}, {{atmosphere}}, {{climate}}, {{temperatureRange}}, {{sizeScale}}, {{coloration}}, {{materials}}, {{distinctiveFeatures}}, {{lockedTraits}}, {{rarity}}, {{artDirection}}.

Preserve every locked canonical field exactly. The result must use NOVERIS Scientific Realism: premium AAA science-fiction quality, museum-grade reference presentation, scientifically plausible structure, coherent materials, restrained coloration unless canon requires otherwise, readable silhouette, consistent scale and anatomy or growth across all views, soft neutral studio lighting, pure black background for isolated references, full requested subject visibility, generous negative space, and PSD-friendly extraction. Habitat and biome outputs may use the canonical environment. No baked-in text, labels, watermark, logo, border, or UI.

Create four clearly different but canon-compliant versions. Preserve body plan or growth architecture, structural counts, environmental adaptations, materials, defining features, and locked coloration. Vary only permitted secondary proportions, markings, surface detail, minor ornamentation, natural wear, and pose or growth irregularity.

Recommended aspect ratio: 16:9.","text, labels, watermark, signature, logo, border, frame, UI, HUD, cropped subject, duplicate anatomy, contradictory anatomy, impossible balance, unsupported structures, random wings, random horns, humanoid default, fantasy armor, weapons, cartoon, anime, toy-like materials, excessive neon, excessive glow, oversaturated colors, busy background, motion blur, low resolution, compression artifacts, generic Earth copy, unsupported fantasy styling, traits conflicting with locked canon",1.0.0,canonical
NB2-PLT-PIII-005-GAS-FLORA-GROWTH,PLT-PIII-005-GAS-FLORA,Gas Flora,growth,Growth Stages,16:9,"Create a canonical NOVERIS Nano Banana 2 visual for Gas Flora: Growth Stages.

Canonical archetype:
A canonical gas flora designed as a scientifically plausible plant-like or fungal organism whose anchoring, support, transport, energy capture, growth, reproduction, ecology, and environmental adaptations are internally coherent.

Required visual and biological rules:
• credible anchoring
• coherent support and transport
• functional energy collectors
• reproductive logic
• environment-linked growth
• stable field anchoring
• controlled luminosity
• persistent growth grammar

Production request:
Create propagule, juvenile, mature, reproductive and senescent stages.

Studio-resolved canonical values:
{{canonicalId}}, {{displayName}}, {{scientificName}}, {{originPlanet}}, {{planetType}}, {{biome}}, {{gravity}}, {{atmosphere}}, {{climate}}, {{temperatureRange}}, {{sizeScale}}, {{coloration}}, {{materials}}, {{distinctiveFeatures}}, {{lockedTraits}}, {{rarity}}, {{artDirection}}.

Preserve every locked canonical field exactly. The result must use NOVERIS Scientific Realism: premium AAA science-fiction quality, museum-grade reference presentation, scientifically plausible structure, coherent materials, restrained coloration unless canon requires otherwise, readable silhouette, consistent scale and anatomy or growth across all views, soft neutral studio lighting, pure black background for isolated references, full requested subject visibility, generous negative space, and PSD-friendly extraction. Habitat and biome outputs may use the canonical environment. No baked-in text, labels, watermark, logo, border, or UI.

Create four clearly different but canon-compliant versions. Preserve body plan or growth architecture, structural counts, environmental adaptations, materials, defining features, and locked coloration. Vary only permitted secondary proportions, markings, surface detail, minor ornamentation, natural wear, and pose or growth irregularity.

Recommended aspect ratio: 16:9.","text, labels, watermark, signature, logo, border, frame, UI, HUD, cropped subject, duplicate anatomy, contradictory anatomy, impossible balance, unsupported structures, random wings, random horns, humanoid default, fantasy armor, weapons, cartoon, anime, toy-like materials, excessive neon, excessive glow, oversaturated colors, busy background, motion blur, low resolution, compression artifacts, generic Earth copy, unsupported fantasy styling, traits conflicting with locked canon",1.0.0,canonical
NB2-PLT-PIII-005-GAS-FLORA-SEASONAL,PLT-PIII-005-GAS-FLORA,Gas Flora,seasonal,Seasonal and Stress Variants,16:9,"Create a canonical NOVERIS Nano Banana 2 visual for Gas Flora: Seasonal and Stress Variants.

Canonical archetype:
A canonical gas flora designed as a scientifically plausible plant-like or fungal organism whose anchoring, support, transport, energy capture, growth, reproduction, ecology, and environmental adaptations are internally coherent.

Required visual and biological rules:
• credible anchoring
• coherent support and transport
• functional energy collectors
• reproductive logic
• environment-linked growth
• stable field anchoring
• controlled luminosity
• persistent growth grammar

Production request:
Create growth, reproduction, dormancy, damage and recovery.

Studio-resolved canonical values:
{{canonicalId}}, {{displayName}}, {{scientificName}}, {{originPlanet}}, {{planetType}}, {{biome}}, {{gravity}}, {{atmosphere}}, {{climate}}, {{temperatureRange}}, {{sizeScale}}, {{coloration}}, {{materials}}, {{distinctiveFeatures}}, {{lockedTraits}}, {{rarity}}, {{artDirection}}.

Preserve every locked canonical field exactly. The result must use NOVERIS Scientific Realism: premium AAA science-fiction quality, museum-grade reference presentation, scientifically plausible structure, coherent materials, restrained coloration unless canon requires otherwise, readable silhouette, consistent scale and anatomy or growth across all views, soft neutral studio lighting, pure black background for isolated references, full requested subject visibility, generous negative space, and PSD-friendly extraction. Habitat and biome outputs may use the canonical environment. No baked-in text, labels, watermark, logo, border, or UI.

Create four clearly different but canon-compliant versions. Preserve body plan or growth architecture, structural counts, environmental adaptations, materials, defining features, and locked coloration. Vary only permitted secondary proportions, markings, surface detail, minor ornamentation, natural wear, and pose or growth irregularity.

Recommended aspect ratio: 16:9.","text, labels, watermark, signature, logo, border, frame, UI, HUD, cropped subject, duplicate anatomy, contradictory anatomy, impossible balance, unsupported structures, random wings, random horns, humanoid default, fantasy armor, weapons, cartoon, anime, toy-like materials, excessive neon, excessive glow, oversaturated colors, busy background, motion blur, low resolution, compression artifacts, generic Earth copy, unsupported fantasy styling, traits conflicting with locked canon",1.0.0,canonical
NB2-PLT-PIII-005-GAS-FLORA-HABITAT,PLT-PIII-005-GAS-FLORA,Gas Flora,habitat,Native Habitat Composition,16:9,"Create a canonical NOVERIS Nano Banana 2 visual for Gas Flora: Native Habitat Composition.

Canonical archetype:
A canonical gas flora designed as a scientifically plausible plant-like or fungal organism whose anchoring, support, transport, energy capture, growth, reproduction, ecology, and environmental adaptations are internally coherent.

Required visual and biological rules:
• credible anchoring
• coherent support and transport
• functional energy collectors
• reproductive logic
• environment-linked growth
• stable field anchoring
• controlled luminosity
• persistent growth grammar

Production request:
Create natural population with spacing and age diversity.

Studio-resolved canonical values:
{{canonicalId}}, {{displayName}}, {{scientificName}}, {{originPlanet}}, {{planetType}}, {{biome}}, {{gravity}}, {{atmosphere}}, {{climate}}, {{temperatureRange}}, {{sizeScale}}, {{coloration}}, {{materials}}, {{distinctiveFeatures}}, {{lockedTraits}}, {{rarity}}, {{artDirection}}.

Preserve every locked canonical field exactly. The result must use NOVERIS Scientific Realism: premium AAA science-fiction quality, museum-grade reference presentation, scientifically plausible structure, coherent materials, restrained coloration unless canon requires otherwise, readable silhouette, consistent scale and anatomy or growth across all views, soft neutral studio lighting, pure black background for isolated references, full requested subject visibility, generous negative space, and PSD-friendly extraction. Habitat and biome outputs may use the canonical environment. No baked-in text, labels, watermark, logo, border, or UI.

Create four clearly different but canon-compliant versions. Preserve body plan or growth architecture, structural counts, environmental adaptations, materials, defining features, and locked coloration. Vary only permitted secondary proportions, markings, surface detail, minor ornamentation, natural wear, and pose or growth irregularity.

Recommended aspect ratio: 16:9.","text, labels, watermark, signature, logo, border, frame, UI, HUD, cropped subject, duplicate anatomy, contradictory anatomy, impossible balance, unsupported structures, random wings, random horns, humanoid default, fantasy armor, weapons, cartoon, anime, toy-like materials, excessive neon, excessive glow, oversaturated colors, busy background, motion blur, low resolution, compression artifacts, generic Earth copy, unsupported fantasy styling, traits conflicting with locked canon",1.0.0,canonical
NB2-PLT-PIII-005-GAS-FLORA-BIOME,PLT-PIII-005-GAS-FLORA,Gas Flora,biome,Biome Composition,16:9,"Create a canonical NOVERIS Nano Banana 2 visual for Gas Flora: Biome Composition.

Canonical archetype:
A canonical gas flora designed as a scientifically plausible plant-like or fungal organism whose anchoring, support, transport, energy capture, growth, reproduction, ecology, and environmental adaptations are internally coherent.

Required visual and biological rules:
• credible anchoring
• coherent support and transport
• functional energy collectors
• reproductive logic
• environment-linked growth
• stable field anchoring
• controlled luminosity
• persistent growth grammar

Production request:
Create coordinated vegetation set at consistent scale.

Studio-resolved canonical values:
{{canonicalId}}, {{displayName}}, {{scientificName}}, {{originPlanet}}, {{planetType}}, {{biome}}, {{gravity}}, {{atmosphere}}, {{climate}}, {{temperatureRange}}, {{sizeScale}}, {{coloration}}, {{materials}}, {{distinctiveFeatures}}, {{lockedTraits}}, {{rarity}}, {{artDirection}}.

Preserve every locked canonical field exactly. The result must use NOVERIS Scientific Realism: premium AAA science-fiction quality, museum-grade reference presentation, scientifically plausible structure, coherent materials, restrained coloration unless canon requires otherwise, readable silhouette, consistent scale and anatomy or growth across all views, soft neutral studio lighting, pure black background for isolated references, full requested subject visibility, generous negative space, and PSD-friendly extraction. Habitat and biome outputs may use the canonical environment. No baked-in text, labels, watermark, logo, border, or UI.

Create four clearly different but canon-compliant versions. Preserve body plan or growth architecture, structural counts, environmental adaptations, materials, defining features, and locked coloration. Vary only permitted secondary proportions, markings, surface detail, minor ornamentation, natural wear, and pose or growth irregularity.

Recommended aspect ratio: 16:9.","text, labels, watermark, signature, logo, border, frame, UI, HUD, cropped subject, duplicate anatomy, contradictory anatomy, impossible balance, unsupported structures, random wings, random horns, humanoid default, fantasy armor, weapons, cartoon, anime, toy-like materials, excessive neon, excessive glow, oversaturated colors, busy background, motion blur, low resolution, compression artifacts, generic Earth copy, unsupported fantasy styling, traits conflicting with locked canon",1.0.0,canonical
NB2-PLT-PIII-005-GAS-FLORA-DISCOVERY,PLT-PIII-005-GAS-FLORA,Gas Flora,discovery,Discovery Scan,16:9,"Create a canonical NOVERIS Nano Banana 2 visual for Gas Flora: Discovery Scan.

Canonical archetype:
A canonical gas flora designed as a scientifically plausible plant-like or fungal organism whose anchoring, support, transport, energy capture, growth, reproduction, ecology, and environmental adaptations are internally coherent.

Required visual and biological rules:
• credible anchoring
• coherent support and transport
• functional energy collectors
• reproductive logic
• environment-linked growth
• stable field anchoring
• controlled luminosity
• persistent growth grammar

Production request:
Create centered scientific scan source without labels.

Studio-resolved canonical values:
{{canonicalId}}, {{displayName}}, {{scientificName}}, {{originPlanet}}, {{planetType}}, {{biome}}, {{gravity}}, {{atmosphere}}, {{climate}}, {{temperatureRange}}, {{sizeScale}}, {{coloration}}, {{materials}}, {{distinctiveFeatures}}, {{lockedTraits}}, {{rarity}}, {{artDirection}}.

Preserve every locked canonical field exactly. The result must use NOVERIS Scientific Realism: premium AAA science-fiction quality, museum-grade reference presentation, scientifically plausible structure, coherent materials, restrained coloration unless canon requires otherwise, readable silhouette, consistent scale and anatomy or growth across all views, soft neutral studio lighting, pure black background for isolated references, full requested subject visibility, generous negative space, and PSD-friendly extraction. Habitat and biome outputs may use the canonical environment. No baked-in text, labels, watermark, logo, border, or UI.

Create four clearly different but canon-compliant versions. Preserve body plan or growth architecture, structural counts, environmental adaptations, materials, defining features, and locked coloration. Vary only permitted secondary proportions, markings, surface detail, minor ornamentation, natural wear, and pose or growth irregularity.

Recommended aspect ratio: 16:9.","text, labels, watermark, signature, logo, border, frame, UI, HUD, cropped subject, duplicate anatomy, contradictory anatomy, impossible balance, unsupported structures, random wings, random horns, humanoid default, fantasy armor, weapons, cartoon, anime, toy-like materials, excessive neon, excessive glow, oversaturated colors, busy background, motion blur, low resolution, compression artifacts, generic Earth copy, unsupported fantasy styling, traits conflicting with locked canon",1.0.0,canonical
NB2-PLT-PIII-005-GAS-FLORA-ICON,PLT-PIII-005-GAS-FLORA,Gas Flora,icon,UI Icon,1:1,"Create a canonical NOVERIS Nano Banana 2 visual for Gas Flora: UI Icon.

Canonical archetype:
A canonical gas flora designed as a scientifically plausible plant-like or fungal organism whose anchoring, support, transport, energy capture, growth, reproduction, ecology, and environmental adaptations are internally coherent.

Required visual and biological rules:
• credible anchoring
• coherent support and transport
• functional energy collectors
• reproductive logic
• environment-linked growth
• stable field anchoring
• controlled luminosity
• persistent growth grammar

Production request:
Create isolated silhouette readable at 64 pixels.

Studio-resolved canonical values:
{{canonicalId}}, {{displayName}}, {{scientificName}}, {{originPlanet}}, {{planetType}}, {{biome}}, {{gravity}}, {{atmosphere}}, {{climate}}, {{temperatureRange}}, {{sizeScale}}, {{coloration}}, {{materials}}, {{distinctiveFeatures}}, {{lockedTraits}}, {{rarity}}, {{artDirection}}.

Preserve every locked canonical field exactly. The result must use NOVERIS Scientific Realism: premium AAA science-fiction quality, museum-grade reference presentation, scientifically plausible structure, coherent materials, restrained coloration unless canon requires otherwise, readable silhouette, consistent scale and anatomy or growth across all views, soft neutral studio lighting, pure black background for isolated references, full requested subject visibility, generous negative space, and PSD-friendly extraction. Habitat and biome outputs may use the canonical environment. No baked-in text, labels, watermark, logo, border, or UI.

Create four clearly different but canon-compliant versions. Preserve body plan or growth architecture, structural counts, environmental adaptations, materials, defining features, and locked coloration. Vary only permitted secondary proportions, markings, surface detail, minor ornamentation, natural wear, and pose or growth irregularity.

Recommended aspect ratio: 1:1.","text, labels, watermark, signature, logo, border, frame, UI, HUD, cropped subject, duplicate anatomy, contradictory anatomy, impossible balance, unsupported structures, random wings, random horns, humanoid default, fantasy armor, weapons, cartoon, anime, toy-like materials, excessive neon, excessive glow, oversaturated colors, busy background, motion blur, low resolution, compression artifacts, generic Earth copy, unsupported fantasy styling, traits conflicting with locked canon",1.0.0,canonical
NB2-PLT-PIII-005-GAS-FLORA-SCALE,PLT-PIII-005-GAS-FLORA,Gas Flora,scale,Scale Comparison,16:9,"Create a canonical NOVERIS Nano Banana 2 visual for Gas Flora: Scale Comparison.

Canonical archetype:
A canonical gas flora designed as a scientifically plausible plant-like or fungal organism whose anchoring, support, transport, energy capture, growth, reproduction, ecology, and environmental adaptations are internally coherent.

Required visual and biological rules:
• credible anchoring
• coherent support and transport
• functional energy collectors
• reproductive logic
• environment-linked growth
• stable field anchoring
• controlled luminosity
• persistent growth grammar

Production request:
Create side view with adult human silhouette and one-meter bar.

Studio-resolved canonical values:
{{canonicalId}}, {{displayName}}, {{scientificName}}, {{originPlanet}}, {{planetType}}, {{biome}}, {{gravity}}, {{atmosphere}}, {{climate}}, {{temperatureRange}}, {{sizeScale}}, {{coloration}}, {{materials}}, {{distinctiveFeatures}}, {{lockedTraits}}, {{rarity}}, {{artDirection}}.

Preserve every locked canonical field exactly. The result must use NOVERIS Scientific Realism: premium AAA science-fiction quality, museum-grade reference presentation, scientifically plausible structure, coherent materials, restrained coloration unless canon requires otherwise, readable silhouette, consistent scale and anatomy or growth across all views, soft neutral studio lighting, pure black background for isolated references, full requested subject visibility, generous negative space, and PSD-friendly extraction. Habitat and biome outputs may use the canonical environment. No baked-in text, labels, watermark, logo, border, or UI.

Create four clearly different but canon-compliant versions. Preserve body plan or growth architecture, structural counts, environmental adaptations, materials, defining features, and locked coloration. Vary only permitted secondary proportions, markings, surface detail, minor ornamentation, natural wear, and pose or growth irregularity.

Recommended aspect ratio: 16:9.","text, labels, watermark, signature, logo, border, frame, UI, HUD, cropped subject, duplicate anatomy, contradictory anatomy, impossible balance, unsupported structures, random wings, random horns, humanoid default, fantasy armor, weapons, cartoon, anime, toy-like materials, excessive neon, excessive glow, oversaturated colors, busy background, motion blur, low resolution, compression artifacts, generic Earth copy, unsupported fantasy styling, traits conflicting with locked canon",1.0.0,canonical
NB2-PLT-PIII-005-GAS-FLORA-PLATE,PLT-PIII-005-GAS-FLORA,Gas Flora,plate,Master Botanical Plate,16:9,"Create a canonical NOVERIS Nano Banana 2 visual for Gas Flora: Master Botanical Plate.

Canonical archetype:
A canonical gas flora designed as a scientifically plausible plant-like or fungal organism whose anchoring, support, transport, energy capture, growth, reproduction, ecology, and environmental adaptations are internally coherent.

Required visual and biological rules:
• credible anchoring
• coherent support and transport
• functional energy collectors
• reproductive logic
• environment-linked growth
• stable field anchoring
• controlled luminosity
• persistent growth grammar

Production request:
Create whole organism, views, roots, structure, collectors, reproduction, stages, materials and habitat vignette.

Studio-resolved canonical values:
{{canonicalId}}, {{displayName}}, {{scientificName}}, {{originPlanet}}, {{planetType}}, {{biome}}, {{gravity}}, {{atmosphere}}, {{climate}}, {{temperatureRange}}, {{sizeScale}}, {{coloration}}, {{materials}}, {{distinctiveFeatures}}, {{lockedTraits}}, {{rarity}}, {{artDirection}}.

Preserve every locked canonical field exactly. The result must use NOVERIS Scientific Realism: premium AAA science-fiction quality, museum-grade reference presentation, scientifically plausible structure, coherent materials, restrained coloration unless canon requires otherwise, readable silhouette, consistent scale and anatomy or growth across all views, soft neutral studio lighting, pure black background for isolated references, full requested subject visibility, generous negative space, and PSD-friendly extraction. Habitat and biome outputs may use the canonical environment. No baked-in text, labels, watermark, logo, border, or UI.

Create four clearly different but canon-compliant versions. Preserve body plan or growth architecture, structural counts, environmental adaptations, materials, defining features, and locked coloration. Vary only permitted secondary proportions, markings, surface detail, minor ornamentation, natural wear, and pose or growth irregularity.

Recommended aspect ratio: 16:9.","text, labels, watermark, signature, logo, border, frame, UI, HUD, cropped subject, duplicate anatomy, contradictory anatomy, impossible balance, unsupported structures, random wings, random horns, humanoid default, fantasy armor, weapons, cartoon, anime, toy-like materials, excessive neon, excessive glow, oversaturated colors, busy background, motion blur, low resolution, compression artifacts, generic Earth copy, unsupported fantasy styling, traits conflicting with locked canon",1.0.0,canonical
NB2-PLT-PIII-005-GAS-FLORA-PSD,PLT-PIII-005-GAS-FLORA,Gas Flora,psd,PSD Extraction Board,16:9,"Create a canonical NOVERIS Nano Banana 2 visual for Gas Flora: PSD Extraction Board.

Canonical archetype:
A canonical gas flora designed as a scientifically plausible plant-like or fungal organism whose anchoring, support, transport, energy capture, growth, reproduction, ecology, and environmental adaptations are internally coherent.

Required visual and biological rules:
• credible anchoring
• coherent support and transport
• functional energy collectors
• reproductive logic
• environment-linked growth
• stable field anchoring
• controlled luminosity
• persistent growth grammar

Production request:
Create isolated whole organism, parts, silhouette and material references.

Studio-resolved canonical values:
{{canonicalId}}, {{displayName}}, {{scientificName}}, {{originPlanet}}, {{planetType}}, {{biome}}, {{gravity}}, {{atmosphere}}, {{climate}}, {{temperatureRange}}, {{sizeScale}}, {{coloration}}, {{materials}}, {{distinctiveFeatures}}, {{lockedTraits}}, {{rarity}}, {{artDirection}}.

Preserve every locked canonical field exactly. The result must use NOVERIS Scientific Realism: premium AAA science-fiction quality, museum-grade reference presentation, scientifically plausible structure, coherent materials, restrained coloration unless canon requires otherwise, readable silhouette, consistent scale and anatomy or growth across all views, soft neutral studio lighting, pure black background for isolated references, full requested subject visibility, generous negative space, and PSD-friendly extraction. Habitat and biome outputs may use the canonical environment. No baked-in text, labels, watermark, logo, border, or UI.

Create four clearly different but canon-compliant versions. Preserve body plan or growth architecture, structural counts, environmental adaptations, materials, defining features, and locked coloration. Vary only permitted secondary proportions, markings, surface detail, minor ornamentation, natural wear, and pose or growth irregularity.

Recommended aspect ratio: 16:9.","text, labels, watermark, signature, logo, border, frame, UI, HUD, cropped subject, duplicate anatomy, contradictory anatomy, impossible balance, unsupported structures, random wings, random horns, humanoid default, fantasy armor, weapons, cartoon, anime, toy-like materials, excessive neon, excessive glow, oversaturated colors, busy background, motion blur, low resolution, compression artifacts, generic Earth copy, unsupported fantasy styling, traits conflicting with locked canon",1.0.0,canonical
NB2-PLT-PIII-006-ENERGY-FLORA-WHOLE-PLANT,PLT-PIII-006-ENERGY-FLORA,Energy Flora,whole-plant,Whole Plant Production Render,3:4,"Create a canonical NOVERIS Nano Banana 2 visual for Energy Flora: Whole Plant Production Render.

Canonical archetype:
A canonical energy flora designed as a scientifically plausible plant-like or fungal organism whose anchoring, support, transport, energy capture, growth, reproduction, ecology, and environmental adaptations are internally coherent.

Required visual and biological rules:
• credible anchoring
• coherent support and transport
• functional energy collectors
• reproductive logic
• environment-linked growth
• stable field anchoring
• controlled luminosity
• persistent growth grammar

Production request:
Create complete mature organism including roots or anchor system.

Studio-resolved canonical values:
{{canonicalId}}, {{displayName}}, {{scientificName}}, {{originPlanet}}, {{planetType}}, {{biome}}, {{gravity}}, {{atmosphere}}, {{climate}}, {{temperatureRange}}, {{sizeScale}}, {{coloration}}, {{materials}}, {{distinctiveFeatures}}, {{lockedTraits}}, {{rarity}}, {{artDirection}}.

Preserve every locked canonical field exactly. The result must use NOVERIS Scientific Realism: premium AAA science-fiction quality, museum-grade reference presentation, scientifically plausible structure, coherent materials, restrained coloration unless canon requires otherwise, readable silhouette, consistent scale and anatomy or growth across all views, soft neutral studio lighting, pure black background for isolated references, full requested subject visibility, generous negative space, and PSD-friendly extraction. Habitat and biome outputs may use the canonical environment. No baked-in text, labels, watermark, logo, border, or UI.

Create four clearly different but canon-compliant versions. Preserve body plan or growth architecture, structural counts, environmental adaptations, materials, defining features, and locked coloration. Vary only permitted secondary proportions, markings, surface detail, minor ornamentation, natural wear, and pose or growth irregularity.

Recommended aspect ratio: 3:4.","text, labels, watermark, signature, logo, border, frame, UI, HUD, cropped subject, duplicate anatomy, contradictory anatomy, impossible balance, unsupported structures, random wings, random horns, humanoid default, fantasy armor, weapons, cartoon, anime, toy-like materials, excessive neon, excessive glow, oversaturated colors, busy background, motion blur, low resolution, compression artifacts, generic Earth copy, unsupported fantasy styling, traits conflicting with locked canon",1.0.0,canonical
NB2-PLT-PIII-006-ENERGY-FLORA-PORTRAIT,PLT-PIII-006-ENERGY-FLORA,Energy Flora,portrait,Botanical Portrait,1:1,"Create a canonical NOVERIS Nano Banana 2 visual for Energy Flora: Botanical Portrait.

Canonical archetype:
A canonical energy flora designed as a scientifically plausible plant-like or fungal organism whose anchoring, support, transport, energy capture, growth, reproduction, ecology, and environmental adaptations are internally coherent.

Required visual and biological rules:
• credible anchoring
• coherent support and transport
• functional energy collectors
• reproductive logic
• environment-linked growth
• stable field anchoring
• controlled luminosity
• persistent growth grammar

Production request:
Create defining growth form, foliage, collectors and reproduction.

Studio-resolved canonical values:
{{canonicalId}}, {{displayName}}, {{scientificName}}, {{originPlanet}}, {{planetType}}, {{biome}}, {{gravity}}, {{atmosphere}}, {{climate}}, {{temperatureRange}}, {{sizeScale}}, {{coloration}}, {{materials}}, {{distinctiveFeatures}}, {{lockedTraits}}, {{rarity}}, {{artDirection}}.

Preserve every locked canonical field exactly. The result must use NOVERIS Scientific Realism: premium AAA science-fiction quality, museum-grade reference presentation, scientifically plausible structure, coherent materials, restrained coloration unless canon requires otherwise, readable silhouette, consistent scale and anatomy or growth across all views, soft neutral studio lighting, pure black background for isolated references, full requested subject visibility, generous negative space, and PSD-friendly extraction. Habitat and biome outputs may use the canonical environment. No baked-in text, labels, watermark, logo, border, or UI.

Create four clearly different but canon-compliant versions. Preserve body plan or growth architecture, structural counts, environmental adaptations, materials, defining features, and locked coloration. Vary only permitted secondary proportions, markings, surface detail, minor ornamentation, natural wear, and pose or growth irregularity.

Recommended aspect ratio: 1:1.","text, labels, watermark, signature, logo, border, frame, UI, HUD, cropped subject, duplicate anatomy, contradictory anatomy, impossible balance, unsupported structures, random wings, random horns, humanoid default, fantasy armor, weapons, cartoon, anime, toy-like materials, excessive neon, excessive glow, oversaturated colors, busy background, motion blur, low resolution, compression artifacts, generic Earth copy, unsupported fantasy styling, traits conflicting with locked canon",1.0.0,canonical
NB2-PLT-PIII-006-ENERGY-FLORA-ORTHO-FRONT,PLT-PIII-006-ENERGY-FLORA,Energy Flora,ortho-front,Orthographic Front,3:4,"Create a canonical NOVERIS Nano Banana 2 visual for Energy Flora: Orthographic Front.

Canonical archetype:
A canonical energy flora designed as a scientifically plausible plant-like or fungal organism whose anchoring, support, transport, energy capture, growth, reproduction, ecology, and environmental adaptations are internally coherent.

Required visual and biological rules:
• credible anchoring
• coherent support and transport
• functional energy collectors
• reproductive logic
• environment-linked growth
• stable field anchoring
• controlled luminosity
• persistent growth grammar

Production request:
Create exact front orthographic view.

Studio-resolved canonical values:
{{canonicalId}}, {{displayName}}, {{scientificName}}, {{originPlanet}}, {{planetType}}, {{biome}}, {{gravity}}, {{atmosphere}}, {{climate}}, {{temperatureRange}}, {{sizeScale}}, {{coloration}}, {{materials}}, {{distinctiveFeatures}}, {{lockedTraits}}, {{rarity}}, {{artDirection}}.

Preserve every locked canonical field exactly. The result must use NOVERIS Scientific Realism: premium AAA science-fiction quality, museum-grade reference presentation, scientifically plausible structure, coherent materials, restrained coloration unless canon requires otherwise, readable silhouette, consistent scale and anatomy or growth across all views, soft neutral studio lighting, pure black background for isolated references, full requested subject visibility, generous negative space, and PSD-friendly extraction. Habitat and biome outputs may use the canonical environment. No baked-in text, labels, watermark, logo, border, or UI.

Create four clearly different but canon-compliant versions. Preserve body plan or growth architecture, structural counts, environmental adaptations, materials, defining features, and locked coloration. Vary only permitted secondary proportions, markings, surface detail, minor ornamentation, natural wear, and pose or growth irregularity.

Recommended aspect ratio: 3:4.","text, labels, watermark, signature, logo, border, frame, UI, HUD, cropped subject, duplicate anatomy, contradictory anatomy, impossible balance, unsupported structures, random wings, random horns, humanoid default, fantasy armor, weapons, cartoon, anime, toy-like materials, excessive neon, excessive glow, oversaturated colors, busy background, motion blur, low resolution, compression artifacts, generic Earth copy, unsupported fantasy styling, traits conflicting with locked canon",1.0.0,canonical
NB2-PLT-PIII-006-ENERGY-FLORA-ORTHO-SIDE,PLT-PIII-006-ENERGY-FLORA,Energy Flora,ortho-side,Orthographic Side,3:4,"Create a canonical NOVERIS Nano Banana 2 visual for Energy Flora: Orthographic Side.

Canonical archetype:
A canonical energy flora designed as a scientifically plausible plant-like or fungal organism whose anchoring, support, transport, energy capture, growth, reproduction, ecology, and environmental adaptations are internally coherent.

Required visual and biological rules:
• credible anchoring
• coherent support and transport
• functional energy collectors
• reproductive logic
• environment-linked growth
• stable field anchoring
• controlled luminosity
• persistent growth grammar

Production request:
Create exact side orthographic view.

Studio-resolved canonical values:
{{canonicalId}}, {{displayName}}, {{scientificName}}, {{originPlanet}}, {{planetType}}, {{biome}}, {{gravity}}, {{atmosphere}}, {{climate}}, {{temperatureRange}}, {{sizeScale}}, {{coloration}}, {{materials}}, {{distinctiveFeatures}}, {{lockedTraits}}, {{rarity}}, {{artDirection}}.

Preserve every locked canonical field exactly. The result must use NOVERIS Scientific Realism: premium AAA science-fiction quality, museum-grade reference presentation, scientifically plausible structure, coherent materials, restrained coloration unless canon requires otherwise, readable silhouette, consistent scale and anatomy or growth across all views, soft neutral studio lighting, pure black background for isolated references, full requested subject visibility, generous negative space, and PSD-friendly extraction. Habitat and biome outputs may use the canonical environment. No baked-in text, labels, watermark, logo, border, or UI.

Create four clearly different but canon-compliant versions. Preserve body plan or growth architecture, structural counts, environmental adaptations, materials, defining features, and locked coloration. Vary only permitted secondary proportions, markings, surface detail, minor ornamentation, natural wear, and pose or growth irregularity.

Recommended aspect ratio: 3:4.","text, labels, watermark, signature, logo, border, frame, UI, HUD, cropped subject, duplicate anatomy, contradictory anatomy, impossible balance, unsupported structures, random wings, random horns, humanoid default, fantasy armor, weapons, cartoon, anime, toy-like materials, excessive neon, excessive glow, oversaturated colors, busy background, motion blur, low resolution, compression artifacts, generic Earth copy, unsupported fantasy styling, traits conflicting with locked canon",1.0.0,canonical
NB2-PLT-PIII-006-ENERGY-FLORA-ORTHO-TOP,PLT-PIII-006-ENERGY-FLORA,Energy Flora,ortho-top,Orthographic Top,1:1,"Create a canonical NOVERIS Nano Banana 2 visual for Energy Flora: Orthographic Top.

Canonical archetype:
A canonical energy flora designed as a scientifically plausible plant-like or fungal organism whose anchoring, support, transport, energy capture, growth, reproduction, ecology, and environmental adaptations are internally coherent.

Required visual and biological rules:
• credible anchoring
• coherent support and transport
• functional energy collectors
• reproductive logic
• environment-linked growth
• stable field anchoring
• controlled luminosity
• persistent growth grammar

Production request:
Create exact top view showing spread and growth geometry.

Studio-resolved canonical values:
{{canonicalId}}, {{displayName}}, {{scientificName}}, {{originPlanet}}, {{planetType}}, {{biome}}, {{gravity}}, {{atmosphere}}, {{climate}}, {{temperatureRange}}, {{sizeScale}}, {{coloration}}, {{materials}}, {{distinctiveFeatures}}, {{lockedTraits}}, {{rarity}}, {{artDirection}}.

Preserve every locked canonical field exactly. The result must use NOVERIS Scientific Realism: premium AAA science-fiction quality, museum-grade reference presentation, scientifically plausible structure, coherent materials, restrained coloration unless canon requires otherwise, readable silhouette, consistent scale and anatomy or growth across all views, soft neutral studio lighting, pure black background for isolated references, full requested subject visibility, generous negative space, and PSD-friendly extraction. Habitat and biome outputs may use the canonical environment. No baked-in text, labels, watermark, logo, border, or UI.

Create four clearly different but canon-compliant versions. Preserve body plan or growth architecture, structural counts, environmental adaptations, materials, defining features, and locked coloration. Vary only permitted secondary proportions, markings, surface detail, minor ornamentation, natural wear, and pose or growth irregularity.

Recommended aspect ratio: 1:1.","text, labels, watermark, signature, logo, border, frame, UI, HUD, cropped subject, duplicate anatomy, contradictory anatomy, impossible balance, unsupported structures, random wings, random horns, humanoid default, fantasy armor, weapons, cartoon, anime, toy-like materials, excessive neon, excessive glow, oversaturated colors, busy background, motion blur, low resolution, compression artifacts, generic Earth copy, unsupported fantasy styling, traits conflicting with locked canon",1.0.0,canonical
NB2-PLT-PIII-006-ENERGY-FLORA-ROOTS,PLT-PIII-006-ENERGY-FLORA,Energy Flora,roots,Root or Anchor System,16:9,"Create a canonical NOVERIS Nano Banana 2 visual for Energy Flora: Root or Anchor System.

Canonical archetype:
A canonical energy flora designed as a scientifically plausible plant-like or fungal organism whose anchoring, support, transport, energy capture, growth, reproduction, ecology, and environmental adaptations are internally coherent.

Required visual and biological rules:
• credible anchoring
• coherent support and transport
• functional energy collectors
• reproductive logic
• environment-linked growth
• stable field anchoring
• controlled luminosity
• persistent growth grammar

Production request:
Create complete substrate interface and nutrient exchange structures.

Studio-resolved canonical values:
{{canonicalId}}, {{displayName}}, {{scientificName}}, {{originPlanet}}, {{planetType}}, {{biome}}, {{gravity}}, {{atmosphere}}, {{climate}}, {{temperatureRange}}, {{sizeScale}}, {{coloration}}, {{materials}}, {{distinctiveFeatures}}, {{lockedTraits}}, {{rarity}}, {{artDirection}}.

Preserve every locked canonical field exactly. The result must use NOVERIS Scientific Realism: premium AAA science-fiction quality, museum-grade reference presentation, scientifically plausible structure, coherent materials, restrained coloration unless canon requires otherwise, readable silhouette, consistent scale and anatomy or growth across all views, soft neutral studio lighting, pure black background for isolated references, full requested subject visibility, generous negative space, and PSD-friendly extraction. Habitat and biome outputs may use the canonical environment. No baked-in text, labels, watermark, logo, border, or UI.

Create four clearly different but canon-compliant versions. Preserve body plan or growth architecture, structural counts, environmental adaptations, materials, defining features, and locked coloration. Vary only permitted secondary proportions, markings, surface detail, minor ornamentation, natural wear, and pose or growth irregularity.

Recommended aspect ratio: 16:9.","text, labels, watermark, signature, logo, border, frame, UI, HUD, cropped subject, duplicate anatomy, contradictory anatomy, impossible balance, unsupported structures, random wings, random horns, humanoid default, fantasy armor, weapons, cartoon, anime, toy-like materials, excessive neon, excessive glow, oversaturated colors, busy background, motion blur, low resolution, compression artifacts, generic Earth copy, unsupported fantasy styling, traits conflicting with locked canon",1.0.0,canonical
NB2-PLT-PIII-006-ENERGY-FLORA-STEMS,PLT-PIII-006-ENERGY-FLORA,Energy Flora,stems,"Stem, Trunk or Structural Study",16:9,"Create a canonical NOVERIS Nano Banana 2 visual for Energy Flora: Stem, Trunk or Structural Study.

Canonical archetype:
A canonical energy flora designed as a scientifically plausible plant-like or fungal organism whose anchoring, support, transport, energy capture, growth, reproduction, ecology, and environmental adaptations are internally coherent.

Required visual and biological rules:
• credible anchoring
• coherent support and transport
• functional energy collectors
• reproductive logic
• environment-linked growth
• stable field anchoring
• controlled luminosity
• persistent growth grammar

Production request:
Create support and transport architecture.

Studio-resolved canonical values:
{{canonicalId}}, {{displayName}}, {{scientificName}}, {{originPlanet}}, {{planetType}}, {{biome}}, {{gravity}}, {{atmosphere}}, {{climate}}, {{temperatureRange}}, {{sizeScale}}, {{coloration}}, {{materials}}, {{distinctiveFeatures}}, {{lockedTraits}}, {{rarity}}, {{artDirection}}.

Preserve every locked canonical field exactly. The result must use NOVERIS Scientific Realism: premium AAA science-fiction quality, museum-grade reference presentation, scientifically plausible structure, coherent materials, restrained coloration unless canon requires otherwise, readable silhouette, consistent scale and anatomy or growth across all views, soft neutral studio lighting, pure black background for isolated references, full requested subject visibility, generous negative space, and PSD-friendly extraction. Habitat and biome outputs may use the canonical environment. No baked-in text, labels, watermark, logo, border, or UI.

Create four clearly different but canon-compliant versions. Preserve body plan or growth architecture, structural counts, environmental adaptations, materials, defining features, and locked coloration. Vary only permitted secondary proportions, markings, surface detail, minor ornamentation, natural wear, and pose or growth irregularity.

Recommended aspect ratio: 16:9.","text, labels, watermark, signature, logo, border, frame, UI, HUD, cropped subject, duplicate anatomy, contradictory anatomy, impossible balance, unsupported structures, random wings, random horns, humanoid default, fantasy armor, weapons, cartoon, anime, toy-like materials, excessive neon, excessive glow, oversaturated colors, busy background, motion blur, low resolution, compression artifacts, generic Earth copy, unsupported fantasy styling, traits conflicting with locked canon",1.0.0,canonical
NB2-PLT-PIII-006-ENERGY-FLORA-COLLECTORS,PLT-PIII-006-ENERGY-FLORA,Energy Flora,collectors,Leaves or Collector Study,16:9,"Create a canonical NOVERIS Nano Banana 2 visual for Energy Flora: Leaves or Collector Study.

Canonical archetype:
A canonical energy flora designed as a scientifically plausible plant-like or fungal organism whose anchoring, support, transport, energy capture, growth, reproduction, ecology, and environmental adaptations are internally coherent.

Required visual and biological rules:
• credible anchoring
• coherent support and transport
• functional energy collectors
• reproductive logic
• environment-linked growth
• stable field anchoring
• controlled luminosity
• persistent growth grammar

Production request:
Create front, back, edge, juvenile, mature and stressed states.

Studio-resolved canonical values:
{{canonicalId}}, {{displayName}}, {{scientificName}}, {{originPlanet}}, {{planetType}}, {{biome}}, {{gravity}}, {{atmosphere}}, {{climate}}, {{temperatureRange}}, {{sizeScale}}, {{coloration}}, {{materials}}, {{distinctiveFeatures}}, {{lockedTraits}}, {{rarity}}, {{artDirection}}.

Preserve every locked canonical field exactly. The result must use NOVERIS Scientific Realism: premium AAA science-fiction quality, museum-grade reference presentation, scientifically plausible structure, coherent materials, restrained coloration unless canon requires otherwise, readable silhouette, consistent scale and anatomy or growth across all views, soft neutral studio lighting, pure black background for isolated references, full requested subject visibility, generous negative space, and PSD-friendly extraction. Habitat and biome outputs may use the canonical environment. No baked-in text, labels, watermark, logo, border, or UI.

Create four clearly different but canon-compliant versions. Preserve body plan or growth architecture, structural counts, environmental adaptations, materials, defining features, and locked coloration. Vary only permitted secondary proportions, markings, surface detail, minor ornamentation, natural wear, and pose or growth irregularity.

Recommended aspect ratio: 16:9.","text, labels, watermark, signature, logo, border, frame, UI, HUD, cropped subject, duplicate anatomy, contradictory anatomy, impossible balance, unsupported structures, random wings, random horns, humanoid default, fantasy armor, weapons, cartoon, anime, toy-like materials, excessive neon, excessive glow, oversaturated colors, busy background, motion blur, low resolution, compression artifacts, generic Earth copy, unsupported fantasy styling, traits conflicting with locked canon",1.0.0,canonical
NB2-PLT-PIII-006-ENERGY-FLORA-REPRODUCTION,PLT-PIII-006-ENERGY-FLORA,Energy Flora,reproduction,Reproductive Structure,16:9,"Create a canonical NOVERIS Nano Banana 2 visual for Energy Flora: Reproductive Structure.

Canonical archetype:
A canonical energy flora designed as a scientifically plausible plant-like or fungal organism whose anchoring, support, transport, energy capture, growth, reproduction, ecology, and environmental adaptations are internally coherent.

Required visual and biological rules:
• credible anchoring
• coherent support and transport
• functional energy collectors
• reproductive logic
• environment-linked growth
• stable field anchoring
• controlled luminosity
• persistent growth grammar

Production request:
Create flowers, cones, spores, fields or equivalent stages.

Studio-resolved canonical values:
{{canonicalId}}, {{displayName}}, {{scientificName}}, {{originPlanet}}, {{planetType}}, {{biome}}, {{gravity}}, {{atmosphere}}, {{climate}}, {{temperatureRange}}, {{sizeScale}}, {{coloration}}, {{materials}}, {{distinctiveFeatures}}, {{lockedTraits}}, {{rarity}}, {{artDirection}}.

Preserve every locked canonical field exactly. The result must use NOVERIS Scientific Realism: premium AAA science-fiction quality, museum-grade reference presentation, scientifically plausible structure, coherent materials, restrained coloration unless canon requires otherwise, readable silhouette, consistent scale and anatomy or growth across all views, soft neutral studio lighting, pure black background for isolated references, full requested subject visibility, generous negative space, and PSD-friendly extraction. Habitat and biome outputs may use the canonical environment. No baked-in text, labels, watermark, logo, border, or UI.

Create four clearly different but canon-compliant versions. Preserve body plan or growth architecture, structural counts, environmental adaptations, materials, defining features, and locked coloration. Vary only permitted secondary proportions, markings, surface detail, minor ornamentation, natural wear, and pose or growth irregularity.

Recommended aspect ratio: 16:9.","text, labels, watermark, signature, logo, border, frame, UI, HUD, cropped subject, duplicate anatomy, contradictory anatomy, impossible balance, unsupported structures, random wings, random horns, humanoid default, fantasy armor, weapons, cartoon, anime, toy-like materials, excessive neon, excessive glow, oversaturated colors, busy background, motion blur, low resolution, compression artifacts, generic Earth copy, unsupported fantasy styling, traits conflicting with locked canon",1.0.0,canonical
NB2-PLT-PIII-006-ENERGY-FLORA-PROPAGULES,PLT-PIII-006-ENERGY-FLORA,Energy Flora,propagules,"Seed, Spore or Propagule Study",16:9,"Create a canonical NOVERIS Nano Banana 2 visual for Energy Flora: Seed, Spore or Propagule Study.

Canonical archetype:
A canonical energy flora designed as a scientifically plausible plant-like or fungal organism whose anchoring, support, transport, energy capture, growth, reproduction, ecology, and environmental adaptations are internally coherent.

Required visual and biological rules:
• credible anchoring
• coherent support and transport
• functional energy collectors
• reproductive logic
• environment-linked growth
• stable field anchoring
• controlled luminosity
• persistent growth grammar

Production request:
Create dispersal, germination and early establishment.

Studio-resolved canonical values:
{{canonicalId}}, {{displayName}}, {{scientificName}}, {{originPlanet}}, {{planetType}}, {{biome}}, {{gravity}}, {{atmosphere}}, {{climate}}, {{temperatureRange}}, {{sizeScale}}, {{coloration}}, {{materials}}, {{distinctiveFeatures}}, {{lockedTraits}}, {{rarity}}, {{artDirection}}.

Preserve every locked canonical field exactly. The result must use NOVERIS Scientific Realism: premium AAA science-fiction quality, museum-grade reference presentation, scientifically plausible structure, coherent materials, restrained coloration unless canon requires otherwise, readable silhouette, consistent scale and anatomy or growth across all views, soft neutral studio lighting, pure black background for isolated references, full requested subject visibility, generous negative space, and PSD-friendly extraction. Habitat and biome outputs may use the canonical environment. No baked-in text, labels, watermark, logo, border, or UI.

Create four clearly different but canon-compliant versions. Preserve body plan or growth architecture, structural counts, environmental adaptations, materials, defining features, and locked coloration. Vary only permitted secondary proportions, markings, surface detail, minor ornamentation, natural wear, and pose or growth irregularity.

Recommended aspect ratio: 16:9.","text, labels, watermark, signature, logo, border, frame, UI, HUD, cropped subject, duplicate anatomy, contradictory anatomy, impossible balance, unsupported structures, random wings, random horns, humanoid default, fantasy armor, weapons, cartoon, anime, toy-like materials, excessive neon, excessive glow, oversaturated colors, busy background, motion blur, low resolution, compression artifacts, generic Earth copy, unsupported fantasy styling, traits conflicting with locked canon",1.0.0,canonical
NB2-PLT-PIII-006-ENERGY-FLORA-CROSS-SECTION,PLT-PIII-006-ENERGY-FLORA,Energy Flora,cross-section,Internal Cross Section,16:9,"Create a canonical NOVERIS Nano Banana 2 visual for Energy Flora: Internal Cross Section.

Canonical archetype:
A canonical energy flora designed as a scientifically plausible plant-like or fungal organism whose anchoring, support, transport, energy capture, growth, reproduction, ecology, and environmental adaptations are internally coherent.

Required visual and biological rules:
• credible anchoring
• coherent support and transport
• functional energy collectors
• reproductive logic
• environment-linked growth
• stable field anchoring
• controlled luminosity
• persistent growth grammar

Production request:
Create protection, transport, support, storage and reproduction.

Studio-resolved canonical values:
{{canonicalId}}, {{displayName}}, {{scientificName}}, {{originPlanet}}, {{planetType}}, {{biome}}, {{gravity}}, {{atmosphere}}, {{climate}}, {{temperatureRange}}, {{sizeScale}}, {{coloration}}, {{materials}}, {{distinctiveFeatures}}, {{lockedTraits}}, {{rarity}}, {{artDirection}}.

Preserve every locked canonical field exactly. The result must use NOVERIS Scientific Realism: premium AAA science-fiction quality, museum-grade reference presentation, scientifically plausible structure, coherent materials, restrained coloration unless canon requires otherwise, readable silhouette, consistent scale and anatomy or growth across all views, soft neutral studio lighting, pure black background for isolated references, full requested subject visibility, generous negative space, and PSD-friendly extraction. Habitat and biome outputs may use the canonical environment. No baked-in text, labels, watermark, logo, border, or UI.

Create four clearly different but canon-compliant versions. Preserve body plan or growth architecture, structural counts, environmental adaptations, materials, defining features, and locked coloration. Vary only permitted secondary proportions, markings, surface detail, minor ornamentation, natural wear, and pose or growth irregularity.

Recommended aspect ratio: 16:9.","text, labels, watermark, signature, logo, border, frame, UI, HUD, cropped subject, duplicate anatomy, contradictory anatomy, impossible balance, unsupported structures, random wings, random horns, humanoid default, fantasy armor, weapons, cartoon, anime, toy-like materials, excessive neon, excessive glow, oversaturated colors, busy background, motion blur, low resolution, compression artifacts, generic Earth copy, unsupported fantasy styling, traits conflicting with locked canon",1.0.0,canonical
NB2-PLT-PIII-006-ENERGY-FLORA-GROWTH,PLT-PIII-006-ENERGY-FLORA,Energy Flora,growth,Growth Stages,16:9,"Create a canonical NOVERIS Nano Banana 2 visual for Energy Flora: Growth Stages.

Canonical archetype:
A canonical energy flora designed as a scientifically plausible plant-like or fungal organism whose anchoring, support, transport, energy capture, growth, reproduction, ecology, and environmental adaptations are internally coherent.

Required visual and biological rules:
• credible anchoring
• coherent support and transport
• functional energy collectors
• reproductive logic
• environment-linked growth
• stable field anchoring
• controlled luminosity
• persistent growth grammar

Production request:
Create propagule, juvenile, mature, reproductive and senescent stages.

Studio-resolved canonical values:
{{canonicalId}}, {{displayName}}, {{scientificName}}, {{originPlanet}}, {{planetType}}, {{biome}}, {{gravity}}, {{atmosphere}}, {{climate}}, {{temperatureRange}}, {{sizeScale}}, {{coloration}}, {{materials}}, {{distinctiveFeatures}}, {{lockedTraits}}, {{rarity}}, {{artDirection}}.

Preserve every locked canonical field exactly. The result must use NOVERIS Scientific Realism: premium AAA science-fiction quality, museum-grade reference presentation, scientifically plausible structure, coherent materials, restrained coloration unless canon requires otherwise, readable silhouette, consistent scale and anatomy or growth across all views, soft neutral studio lighting, pure black background for isolated references, full requested subject visibility, generous negative space, and PSD-friendly extraction. Habitat and biome outputs may use the canonical environment. No baked-in text, labels, watermark, logo, border, or UI.

Create four clearly different but canon-compliant versions. Preserve body plan or growth architecture, structural counts, environmental adaptations, materials, defining features, and locked coloration. Vary only permitted secondary proportions, markings, surface detail, minor ornamentation, natural wear, and pose or growth irregularity.

Recommended aspect ratio: 16:9.","text, labels, watermark, signature, logo, border, frame, UI, HUD, cropped subject, duplicate anatomy, contradictory anatomy, impossible balance, unsupported structures, random wings, random horns, humanoid default, fantasy armor, weapons, cartoon, anime, toy-like materials, excessive neon, excessive glow, oversaturated colors, busy background, motion blur, low resolution, compression artifacts, generic Earth copy, unsupported fantasy styling, traits conflicting with locked canon",1.0.0,canonical
NB2-PLT-PIII-006-ENERGY-FLORA-SEASONAL,PLT-PIII-006-ENERGY-FLORA,Energy Flora,seasonal,Seasonal and Stress Variants,16:9,"Create a canonical NOVERIS Nano Banana 2 visual for Energy Flora: Seasonal and Stress Variants.

Canonical archetype:
A canonical energy flora designed as a scientifically plausible plant-like or fungal organism whose anchoring, support, transport, energy capture, growth, reproduction, ecology, and environmental adaptations are internally coherent.

Required visual and biological rules:
• credible anchoring
• coherent support and transport
• functional energy collectors
• reproductive logic
• environment-linked growth
• stable field anchoring
• controlled luminosity
• persistent growth grammar

Production request:
Create growth, reproduction, dormancy, damage and recovery.

Studio-resolved canonical values:
{{canonicalId}}, {{displayName}}, {{scientificName}}, {{originPlanet}}, {{planetType}}, {{biome}}, {{gravity}}, {{atmosphere}}, {{climate}}, {{temperatureRange}}, {{sizeScale}}, {{coloration}}, {{materials}}, {{distinctiveFeatures}}, {{lockedTraits}}, {{rarity}}, {{artDirection}}.

Preserve every locked canonical field exactly. The result must use NOVERIS Scientific Realism: premium AAA science-fiction quality, museum-grade reference presentation, scientifically plausible structure, coherent materials, restrained coloration unless canon requires otherwise, readable silhouette, consistent scale and anatomy or growth across all views, soft neutral studio lighting, pure black background for isolated references, full requested subject visibility, generous negative space, and PSD-friendly extraction. Habitat and biome outputs may use the canonical environment. No baked-in text, labels, watermark, logo, border, or UI.

Create four clearly different but canon-compliant versions. Preserve body plan or growth architecture, structural counts, environmental adaptations, materials, defining features, and locked coloration. Vary only permitted secondary proportions, markings, surface detail, minor ornamentation, natural wear, and pose or growth irregularity.

Recommended aspect ratio: 16:9.","text, labels, watermark, signature, logo, border, frame, UI, HUD, cropped subject, duplicate anatomy, contradictory anatomy, impossible balance, unsupported structures, random wings, random horns, humanoid default, fantasy armor, weapons, cartoon, anime, toy-like materials, excessive neon, excessive glow, oversaturated colors, busy background, motion blur, low resolution, compression artifacts, generic Earth copy, unsupported fantasy styling, traits conflicting with locked canon",1.0.0,canonical
NB2-PLT-PIII-006-ENERGY-FLORA-HABITAT,PLT-PIII-006-ENERGY-FLORA,Energy Flora,habitat,Native Habitat Composition,16:9,"Create a canonical NOVERIS Nano Banana 2 visual for Energy Flora: Native Habitat Composition.

Canonical archetype:
A canonical energy flora designed as a scientifically plausible plant-like or fungal organism whose anchoring, support, transport, energy capture, growth, reproduction, ecology, and environmental adaptations are internally coherent.

Required visual and biological rules:
• credible anchoring
• coherent support and transport
• functional energy collectors
• reproductive logic
• environment-linked growth
• stable field anchoring
• controlled luminosity
• persistent growth grammar

Production request:
Create natural population with spacing and age diversity.

Studio-resolved canonical values:
{{canonicalId}}, {{displayName}}, {{scientificName}}, {{originPlanet}}, {{planetType}}, {{biome}}, {{gravity}}, {{atmosphere}}, {{climate}}, {{temperatureRange}}, {{sizeScale}}, {{coloration}}, {{materials}}, {{distinctiveFeatures}}, {{lockedTraits}}, {{rarity}}, {{artDirection}}.

Preserve every locked canonical field exactly. The result must use NOVERIS Scientific Realism: premium AAA science-fiction quality, museum-grade reference presentation, scientifically plausible structure, coherent materials, restrained coloration unless canon requires otherwise, readable silhouette, consistent scale and anatomy or growth across all views, soft neutral studio lighting, pure black background for isolated references, full requested subject visibility, generous negative space, and PSD-friendly extraction. Habitat and biome outputs may use the canonical environment. No baked-in text, labels, watermark, logo, border, or UI.

Create four clearly different but canon-compliant versions. Preserve body plan or growth architecture, structural counts, environmental adaptations, materials, defining features, and locked coloration. Vary only permitted secondary proportions, markings, surface detail, minor ornamentation, natural wear, and pose or growth irregularity.

Recommended aspect ratio: 16:9.","text, labels, watermark, signature, logo, border, frame, UI, HUD, cropped subject, duplicate anatomy, contradictory anatomy, impossible balance, unsupported structures, random wings, random horns, humanoid default, fantasy armor, weapons, cartoon, anime, toy-like materials, excessive neon, excessive glow, oversaturated colors, busy background, motion blur, low resolution, compression artifacts, generic Earth copy, unsupported fantasy styling, traits conflicting with locked canon",1.0.0,canonical
NB2-PLT-PIII-006-ENERGY-FLORA-BIOME,PLT-PIII-006-ENERGY-FLORA,Energy Flora,biome,Biome Composition,16:9,"Create a canonical NOVERIS Nano Banana 2 visual for Energy Flora: Biome Composition.

Canonical archetype:
A canonical energy flora designed as a scientifically plausible plant-like or fungal organism whose anchoring, support, transport, energy capture, growth, reproduction, ecology, and environmental adaptations are internally coherent.

Required visual and biological rules:
• credible anchoring
• coherent support and transport
• functional energy collectors
• reproductive logic
• environment-linked growth
• stable field anchoring
• controlled luminosity
• persistent growth grammar

Production request:
Create coordinated vegetation set at consistent scale.

Studio-resolved canonical values:
{{canonicalId}}, {{displayName}}, {{scientificName}}, {{originPlanet}}, {{planetType}}, {{biome}}, {{gravity}}, {{atmosphere}}, {{climate}}, {{temperatureRange}}, {{sizeScale}}, {{coloration}}, {{materials}}, {{distinctiveFeatures}}, {{lockedTraits}}, {{rarity}}, {{artDirection}}.

Preserve every locked canonical field exactly. The result must use NOVERIS Scientific Realism: premium AAA science-fiction quality, museum-grade reference presentation, scientifically plausible structure, coherent materials, restrained coloration unless canon requires otherwise, readable silhouette, consistent scale and anatomy or growth across all views, soft neutral studio lighting, pure black background for isolated references, full requested subject visibility, generous negative space, and PSD-friendly extraction. Habitat and biome outputs may use the canonical environment. No baked-in text, labels, watermark, logo, border, or UI.

Create four clearly different but canon-compliant versions. Preserve body plan or growth architecture, structural counts, environmental adaptations, materials, defining features, and locked coloration. Vary only permitted secondary proportions, markings, surface detail, minor ornamentation, natural wear, and pose or growth irregularity.

Recommended aspect ratio: 16:9.","text, labels, watermark, signature, logo, border, frame, UI, HUD, cropped subject, duplicate anatomy, contradictory anatomy, impossible balance, unsupported structures, random wings, random horns, humanoid default, fantasy armor, weapons, cartoon, anime, toy-like materials, excessive neon, excessive glow, oversaturated colors, busy background, motion blur, low resolution, compression artifacts, generic Earth copy, unsupported fantasy styling, traits conflicting with locked canon",1.0.0,canonical
NB2-PLT-PIII-006-ENERGY-FLORA-DISCOVERY,PLT-PIII-006-ENERGY-FLORA,Energy Flora,discovery,Discovery Scan,16:9,"Create a canonical NOVERIS Nano Banana 2 visual for Energy Flora: Discovery Scan.

Canonical archetype:
A canonical energy flora designed as a scientifically plausible plant-like or fungal organism whose anchoring, support, transport, energy capture, growth, reproduction, ecology, and environmental adaptations are internally coherent.

Required visual and biological rules:
• credible anchoring
• coherent support and transport
• functional energy collectors
• reproductive logic
• environment-linked growth
• stable field anchoring
• controlled luminosity
• persistent growth grammar

Production request:
Create centered scientific scan source without labels.

Studio-resolved canonical values:
{{canonicalId}}, {{displayName}}, {{scientificName}}, {{originPlanet}}, {{planetType}}, {{biome}}, {{gravity}}, {{atmosphere}}, {{climate}}, {{temperatureRange}}, {{sizeScale}}, {{coloration}}, {{materials}}, {{distinctiveFeatures}}, {{lockedTraits}}, {{rarity}}, {{artDirection}}.

Preserve every locked canonical field exactly. The result must use NOVERIS Scientific Realism: premium AAA science-fiction quality, museum-grade reference presentation, scientifically plausible structure, coherent materials, restrained coloration unless canon requires otherwise, readable silhouette, consistent scale and anatomy or growth across all views, soft neutral studio lighting, pure black background for isolated references, full requested subject visibility, generous negative space, and PSD-friendly extraction. Habitat and biome outputs may use the canonical environment. No baked-in text, labels, watermark, logo, border, or UI.

Create four clearly different but canon-compliant versions. Preserve body plan or growth architecture, structural counts, environmental adaptations, materials, defining features, and locked coloration. Vary only permitted secondary proportions, markings, surface detail, minor ornamentation, natural wear, and pose or growth irregularity.

Recommended aspect ratio: 16:9.","text, labels, watermark, signature, logo, border, frame, UI, HUD, cropped subject, duplicate anatomy, contradictory anatomy, impossible balance, unsupported structures, random wings, random horns, humanoid default, fantasy armor, weapons, cartoon, anime, toy-like materials, excessive neon, excessive glow, oversaturated colors, busy background, motion blur, low resolution, compression artifacts, generic Earth copy, unsupported fantasy styling, traits conflicting with locked canon",1.0.0,canonical
NB2-PLT-PIII-006-ENERGY-FLORA-ICON,PLT-PIII-006-ENERGY-FLORA,Energy Flora,icon,UI Icon,1:1,"Create a canonical NOVERIS Nano Banana 2 visual for Energy Flora: UI Icon.

Canonical archetype:
A canonical energy flora designed as a scientifically plausible plant-like or fungal organism whose anchoring, support, transport, energy capture, growth, reproduction, ecology, and environmental adaptations are internally coherent.

Required visual and biological rules:
• credible anchoring
• coherent support and transport
• functional energy collectors
• reproductive logic
• environment-linked growth
• stable field anchoring
• controlled luminosity
• persistent growth grammar

Production request:
Create isolated silhouette readable at 64 pixels.

Studio-resolved canonical values:
{{canonicalId}}, {{displayName}}, {{scientificName}}, {{originPlanet}}, {{planetType}}, {{biome}}, {{gravity}}, {{atmosphere}}, {{climate}}, {{temperatureRange}}, {{sizeScale}}, {{coloration}}, {{materials}}, {{distinctiveFeatures}}, {{lockedTraits}}, {{rarity}}, {{artDirection}}.

Preserve every locked canonical field exactly. The result must use NOVERIS Scientific Realism: premium AAA science-fiction quality, museum-grade reference presentation, scientifically plausible structure, coherent materials, restrained coloration unless canon requires otherwise, readable silhouette, consistent scale and anatomy or growth across all views, soft neutral studio lighting, pure black background for isolated references, full requested subject visibility, generous negative space, and PSD-friendly extraction. Habitat and biome outputs may use the canonical environment. No baked-in text, labels, watermark, logo, border, or UI.

Create four clearly different but canon-compliant versions. Preserve body plan or growth architecture, structural counts, environmental adaptations, materials, defining features, and locked coloration. Vary only permitted secondary proportions, markings, surface detail, minor ornamentation, natural wear, and pose or growth irregularity.

Recommended aspect ratio: 1:1.","text, labels, watermark, signature, logo, border, frame, UI, HUD, cropped subject, duplicate anatomy, contradictory anatomy, impossible balance, unsupported structures, random wings, random horns, humanoid default, fantasy armor, weapons, cartoon, anime, toy-like materials, excessive neon, excessive glow, oversaturated colors, busy background, motion blur, low resolution, compression artifacts, generic Earth copy, unsupported fantasy styling, traits conflicting with locked canon",1.0.0,canonical
NB2-PLT-PIII-006-ENERGY-FLORA-SCALE,PLT-PIII-006-ENERGY-FLORA,Energy Flora,scale,Scale Comparison,16:9,"Create a canonical NOVERIS Nano Banana 2 visual for Energy Flora: Scale Comparison.

Canonical archetype:
A canonical energy flora designed as a scientifically plausible plant-like or fungal organism whose anchoring, support, transport, energy capture, growth, reproduction, ecology, and environmental adaptations are internally coherent.

Required visual and biological rules:
• credible anchoring
• coherent support and transport
• functional energy collectors
• reproductive logic
• environment-linked growth
• stable field anchoring
• controlled luminosity
• persistent growth grammar

Production request:
Create side view with adult human silhouette and one-meter bar.

Studio-resolved canonical values:
{{canonicalId}}, {{displayName}}, {{scientificName}}, {{originPlanet}}, {{planetType}}, {{biome}}, {{gravity}}, {{atmosphere}}, {{climate}}, {{temperatureRange}}, {{sizeScale}}, {{coloration}}, {{materials}}, {{distinctiveFeatures}}, {{lockedTraits}}, {{rarity}}, {{artDirection}}.

Preserve every locked canonical field exactly. The result must use NOVERIS Scientific Realism: premium AAA science-fiction quality, museum-grade reference presentation, scientifically plausible structure, coherent materials, restrained coloration unless canon requires otherwise, readable silhouette, consistent scale and anatomy or growth across all views, soft neutral studio lighting, pure black background for isolated references, full requested subject visibility, generous negative space, and PSD-friendly extraction. Habitat and biome outputs may use the canonical environment. No baked-in text, labels, watermark, logo, border, or UI.

Create four clearly different but canon-compliant versions. Preserve body plan or growth architecture, structural counts, environmental adaptations, materials, defining features, and locked coloration. Vary only permitted secondary proportions, markings, surface detail, minor ornamentation, natural wear, and pose or growth irregularity.

Recommended aspect ratio: 16:9.","text, labels, watermark, signature, logo, border, frame, UI, HUD, cropped subject, duplicate anatomy, contradictory anatomy, impossible balance, unsupported structures, random wings, random horns, humanoid default, fantasy armor, weapons, cartoon, anime, toy-like materials, excessive neon, excessive glow, oversaturated colors, busy background, motion blur, low resolution, compression artifacts, generic Earth copy, unsupported fantasy styling, traits conflicting with locked canon",1.0.0,canonical
NB2-PLT-PIII-006-ENERGY-FLORA-PLATE,PLT-PIII-006-ENERGY-FLORA,Energy Flora,plate,Master Botanical Plate,16:9,"Create a canonical NOVERIS Nano Banana 2 visual for Energy Flora: Master Botanical Plate.

Canonical archetype:
A canonical energy flora designed as a scientifically plausible plant-like or fungal organism whose anchoring, support, transport, energy capture, growth, reproduction, ecology, and environmental adaptations are internally coherent.

Required visual and biological rules:
• credible anchoring
• coherent support and transport
• functional energy collectors
• reproductive logic
• environment-linked growth
• stable field anchoring
• controlled luminosity
• persistent growth grammar

Production request:
Create whole organism, views, roots, structure, collectors, reproduction, stages, materials and habitat vignette.

Studio-resolved canonical values:
{{canonicalId}}, {{displayName}}, {{scientificName}}, {{originPlanet}}, {{planetType}}, {{biome}}, {{gravity}}, {{atmosphere}}, {{climate}}, {{temperatureRange}}, {{sizeScale}}, {{coloration}}, {{materials}}, {{distinctiveFeatures}}, {{lockedTraits}}, {{rarity}}, {{artDirection}}.

Preserve every locked canonical field exactly. The result must use NOVERIS Scientific Realism: premium AAA science-fiction quality, museum-grade reference presentation, scientifically plausible structure, coherent materials, restrained coloration unless canon requires otherwise, readable silhouette, consistent scale and anatomy or growth across all views, soft neutral studio lighting, pure black background for isolated references, full requested subject visibility, generous negative space, and PSD-friendly extraction. Habitat and biome outputs may use the canonical environment. No baked-in text, labels, watermark, logo, border, or UI.

Create four clearly different but canon-compliant versions. Preserve body plan or growth architecture, structural counts, environmental adaptations, materials, defining features, and locked coloration. Vary only permitted secondary proportions, markings, surface detail, minor ornamentation, natural wear, and pose or growth irregularity.

Recommended aspect ratio: 16:9.","text, labels, watermark, signature, logo, border, frame, UI, HUD, cropped subject, duplicate anatomy, contradictory anatomy, impossible balance, unsupported structures, random wings, random horns, humanoid default, fantasy armor, weapons, cartoon, anime, toy-like materials, excessive neon, excessive glow, oversaturated colors, busy background, motion blur, low resolution, compression artifacts, generic Earth copy, unsupported fantasy styling, traits conflicting with locked canon",1.0.0,canonical
NB2-PLT-PIII-006-ENERGY-FLORA-PSD,PLT-PIII-006-ENERGY-FLORA,Energy Flora,psd,PSD Extraction Board,16:9,"Create a canonical NOVERIS Nano Banana 2 visual for Energy Flora: PSD Extraction Board.

Canonical archetype:
A canonical energy flora designed as a scientifically plausible plant-like or fungal organism whose anchoring, support, transport, energy capture, growth, reproduction, ecology, and environmental adaptations are internally coherent.

Required visual and biological rules:
• credible anchoring
• coherent support and transport
• functional energy collectors
• reproductive logic
• environment-linked growth
• stable field anchoring
• controlled luminosity
• persistent growth grammar

Production request:
Create isolated whole organism, parts, silhouette and material references.

Studio-resolved canonical values:
{{canonicalId}}, {{displayName}}, {{scientificName}}, {{originPlanet}}, {{planetType}}, {{biome}}, {{gravity}}, {{atmosphere}}, {{climate}}, {{temperatureRange}}, {{sizeScale}}, {{coloration}}, {{materials}}, {{distinctiveFeatures}}, {{lockedTraits}}, {{rarity}}, {{artDirection}}.

Preserve every locked canonical field exactly. The result must use NOVERIS Scientific Realism: premium AAA science-fiction quality, museum-grade reference presentation, scientifically plausible structure, coherent materials, restrained coloration unless canon requires otherwise, readable silhouette, consistent scale and anatomy or growth across all views, soft neutral studio lighting, pure black background for isolated references, full requested subject visibility, generous negative space, and PSD-friendly extraction. Habitat and biome outputs may use the canonical environment. No baked-in text, labels, watermark, logo, border, or UI.

Create four clearly different but canon-compliant versions. Preserve body plan or growth architecture, structural counts, environmental adaptations, materials, defining features, and locked coloration. Vary only permitted secondary proportions, markings, surface detail, minor ornamentation, natural wear, and pose or growth irregularity.

Recommended aspect ratio: 16:9.","text, labels, watermark, signature, logo, border, frame, UI, HUD, cropped subject, duplicate anatomy, contradictory anatomy, impossible balance, unsupported structures, random wings, random horns, humanoid default, fantasy armor, weapons, cartoon, anime, toy-like materials, excessive neon, excessive glow, oversaturated colors, busy background, motion blur, low resolution, compression artifacts, generic Earth copy, unsupported fantasy styling, traits conflicting with locked canon",1.0.0,canonical
NB2-PLT-PIII-007-ELECTROMAGNETIC-FLORA-WHOLE-PLANT,PLT-PIII-007-ELECTROMAGNETIC-FLORA,Electromagnetic Flora,whole-plant,Whole Plant Production Render,3:4,"Create a canonical NOVERIS Nano Banana 2 visual for Electromagnetic Flora: Whole Plant Production Render.

Canonical archetype:
A canonical electromagnetic flora designed as a scientifically plausible plant-like or fungal organism whose anchoring, support, transport, energy capture, growth, reproduction, ecology, and environmental adaptations are internally coherent.

Required visual and biological rules:
• credible anchoring
• coherent support and transport
• functional energy collectors
• reproductive logic
• environment-linked growth
• stable field anchoring
• controlled luminosity
• persistent growth grammar

Production request:
Create complete mature organism including roots or anchor system.

Studio-resolved canonical values:
{{canonicalId}}, {{displayName}}, {{scientificName}}, {{originPlanet}}, {{planetType}}, {{biome}}, {{gravity}}, {{atmosphere}}, {{climate}}, {{temperatureRange}}, {{sizeScale}}, {{coloration}}, {{materials}}, {{distinctiveFeatures}}, {{lockedTraits}}, {{rarity}}, {{artDirection}}.

Preserve every locked canonical field exactly. The result must use NOVERIS Scientific Realism: premium AAA science-fiction quality, museum-grade reference presentation, scientifically plausible structure, coherent materials, restrained coloration unless canon requires otherwise, readable silhouette, consistent scale and anatomy or growth across all views, soft neutral studio lighting, pure black background for isolated references, full requested subject visibility, generous negative space, and PSD-friendly extraction. Habitat and biome outputs may use the canonical environment. No baked-in text, labels, watermark, logo, border, or UI.

Create four clearly different but canon-compliant versions. Preserve body plan or growth architecture, structural counts, environmental adaptations, materials, defining features, and locked coloration. Vary only permitted secondary proportions, markings, surface detail, minor ornamentation, natural wear, and pose or growth irregularity.

Recommended aspect ratio: 3:4.","text, labels, watermark, signature, logo, border, frame, UI, HUD, cropped subject, duplicate anatomy, contradictory anatomy, impossible balance, unsupported structures, random wings, random horns, humanoid default, fantasy armor, weapons, cartoon, anime, toy-like materials, excessive neon, excessive glow, oversaturated colors, busy background, motion blur, low resolution, compression artifacts, generic Earth copy, unsupported fantasy styling, traits conflicting with locked canon",1.0.0,canonical
NB2-PLT-PIII-007-ELECTROMAGNETIC-FLORA-PORTRAIT,PLT-PIII-007-ELECTROMAGNETIC-FLORA,Electromagnetic Flora,portrait,Botanical Portrait,1:1,"Create a canonical NOVERIS Nano Banana 2 visual for Electromagnetic Flora: Botanical Portrait.

Canonical archetype:
A canonical electromagnetic flora designed as a scientifically plausible plant-like or fungal organism whose anchoring, support, transport, energy capture, growth, reproduction, ecology, and environmental adaptations are internally coherent.

Required visual and biological rules:
• credible anchoring
• coherent support and transport
• functional energy collectors
• reproductive logic
• environment-linked growth
• stable field anchoring
• controlled luminosity
• persistent growth grammar

Production request:
Create defining growth form, foliage, collectors and reproduction.

Studio-resolved canonical values:
{{canonicalId}}, {{displayName}}, {{scientificName}}, {{originPlanet}}, {{planetType}}, {{biome}}, {{gravity}}, {{atmosphere}}, {{climate}}, {{temperatureRange}}, {{sizeScale}}, {{coloration}}, {{materials}}, {{distinctiveFeatures}}, {{lockedTraits}}, {{rarity}}, {{artDirection}}.

Preserve every locked canonical field exactly. The result must use NOVERIS Scientific Realism: premium AAA science-fiction quality, museum-grade reference presentation, scientifically plausible structure, coherent materials, restrained coloration unless canon requires otherwise, readable silhouette, consistent scale and anatomy or growth across all views, soft neutral studio lighting, pure black background for isolated references, full requested subject visibility, generous negative space, and PSD-friendly extraction. Habitat and biome outputs may use the canonical environment. No baked-in text, labels, watermark, logo, border, or UI.

Create four clearly different but canon-compliant versions. Preserve body plan or growth architecture, structural counts, environmental adaptations, materials, defining features, and locked coloration. Vary only permitted secondary proportions, markings, surface detail, minor ornamentation, natural wear, and pose or growth irregularity.

Recommended aspect ratio: 1:1.","text, labels, watermark, signature, logo, border, frame, UI, HUD, cropped subject, duplicate anatomy, contradictory anatomy, impossible balance, unsupported structures, random wings, random horns, humanoid default, fantasy armor, weapons, cartoon, anime, toy-like materials, excessive neon, excessive glow, oversaturated colors, busy background, motion blur, low resolution, compression artifacts, generic Earth copy, unsupported fantasy styling, traits conflicting with locked canon",1.0.0,canonical
NB2-PLT-PIII-007-ELECTROMAGNETIC-FLORA-ORTHO-FRONT,PLT-PIII-007-ELECTROMAGNETIC-FLORA,Electromagnetic Flora,ortho-front,Orthographic Front,3:4,"Create a canonical NOVERIS Nano Banana 2 visual for Electromagnetic Flora: Orthographic Front.

Canonical archetype:
A canonical electromagnetic flora designed as a scientifically plausible plant-like or fungal organism whose anchoring, support, transport, energy capture, growth, reproduction, ecology, and environmental adaptations are internally coherent.

Required visual and biological rules:
• credible anchoring
• coherent support and transport
• functional energy collectors
• reproductive logic
• environment-linked growth
• stable field anchoring
• controlled luminosity
• persistent growth grammar

Production request:
Create exact front orthographic view.

Studio-resolved canonical values:
{{canonicalId}}, {{displayName}}, {{scientificName}}, {{originPlanet}}, {{planetType}}, {{biome}}, {{gravity}}, {{atmosphere}}, {{climate}}, {{temperatureRange}}, {{sizeScale}}, {{coloration}}, {{materials}}, {{distinctiveFeatures}}, {{lockedTraits}}, {{rarity}}, {{artDirection}}.

Preserve every locked canonical field exactly. The result must use NOVERIS Scientific Realism: premium AAA science-fiction quality, museum-grade reference presentation, scientifically plausible structure, coherent materials, restrained coloration unless canon requires otherwise, readable silhouette, consistent scale and anatomy or growth across all views, soft neutral studio lighting, pure black background for isolated references, full requested subject visibility, generous negative space, and PSD-friendly extraction. Habitat and biome outputs may use the canonical environment. No baked-in text, labels, watermark, logo, border, or UI.

Create four clearly different but canon-compliant versions. Preserve body plan or growth architecture, structural counts, environmental adaptations, materials, defining features, and locked coloration. Vary only permitted secondary proportions, markings, surface detail, minor ornamentation, natural wear, and pose or growth irregularity.

Recommended aspect ratio: 3:4.","text, labels, watermark, signature, logo, border, frame, UI, HUD, cropped subject, duplicate anatomy, contradictory anatomy, impossible balance, unsupported structures, random wings, random horns, humanoid default, fantasy armor, weapons, cartoon, anime, toy-like materials, excessive neon, excessive glow, oversaturated colors, busy background, motion blur, low resolution, compression artifacts, generic Earth copy, unsupported fantasy styling, traits conflicting with locked canon",1.0.0,canonical
NB2-PLT-PIII-007-ELECTROMAGNETIC-FLORA-ORTHO-SIDE,PLT-PIII-007-ELECTROMAGNETIC-FLORA,Electromagnetic Flora,ortho-side,Orthographic Side,3:4,"Create a canonical NOVERIS Nano Banana 2 visual for Electromagnetic Flora: Orthographic Side.

Canonical archetype:
A canonical electromagnetic flora designed as a scientifically plausible plant-like or fungal organism whose anchoring, support, transport, energy capture, growth, reproduction, ecology, and environmental adaptations are internally coherent.

Required visual and biological rules:
• credible anchoring
• coherent support and transport
• functional energy collectors
• reproductive logic
• environment-linked growth
• stable field anchoring
• controlled luminosity
• persistent growth grammar

Production request:
Create exact side orthographic view.

Studio-resolved canonical values:
{{canonicalId}}, {{displayName}}, {{scientificName}}, {{originPlanet}}, {{planetType}}, {{biome}}, {{gravity}}, {{atmosphere}}, {{climate}}, {{temperatureRange}}, {{sizeScale}}, {{coloration}}, {{materials}}, {{distinctiveFeatures}}, {{lockedTraits}}, {{rarity}}, {{artDirection}}.

Preserve every locked canonical field exactly. The result must use NOVERIS Scientific Realism: premium AAA science-fiction quality, museum-grade reference presentation, scientifically plausible structure, coherent materials, restrained coloration unless canon requires otherwise, readable silhouette, consistent scale and anatomy or growth across all views, soft neutral studio lighting, pure black background for isolated references, full requested subject visibility, generous negative space, and PSD-friendly extraction. Habitat and biome outputs may use the canonical environment. No baked-in text, labels, watermark, logo, border, or UI.

Create four clearly different but canon-compliant versions. Preserve body plan or growth architecture, structural counts, environmental adaptations, materials, defining features, and locked coloration. Vary only permitted secondary proportions, markings, surface detail, minor ornamentation, natural wear, and pose or growth irregularity.

Recommended aspect ratio: 3:4.","text, labels, watermark, signature, logo, border, frame, UI, HUD, cropped subject, duplicate anatomy, contradictory anatomy, impossible balance, unsupported structures, random wings, random horns, humanoid default, fantasy armor, weapons, cartoon, anime, toy-like materials, excessive neon, excessive glow, oversaturated colors, busy background, motion blur, low resolution, compression artifacts, generic Earth copy, unsupported fantasy styling, traits conflicting with locked canon",1.0.0,canonical
NB2-PLT-PIII-007-ELECTROMAGNETIC-FLORA-ORTHO-TOP,PLT-PIII-007-ELECTROMAGNETIC-FLORA,Electromagnetic Flora,ortho-top,Orthographic Top,1:1,"Create a canonical NOVERIS Nano Banana 2 visual for Electromagnetic Flora: Orthographic Top.

Canonical archetype:
A canonical electromagnetic flora designed as a scientifically plausible plant-like or fungal organism whose anchoring, support, transport, energy capture, growth, reproduction, ecology, and environmental adaptations are internally coherent.

Required visual and biological rules:
• credible anchoring
• coherent support and transport
• functional energy collectors
• reproductive logic
• environment-linked growth
• stable field anchoring
• controlled luminosity
• persistent growth grammar

Production request:
Create exact top view showing spread and growth geometry.

Studio-resolved canonical values:
{{canonicalId}}, {{displayName}}, {{scientificName}}, {{originPlanet}}, {{planetType}}, {{biome}}, {{gravity}}, {{atmosphere}}, {{climate}}, {{temperatureRange}}, {{sizeScale}}, {{coloration}}, {{materials}}, {{distinctiveFeatures}}, {{lockedTraits}}, {{rarity}}, {{artDirection}}.

Preserve every locked canonical field exactly. The result must use NOVERIS Scientific Realism: premium AAA science-fiction quality, museum-grade reference presentation, scientifically plausible structure, coherent materials, restrained coloration unless canon requires otherwise, readable silhouette, consistent scale and anatomy or growth across all views, soft neutral studio lighting, pure black background for isolated references, full requested subject visibility, generous negative space, and PSD-friendly extraction. Habitat and biome outputs may use the canonical environment. No baked-in text, labels, watermark, logo, border, or UI.

Create four clearly different but canon-compliant versions. Preserve body plan or growth architecture, structural counts, environmental adaptations, materials, defining features, and locked coloration. Vary only permitted secondary proportions, markings, surface detail, minor ornamentation, natural wear, and pose or growth irregularity.

Recommended aspect ratio: 1:1.","text, labels, watermark, signature, logo, border, frame, UI, HUD, cropped subject, duplicate anatomy, contradictory anatomy, impossible balance, unsupported structures, random wings, random horns, humanoid default, fantasy armor, weapons, cartoon, anime, toy-like materials, excessive neon, excessive glow, oversaturated colors, busy background, motion blur, low resolution, compression artifacts, generic Earth copy, unsupported fantasy styling, traits conflicting with locked canon",1.0.0,canonical
NB2-PLT-PIII-007-ELECTROMAGNETIC-FLORA-ROOTS,PLT-PIII-007-ELECTROMAGNETIC-FLORA,Electromagnetic Flora,roots,Root or Anchor System,16:9,"Create a canonical NOVERIS Nano Banana 2 visual for Electromagnetic Flora: Root or Anchor System.

Canonical archetype:
A canonical electromagnetic flora designed as a scientifically plausible plant-like or fungal organism whose anchoring, support, transport, energy capture, growth, reproduction, ecology, and environmental adaptations are internally coherent.

Required visual and biological rules:
• credible anchoring
• coherent support and transport
• functional energy collectors
• reproductive logic
• environment-linked growth
• stable field anchoring
• controlled luminosity
• persistent growth grammar

Production request:
Create complete substrate interface and nutrient exchange structures.

Studio-resolved canonical values:
{{canonicalId}}, {{displayName}}, {{scientificName}}, {{originPlanet}}, {{planetType}}, {{biome}}, {{gravity}}, {{atmosphere}}, {{climate}}, {{temperatureRange}}, {{sizeScale}}, {{coloration}}, {{materials}}, {{distinctiveFeatures}}, {{lockedTraits}}, {{rarity}}, {{artDirection}}.

Preserve every locked canonical field exactly. The result must use NOVERIS Scientific Realism: premium AAA science-fiction quality, museum-grade reference presentation, scientifically plausible structure, coherent materials, restrained coloration unless canon requires otherwise, readable silhouette, consistent scale and anatomy or growth across all views, soft neutral studio lighting, pure black background for isolated references, full requested subject visibility, generous negative space, and PSD-friendly extraction. Habitat and biome outputs may use the canonical environment. No baked-in text, labels, watermark, logo, border, or UI.

Create four clearly different but canon-compliant versions. Preserve body plan or growth architecture, structural counts, environmental adaptations, materials, defining features, and locked coloration. Vary only permitted secondary proportions, markings, surface detail, minor ornamentation, natural wear, and pose or growth irregularity.

Recommended aspect ratio: 16:9.","text, labels, watermark, signature, logo, border, frame, UI, HUD, cropped subject, duplicate anatomy, contradictory anatomy, impossible balance, unsupported structures, random wings, random horns, humanoid default, fantasy armor, weapons, cartoon, anime, toy-like materials, excessive neon, excessive glow, oversaturated colors, busy background, motion blur, low resolution, compression artifacts, generic Earth copy, unsupported fantasy styling, traits conflicting with locked canon",1.0.0,canonical
NB2-PLT-PIII-007-ELECTROMAGNETIC-FLORA-STEMS,PLT-PIII-007-ELECTROMAGNETIC-FLORA,Electromagnetic Flora,stems,"Stem, Trunk or Structural Study",16:9,"Create a canonical NOVERIS Nano Banana 2 visual for Electromagnetic Flora: Stem, Trunk or Structural Study.

Canonical archetype:
A canonical electromagnetic flora designed as a scientifically plausible plant-like or fungal organism whose anchoring, support, transport, energy capture, growth, reproduction, ecology, and environmental adaptations are internally coherent.

Required visual and biological rules:
• credible anchoring
• coherent support and transport
• functional energy collectors
• reproductive logic
• environment-linked growth
• stable field anchoring
• controlled luminosity
• persistent growth grammar

Production request:
Create support and transport architecture.

Studio-resolved canonical values:
{{canonicalId}}, {{displayName}}, {{scientificName}}, {{originPlanet}}, {{planetType}}, {{biome}}, {{gravity}}, {{atmosphere}}, {{climate}}, {{temperatureRange}}, {{sizeScale}}, {{coloration}}, {{materials}}, {{distinctiveFeatures}}, {{lockedTraits}}, {{rarity}}, {{artDirection}}.

Preserve every locked canonical field exactly. The result must use NOVERIS Scientific Realism: premium AAA science-fiction quality, museum-grade reference presentation, scientifically plausible structure, coherent materials, restrained coloration unless canon requires otherwise, readable silhouette, consistent scale and anatomy or growth across all views, soft neutral studio lighting, pure black background for isolated references, full requested subject visibility, generous negative space, and PSD-friendly extraction. Habitat and biome outputs may use the canonical environment. No baked-in text, labels, watermark, logo, border, or UI.

Create four clearly different but canon-compliant versions. Preserve body plan or growth architecture, structural counts, environmental adaptations, materials, defining features, and locked coloration. Vary only permitted secondary proportions, markings, surface detail, minor ornamentation, natural wear, and pose or growth irregularity.

Recommended aspect ratio: 16:9.","text, labels, watermark, signature, logo, border, frame, UI, HUD, cropped subject, duplicate anatomy, contradictory anatomy, impossible balance, unsupported structures, random wings, random horns, humanoid default, fantasy armor, weapons, cartoon, anime, toy-like materials, excessive neon, excessive glow, oversaturated colors, busy background, motion blur, low resolution, compression artifacts, generic Earth copy, unsupported fantasy styling, traits conflicting with locked canon",1.0.0,canonical
NB2-PLT-PIII-007-ELECTROMAGNETIC-FLORA-COLLECTORS,PLT-PIII-007-ELECTROMAGNETIC-FLORA,Electromagnetic Flora,collectors,Leaves or Collector Study,16:9,"Create a canonical NOVERIS Nano Banana 2 visual for Electromagnetic Flora: Leaves or Collector Study.

Canonical archetype:
A canonical electromagnetic flora designed as a scientifically plausible plant-like or fungal organism whose anchoring, support, transport, energy capture, growth, reproduction, ecology, and environmental adaptations are internally coherent.

Required visual and biological rules:
• credible anchoring
• coherent support and transport
• functional energy collectors
• reproductive logic
• environment-linked growth
• stable field anchoring
• controlled luminosity
• persistent growth grammar

Production request:
Create front, back, edge, juvenile, mature and stressed states.

Studio-resolved canonical values:
{{canonicalId}}, {{displayName}}, {{scientificName}}, {{originPlanet}}, {{planetType}}, {{biome}}, {{gravity}}, {{atmosphere}}, {{climate}}, {{temperatureRange}}, {{sizeScale}}, {{coloration}}, {{materials}}, {{distinctiveFeatures}}, {{lockedTraits}}, {{rarity}}, {{artDirection}}.

Preserve every locked canonical field exactly. The result must use NOVERIS Scientific Realism: premium AAA science-fiction quality, museum-grade reference presentation, scientifically plausible structure, coherent materials, restrained coloration unless canon requires otherwise, readable silhouette, consistent scale and anatomy or growth across all views, soft neutral studio lighting, pure black background for isolated references, full requested subject visibility, generous negative space, and PSD-friendly extraction. Habitat and biome outputs may use the canonical environment. No baked-in text, labels, watermark, logo, border, or UI.

Create four clearly different but canon-compliant versions. Preserve body plan or growth architecture, structural counts, environmental adaptations, materials, defining features, and locked coloration. Vary only permitted secondary proportions, markings, surface detail, minor ornamentation, natural wear, and pose or growth irregularity.

Recommended aspect ratio: 16:9.","text, labels, watermark, signature, logo, border, frame, UI, HUD, cropped subject, duplicate anatomy, contradictory anatomy, impossible balance, unsupported structures, random wings, random horns, humanoid default, fantasy armor, weapons, cartoon, anime, toy-like materials, excessive neon, excessive glow, oversaturated colors, busy background, motion blur, low resolution, compression artifacts, generic Earth copy, unsupported fantasy styling, traits conflicting with locked canon",1.0.0,canonical
NB2-PLT-PIII-007-ELECTROMAGNETIC-FLORA-REPRODUCTION,PLT-PIII-007-ELECTROMAGNETIC-FLORA,Electromagnetic Flora,reproduction,Reproductive Structure,16:9,"Create a canonical NOVERIS Nano Banana 2 visual for Electromagnetic Flora: Reproductive Structure.

Canonical archetype:
A canonical electromagnetic flora designed as a scientifically plausible plant-like or fungal organism whose anchoring, support, transport, energy capture, growth, reproduction, ecology, and environmental adaptations are internally coherent.

Required visual and biological rules:
• credible anchoring
• coherent support and transport
• functional energy collectors
• reproductive logic
• environment-linked growth
• stable field anchoring
• controlled luminosity
• persistent growth grammar

Production request:
Create flowers, cones, spores, fields or equivalent stages.

Studio-resolved canonical values:
{{canonicalId}}, {{displayName}}, {{scientificName}}, {{originPlanet}}, {{planetType}}, {{biome}}, {{gravity}}, {{atmosphere}}, {{climate}}, {{temperatureRange}}, {{sizeScale}}, {{coloration}}, {{materials}}, {{distinctiveFeatures}}, {{lockedTraits}}, {{rarity}}, {{artDirection}}.

Preserve every locked canonical field exactly. The result must use NOVERIS Scientific Realism: premium AAA science-fiction quality, museum-grade reference presentation, scientifically plausible structure, coherent materials, restrained coloration unless canon requires otherwise, readable silhouette, consistent scale and anatomy or growth across all views, soft neutral studio lighting, pure black background for isolated references, full requested subject visibility, generous negative space, and PSD-friendly extraction. Habitat and biome outputs may use the canonical environment. No baked-in text, labels, watermark, logo, border, or UI.

Create four clearly different but canon-compliant versions. Preserve body plan or growth architecture, structural counts, environmental adaptations, materials, defining features, and locked coloration. Vary only permitted secondary proportions, markings, surface detail, minor ornamentation, natural wear, and pose or growth irregularity.

Recommended aspect ratio: 16:9.","text, labels, watermark, signature, logo, border, frame, UI, HUD, cropped subject, duplicate anatomy, contradictory anatomy, impossible balance, unsupported structures, random wings, random horns, humanoid default, fantasy armor, weapons, cartoon, anime, toy-like materials, excessive neon, excessive glow, oversaturated colors, busy background, motion blur, low resolution, compression artifacts, generic Earth copy, unsupported fantasy styling, traits conflicting with locked canon",1.0.0,canonical
NB2-PLT-PIII-007-ELECTROMAGNETIC-FLORA-PROPAGULES,PLT-PIII-007-ELECTROMAGNETIC-FLORA,Electromagnetic Flora,propagules,"Seed, Spore or Propagule Study",16:9,"Create a canonical NOVERIS Nano Banana 2 visual for Electromagnetic Flora: Seed, Spore or Propagule Study.

Canonical archetype:
A canonical electromagnetic flora designed as a scientifically plausible plant-like or fungal organism whose anchoring, support, transport, energy capture, growth, reproduction, ecology, and environmental adaptations are internally coherent.

Required visual and biological rules:
• credible anchoring
• coherent support and transport
• functional energy collectors
• reproductive logic
• environment-linked growth
• stable field anchoring
• controlled luminosity
• persistent growth grammar

Production request:
Create dispersal, germination and early establishment.

Studio-resolved canonical values:
{{canonicalId}}, {{displayName}}, {{scientificName}}, {{originPlanet}}, {{planetType}}, {{biome}}, {{gravity}}, {{atmosphere}}, {{climate}}, {{temperatureRange}}, {{sizeScale}}, {{coloration}}, {{materials}}, {{distinctiveFeatures}}, {{lockedTraits}}, {{rarity}}, {{artDirection}}.

Preserve every locked canonical field exactly. The result must use NOVERIS Scientific Realism: premium AAA science-fiction quality, museum-grade reference presentation, scientifically plausible structure, coherent materials, restrained coloration unless canon requires otherwise, readable silhouette, consistent scale and anatomy or growth across all views, soft neutral studio lighting, pure black background for isolated references, full requested subject visibility, generous negative space, and PSD-friendly extraction. Habitat and biome outputs may use the canonical environment. No baked-in text, labels, watermark, logo, border, or UI.

Create four clearly different but canon-compliant versions. Preserve body plan or growth architecture, structural counts, environmental adaptations, materials, defining features, and locked coloration. Vary only permitted secondary proportions, markings, surface detail, minor ornamentation, natural wear, and pose or growth irregularity.

Recommended aspect ratio: 16:9.","text, labels, watermark, signature, logo, border, frame, UI, HUD, cropped subject, duplicate anatomy, contradictory anatomy, impossible balance, unsupported structures, random wings, random horns, humanoid default, fantasy armor, weapons, cartoon, anime, toy-like materials, excessive neon, excessive glow, oversaturated colors, busy background, motion blur, low resolution, compression artifacts, generic Earth copy, unsupported fantasy styling, traits conflicting with locked canon",1.0.0,canonical
NB2-PLT-PIII-007-ELECTROMAGNETIC-FLORA-CROSS-SECTION,PLT-PIII-007-ELECTROMAGNETIC-FLORA,Electromagnetic Flora,cross-section,Internal Cross Section,16:9,"Create a canonical NOVERIS Nano Banana 2 visual for Electromagnetic Flora: Internal Cross Section.

Canonical archetype:
A canonical electromagnetic flora designed as a scientifically plausible plant-like or fungal organism whose anchoring, support, transport, energy capture, growth, reproduction, ecology, and environmental adaptations are internally coherent.

Required visual and biological rules:
• credible anchoring
• coherent support and transport
• functional energy collectors
• reproductive logic
• environment-linked growth
• stable field anchoring
• controlled luminosity
• persistent growth grammar

Production request:
Create protection, transport, support, storage and reproduction.

Studio-resolved canonical values:
{{canonicalId}}, {{displayName}}, {{scientificName}}, {{originPlanet}}, {{planetType}}, {{biome}}, {{gravity}}, {{atmosphere}}, {{climate}}, {{temperatureRange}}, {{sizeScale}}, {{coloration}}, {{materials}}, {{distinctiveFeatures}}, {{lockedTraits}}, {{rarity}}, {{artDirection}}.

Preserve every locked canonical field exactly. The result must use NOVERIS Scientific Realism: premium AAA science-fiction quality, museum-grade reference presentation, scientifically plausible structure, coherent materials, restrained coloration unless canon requires otherwise, readable silhouette, consistent scale and anatomy or growth across all views, soft neutral studio lighting, pure black background for isolated references, full requested subject visibility, generous negative space, and PSD-friendly extraction. Habitat and biome outputs may use the canonical environment. No baked-in text, labels, watermark, logo, border, or UI.

Create four clearly different but canon-compliant versions. Preserve body plan or growth architecture, structural counts, environmental adaptations, materials, defining features, and locked coloration. Vary only permitted secondary proportions, markings, surface detail, minor ornamentation, natural wear, and pose or growth irregularity.

Recommended aspect ratio: 16:9.","text, labels, watermark, signature, logo, border, frame, UI, HUD, cropped subject, duplicate anatomy, contradictory anatomy, impossible balance, unsupported structures, random wings, random horns, humanoid default, fantasy armor, weapons, cartoon, anime, toy-like materials, excessive neon, excessive glow, oversaturated colors, busy background, motion blur, low resolution, compression artifacts, generic Earth copy, unsupported fantasy styling, traits conflicting with locked canon",1.0.0,canonical
NB2-PLT-PIII-007-ELECTROMAGNETIC-FLORA-GROWTH,PLT-PIII-007-ELECTROMAGNETIC-FLORA,Electromagnetic Flora,growth,Growth Stages,16:9,"Create a canonical NOVERIS Nano Banana 2 visual for Electromagnetic Flora: Growth Stages.

Canonical archetype:
A canonical electromagnetic flora designed as a scientifically plausible plant-like or fungal organism whose anchoring, support, transport, energy capture, growth, reproduction, ecology, and environmental adaptations are internally coherent.

Required visual and biological rules:
• credible anchoring
• coherent support and transport
• functional energy collectors
• reproductive logic
• environment-linked growth
• stable field anchoring
• controlled luminosity
• persistent growth grammar

Production request:
Create propagule, juvenile, mature, reproductive and senescent stages.

Studio-resolved canonical values:
{{canonicalId}}, {{displayName}}, {{scientificName}}, {{originPlanet}}, {{planetType}}, {{biome}}, {{gravity}}, {{atmosphere}}, {{climate}}, {{temperatureRange}}, {{sizeScale}}, {{coloration}}, {{materials}}, {{distinctiveFeatures}}, {{lockedTraits}}, {{rarity}}, {{artDirection}}.

Preserve every locked canonical field exactly. The result must use NOVERIS Scientific Realism: premium AAA science-fiction quality, museum-grade reference presentation, scientifically plausible structure, coherent materials, restrained coloration unless canon requires otherwise, readable silhouette, consistent scale and anatomy or growth across all views, soft neutral studio lighting, pure black background for isolated references, full requested subject visibility, generous negative space, and PSD-friendly extraction. Habitat and biome outputs may use the canonical environment. No baked-in text, labels, watermark, logo, border, or UI.

Create four clearly different but canon-compliant versions. Preserve body plan or growth architecture, structural counts, environmental adaptations, materials, defining features, and locked coloration. Vary only permitted secondary proportions, markings, surface detail, minor ornamentation, natural wear, and pose or growth irregularity.

Recommended aspect ratio: 16:9.","text, labels, watermark, signature, logo, border, frame, UI, HUD, cropped subject, duplicate anatomy, contradictory anatomy, impossible balance, unsupported structures, random wings, random horns, humanoid default, fantasy armor, weapons, cartoon, anime, toy-like materials, excessive neon, excessive glow, oversaturated colors, busy background, motion blur, low resolution, compression artifacts, generic Earth copy, unsupported fantasy styling, traits conflicting with locked canon",1.0.0,canonical
NB2-PLT-PIII-007-ELECTROMAGNETIC-FLORA-SEASONAL,PLT-PIII-007-ELECTROMAGNETIC-FLORA,Electromagnetic Flora,seasonal,Seasonal and Stress Variants,16:9,"Create a canonical NOVERIS Nano Banana 2 visual for Electromagnetic Flora: Seasonal and Stress Variants.

Canonical archetype:
A canonical electromagnetic flora designed as a scientifically plausible plant-like or fungal organism whose anchoring, support, transport, energy capture, growth, reproduction, ecology, and environmental adaptations are internally coherent.

Required visual and biological rules:
• credible anchoring
• coherent support and transport
• functional energy collectors
• reproductive logic
• environment-linked growth
• stable field anchoring
• controlled luminosity
• persistent growth grammar

Production request:
Create growth, reproduction, dormancy, damage and recovery.

Studio-resolved canonical values:
{{canonicalId}}, {{displayName}}, {{scientificName}}, {{originPlanet}}, {{planetType}}, {{biome}}, {{gravity}}, {{atmosphere}}, {{climate}}, {{temperatureRange}}, {{sizeScale}}, {{coloration}}, {{materials}}, {{distinctiveFeatures}}, {{lockedTraits}}, {{rarity}}, {{artDirection}}.

Preserve every locked canonical field exactly. The result must use NOVERIS Scientific Realism: premium AAA science-fiction quality, museum-grade reference presentation, scientifically plausible structure, coherent materials, restrained coloration unless canon requires otherwise, readable silhouette, consistent scale and anatomy or growth across all views, soft neutral studio lighting, pure black background for isolated references, full requested subject visibility, generous negative space, and PSD-friendly extraction. Habitat and biome outputs may use the canonical environment. No baked-in text, labels, watermark, logo, border, or UI.

Create four clearly different but canon-compliant versions. Preserve body plan or growth architecture, structural counts, environmental adaptations, materials, defining features, and locked coloration. Vary only permitted secondary proportions, markings, surface detail, minor ornamentation, natural wear, and pose or growth irregularity.

Recommended aspect ratio: 16:9.","text, labels, watermark, signature, logo, border, frame, UI, HUD, cropped subject, duplicate anatomy, contradictory anatomy, impossible balance, unsupported structures, random wings, random horns, humanoid default, fantasy armor, weapons, cartoon, anime, toy-like materials, excessive neon, excessive glow, oversaturated colors, busy background, motion blur, low resolution, compression artifacts, generic Earth copy, unsupported fantasy styling, traits conflicting with locked canon",1.0.0,canonical
NB2-PLT-PIII-007-ELECTROMAGNETIC-FLORA-HABITAT,PLT-PIII-007-ELECTROMAGNETIC-FLORA,Electromagnetic Flora,habitat,Native Habitat Composition,16:9,"Create a canonical NOVERIS Nano Banana 2 visual for Electromagnetic Flora: Native Habitat Composition.

Canonical archetype:
A canonical electromagnetic flora designed as a scientifically plausible plant-like or fungal organism whose anchoring, support, transport, energy capture, growth, reproduction, ecology, and environmental adaptations are internally coherent.

Required visual and biological rules:
• credible anchoring
• coherent support and transport
• functional energy collectors
• reproductive logic
• environment-linked growth
• stable field anchoring
• controlled luminosity
• persistent growth grammar

Production request:
Create natural population with spacing and age diversity.

Studio-resolved canonical values:
{{canonicalId}}, {{displayName}}, {{scientificName}}, {{originPlanet}}, {{planetType}}, {{biome}}, {{gravity}}, {{atmosphere}}, {{climate}}, {{temperatureRange}}, {{sizeScale}}, {{coloration}}, {{materials}}, {{distinctiveFeatures}}, {{lockedTraits}}, {{rarity}}, {{artDirection}}.

Preserve every locked canonical field exactly. The result must use NOVERIS Scientific Realism: premium AAA science-fiction quality, museum-grade reference presentation, scientifically plausible structure, coherent materials, restrained coloration unless canon requires otherwise, readable silhouette, consistent scale and anatomy or growth across all views, soft neutral studio lighting, pure black background for isolated references, full requested subject visibility, generous negative space, and PSD-friendly extraction. Habitat and biome outputs may use the canonical environment. No baked-in text, labels, watermark, logo, border, or UI.

Create four clearly different but canon-compliant versions. Preserve body plan or growth architecture, structural counts, environmental adaptations, materials, defining features, and locked coloration. Vary only permitted secondary proportions, markings, surface detail, minor ornamentation, natural wear, and pose or growth irregularity.

Recommended aspect ratio: 16:9.","text, labels, watermark, signature, logo, border, frame, UI, HUD, cropped subject, duplicate anatomy, contradictory anatomy, impossible balance, unsupported structures, random wings, random horns, humanoid default, fantasy armor, weapons, cartoon, anime, toy-like materials, excessive neon, excessive glow, oversaturated colors, busy background, motion blur, low resolution, compression artifacts, generic Earth copy, unsupported fantasy styling, traits conflicting with locked canon",1.0.0,canonical
NB2-PLT-PIII-007-ELECTROMAGNETIC-FLORA-BIOME,PLT-PIII-007-ELECTROMAGNETIC-FLORA,Electromagnetic Flora,biome,Biome Composition,16:9,"Create a canonical NOVERIS Nano Banana 2 visual for Electromagnetic Flora: Biome Composition.

Canonical archetype:
A canonical electromagnetic flora designed as a scientifically plausible plant-like or fungal organism whose anchoring, support, transport, energy capture, growth, reproduction, ecology, and environmental adaptations are internally coherent.

Required visual and biological rules:
• credible anchoring
• coherent support and transport
• functional energy collectors
• reproductive logic
• environment-linked growth
• stable field anchoring
• controlled luminosity
• persistent growth grammar

Production request:
Create coordinated vegetation set at consistent scale.

Studio-resolved canonical values:
{{canonicalId}}, {{displayName}}, {{scientificName}}, {{originPlanet}}, {{planetType}}, {{biome}}, {{gravity}}, {{atmosphere}}, {{climate}}, {{temperatureRange}}, {{sizeScale}}, {{coloration}}, {{materials}}, {{distinctiveFeatures}}, {{lockedTraits}}, {{rarity}}, {{artDirection}}.

Preserve every locked canonical field exactly. The result must use NOVERIS Scientific Realism: premium AAA science-fiction quality, museum-grade reference presentation, scientifically plausible structure, coherent materials, restrained coloration unless canon requires otherwise, readable silhouette, consistent scale and anatomy or growth across all views, soft neutral studio lighting, pure black background for isolated references, full requested subject visibility, generous negative space, and PSD-friendly extraction. Habitat and biome outputs may use the canonical environment. No baked-in text, labels, watermark, logo, border, or UI.

Create four clearly different but canon-compliant versions. Preserve body plan or growth architecture, structural counts, environmental adaptations, materials, defining features, and locked coloration. Vary only permitted secondary proportions, markings, surface detail, minor ornamentation, natural wear, and pose or growth irregularity.

Recommended aspect ratio: 16:9.","text, labels, watermark, signature, logo, border, frame, UI, HUD, cropped subject, duplicate anatomy, contradictory anatomy, impossible balance, unsupported structures, random wings, random horns, humanoid default, fantasy armor, weapons, cartoon, anime, toy-like materials, excessive neon, excessive glow, oversaturated colors, busy background, motion blur, low resolution, compression artifacts, generic Earth copy, unsupported fantasy styling, traits conflicting with locked canon",1.0.0,canonical
NB2-PLT-PIII-007-ELECTROMAGNETIC-FLORA-DISCOVERY,PLT-PIII-007-ELECTROMAGNETIC-FLORA,Electromagnetic Flora,discovery,Discovery Scan,16:9,"Create a canonical NOVERIS Nano Banana 2 visual for Electromagnetic Flora: Discovery Scan.

Canonical archetype:
A canonical electromagnetic flora designed as a scientifically plausible plant-like or fungal organism whose anchoring, support, transport, energy capture, growth, reproduction, ecology, and environmental adaptations are internally coherent.

Required visual and biological rules:
• credible anchoring
• coherent support and transport
• functional energy collectors
• reproductive logic
• environment-linked growth
• stable field anchoring
• controlled luminosity
• persistent growth grammar

Production request:
Create centered scientific scan source without labels.

Studio-resolved canonical values:
{{canonicalId}}, {{displayName}}, {{scientificName}}, {{originPlanet}}, {{planetType}}, {{biome}}, {{gravity}}, {{atmosphere}}, {{climate}}, {{temperatureRange}}, {{sizeScale}}, {{coloration}}, {{materials}}, {{distinctiveFeatures}}, {{lockedTraits}}, {{rarity}}, {{artDirection}}.

Preserve every locked canonical field exactly. The result must use NOVERIS Scientific Realism: premium AAA science-fiction quality, museum-grade reference presentation, scientifically plausible structure, coherent materials, restrained coloration unless canon requires otherwise, readable silhouette, consistent scale and anatomy or growth across all views, soft neutral studio lighting, pure black background for isolated references, full requested subject visibility, generous negative space, and PSD-friendly extraction. Habitat and biome outputs may use the canonical environment. No baked-in text, labels, watermark, logo, border, or UI.

Create four clearly different but canon-compliant versions. Preserve body plan or growth architecture, structural counts, environmental adaptations, materials, defining features, and locked coloration. Vary only permitted secondary proportions, markings, surface detail, minor ornamentation, natural wear, and pose or growth irregularity.

Recommended aspect ratio: 16:9.","text, labels, watermark, signature, logo, border, frame, UI, HUD, cropped subject, duplicate anatomy, contradictory anatomy, impossible balance, unsupported structures, random wings, random horns, humanoid default, fantasy armor, weapons, cartoon, anime, toy-like materials, excessive neon, excessive glow, oversaturated colors, busy background, motion blur, low resolution, compression artifacts, generic Earth copy, unsupported fantasy styling, traits conflicting with locked canon",1.0.0,canonical
NB2-PLT-PIII-007-ELECTROMAGNETIC-FLORA-ICON,PLT-PIII-007-ELECTROMAGNETIC-FLORA,Electromagnetic Flora,icon,UI Icon,1:1,"Create a canonical NOVERIS Nano Banana 2 visual for Electromagnetic Flora: UI Icon.

Canonical archetype:
A canonical electromagnetic flora designed as a scientifically plausible plant-like or fungal organism whose anchoring, support, transport, energy capture, growth, reproduction, ecology, and environmental adaptations are internally coherent.

Required visual and biological rules:
• credible anchoring
• coherent support and transport
• functional energy collectors
• reproductive logic
• environment-linked growth
• stable field anchoring
• controlled luminosity
• persistent growth grammar

Production request:
Create isolated silhouette readable at 64 pixels.

Studio-resolved canonical values:
{{canonicalId}}, {{displayName}}, {{scientificName}}, {{originPlanet}}, {{planetType}}, {{biome}}, {{gravity}}, {{atmosphere}}, {{climate}}, {{temperatureRange}}, {{sizeScale}}, {{coloration}}, {{materials}}, {{distinctiveFeatures}}, {{lockedTraits}}, {{rarity}}, {{artDirection}}.

Preserve every locked canonical field exactly. The result must use NOVERIS Scientific Realism: premium AAA science-fiction quality, museum-grade reference presentation, scientifically plausible structure, coherent materials, restrained coloration unless canon requires otherwise, readable silhouette, consistent scale and anatomy or growth across all views, soft neutral studio lighting, pure black background for isolated references, full requested subject visibility, generous negative space, and PSD-friendly extraction. Habitat and biome outputs may use the canonical environment. No baked-in text, labels, watermark, logo, border, or UI.

Create four clearly different but canon-compliant versions. Preserve body plan or growth architecture, structural counts, environmental adaptations, materials, defining features, and locked coloration. Vary only permitted secondary proportions, markings, surface detail, minor ornamentation, natural wear, and pose or growth irregularity.

Recommended aspect ratio: 1:1.","text, labels, watermark, signature, logo, border, frame, UI, HUD, cropped subject, duplicate anatomy, contradictory anatomy, impossible balance, unsupported structures, random wings, random horns, humanoid default, fantasy armor, weapons, cartoon, anime, toy-like materials, excessive neon, excessive glow, oversaturated colors, busy background, motion blur, low resolution, compression artifacts, generic Earth copy, unsupported fantasy styling, traits conflicting with locked canon",1.0.0,canonical
NB2-PLT-PIII-007-ELECTROMAGNETIC-FLORA-SCALE,PLT-PIII-007-ELECTROMAGNETIC-FLORA,Electromagnetic Flora,scale,Scale Comparison,16:9,"Create a canonical NOVERIS Nano Banana 2 visual for Electromagnetic Flora: Scale Comparison.

Canonical archetype:
A canonical electromagnetic flora designed as a scientifically plausible plant-like or fungal organism whose anchoring, support, transport, energy capture, growth, reproduction, ecology, and environmental adaptations are internally coherent.

Required visual and biological rules:
• credible anchoring
• coherent support and transport
• functional energy collectors
• reproductive logic
• environment-linked growth
• stable field anchoring
• controlled luminosity
• persistent growth grammar

Production request:
Create side view with adult human silhouette and one-meter bar.

Studio-resolved canonical values:
{{canonicalId}}, {{displayName}}, {{scientificName}}, {{originPlanet}}, {{planetType}}, {{biome}}, {{gravity}}, {{atmosphere}}, {{climate}}, {{temperatureRange}}, {{sizeScale}}, {{coloration}}, {{materials}}, {{distinctiveFeatures}}, {{lockedTraits}}, {{rarity}}, {{artDirection}}.

Preserve every locked canonical field exactly. The result must use NOVERIS Scientific Realism: premium AAA science-fiction quality, museum-grade reference presentation, scientifically plausible structure, coherent materials, restrained coloration unless canon requires otherwise, readable silhouette, consistent scale and anatomy or growth across all views, soft neutral studio lighting, pure black background for isolated references, full requested subject visibility, generous negative space, and PSD-friendly extraction. Habitat and biome outputs may use the canonical environment. No baked-in text, labels, watermark, logo, border, or UI.

Create four clearly different but canon-compliant versions. Preserve body plan or growth architecture, structural counts, environmental adaptations, materials, defining features, and locked coloration. Vary only permitted secondary proportions, markings, surface detail, minor ornamentation, natural wear, and pose or growth irregularity.

Recommended aspect ratio: 16:9.","text, labels, watermark, signature, logo, border, frame, UI, HUD, cropped subject, duplicate anatomy, contradictory anatomy, impossible balance, unsupported structures, random wings, random horns, humanoid default, fantasy armor, weapons, cartoon, anime, toy-like materials, excessive neon, excessive glow, oversaturated colors, busy background, motion blur, low resolution, compression artifacts, generic Earth copy, unsupported fantasy styling, traits conflicting with locked canon",1.0.0,canonical
NB2-PLT-PIII-007-ELECTROMAGNETIC-FLORA-PLATE,PLT-PIII-007-ELECTROMAGNETIC-FLORA,Electromagnetic Flora,plate,Master Botanical Plate,16:9,"Create a canonical NOVERIS Nano Banana 2 visual for Electromagnetic Flora: Master Botanical Plate.

Canonical archetype:
A canonical electromagnetic flora designed as a scientifically plausible plant-like or fungal organism whose anchoring, support, transport, energy capture, growth, reproduction, ecology, and environmental adaptations are internally coherent.

Required visual and biological rules:
• credible anchoring
• coherent support and transport
• functional energy collectors
• reproductive logic
• environment-linked growth
• stable field anchoring
• controlled luminosity
• persistent growth grammar

Production request:
Create whole organism, views, roots, structure, collectors, reproduction, stages, materials and habitat vignette.

Studio-resolved canonical values:
{{canonicalId}}, {{displayName}}, {{scientificName}}, {{originPlanet}}, {{planetType}}, {{biome}}, {{gravity}}, {{atmosphere}}, {{climate}}, {{temperatureRange}}, {{sizeScale}}, {{coloration}}, {{materials}}, {{distinctiveFeatures}}, {{lockedTraits}}, {{rarity}}, {{artDirection}}.

Preserve every locked canonical field exactly. The result must use NOVERIS Scientific Realism: premium AAA science-fiction quality, museum-grade reference presentation, scientifically plausible structure, coherent materials, restrained coloration unless canon requires otherwise, readable silhouette, consistent scale and anatomy or growth across all views, soft neutral studio lighting, pure black background for isolated references, full requested subject visibility, generous negative space, and PSD-friendly extraction. Habitat and biome outputs may use the canonical environment. No baked-in text, labels, watermark, logo, border, or UI.

Create four clearly different but canon-compliant versions. Preserve body plan or growth architecture, structural counts, environmental adaptations, materials, defining features, and locked coloration. Vary only permitted secondary proportions, markings, surface detail, minor ornamentation, natural wear, and pose or growth irregularity.

Recommended aspect ratio: 16:9.","text, labels, watermark, signature, logo, border, frame, UI, HUD, cropped subject, duplicate anatomy, contradictory anatomy, impossible balance, unsupported structures, random wings, random horns, humanoid default, fantasy armor, weapons, cartoon, anime, toy-like materials, excessive neon, excessive glow, oversaturated colors, busy background, motion blur, low resolution, compression artifacts, generic Earth copy, unsupported fantasy styling, traits conflicting with locked canon",1.0.0,canonical
NB2-PLT-PIII-007-ELECTROMAGNETIC-FLORA-PSD,PLT-PIII-007-ELECTROMAGNETIC-FLORA,Electromagnetic Flora,psd,PSD Extraction Board,16:9,"Create a canonical NOVERIS Nano Banana 2 visual for Electromagnetic Flora: PSD Extraction Board.

Canonical archetype:
A canonical electromagnetic flora designed as a scientifically plausible plant-like or fungal organism whose anchoring, support, transport, energy capture, growth, reproduction, ecology, and environmental adaptations are internally coherent.

Required visual and biological rules:
• credible anchoring
• coherent support and transport
• functional energy collectors
• reproductive logic
• environment-linked growth
• stable field anchoring
• controlled luminosity
• persistent growth grammar

Production request:
Create isolated whole organism, parts, silhouette and material references.

Studio-resolved canonical values:
{{canonicalId}}, {{displayName}}, {{scientificName}}, {{originPlanet}}, {{planetType}}, {{biome}}, {{gravity}}, {{atmosphere}}, {{climate}}, {{temperatureRange}}, {{sizeScale}}, {{coloration}}, {{materials}}, {{distinctiveFeatures}}, {{lockedTraits}}, {{rarity}}, {{artDirection}}.

Preserve every locked canonical field exactly. The result must use NOVERIS Scientific Realism: premium AAA science-fiction quality, museum-grade reference presentation, scientifically plausible structure, coherent materials, restrained coloration unless canon requires otherwise, readable silhouette, consistent scale and anatomy or growth across all views, soft neutral studio lighting, pure black background for isolated references, full requested subject visibility, generous negative space, and PSD-friendly extraction. Habitat and biome outputs may use the canonical environment. No baked-in text, labels, watermark, logo, border, or UI.

Create four clearly different but canon-compliant versions. Preserve body plan or growth architecture, structural counts, environmental adaptations, materials, defining features, and locked coloration. Vary only permitted secondary proportions, markings, surface detail, minor ornamentation, natural wear, and pose or growth irregularity.

Recommended aspect ratio: 16:9.","text, labels, watermark, signature, logo, border, frame, UI, HUD, cropped subject, duplicate anatomy, contradictory anatomy, impossible balance, unsupported structures, random wings, random horns, humanoid default, fantasy armor, weapons, cartoon, anime, toy-like materials, excessive neon, excessive glow, oversaturated colors, busy background, motion blur, low resolution, compression artifacts, generic Earth copy, unsupported fantasy styling, traits conflicting with locked canon",1.0.0,canonical
NB2-PLT-PIII-008-PHOTONIC-FLORA-WHOLE-PLANT,PLT-PIII-008-PHOTONIC-FLORA,Photonic Flora,whole-plant,Whole Plant Production Render,3:4,"Create a canonical NOVERIS Nano Banana 2 visual for Photonic Flora: Whole Plant Production Render.

Canonical archetype:
A canonical photonic flora designed as a scientifically plausible plant-like or fungal organism whose anchoring, support, transport, energy capture, growth, reproduction, ecology, and environmental adaptations are internally coherent.

Required visual and biological rules:
• credible anchoring
• coherent support and transport
• functional energy collectors
• reproductive logic
• environment-linked growth
• stable field anchoring
• controlled luminosity
• persistent growth grammar

Production request:
Create complete mature organism including roots or anchor system.

Studio-resolved canonical values:
{{canonicalId}}, {{displayName}}, {{scientificName}}, {{originPlanet}}, {{planetType}}, {{biome}}, {{gravity}}, {{atmosphere}}, {{climate}}, {{temperatureRange}}, {{sizeScale}}, {{coloration}}, {{materials}}, {{distinctiveFeatures}}, {{lockedTraits}}, {{rarity}}, {{artDirection}}.

Preserve every locked canonical field exactly. The result must use NOVERIS Scientific Realism: premium AAA science-fiction quality, museum-grade reference presentation, scientifically plausible structure, coherent materials, restrained coloration unless canon requires otherwise, readable silhouette, consistent scale and anatomy or growth across all views, soft neutral studio lighting, pure black background for isolated references, full requested subject visibility, generous negative space, and PSD-friendly extraction. Habitat and biome outputs may use the canonical environment. No baked-in text, labels, watermark, logo, border, or UI.

Create four clearly different but canon-compliant versions. Preserve body plan or growth architecture, structural counts, environmental adaptations, materials, defining features, and locked coloration. Vary only permitted secondary proportions, markings, surface detail, minor ornamentation, natural wear, and pose or growth irregularity.

Recommended aspect ratio: 3:4.","text, labels, watermark, signature, logo, border, frame, UI, HUD, cropped subject, duplicate anatomy, contradictory anatomy, impossible balance, unsupported structures, random wings, random horns, humanoid default, fantasy armor, weapons, cartoon, anime, toy-like materials, excessive neon, excessive glow, oversaturated colors, busy background, motion blur, low resolution, compression artifacts, generic Earth copy, unsupported fantasy styling, traits conflicting with locked canon",1.0.0,canonical
NB2-PLT-PIII-008-PHOTONIC-FLORA-PORTRAIT,PLT-PIII-008-PHOTONIC-FLORA,Photonic Flora,portrait,Botanical Portrait,1:1,"Create a canonical NOVERIS Nano Banana 2 visual for Photonic Flora: Botanical Portrait.

Canonical archetype:
A canonical photonic flora designed as a scientifically plausible plant-like or fungal organism whose anchoring, support, transport, energy capture, growth, reproduction, ecology, and environmental adaptations are internally coherent.

Required visual and biological rules:
• credible anchoring
• coherent support and transport
• functional energy collectors
• reproductive logic
• environment-linked growth
• stable field anchoring
• controlled luminosity
• persistent growth grammar

Production request:
Create defining growth form, foliage, collectors and reproduction.

Studio-resolved canonical values:
{{canonicalId}}, {{displayName}}, {{scientificName}}, {{originPlanet}}, {{planetType}}, {{biome}}, {{gravity}}, {{atmosphere}}, {{climate}}, {{temperatureRange}}, {{sizeScale}}, {{coloration}}, {{materials}}, {{distinctiveFeatures}}, {{lockedTraits}}, {{rarity}}, {{artDirection}}.

Preserve every locked canonical field exactly. The result must use NOVERIS Scientific Realism: premium AAA science-fiction quality, museum-grade reference presentation, scientifically plausible structure, coherent materials, restrained coloration unless canon requires otherwise, readable silhouette, consistent scale and anatomy or growth across all views, soft neutral studio lighting, pure black background for isolated references, full requested subject visibility, generous negative space, and PSD-friendly extraction. Habitat and biome outputs may use the canonical environment. No baked-in text, labels, watermark, logo, border, or UI.

Create four clearly different but canon-compliant versions. Preserve body plan or growth architecture, structural counts, environmental adaptations, materials, defining features, and locked coloration. Vary only permitted secondary proportions, markings, surface detail, minor ornamentation, natural wear, and pose or growth irregularity.

Recommended aspect ratio: 1:1.","text, labels, watermark, signature, logo, border, frame, UI, HUD, cropped subject, duplicate anatomy, contradictory anatomy, impossible balance, unsupported structures, random wings, random horns, humanoid default, fantasy armor, weapons, cartoon, anime, toy-like materials, excessive neon, excessive glow, oversaturated colors, busy background, motion blur, low resolution, compression artifacts, generic Earth copy, unsupported fantasy styling, traits conflicting with locked canon",1.0.0,canonical
NB2-PLT-PIII-008-PHOTONIC-FLORA-ORTHO-FRONT,PLT-PIII-008-PHOTONIC-FLORA,Photonic Flora,ortho-front,Orthographic Front,3:4,"Create a canonical NOVERIS Nano Banana 2 visual for Photonic Flora: Orthographic Front.

Canonical archetype:
A canonical photonic flora designed as a scientifically plausible plant-like or fungal organism whose anchoring, support, transport, energy capture, growth, reproduction, ecology, and environmental adaptations are internally coherent.

Required visual and biological rules:
• credible anchoring
• coherent support and transport
• functional energy collectors
• reproductive logic
• environment-linked growth
• stable field anchoring
• controlled luminosity
• persistent growth grammar

Production request:
Create exact front orthographic view.

Studio-resolved canonical values:
{{canonicalId}}, {{displayName}}, {{scientificName}}, {{originPlanet}}, {{planetType}}, {{biome}}, {{gravity}}, {{atmosphere}}, {{climate}}, {{temperatureRange}}, {{sizeScale}}, {{coloration}}, {{materials}}, {{distinctiveFeatures}}, {{lockedTraits}}, {{rarity}}, {{artDirection}}.

Preserve every locked canonical field exactly. The result must use NOVERIS Scientific Realism: premium AAA science-fiction quality, museum-grade reference presentation, scientifically plausible structure, coherent materials, restrained coloration unless canon requires otherwise, readable silhouette, consistent scale and anatomy or growth across all views, soft neutral studio lighting, pure black background for isolated references, full requested subject visibility, generous negative space, and PSD-friendly extraction. Habitat and biome outputs may use the canonical environment. No baked-in text, labels, watermark, logo, border, or UI.

Create four clearly different but canon-compliant versions. Preserve body plan or growth architecture, structural counts, environmental adaptations, materials, defining features, and locked coloration. Vary only permitted secondary proportions, markings, surface detail, minor ornamentation, natural wear, and pose or growth irregularity.

Recommended aspect ratio: 3:4.","text, labels, watermark, signature, logo, border, frame, UI, HUD, cropped subject, duplicate anatomy, contradictory anatomy, impossible balance, unsupported structures, random wings, random horns, humanoid default, fantasy armor, weapons, cartoon, anime, toy-like materials, excessive neon, excessive glow, oversaturated colors, busy background, motion blur, low resolution, compression artifacts, generic Earth copy, unsupported fantasy styling, traits conflicting with locked canon",1.0.0,canonical
NB2-PLT-PIII-008-PHOTONIC-FLORA-ORTHO-SIDE,PLT-PIII-008-PHOTONIC-FLORA,Photonic Flora,ortho-side,Orthographic Side,3:4,"Create a canonical NOVERIS Nano Banana 2 visual for Photonic Flora: Orthographic Side.

Canonical archetype:
A canonical photonic flora designed as a scientifically plausible plant-like or fungal organism whose anchoring, support, transport, energy capture, growth, reproduction, ecology, and environmental adaptations are internally coherent.

Required visual and biological rules:
• credible anchoring
• coherent support and transport
• functional energy collectors
• reproductive logic
• environment-linked growth
• stable field anchoring
• controlled luminosity
• persistent growth grammar

Production request:
Create exact side orthographic view.

Studio-resolved canonical values:
{{canonicalId}}, {{displayName}}, {{scientificName}}, {{originPlanet}}, {{planetType}}, {{biome}}, {{gravity}}, {{atmosphere}}, {{climate}}, {{temperatureRange}}, {{sizeScale}}, {{coloration}}, {{materials}}, {{distinctiveFeatures}}, {{lockedTraits}}, {{rarity}}, {{artDirection}}.

Preserve every locked canonical field exactly. The result must use NOVERIS Scientific Realism: premium AAA science-fiction quality, museum-grade reference presentation, scientifically plausible structure, coherent materials, restrained coloration unless canon requires otherwise, readable silhouette, consistent scale and anatomy or growth across all views, soft neutral studio lighting, pure black background for isolated references, full requested subject visibility, generous negative space, and PSD-friendly extraction. Habitat and biome outputs may use the canonical environment. No baked-in text, labels, watermark, logo, border, or UI.

Create four clearly different but canon-compliant versions. Preserve body plan or growth architecture, structural counts, environmental adaptations, materials, defining features, and locked coloration. Vary only permitted secondary proportions, markings, surface detail, minor ornamentation, natural wear, and pose or growth irregularity.

Recommended aspect ratio: 3:4.","text, labels, watermark, signature, logo, border, frame, UI, HUD, cropped subject, duplicate anatomy, contradictory anatomy, impossible balance, unsupported structures, random wings, random horns, humanoid default, fantasy armor, weapons, cartoon, anime, toy-like materials, excessive neon, excessive glow, oversaturated colors, busy background, motion blur, low resolution, compression artifacts, generic Earth copy, unsupported fantasy styling, traits conflicting with locked canon",1.0.0,canonical
NB2-PLT-PIII-008-PHOTONIC-FLORA-ORTHO-TOP,PLT-PIII-008-PHOTONIC-FLORA,Photonic Flora,ortho-top,Orthographic Top,1:1,"Create a canonical NOVERIS Nano Banana 2 visual for Photonic Flora: Orthographic Top.

Canonical archetype:
A canonical photonic flora designed as a scientifically plausible plant-like or fungal organism whose anchoring, support, transport, energy capture, growth, reproduction, ecology, and environmental adaptations are internally coherent.

Required visual and biological rules:
• credible anchoring
• coherent support and transport
• functional energy collectors
• reproductive logic
• environment-linked growth
• stable field anchoring
• controlled luminosity
• persistent growth grammar

Production request:
Create exact top view showing spread and growth geometry.

Studio-resolved canonical values:
{{canonicalId}}, {{displayName}}, {{scientificName}}, {{originPlanet}}, {{planetType}}, {{biome}}, {{gravity}}, {{atmosphere}}, {{climate}}, {{temperatureRange}}, {{sizeScale}}, {{coloration}}, {{materials}}, {{distinctiveFeatures}}, {{lockedTraits}}, {{rarity}}, {{artDirection}}.

Preserve every locked canonical field exactly. The result must use NOVERIS Scientific Realism: premium AAA science-fiction quality, museum-grade reference presentation, scientifically plausible structure, coherent materials, restrained coloration unless canon requires otherwise, readable silhouette, consistent scale and anatomy or growth across all views, soft neutral studio lighting, pure black background for isolated references, full requested subject visibility, generous negative space, and PSD-friendly extraction. Habitat and biome outputs may use the canonical environment. No baked-in text, labels, watermark, logo, border, or UI.

Create four clearly different but canon-compliant versions. Preserve body plan or growth architecture, structural counts, environmental adaptations, materials, defining features, and locked coloration. Vary only permitted secondary proportions, markings, surface detail, minor ornamentation, natural wear, and pose or growth irregularity.

Recommended aspect ratio: 1:1.","text, labels, watermark, signature, logo, border, frame, UI, HUD, cropped subject, duplicate anatomy, contradictory anatomy, impossible balance, unsupported structures, random wings, random horns, humanoid default, fantasy armor, weapons, cartoon, anime, toy-like materials, excessive neon, excessive glow, oversaturated colors, busy background, motion blur, low resolution, compression artifacts, generic Earth copy, unsupported fantasy styling, traits conflicting with locked canon",1.0.0,canonical
NB2-PLT-PIII-008-PHOTONIC-FLORA-ROOTS,PLT-PIII-008-PHOTONIC-FLORA,Photonic Flora,roots,Root or Anchor System,16:9,"Create a canonical NOVERIS Nano Banana 2 visual for Photonic Flora: Root or Anchor System.

Canonical archetype:
A canonical photonic flora designed as a scientifically plausible plant-like or fungal organism whose anchoring, support, transport, energy capture, growth, reproduction, ecology, and environmental adaptations are internally coherent.

Required visual and biological rules:
• credible anchoring
• coherent support and transport
• functional energy collectors
• reproductive logic
• environment-linked growth
• stable field anchoring
• controlled luminosity
• persistent growth grammar

Production request:
Create complete substrate interface and nutrient exchange structures.

Studio-resolved canonical values:
{{canonicalId}}, {{displayName}}, {{scientificName}}, {{originPlanet}}, {{planetType}}, {{biome}}, {{gravity}}, {{atmosphere}}, {{climate}}, {{temperatureRange}}, {{sizeScale}}, {{coloration}}, {{materials}}, {{distinctiveFeatures}}, {{lockedTraits}}, {{rarity}}, {{artDirection}}.

Preserve every locked canonical field exactly. The result must use NOVERIS Scientific Realism: premium AAA science-fiction quality, museum-grade reference presentation, scientifically plausible structure, coherent materials, restrained coloration unless canon requires otherwise, readable silhouette, consistent scale and anatomy or growth across all views, soft neutral studio lighting, pure black background for isolated references, full requested subject visibility, generous negative space, and PSD-friendly extraction. Habitat and biome outputs may use the canonical environment. No baked-in text, labels, watermark, logo, border, or UI.

Create four clearly different but canon-compliant versions. Preserve body plan or growth architecture, structural counts, environmental adaptations, materials, defining features, and locked coloration. Vary only permitted secondary proportions, markings, surface detail, minor ornamentation, natural wear, and pose or growth irregularity.

Recommended aspect ratio: 16:9.","text, labels, watermark, signature, logo, border, frame, UI, HUD, cropped subject, duplicate anatomy, contradictory anatomy, impossible balance, unsupported structures, random wings, random horns, humanoid default, fantasy armor, weapons, cartoon, anime, toy-like materials, excessive neon, excessive glow, oversaturated colors, busy background, motion blur, low resolution, compression artifacts, generic Earth copy, unsupported fantasy styling, traits conflicting with locked canon",1.0.0,canonical
NB2-PLT-PIII-008-PHOTONIC-FLORA-STEMS,PLT-PIII-008-PHOTONIC-FLORA,Photonic Flora,stems,"Stem, Trunk or Structural Study",16:9,"Create a canonical NOVERIS Nano Banana 2 visual for Photonic Flora: Stem, Trunk or Structural Study.

Canonical archetype:
A canonical photonic flora designed as a scientifically plausible plant-like or fungal organism whose anchoring, support, transport, energy capture, growth, reproduction, ecology, and environmental adaptations are internally coherent.

Required visual and biological rules:
• credible anchoring
• coherent support and transport
• functional energy collectors
• reproductive logic
• environment-linked growth
• stable field anchoring
• controlled luminosity
• persistent growth grammar

Production request:
Create support and transport architecture.

Studio-resolved canonical values:
{{canonicalId}}, {{displayName}}, {{scientificName}}, {{originPlanet}}, {{planetType}}, {{biome}}, {{gravity}}, {{atmosphere}}, {{climate}}, {{temperatureRange}}, {{sizeScale}}, {{coloration}}, {{materials}}, {{distinctiveFeatures}}, {{lockedTraits}}, {{rarity}}, {{artDirection}}.

Preserve every locked canonical field exactly. The result must use NOVERIS Scientific Realism: premium AAA science-fiction quality, museum-grade reference presentation, scientifically plausible structure, coherent materials, restrained coloration unless canon requires otherwise, readable silhouette, consistent scale and anatomy or growth across all views, soft neutral studio lighting, pure black background for isolated references, full requested subject visibility, generous negative space, and PSD-friendly extraction. Habitat and biome outputs may use the canonical environment. No baked-in text, labels, watermark, logo, border, or UI.

Create four clearly different but canon-compliant versions. Preserve body plan or growth architecture, structural counts, environmental adaptations, materials, defining features, and locked coloration. Vary only permitted secondary proportions, markings, surface detail, minor ornamentation, natural wear, and pose or growth irregularity.

Recommended aspect ratio: 16:9.","text, labels, watermark, signature, logo, border, frame, UI, HUD, cropped subject, duplicate anatomy, contradictory anatomy, impossible balance, unsupported structures, random wings, random horns, humanoid default, fantasy armor, weapons, cartoon, anime, toy-like materials, excessive neon, excessive glow, oversaturated colors, busy background, motion blur, low resolution, compression artifacts, generic Earth copy, unsupported fantasy styling, traits conflicting with locked canon",1.0.0,canonical
NB2-PLT-PIII-008-PHOTONIC-FLORA-COLLECTORS,PLT-PIII-008-PHOTONIC-FLORA,Photonic Flora,collectors,Leaves or Collector Study,16:9,"Create a canonical NOVERIS Nano Banana 2 visual for Photonic Flora: Leaves or Collector Study.

Canonical archetype:
A canonical photonic flora designed as a scientifically plausible plant-like or fungal organism whose anchoring, support, transport, energy capture, growth, reproduction, ecology, and environmental adaptations are internally coherent.

Required visual and biological rules:
• credible anchoring
• coherent support and transport
• functional energy collectors
• reproductive logic
• environment-linked growth
• stable field anchoring
• controlled luminosity
• persistent growth grammar

Production request:
Create front, back, edge, juvenile, mature and stressed states.

Studio-resolved canonical values:
{{canonicalId}}, {{displayName}}, {{scientificName}}, {{originPlanet}}, {{planetType}}, {{biome}}, {{gravity}}, {{atmosphere}}, {{climate}}, {{temperatureRange}}, {{sizeScale}}, {{coloration}}, {{materials}}, {{distinctiveFeatures}}, {{lockedTraits}}, {{rarity}}, {{artDirection}}.

Preserve every locked canonical field exactly. The result must use NOVERIS Scientific Realism: premium AAA science-fiction quality, museum-grade reference presentation, scientifically plausible structure, coherent materials, restrained coloration unless canon requires otherwise, readable silhouette, consistent scale and anatomy or growth across all views, soft neutral studio lighting, pure black background for isolated references, full requested subject visibility, generous negative space, and PSD-friendly extraction. Habitat and biome outputs may use the canonical environment. No baked-in text, labels, watermark, logo, border, or UI.

Create four clearly different but canon-compliant versions. Preserve body plan or growth architecture, structural counts, environmental adaptations, materials, defining features, and locked coloration. Vary only permitted secondary proportions, markings, surface detail, minor ornamentation, natural wear, and pose or growth irregularity.

Recommended aspect ratio: 16:9.","text, labels, watermark, signature, logo, border, frame, UI, HUD, cropped subject, duplicate anatomy, contradictory anatomy, impossible balance, unsupported structures, random wings, random horns, humanoid default, fantasy armor, weapons, cartoon, anime, toy-like materials, excessive neon, excessive glow, oversaturated colors, busy background, motion blur, low resolution, compression artifacts, generic Earth copy, unsupported fantasy styling, traits conflicting with locked canon",1.0.0,canonical
NB2-PLT-PIII-008-PHOTONIC-FLORA-REPRODUCTION,PLT-PIII-008-PHOTONIC-FLORA,Photonic Flora,reproduction,Reproductive Structure,16:9,"Create a canonical NOVERIS Nano Banana 2 visual for Photonic Flora: Reproductive Structure.

Canonical archetype:
A canonical photonic flora designed as a scientifically plausible plant-like or fungal organism whose anchoring, support, transport, energy capture, growth, reproduction, ecology, and environmental adaptations are internally coherent.

Required visual and biological rules:
• credible anchoring
• coherent support and transport
• functional energy collectors
• reproductive logic
• environment-linked growth
• stable field anchoring
• controlled luminosity
• persistent growth grammar

Production request:
Create flowers, cones, spores, fields or equivalent stages.

Studio-resolved canonical values:
{{canonicalId}}, {{displayName}}, {{scientificName}}, {{originPlanet}}, {{planetType}}, {{biome}}, {{gravity}}, {{atmosphere}}, {{climate}}, {{temperatureRange}}, {{sizeScale}}, {{coloration}}, {{materials}}, {{distinctiveFeatures}}, {{lockedTraits}}, {{rarity}}, {{artDirection}}.

Preserve every locked canonical field exactly. The result must use NOVERIS Scientific Realism: premium AAA science-fiction quality, museum-grade reference presentation, scientifically plausible structure, coherent materials, restrained coloration unless canon requires otherwise, readable silhouette, consistent scale and anatomy or growth across all views, soft neutral studio lighting, pure black background for isolated references, full requested subject visibility, generous negative space, and PSD-friendly extraction. Habitat and biome outputs may use the canonical environment. No baked-in text, labels, watermark, logo, border, or UI.

Create four clearly different but canon-compliant versions. Preserve body plan or growth architecture, structural counts, environmental adaptations, materials, defining features, and locked coloration. Vary only permitted secondary proportions, markings, surface detail, minor ornamentation, natural wear, and pose or growth irregularity.

Recommended aspect ratio: 16:9.","text, labels, watermark, signature, logo, border, frame, UI, HUD, cropped subject, duplicate anatomy, contradictory anatomy, impossible balance, unsupported structures, random wings, random horns, humanoid default, fantasy armor, weapons, cartoon, anime, toy-like materials, excessive neon, excessive glow, oversaturated colors, busy background, motion blur, low resolution, compression artifacts, generic Earth copy, unsupported fantasy styling, traits conflicting with locked canon",1.0.0,canonical
NB2-PLT-PIII-008-PHOTONIC-FLORA-PROPAGULES,PLT-PIII-008-PHOTONIC-FLORA,Photonic Flora,propagules,"Seed, Spore or Propagule Study",16:9,"Create a canonical NOVERIS Nano Banana 2 visual for Photonic Flora: Seed, Spore or Propagule Study.

Canonical archetype:
A canonical photonic flora designed as a scientifically plausible plant-like or fungal organism whose anchoring, support, transport, energy capture, growth, reproduction, ecology, and environmental adaptations are internally coherent.

Required visual and biological rules:
• credible anchoring
• coherent support and transport
• functional energy collectors
• reproductive logic
• environment-linked growth
• stable field anchoring
• controlled luminosity
• persistent growth grammar

Production request:
Create dispersal, germination and early establishment.

Studio-resolved canonical values:
{{canonicalId}}, {{displayName}}, {{scientificName}}, {{originPlanet}}, {{planetType}}, {{biome}}, {{gravity}}, {{atmosphere}}, {{climate}}, {{temperatureRange}}, {{sizeScale}}, {{coloration}}, {{materials}}, {{distinctiveFeatures}}, {{lockedTraits}}, {{rarity}}, {{artDirection}}.

Preserve every locked canonical field exactly. The result must use NOVERIS Scientific Realism: premium AAA science-fiction quality, museum-grade reference presentation, scientifically plausible structure, coherent materials, restrained coloration unless canon requires otherwise, readable silhouette, consistent scale and anatomy or growth across all views, soft neutral studio lighting, pure black background for isolated references, full requested subject visibility, generous negative space, and PSD-friendly extraction. Habitat and biome outputs may use the canonical environment. No baked-in text, labels, watermark, logo, border, or UI.

Create four clearly different but canon-compliant versions. Preserve body plan or growth architecture, structural counts, environmental adaptations, materials, defining features, and locked coloration. Vary only permitted secondary proportions, markings, surface detail, minor ornamentation, natural wear, and pose or growth irregularity.

Recommended aspect ratio: 16:9.","text, labels, watermark, signature, logo, border, frame, UI, HUD, cropped subject, duplicate anatomy, contradictory anatomy, impossible balance, unsupported structures, random wings, random horns, humanoid default, fantasy armor, weapons, cartoon, anime, toy-like materials, excessive neon, excessive glow, oversaturated colors, busy background, motion blur, low resolution, compression artifacts, generic Earth copy, unsupported fantasy styling, traits conflicting with locked canon",1.0.0,canonical
NB2-PLT-PIII-008-PHOTONIC-FLORA-CROSS-SECTION,PLT-PIII-008-PHOTONIC-FLORA,Photonic Flora,cross-section,Internal Cross Section,16:9,"Create a canonical NOVERIS Nano Banana 2 visual for Photonic Flora: Internal Cross Section.

Canonical archetype:
A canonical photonic flora designed as a scientifically plausible plant-like or fungal organism whose anchoring, support, transport, energy capture, growth, reproduction, ecology, and environmental adaptations are internally coherent.

Required visual and biological rules:
• credible anchoring
• coherent support and transport
• functional energy collectors
• reproductive logic
• environment-linked growth
• stable field anchoring
• controlled luminosity
• persistent growth grammar

Production request:
Create protection, transport, support, storage and reproduction.

Studio-resolved canonical values:
{{canonicalId}}, {{displayName}}, {{scientificName}}, {{originPlanet}}, {{planetType}}, {{biome}}, {{gravity}}, {{atmosphere}}, {{climate}}, {{temperatureRange}}, {{sizeScale}}, {{coloration}}, {{materials}}, {{distinctiveFeatures}}, {{lockedTraits}}, {{rarity}}, {{artDirection}}.

Preserve every locked canonical field exactly. The result must use NOVERIS Scientific Realism: premium AAA science-fiction quality, museum-grade reference presentation, scientifically plausible structure, coherent materials, restrained coloration unless canon requires otherwise, readable silhouette, consistent scale and anatomy or growth across all views, soft neutral studio lighting, pure black background for isolated references, full requested subject visibility, generous negative space, and PSD-friendly extraction. Habitat and biome outputs may use the canonical environment. No baked-in text, labels, watermark, logo, border, or UI.

Create four clearly different but canon-compliant versions. Preserve body plan or growth architecture, structural counts, environmental adaptations, materials, defining features, and locked coloration. Vary only permitted secondary proportions, markings, surface detail, minor ornamentation, natural wear, and pose or growth irregularity.

Recommended aspect ratio: 16:9.","text, labels, watermark, signature, logo, border, frame, UI, HUD, cropped subject, duplicate anatomy, contradictory anatomy, impossible balance, unsupported structures, random wings, random horns, humanoid default, fantasy armor, weapons, cartoon, anime, toy-like materials, excessive neon, excessive glow, oversaturated colors, busy background, motion blur, low resolution, compression artifacts, generic Earth copy, unsupported fantasy styling, traits conflicting with locked canon",1.0.0,canonical
NB2-PLT-PIII-008-PHOTONIC-FLORA-GROWTH,PLT-PIII-008-PHOTONIC-FLORA,Photonic Flora,growth,Growth Stages,16:9,"Create a canonical NOVERIS Nano Banana 2 visual for Photonic Flora: Growth Stages.

Canonical archetype:
A canonical photonic flora designed as a scientifically plausible plant-like or fungal organism whose anchoring, support, transport, energy capture, growth, reproduction, ecology, and environmental adaptations are internally coherent.

Required visual and biological rules:
• credible anchoring
• coherent support and transport
• functional energy collectors
• reproductive logic
• environment-linked growth
• stable field anchoring
• controlled luminosity
• persistent growth grammar

Production request:
Create propagule, juvenile, mature, reproductive and senescent stages.

Studio-resolved canonical values:
{{canonicalId}}, {{displayName}}, {{scientificName}}, {{originPlanet}}, {{planetType}}, {{biome}}, {{gravity}}, {{atmosphere}}, {{climate}}, {{temperatureRange}}, {{sizeScale}}, {{coloration}}, {{materials}}, {{distinctiveFeatures}}, {{lockedTraits}}, {{rarity}}, {{artDirection}}.

Preserve every locked canonical field exactly. The result must use NOVERIS Scientific Realism: premium AAA science-fiction quality, museum-grade reference presentation, scientifically plausible structure, coherent materials, restrained coloration unless canon requires otherwise, readable silhouette, consistent scale and anatomy or growth across all views, soft neutral studio lighting, pure black background for isolated references, full requested subject visibility, generous negative space, and PSD-friendly extraction. Habitat and biome outputs may use the canonical environment. No baked-in text, labels, watermark, logo, border, or UI.

Create four clearly different but canon-compliant versions. Preserve body plan or growth architecture, structural counts, environmental adaptations, materials, defining features, and locked coloration. Vary only permitted secondary proportions, markings, surface detail, minor ornamentation, natural wear, and pose or growth irregularity.

Recommended aspect ratio: 16:9.","text, labels, watermark, signature, logo, border, frame, UI, HUD, cropped subject, duplicate anatomy, contradictory anatomy, impossible balance, unsupported structures, random wings, random horns, humanoid default, fantasy armor, weapons, cartoon, anime, toy-like materials, excessive neon, excessive glow, oversaturated colors, busy background, motion blur, low resolution, compression artifacts, generic Earth copy, unsupported fantasy styling, traits conflicting with locked canon",1.0.0,canonical
NB2-PLT-PIII-008-PHOTONIC-FLORA-SEASONAL,PLT-PIII-008-PHOTONIC-FLORA,Photonic Flora,seasonal,Seasonal and Stress Variants,16:9,"Create a canonical NOVERIS Nano Banana 2 visual for Photonic Flora: Seasonal and Stress Variants.

Canonical archetype:
A canonical photonic flora designed as a scientifically plausible plant-like or fungal organism whose anchoring, support, transport, energy capture, growth, reproduction, ecology, and environmental adaptations are internally coherent.

Required visual and biological rules:
• credible anchoring
• coherent support and transport
• functional energy collectors
• reproductive logic
• environment-linked growth
• stable field anchoring
• controlled luminosity
• persistent growth grammar

Production request:
Create growth, reproduction, dormancy, damage and recovery.

Studio-resolved canonical values:
{{canonicalId}}, {{displayName}}, {{scientificName}}, {{originPlanet}}, {{planetType}}, {{biome}}, {{gravity}}, {{atmosphere}}, {{climate}}, {{temperatureRange}}, {{sizeScale}}, {{coloration}}, {{materials}}, {{distinctiveFeatures}}, {{lockedTraits}}, {{rarity}}, {{artDirection}}.

Preserve every locked canonical field exactly. The result must use NOVERIS Scientific Realism: premium AAA science-fiction quality, museum-grade reference presentation, scientifically plausible structure, coherent materials, restrained coloration unless canon requires otherwise, readable silhouette, consistent scale and anatomy or growth across all views, soft neutral studio lighting, pure black background for isolated references, full requested subject visibility, generous negative space, and PSD-friendly extraction. Habitat and biome outputs may use the canonical environment. No baked-in text, labels, watermark, logo, border, or UI.

Create four clearly different but canon-compliant versions. Preserve body plan or growth architecture, structural counts, environmental adaptations, materials, defining features, and locked coloration. Vary only permitted secondary proportions, markings, surface detail, minor ornamentation, natural wear, and pose or growth irregularity.

Recommended aspect ratio: 16:9.","text, labels, watermark, signature, logo, border, frame, UI, HUD, cropped subject, duplicate anatomy, contradictory anatomy, impossible balance, unsupported structures, random wings, random horns, humanoid default, fantasy armor, weapons, cartoon, anime, toy-like materials, excessive neon, excessive glow, oversaturated colors, busy background, motion blur, low resolution, compression artifacts, generic Earth copy, unsupported fantasy styling, traits conflicting with locked canon",1.0.0,canonical
NB2-PLT-PIII-008-PHOTONIC-FLORA-HABITAT,PLT-PIII-008-PHOTONIC-FLORA,Photonic Flora,habitat,Native Habitat Composition,16:9,"Create a canonical NOVERIS Nano Banana 2 visual for Photonic Flora: Native Habitat Composition.

Canonical archetype:
A canonical photonic flora designed as a scientifically plausible plant-like or fungal organism whose anchoring, support, transport, energy capture, growth, reproduction, ecology, and environmental adaptations are internally coherent.

Required visual and biological rules:
• credible anchoring
• coherent support and transport
• functional energy collectors
• reproductive logic
• environment-linked growth
• stable field anchoring
• controlled luminosity
• persistent growth grammar

Production request:
Create natural population with spacing and age diversity.

Studio-resolved canonical values:
{{canonicalId}}, {{displayName}}, {{scientificName}}, {{originPlanet}}, {{planetType}}, {{biome}}, {{gravity}}, {{atmosphere}}, {{climate}}, {{temperatureRange}}, {{sizeScale}}, {{coloration}}, {{materials}}, {{distinctiveFeatures}}, {{lockedTraits}}, {{rarity}}, {{artDirection}}.

Preserve every locked canonical field exactly. The result must use NOVERIS Scientific Realism: premium AAA science-fiction quality, museum-grade reference presentation, scientifically plausible structure, coherent materials, restrained coloration unless canon requires otherwise, readable silhouette, consistent scale and anatomy or growth across all views, soft neutral studio lighting, pure black background for isolated references, full requested subject visibility, generous negative space, and PSD-friendly extraction. Habitat and biome outputs may use the canonical environment. No baked-in text, labels, watermark, logo, border, or UI.

Create four clearly different but canon-compliant versions. Preserve body plan or growth architecture, structural counts, environmental adaptations, materials, defining features, and locked coloration. Vary only permitted secondary proportions, markings, surface detail, minor ornamentation, natural wear, and pose or growth irregularity.

Recommended aspect ratio: 16:9.","text, labels, watermark, signature, logo, border, frame, UI, HUD, cropped subject, duplicate anatomy, contradictory anatomy, impossible balance, unsupported structures, random wings, random horns, humanoid default, fantasy armor, weapons, cartoon, anime, toy-like materials, excessive neon, excessive glow, oversaturated colors, busy background, motion blur, low resolution, compression artifacts, generic Earth copy, unsupported fantasy styling, traits conflicting with locked canon",1.0.0,canonical
NB2-PLT-PIII-008-PHOTONIC-FLORA-BIOME,PLT-PIII-008-PHOTONIC-FLORA,Photonic Flora,biome,Biome Composition,16:9,"Create a canonical NOVERIS Nano Banana 2 visual for Photonic Flora: Biome Composition.

Canonical archetype:
A canonical photonic flora designed as a scientifically plausible plant-like or fungal organism whose anchoring, support, transport, energy capture, growth, reproduction, ecology, and environmental adaptations are internally coherent.

Required visual and biological rules:
• credible anchoring
• coherent support and transport
• functional energy collectors
• reproductive logic
• environment-linked growth
• stable field anchoring
• controlled luminosity
• persistent growth grammar

Production request:
Create coordinated vegetation set at consistent scale.

Studio-resolved canonical values:
{{canonicalId}}, {{displayName}}, {{scientificName}}, {{originPlanet}}, {{planetType}}, {{biome}}, {{gravity}}, {{atmosphere}}, {{climate}}, {{temperatureRange}}, {{sizeScale}}, {{coloration}}, {{materials}}, {{distinctiveFeatures}}, {{lockedTraits}}, {{rarity}}, {{artDirection}}.

Preserve every locked canonical field exactly. The result must use NOVERIS Scientific Realism: premium AAA science-fiction quality, museum-grade reference presentation, scientifically plausible structure, coherent materials, restrained coloration unless canon requires otherwise, readable silhouette, consistent scale and anatomy or growth across all views, soft neutral studio lighting, pure black background for isolated references, full requested subject visibility, generous negative space, and PSD-friendly extraction. Habitat and biome outputs may use the canonical environment. No baked-in text, labels, watermark, logo, border, or UI.

Create four clearly different but canon-compliant versions. Preserve body plan or growth architecture, structural counts, environmental adaptations, materials, defining features, and locked coloration. Vary only permitted secondary proportions, markings, surface detail, minor ornamentation, natural wear, and pose or growth irregularity.

Recommended aspect ratio: 16:9.","text, labels, watermark, signature, logo, border, frame, UI, HUD, cropped subject, duplicate anatomy, contradictory anatomy, impossible balance, unsupported structures, random wings, random horns, humanoid default, fantasy armor, weapons, cartoon, anime, toy-like materials, excessive neon, excessive glow, oversaturated colors, busy background, motion blur, low resolution, compression artifacts, generic Earth copy, unsupported fantasy styling, traits conflicting with locked canon",1.0.0,canonical
NB2-PLT-PIII-008-PHOTONIC-FLORA-DISCOVERY,PLT-PIII-008-PHOTONIC-FLORA,Photonic Flora,discovery,Discovery Scan,16:9,"Create a canonical NOVERIS Nano Banana 2 visual for Photonic Flora: Discovery Scan.

Canonical archetype:
A canonical photonic flora designed as a scientifically plausible plant-like or fungal organism whose anchoring, support, transport, energy capture, growth, reproduction, ecology, and environmental adaptations are internally coherent.

Required visual and biological rules:
• credible anchoring
• coherent support and transport
• functional energy collectors
• reproductive logic
• environment-linked growth
• stable field anchoring
• controlled luminosity
• persistent growth grammar

Production request:
Create centered scientific scan source without labels.

Studio-resolved canonical values:
{{canonicalId}}, {{displayName}}, {{scientificName}}, {{originPlanet}}, {{planetType}}, {{biome}}, {{gravity}}, {{atmosphere}}, {{climate}}, {{temperatureRange}}, {{sizeScale}}, {{coloration}}, {{materials}}, {{distinctiveFeatures}}, {{lockedTraits}}, {{rarity}}, {{artDirection}}.

Preserve every locked canonical field exactly. The result must use NOVERIS Scientific Realism: premium AAA science-fiction quality, museum-grade reference presentation, scientifically plausible structure, coherent materials, restrained coloration unless canon requires otherwise, readable silhouette, consistent scale and anatomy or growth across all views, soft neutral studio lighting, pure black background for isolated references, full requested subject visibility, generous negative space, and PSD-friendly extraction. Habitat and biome outputs may use the canonical environment. No baked-in text, labels, watermark, logo, border, or UI.

Create four clearly different but canon-compliant versions. Preserve body plan or growth architecture, structural counts, environmental adaptations, materials, defining features, and locked coloration. Vary only permitted secondary proportions, markings, surface detail, minor ornamentation, natural wear, and pose or growth irregularity.

Recommended aspect ratio: 16:9.","text, labels, watermark, signature, logo, border, frame, UI, HUD, cropped subject, duplicate anatomy, contradictory anatomy, impossible balance, unsupported structures, random wings, random horns, humanoid default, fantasy armor, weapons, cartoon, anime, toy-like materials, excessive neon, excessive glow, oversaturated colors, busy background, motion blur, low resolution, compression artifacts, generic Earth copy, unsupported fantasy styling, traits conflicting with locked canon",1.0.0,canonical
NB2-PLT-PIII-008-PHOTONIC-FLORA-ICON,PLT-PIII-008-PHOTONIC-FLORA,Photonic Flora,icon,UI Icon,1:1,"Create a canonical NOVERIS Nano Banana 2 visual for Photonic Flora: UI Icon.

Canonical archetype:
A canonical photonic flora designed as a scientifically plausible plant-like or fungal organism whose anchoring, support, transport, energy capture, growth, reproduction, ecology, and environmental adaptations are internally coherent.

Required visual and biological rules:
• credible anchoring
• coherent support and transport
• functional energy collectors
• reproductive logic
• environment-linked growth
• stable field anchoring
• controlled luminosity
• persistent growth grammar

Production request:
Create isolated silhouette readable at 64 pixels.

Studio-resolved canonical values:
{{canonicalId}}, {{displayName}}, {{scientificName}}, {{originPlanet}}, {{planetType}}, {{biome}}, {{gravity}}, {{atmosphere}}, {{climate}}, {{temperatureRange}}, {{sizeScale}}, {{coloration}}, {{materials}}, {{distinctiveFeatures}}, {{lockedTraits}}, {{rarity}}, {{artDirection}}.

Preserve every locked canonical field exactly. The result must use NOVERIS Scientific Realism: premium AAA science-fiction quality, museum-grade reference presentation, scientifically plausible structure, coherent materials, restrained coloration unless canon requires otherwise, readable silhouette, consistent scale and anatomy or growth across all views, soft neutral studio lighting, pure black background for isolated references, full requested subject visibility, generous negative space, and PSD-friendly extraction. Habitat and biome outputs may use the canonical environment. No baked-in text, labels, watermark, logo, border, or UI.

Create four clearly different but canon-compliant versions. Preserve body plan or growth architecture, structural counts, environmental adaptations, materials, defining features, and locked coloration. Vary only permitted secondary proportions, markings, surface detail, minor ornamentation, natural wear, and pose or growth irregularity.

Recommended aspect ratio: 1:1.","text, labels, watermark, signature, logo, border, frame, UI, HUD, cropped subject, duplicate anatomy, contradictory anatomy, impossible balance, unsupported structures, random wings, random horns, humanoid default, fantasy armor, weapons, cartoon, anime, toy-like materials, excessive neon, excessive glow, oversaturated colors, busy background, motion blur, low resolution, compression artifacts, generic Earth copy, unsupported fantasy styling, traits conflicting with locked canon",1.0.0,canonical
NB2-PLT-PIII-008-PHOTONIC-FLORA-SCALE,PLT-PIII-008-PHOTONIC-FLORA,Photonic Flora,scale,Scale Comparison,16:9,"Create a canonical NOVERIS Nano Banana 2 visual for Photonic Flora: Scale Comparison.

Canonical archetype:
A canonical photonic flora designed as a scientifically plausible plant-like or fungal organism whose anchoring, support, transport, energy capture, growth, reproduction, ecology, and environmental adaptations are internally coherent.

Required visual and biological rules:
• credible anchoring
• coherent support and transport
• functional energy collectors
• reproductive logic
• environment-linked growth
• stable field anchoring
• controlled luminosity
• persistent growth grammar

Production request:
Create side view with adult human silhouette and one-meter bar.

Studio-resolved canonical values:
{{canonicalId}}, {{displayName}}, {{scientificName}}, {{originPlanet}}, {{planetType}}, {{biome}}, {{gravity}}, {{atmosphere}}, {{climate}}, {{temperatureRange}}, {{sizeScale}}, {{coloration}}, {{materials}}, {{distinctiveFeatures}}, {{lockedTraits}}, {{rarity}}, {{artDirection}}.

Preserve every locked canonical field exactly. The result must use NOVERIS Scientific Realism: premium AAA science-fiction quality, museum-grade reference presentation, scientifically plausible structure, coherent materials, restrained coloration unless canon requires otherwise, readable silhouette, consistent scale and anatomy or growth across all views, soft neutral studio lighting, pure black background for isolated references, full requested subject visibility, generous negative space, and PSD-friendly extraction. Habitat and biome outputs may use the canonical environment. No baked-in text, labels, watermark, logo, border, or UI.

Create four clearly different but canon-compliant versions. Preserve body plan or growth architecture, structural counts, environmental adaptations, materials, defining features, and locked coloration. Vary only permitted secondary proportions, markings, surface detail, minor ornamentation, natural wear, and pose or growth irregularity.

Recommended aspect ratio: 16:9.","text, labels, watermark, signature, logo, border, frame, UI, HUD, cropped subject, duplicate anatomy, contradictory anatomy, impossible balance, unsupported structures, random wings, random horns, humanoid default, fantasy armor, weapons, cartoon, anime, toy-like materials, excessive neon, excessive glow, oversaturated colors, busy background, motion blur, low resolution, compression artifacts, generic Earth copy, unsupported fantasy styling, traits conflicting with locked canon",1.0.0,canonical
NB2-PLT-PIII-008-PHOTONIC-FLORA-PLATE,PLT-PIII-008-PHOTONIC-FLORA,Photonic Flora,plate,Master Botanical Plate,16:9,"Create a canonical NOVERIS Nano Banana 2 visual for Photonic Flora: Master Botanical Plate.

Canonical archetype:
A canonical photonic flora designed as a scientifically plausible plant-like or fungal organism whose anchoring, support, transport, energy capture, growth, reproduction, ecology, and environmental adaptations are internally coherent.

Required visual and biological rules:
• credible anchoring
• coherent support and transport
• functional energy collectors
• reproductive logic
• environment-linked growth
• stable field anchoring
• controlled luminosity
• persistent growth grammar

Production request:
Create whole organism, views, roots, structure, collectors, reproduction, stages, materials and habitat vignette.

Studio-resolved canonical values:
{{canonicalId}}, {{displayName}}, {{scientificName}}, {{originPlanet}}, {{planetType}}, {{biome}}, {{gravity}}, {{atmosphere}}, {{climate}}, {{temperatureRange}}, {{sizeScale}}, {{coloration}}, {{materials}}, {{distinctiveFeatures}}, {{lockedTraits}}, {{rarity}}, {{artDirection}}.

Preserve every locked canonical field exactly. The result must use NOVERIS Scientific Realism: premium AAA science-fiction quality, museum-grade reference presentation, scientifically plausible structure, coherent materials, restrained coloration unless canon requires otherwise, readable silhouette, consistent scale and anatomy or growth across all views, soft neutral studio lighting, pure black background for isolated references, full requested subject visibility, generous negative space, and PSD-friendly extraction. Habitat and biome outputs may use the canonical environment. No baked-in text, labels, watermark, logo, border, or UI.

Create four clearly different but canon-compliant versions. Preserve body plan or growth architecture, structural counts, environmental adaptations, materials, defining features, and locked coloration. Vary only permitted secondary proportions, markings, surface detail, minor ornamentation, natural wear, and pose or growth irregularity.

Recommended aspect ratio: 16:9.","text, labels, watermark, signature, logo, border, frame, UI, HUD, cropped subject, duplicate anatomy, contradictory anatomy, impossible balance, unsupported structures, random wings, random horns, humanoid default, fantasy armor, weapons, cartoon, anime, toy-like materials, excessive neon, excessive glow, oversaturated colors, busy background, motion blur, low resolution, compression artifacts, generic Earth copy, unsupported fantasy styling, traits conflicting with locked canon",1.0.0,canonical
NB2-PLT-PIII-008-PHOTONIC-FLORA-PSD,PLT-PIII-008-PHOTONIC-FLORA,Photonic Flora,psd,PSD Extraction Board,16:9,"Create a canonical NOVERIS Nano Banana 2 visual for Photonic Flora: PSD Extraction Board.

Canonical archetype:
A canonical photonic flora designed as a scientifically plausible plant-like or fungal organism whose anchoring, support, transport, energy capture, growth, reproduction, ecology, and environmental adaptations are internally coherent.

Required visual and biological rules:
• credible anchoring
• coherent support and transport
• functional energy collectors
• reproductive logic
• environment-linked growth
• stable field anchoring
• controlled luminosity
• persistent growth grammar

Production request:
Create isolated whole organism, parts, silhouette and material references.

Studio-resolved canonical values:
{{canonicalId}}, {{displayName}}, {{scientificName}}, {{originPlanet}}, {{planetType}}, {{biome}}, {{gravity}}, {{atmosphere}}, {{climate}}, {{temperatureRange}}, {{sizeScale}}, {{coloration}}, {{materials}}, {{distinctiveFeatures}}, {{lockedTraits}}, {{rarity}}, {{artDirection}}.

Preserve every locked canonical field exactly. The result must use NOVERIS Scientific Realism: premium AAA science-fiction quality, museum-grade reference presentation, scientifically plausible structure, coherent materials, restrained coloration unless canon requires otherwise, readable silhouette, consistent scale and anatomy or growth across all views, soft neutral studio lighting, pure black background for isolated references, full requested subject visibility, generous negative space, and PSD-friendly extraction. Habitat and biome outputs may use the canonical environment. No baked-in text, labels, watermark, logo, border, or UI.

Create four clearly different but canon-compliant versions. Preserve body plan or growth architecture, structural counts, environmental adaptations, materials, defining features, and locked coloration. Vary only permitted secondary proportions, markings, surface detail, minor ornamentation, natural wear, and pose or growth irregularity.

Recommended aspect ratio: 16:9.","text, labels, watermark, signature, logo, border, frame, UI, HUD, cropped subject, duplicate anatomy, contradictory anatomy, impossible balance, unsupported structures, random wings, random horns, humanoid default, fantasy armor, weapons, cartoon, anime, toy-like materials, excessive neon, excessive glow, oversaturated colors, busy background, motion blur, low resolution, compression artifacts, generic Earth copy, unsupported fantasy styling, traits conflicting with locked canon",1.0.0,canonical
NB2-PLT-PIII-009-RADIOTROPHIC-FLORA-WHOLE-PLANT,PLT-PIII-009-RADIOTROPHIC-FLORA,Radiotrophic Flora,whole-plant,Whole Plant Production Render,3:4,"Create a canonical NOVERIS Nano Banana 2 visual for Radiotrophic Flora: Whole Plant Production Render.

Canonical archetype:
A canonical radiotrophic flora designed as a scientifically plausible plant-like or fungal organism whose anchoring, support, transport, energy capture, growth, reproduction, ecology, and environmental adaptations are internally coherent.

Required visual and biological rules:
• credible anchoring
• coherent support and transport
• functional energy collectors
• reproductive logic
• environment-linked growth

Production request:
Create complete mature organism including roots or anchor system.

Studio-resolved canonical values:
{{canonicalId}}, {{displayName}}, {{scientificName}}, {{originPlanet}}, {{planetType}}, {{biome}}, {{gravity}}, {{atmosphere}}, {{climate}}, {{temperatureRange}}, {{sizeScale}}, {{coloration}}, {{materials}}, {{distinctiveFeatures}}, {{lockedTraits}}, {{rarity}}, {{artDirection}}.

Preserve every locked canonical field exactly. The result must use NOVERIS Scientific Realism: premium AAA science-fiction quality, museum-grade reference presentation, scientifically plausible structure, coherent materials, restrained coloration unless canon requires otherwise, readable silhouette, consistent scale and anatomy or growth across all views, soft neutral studio lighting, pure black background for isolated references, full requested subject visibility, generous negative space, and PSD-friendly extraction. Habitat and biome outputs may use the canonical environment. No baked-in text, labels, watermark, logo, border, or UI.

Create four clearly different but canon-compliant versions. Preserve body plan or growth architecture, structural counts, environmental adaptations, materials, defining features, and locked coloration. Vary only permitted secondary proportions, markings, surface detail, minor ornamentation, natural wear, and pose or growth irregularity.

Recommended aspect ratio: 3:4.","text, labels, watermark, signature, logo, border, frame, UI, HUD, cropped subject, duplicate anatomy, contradictory anatomy, impossible balance, unsupported structures, random wings, random horns, humanoid default, fantasy armor, weapons, cartoon, anime, toy-like materials, excessive neon, excessive glow, oversaturated colors, busy background, motion blur, low resolution, compression artifacts, generic Earth copy, unsupported fantasy styling, traits conflicting with locked canon",1.0.0,canonical
NB2-PLT-PIII-009-RADIOTROPHIC-FLORA-PORTRAIT,PLT-PIII-009-RADIOTROPHIC-FLORA,Radiotrophic Flora,portrait,Botanical Portrait,1:1,"Create a canonical NOVERIS Nano Banana 2 visual for Radiotrophic Flora: Botanical Portrait.

Canonical archetype:
A canonical radiotrophic flora designed as a scientifically plausible plant-like or fungal organism whose anchoring, support, transport, energy capture, growth, reproduction, ecology, and environmental adaptations are internally coherent.

Required visual and biological rules:
• credible anchoring
• coherent support and transport
• functional energy collectors
• reproductive logic
• environment-linked growth

Production request:
Create defining growth form, foliage, collectors and reproduction.

Studio-resolved canonical values:
{{canonicalId}}, {{displayName}}, {{scientificName}}, {{originPlanet}}, {{planetType}}, {{biome}}, {{gravity}}, {{atmosphere}}, {{climate}}, {{temperatureRange}}, {{sizeScale}}, {{coloration}}, {{materials}}, {{distinctiveFeatures}}, {{lockedTraits}}, {{rarity}}, {{artDirection}}.

Preserve every locked canonical field exactly. The result must use NOVERIS Scientific Realism: premium AAA science-fiction quality, museum-grade reference presentation, scientifically plausible structure, coherent materials, restrained coloration unless canon requires otherwise, readable silhouette, consistent scale and anatomy or growth across all views, soft neutral studio lighting, pure black background for isolated references, full requested subject visibility, generous negative space, and PSD-friendly extraction. Habitat and biome outputs may use the canonical environment. No baked-in text, labels, watermark, logo, border, or UI.

Create four clearly different but canon-compliant versions. Preserve body plan or growth architecture, structural counts, environmental adaptations, materials, defining features, and locked coloration. Vary only permitted secondary proportions, markings, surface detail, minor ornamentation, natural wear, and pose or growth irregularity.

Recommended aspect ratio: 1:1.","text, labels, watermark, signature, logo, border, frame, UI, HUD, cropped subject, duplicate anatomy, contradictory anatomy, impossible balance, unsupported structures, random wings, random horns, humanoid default, fantasy armor, weapons, cartoon, anime, toy-like materials, excessive neon, excessive glow, oversaturated colors, busy background, motion blur, low resolution, compression artifacts, generic Earth copy, unsupported fantasy styling, traits conflicting with locked canon",1.0.0,canonical
NB2-PLT-PIII-009-RADIOTROPHIC-FLORA-ORTHO-FRONT,PLT-PIII-009-RADIOTROPHIC-FLORA,Radiotrophic Flora,ortho-front,Orthographic Front,3:4,"Create a canonical NOVERIS Nano Banana 2 visual for Radiotrophic Flora: Orthographic Front.

Canonical archetype:
A canonical radiotrophic flora designed as a scientifically plausible plant-like or fungal organism whose anchoring, support, transport, energy capture, growth, reproduction, ecology, and environmental adaptations are internally coherent.

Required visual and biological rules:
• credible anchoring
• coherent support and transport
• functional energy collectors
• reproductive logic
• environment-linked growth

Production request:
Create exact front orthographic view.

Studio-resolved canonical values:
{{canonicalId}}, {{displayName}}, {{scientificName}}, {{originPlanet}}, {{planetType}}, {{biome}}, {{gravity}}, {{atmosphere}}, {{climate}}, {{temperatureRange}}, {{sizeScale}}, {{coloration}}, {{materials}}, {{distinctiveFeatures}}, {{lockedTraits}}, {{rarity}}, {{artDirection}}.

Preserve every locked canonical field exactly. The result must use NOVERIS Scientific Realism: premium AAA science-fiction quality, museum-grade reference presentation, scientifically plausible structure, coherent materials, restrained coloration unless canon requires otherwise, readable silhouette, consistent scale and anatomy or growth across all views, soft neutral studio lighting, pure black background for isolated references, full requested subject visibility, generous negative space, and PSD-friendly extraction. Habitat and biome outputs may use the canonical environment. No baked-in text, labels, watermark, logo, border, or UI.

Create four clearly different but canon-compliant versions. Preserve body plan or growth architecture, structural counts, environmental adaptations, materials, defining features, and locked coloration. Vary only permitted secondary proportions, markings, surface detail, minor ornamentation, natural wear, and pose or growth irregularity.

Recommended aspect ratio: 3:4.","text, labels, watermark, signature, logo, border, frame, UI, HUD, cropped subject, duplicate anatomy, contradictory anatomy, impossible balance, unsupported structures, random wings, random horns, humanoid default, fantasy armor, weapons, cartoon, anime, toy-like materials, excessive neon, excessive glow, oversaturated colors, busy background, motion blur, low resolution, compression artifacts, generic Earth copy, unsupported fantasy styling, traits conflicting with locked canon",1.0.0,canonical
NB2-PLT-PIII-009-RADIOTROPHIC-FLORA-ORTHO-SIDE,PLT-PIII-009-RADIOTROPHIC-FLORA,Radiotrophic Flora,ortho-side,Orthographic Side,3:4,"Create a canonical NOVERIS Nano Banana 2 visual for Radiotrophic Flora: Orthographic Side.

Canonical archetype:
A canonical radiotrophic flora designed as a scientifically plausible plant-like or fungal organism whose anchoring, support, transport, energy capture, growth, reproduction, ecology, and environmental adaptations are internally coherent.

Required visual and biological rules:
• credible anchoring
• coherent support and transport
• functional energy collectors
• reproductive logic
• environment-linked growth

Production request:
Create exact side orthographic view.

Studio-resolved canonical values:
{{canonicalId}}, {{displayName}}, {{scientificName}}, {{originPlanet}}, {{planetType}}, {{biome}}, {{gravity}}, {{atmosphere}}, {{climate}}, {{temperatureRange}}, {{sizeScale}}, {{coloration}}, {{materials}}, {{distinctiveFeatures}}, {{lockedTraits}}, {{rarity}}, {{artDirection}}.

Preserve every locked canonical field exactly. The result must use NOVERIS Scientific Realism: premium AAA science-fiction quality, museum-grade reference presentation, scientifically plausible structure, coherent materials, restrained coloration unless canon requires otherwise, readable silhouette, consistent scale and anatomy or growth across all views, soft neutral studio lighting, pure black background for isolated references, full requested subject visibility, generous negative space, and PSD-friendly extraction. Habitat and biome outputs may use the canonical environment. No baked-in text, labels, watermark, logo, border, or UI.

Create four clearly different but canon-compliant versions. Preserve body plan or growth architecture, structural counts, environmental adaptations, materials, defining features, and locked coloration. Vary only permitted secondary proportions, markings, surface detail, minor ornamentation, natural wear, and pose or growth irregularity.

Recommended aspect ratio: 3:4.","text, labels, watermark, signature, logo, border, frame, UI, HUD, cropped subject, duplicate anatomy, contradictory anatomy, impossible balance, unsupported structures, random wings, random horns, humanoid default, fantasy armor, weapons, cartoon, anime, toy-like materials, excessive neon, excessive glow, oversaturated colors, busy background, motion blur, low resolution, compression artifacts, generic Earth copy, unsupported fantasy styling, traits conflicting with locked canon",1.0.0,canonical
NB2-PLT-PIII-009-RADIOTROPHIC-FLORA-ORTHO-TOP,PLT-PIII-009-RADIOTROPHIC-FLORA,Radiotrophic Flora,ortho-top,Orthographic Top,1:1,"Create a canonical NOVERIS Nano Banana 2 visual for Radiotrophic Flora: Orthographic Top.

Canonical archetype:
A canonical radiotrophic flora designed as a scientifically plausible plant-like or fungal organism whose anchoring, support, transport, energy capture, growth, reproduction, ecology, and environmental adaptations are internally coherent.

Required visual and biological rules:
• credible anchoring
• coherent support and transport
• functional energy collectors
• reproductive logic
• environment-linked growth

Production request:
Create exact top view showing spread and growth geometry.

Studio-resolved canonical values:
{{canonicalId}}, {{displayName}}, {{scientificName}}, {{originPlanet}}, {{planetType}}, {{biome}}, {{gravity}}, {{atmosphere}}, {{climate}}, {{temperatureRange}}, {{sizeScale}}, {{coloration}}, {{materials}}, {{distinctiveFeatures}}, {{lockedTraits}}, {{rarity}}, {{artDirection}}.

Preserve every locked canonical field exactly. The result must use NOVERIS Scientific Realism: premium AAA science-fiction quality, museum-grade reference presentation, scientifically plausible structure, coherent materials, restrained coloration unless canon requires otherwise, readable silhouette, consistent scale and anatomy or growth across all views, soft neutral studio lighting, pure black background for isolated references, full requested subject visibility, generous negative space, and PSD-friendly extraction. Habitat and biome outputs may use the canonical environment. No baked-in text, labels, watermark, logo, border, or UI.

Create four clearly different but canon-compliant versions. Preserve body plan or growth architecture, structural counts, environmental adaptations, materials, defining features, and locked coloration. Vary only permitted secondary proportions, markings, surface detail, minor ornamentation, natural wear, and pose or growth irregularity.

Recommended aspect ratio: 1:1.","text, labels, watermark, signature, logo, border, frame, UI, HUD, cropped subject, duplicate anatomy, contradictory anatomy, impossible balance, unsupported structures, random wings, random horns, humanoid default, fantasy armor, weapons, cartoon, anime, toy-like materials, excessive neon, excessive glow, oversaturated colors, busy background, motion blur, low resolution, compression artifacts, generic Earth copy, unsupported fantasy styling, traits conflicting with locked canon",1.0.0,canonical
NB2-PLT-PIII-009-RADIOTROPHIC-FLORA-ROOTS,PLT-PIII-009-RADIOTROPHIC-FLORA,Radiotrophic Flora,roots,Root or Anchor System,16:9,"Create a canonical NOVERIS Nano Banana 2 visual for Radiotrophic Flora: Root or Anchor System.

Canonical archetype:
A canonical radiotrophic flora designed as a scientifically plausible plant-like or fungal organism whose anchoring, support, transport, energy capture, growth, reproduction, ecology, and environmental adaptations are internally coherent.

Required visual and biological rules:
• credible anchoring
• coherent support and transport
• functional energy collectors
• reproductive logic
• environment-linked growth

Production request:
Create complete substrate interface and nutrient exchange structures.

Studio-resolved canonical values:
{{canonicalId}}, {{displayName}}, {{scientificName}}, {{originPlanet}}, {{planetType}}, {{biome}}, {{gravity}}, {{atmosphere}}, {{climate}}, {{temperatureRange}}, {{sizeScale}}, {{coloration}}, {{materials}}, {{distinctiveFeatures}}, {{lockedTraits}}, {{rarity}}, {{artDirection}}.

Preserve every locked canonical field exactly. The result must use NOVERIS Scientific Realism: premium AAA science-fiction quality, museum-grade reference presentation, scientifically plausible structure, coherent materials, restrained coloration unless canon requires otherwise, readable silhouette, consistent scale and anatomy or growth across all views, soft neutral studio lighting, pure black background for isolated references, full requested subject visibility, generous negative space, and PSD-friendly extraction. Habitat and biome outputs may use the canonical environment. No baked-in text, labels, watermark, logo, border, or UI.

Create four clearly different but canon-compliant versions. Preserve body plan or growth architecture, structural counts, environmental adaptations, materials, defining features, and locked coloration. Vary only permitted secondary proportions, markings, surface detail, minor ornamentation, natural wear, and pose or growth irregularity.

Recommended aspect ratio: 16:9.","text, labels, watermark, signature, logo, border, frame, UI, HUD, cropped subject, duplicate anatomy, contradictory anatomy, impossible balance, unsupported structures, random wings, random horns, humanoid default, fantasy armor, weapons, cartoon, anime, toy-like materials, excessive neon, excessive glow, oversaturated colors, busy background, motion blur, low resolution, compression artifacts, generic Earth copy, unsupported fantasy styling, traits conflicting with locked canon",1.0.0,canonical
NB2-PLT-PIII-009-RADIOTROPHIC-FLORA-STEMS,PLT-PIII-009-RADIOTROPHIC-FLORA,Radiotrophic Flora,stems,"Stem, Trunk or Structural Study",16:9,"Create a canonical NOVERIS Nano Banana 2 visual for Radiotrophic Flora: Stem, Trunk or Structural Study.

Canonical archetype:
A canonical radiotrophic flora designed as a scientifically plausible plant-like or fungal organism whose anchoring, support, transport, energy capture, growth, reproduction, ecology, and environmental adaptations are internally coherent.

Required visual and biological rules:
• credible anchoring
• coherent support and transport
• functional energy collectors
• reproductive logic
• environment-linked growth

Production request:
Create support and transport architecture.

Studio-resolved canonical values:
{{canonicalId}}, {{displayName}}, {{scientificName}}, {{originPlanet}}, {{planetType}}, {{biome}}, {{gravity}}, {{atmosphere}}, {{climate}}, {{temperatureRange}}, {{sizeScale}}, {{coloration}}, {{materials}}, {{distinctiveFeatures}}, {{lockedTraits}}, {{rarity}}, {{artDirection}}.

Preserve every locked canonical field exactly. The result must use NOVERIS Scientific Realism: premium AAA science-fiction quality, museum-grade reference presentation, scientifically plausible structure, coherent materials, restrained coloration unless canon requires otherwise, readable silhouette, consistent scale and anatomy or growth across all views, soft neutral studio lighting, pure black background for isolated references, full requested subject visibility, generous negative space, and PSD-friendly extraction. Habitat and biome outputs may use the canonical environment. No baked-in text, labels, watermark, logo, border, or UI.

Create four clearly different but canon-compliant versions. Preserve body plan or growth architecture, structural counts, environmental adaptations, materials, defining features, and locked coloration. Vary only permitted secondary proportions, markings, surface detail, minor ornamentation, natural wear, and pose or growth irregularity.

Recommended aspect ratio: 16:9.","text, labels, watermark, signature, logo, border, frame, UI, HUD, cropped subject, duplicate anatomy, contradictory anatomy, impossible balance, unsupported structures, random wings, random horns, humanoid default, fantasy armor, weapons, cartoon, anime, toy-like materials, excessive neon, excessive glow, oversaturated colors, busy background, motion blur, low resolution, compression artifacts, generic Earth copy, unsupported fantasy styling, traits conflicting with locked canon",1.0.0,canonical
NB2-PLT-PIII-009-RADIOTROPHIC-FLORA-COLLECTORS,PLT-PIII-009-RADIOTROPHIC-FLORA,Radiotrophic Flora,collectors,Leaves or Collector Study,16:9,"Create a canonical NOVERIS Nano Banana 2 visual for Radiotrophic Flora: Leaves or Collector Study.

Canonical archetype:
A canonical radiotrophic flora designed as a scientifically plausible plant-like or fungal organism whose anchoring, support, transport, energy capture, growth, reproduction, ecology, and environmental adaptations are internally coherent.

Required visual and biological rules:
• credible anchoring
• coherent support and transport
• functional energy collectors
• reproductive logic
• environment-linked growth

Production request:
Create front, back, edge, juvenile, mature and stressed states.

Studio-resolved canonical values:
{{canonicalId}}, {{displayName}}, {{scientificName}}, {{originPlanet}}, {{planetType}}, {{biome}}, {{gravity}}, {{atmosphere}}, {{climate}}, {{temperatureRange}}, {{sizeScale}}, {{coloration}}, {{materials}}, {{distinctiveFeatures}}, {{lockedTraits}}, {{rarity}}, {{artDirection}}.

Preserve every locked canonical field exactly. The result must use NOVERIS Scientific Realism: premium AAA science-fiction quality, museum-grade reference presentation, scientifically plausible structure, coherent materials, restrained coloration unless canon requires otherwise, readable silhouette, consistent scale and anatomy or growth across all views, soft neutral studio lighting, pure black background for isolated references, full requested subject visibility, generous negative space, and PSD-friendly extraction. Habitat and biome outputs may use the canonical environment. No baked-in text, labels, watermark, logo, border, or UI.

Create four clearly different but canon-compliant versions. Preserve body plan or growth architecture, structural counts, environmental adaptations, materials, defining features, and locked coloration. Vary only permitted secondary proportions, markings, surface detail, minor ornamentation, natural wear, and pose or growth irregularity.

Recommended aspect ratio: 16:9.","text, labels, watermark, signature, logo, border, frame, UI, HUD, cropped subject, duplicate anatomy, contradictory anatomy, impossible balance, unsupported structures, random wings, random horns, humanoid default, fantasy armor, weapons, cartoon, anime, toy-like materials, excessive neon, excessive glow, oversaturated colors, busy background, motion blur, low resolution, compression artifacts, generic Earth copy, unsupported fantasy styling, traits conflicting with locked canon",1.0.0,canonical
NB2-PLT-PIII-009-RADIOTROPHIC-FLORA-REPRODUCTION,PLT-PIII-009-RADIOTROPHIC-FLORA,Radiotrophic Flora,reproduction,Reproductive Structure,16:9,"Create a canonical NOVERIS Nano Banana 2 visual for Radiotrophic Flora: Reproductive Structure.

Canonical archetype:
A canonical radiotrophic flora designed as a scientifically plausible plant-like or fungal organism whose anchoring, support, transport, energy capture, growth, reproduction, ecology, and environmental adaptations are internally coherent.

Required visual and biological rules:
• credible anchoring
• coherent support and transport
• functional energy collectors
• reproductive logic
• environment-linked growth

Production request:
Create flowers, cones, spores, fields or equivalent stages.

Studio-resolved canonical values:
{{canonicalId}}, {{displayName}}, {{scientificName}}, {{originPlanet}}, {{planetType}}, {{biome}}, {{gravity}}, {{atmosphere}}, {{climate}}, {{temperatureRange}}, {{sizeScale}}, {{coloration}}, {{materials}}, {{distinctiveFeatures}}, {{lockedTraits}}, {{rarity}}, {{artDirection}}.

Preserve every locked canonical field exactly. The result must use NOVERIS Scientific Realism: premium AAA science-fiction quality, museum-grade reference presentation, scientifically plausible structure, coherent materials, restrained coloration unless canon requires otherwise, readable silhouette, consistent scale and anatomy or growth across all views, soft neutral studio lighting, pure black background for isolated references, full requested subject visibility, generous negative space, and PSD-friendly extraction. Habitat and biome outputs may use the canonical environment. No baked-in text, labels, watermark, logo, border, or UI.

Create four clearly different but canon-compliant versions. Preserve body plan or growth architecture, structural counts, environmental adaptations, materials, defining features, and locked coloration. Vary only permitted secondary proportions, markings, surface detail, minor ornamentation, natural wear, and pose or growth irregularity.

Recommended aspect ratio: 16:9.","text, labels, watermark, signature, logo, border, frame, UI, HUD, cropped subject, duplicate anatomy, contradictory anatomy, impossible balance, unsupported structures, random wings, random horns, humanoid default, fantasy armor, weapons, cartoon, anime, toy-like materials, excessive neon, excessive glow, oversaturated colors, busy background, motion blur, low resolution, compression artifacts, generic Earth copy, unsupported fantasy styling, traits conflicting with locked canon",1.0.0,canonical
NB2-PLT-PIII-009-RADIOTROPHIC-FLORA-PROPAGULES,PLT-PIII-009-RADIOTROPHIC-FLORA,Radiotrophic Flora,propagules,"Seed, Spore or Propagule Study",16:9,"Create a canonical NOVERIS Nano Banana 2 visual for Radiotrophic Flora: Seed, Spore or Propagule Study.

Canonical archetype:
A canonical radiotrophic flora designed as a scientifically plausible plant-like or fungal organism whose anchoring, support, transport, energy capture, growth, reproduction, ecology, and environmental adaptations are internally coherent.

Required visual and biological rules:
• credible anchoring
• coherent support and transport
• functional energy collectors
• reproductive logic
• environment-linked growth

Production request:
Create dispersal, germination and early establishment.

Studio-resolved canonical values:
{{canonicalId}}, {{displayName}}, {{scientificName}}, {{originPlanet}}, {{planetType}}, {{biome}}, {{gravity}}, {{atmosphere}}, {{climate}}, {{temperatureRange}}, {{sizeScale}}, {{coloration}}, {{materials}}, {{distinctiveFeatures}}, {{lockedTraits}}, {{rarity}}, {{artDirection}}.

Preserve every locked canonical field exactly. The result must use NOVERIS Scientific Realism: premium AAA science-fiction quality, museum-grade reference presentation, scientifically plausible structure, coherent materials, restrained coloration unless canon requires otherwise, readable silhouette, consistent scale and anatomy or growth across all views, soft neutral studio lighting, pure black background for isolated references, full requested subject visibility, generous negative space, and PSD-friendly extraction. Habitat and biome outputs may use the canonical environment. No baked-in text, labels, watermark, logo, border, or UI.

Create four clearly different but canon-compliant versions. Preserve body plan or growth architecture, structural counts, environmental adaptations, materials, defining features, and locked coloration. Vary only permitted secondary proportions, markings, surface detail, minor ornamentation, natural wear, and pose or growth irregularity.

Recommended aspect ratio: 16:9.","text, labels, watermark, signature, logo, border, frame, UI, HUD, cropped subject, duplicate anatomy, contradictory anatomy, impossible balance, unsupported structures, random wings, random horns, humanoid default, fantasy armor, weapons, cartoon, anime, toy-like materials, excessive neon, excessive glow, oversaturated colors, busy background, motion blur, low resolution, compression artifacts, generic Earth copy, unsupported fantasy styling, traits conflicting with locked canon",1.0.0,canonical
NB2-PLT-PIII-009-RADIOTROPHIC-FLORA-CROSS-SECTION,PLT-PIII-009-RADIOTROPHIC-FLORA,Radiotrophic Flora,cross-section,Internal Cross Section,16:9,"Create a canonical NOVERIS Nano Banana 2 visual for Radiotrophic Flora: Internal Cross Section.

Canonical archetype:
A canonical radiotrophic flora designed as a scientifically plausible plant-like or fungal organism whose anchoring, support, transport, energy capture, growth, reproduction, ecology, and environmental adaptations are internally coherent.

Required visual and biological rules:
• credible anchoring
• coherent support and transport
• functional energy collectors
• reproductive logic
• environment-linked growth

Production request:
Create protection, transport, support, storage and reproduction.

Studio-resolved canonical values:
{{canonicalId}}, {{displayName}}, {{scientificName}}, {{originPlanet}}, {{planetType}}, {{biome}}, {{gravity}}, {{atmosphere}}, {{climate}}, {{temperatureRange}}, {{sizeScale}}, {{coloration}}, {{materials}}, {{distinctiveFeatures}}, {{lockedTraits}}, {{rarity}}, {{artDirection}}.

Preserve every locked canonical field exactly. The result must use NOVERIS Scientific Realism: premium AAA science-fiction quality, museum-grade reference presentation, scientifically plausible structure, coherent materials, restrained coloration unless canon requires otherwise, readable silhouette, consistent scale and anatomy or growth across all views, soft neutral studio lighting, pure black background for isolated references, full requested subject visibility, generous negative space, and PSD-friendly extraction. Habitat and biome outputs may use the canonical environment. No baked-in text, labels, watermark, logo, border, or UI.

Create four clearly different but canon-compliant versions. Preserve body plan or growth architecture, structural counts, environmental adaptations, materials, defining features, and locked coloration. Vary only permitted secondary proportions, markings, surface detail, minor ornamentation, natural wear, and pose or growth irregularity.

Recommended aspect ratio: 16:9.","text, labels, watermark, signature, logo, border, frame, UI, HUD, cropped subject, duplicate anatomy, contradictory anatomy, impossible balance, unsupported structures, random wings, random horns, humanoid default, fantasy armor, weapons, cartoon, anime, toy-like materials, excessive neon, excessive glow, oversaturated colors, busy background, motion blur, low resolution, compression artifacts, generic Earth copy, unsupported fantasy styling, traits conflicting with locked canon",1.0.0,canonical
NB2-PLT-PIII-009-RADIOTROPHIC-FLORA-GROWTH,PLT-PIII-009-RADIOTROPHIC-FLORA,Radiotrophic Flora,growth,Growth Stages,16:9,"Create a canonical NOVERIS Nano Banana 2 visual for Radiotrophic Flora: Growth Stages.

Canonical archetype:
A canonical radiotrophic flora designed as a scientifically plausible plant-like or fungal organism whose anchoring, support, transport, energy capture, growth, reproduction, ecology, and environmental adaptations are internally coherent.

Required visual and biological rules:
• credible anchoring
• coherent support and transport
• functional energy collectors
• reproductive logic
• environment-linked growth

Production request:
Create propagule, juvenile, mature, reproductive and senescent stages.

Studio-resolved canonical values:
{{canonicalId}}, {{displayName}}, {{scientificName}}, {{originPlanet}}, {{planetType}}, {{biome}}, {{gravity}}, {{atmosphere}}, {{climate}}, {{temperatureRange}}, {{sizeScale}}, {{coloration}}, {{materials}}, {{distinctiveFeatures}}, {{lockedTraits}}, {{rarity}}, {{artDirection}}.

Preserve every locked canonical field exactly. The result must use NOVERIS Scientific Realism: premium AAA science-fiction quality, museum-grade reference presentation, scientifically plausible structure, coherent materials, restrained coloration unless canon requires otherwise, readable silhouette, consistent scale and anatomy or growth across all views, soft neutral studio lighting, pure black background for isolated references, full requested subject visibility, generous negative space, and PSD-friendly extraction. Habitat and biome outputs may use the canonical environment. No baked-in text, labels, watermark, logo, border, or UI.

Create four clearly different but canon-compliant versions. Preserve body plan or growth architecture, structural counts, environmental adaptations, materials, defining features, and locked coloration. Vary only permitted secondary proportions, markings, surface detail, minor ornamentation, natural wear, and pose or growth irregularity.

Recommended aspect ratio: 16:9.","text, labels, watermark, signature, logo, border, frame, UI, HUD, cropped subject, duplicate anatomy, contradictory anatomy, impossible balance, unsupported structures, random wings, random horns, humanoid default, fantasy armor, weapons, cartoon, anime, toy-like materials, excessive neon, excessive glow, oversaturated colors, busy background, motion blur, low resolution, compression artifacts, generic Earth copy, unsupported fantasy styling, traits conflicting with locked canon",1.0.0,canonical
NB2-PLT-PIII-009-RADIOTROPHIC-FLORA-SEASONAL,PLT-PIII-009-RADIOTROPHIC-FLORA,Radiotrophic Flora,seasonal,Seasonal and Stress Variants,16:9,"Create a canonical NOVERIS Nano Banana 2 visual for Radiotrophic Flora: Seasonal and Stress Variants.

Canonical archetype:
A canonical radiotrophic flora designed as a scientifically plausible plant-like or fungal organism whose anchoring, support, transport, energy capture, growth, reproduction, ecology, and environmental adaptations are internally coherent.

Required visual and biological rules:
• credible anchoring
• coherent support and transport
• functional energy collectors
• reproductive logic
• environment-linked growth

Production request:
Create growth, reproduction, dormancy, damage and recovery.

Studio-resolved canonical values:
{{canonicalId}}, {{displayName}}, {{scientificName}}, {{originPlanet}}, {{planetType}}, {{biome}}, {{gravity}}, {{atmosphere}}, {{climate}}, {{temperatureRange}}, {{sizeScale}}, {{coloration}}, {{materials}}, {{distinctiveFeatures}}, {{lockedTraits}}, {{rarity}}, {{artDirection}}.

Preserve every locked canonical field exactly. The result must use NOVERIS Scientific Realism: premium AAA science-fiction quality, museum-grade reference presentation, scientifically plausible structure, coherent materials, restrained coloration unless canon requires otherwise, readable silhouette, consistent scale and anatomy or growth across all views, soft neutral studio lighting, pure black background for isolated references, full requested subject visibility, generous negative space, and PSD-friendly extraction. Habitat and biome outputs may use the canonical environment. No baked-in text, labels, watermark, logo, border, or UI.

Create four clearly different but canon-compliant versions. Preserve body plan or growth architecture, structural counts, environmental adaptations, materials, defining features, and locked coloration. Vary only permitted secondary proportions, markings, surface detail, minor ornamentation, natural wear, and pose or growth irregularity.

Recommended aspect ratio: 16:9.","text, labels, watermark, signature, logo, border, frame, UI, HUD, cropped subject, duplicate anatomy, contradictory anatomy, impossible balance, unsupported structures, random wings, random horns, humanoid default, fantasy armor, weapons, cartoon, anime, toy-like materials, excessive neon, excessive glow, oversaturated colors, busy background, motion blur, low resolution, compression artifacts, generic Earth copy, unsupported fantasy styling, traits conflicting with locked canon",1.0.0,canonical
NB2-PLT-PIII-009-RADIOTROPHIC-FLORA-HABITAT,PLT-PIII-009-RADIOTROPHIC-FLORA,Radiotrophic Flora,habitat,Native Habitat Composition,16:9,"Create a canonical NOVERIS Nano Banana 2 visual for Radiotrophic Flora: Native Habitat Composition.

Canonical archetype:
A canonical radiotrophic flora designed as a scientifically plausible plant-like or fungal organism whose anchoring, support, transport, energy capture, growth, reproduction, ecology, and environmental adaptations are internally coherent.

Required visual and biological rules:
• credible anchoring
• coherent support and transport
• functional energy collectors
• reproductive logic
• environment-linked growth

Production request:
Create natural population with spacing and age diversity.

Studio-resolved canonical values:
{{canonicalId}}, {{displayName}}, {{scientificName}}, {{originPlanet}}, {{planetType}}, {{biome}}, {{gravity}}, {{atmosphere}}, {{climate}}, {{temperatureRange}}, {{sizeScale}}, {{coloration}}, {{materials}}, {{distinctiveFeatures}}, {{lockedTraits}}, {{rarity}}, {{artDirection}}.

Preserve every locked canonical field exactly. The result must use NOVERIS Scientific Realism: premium AAA science-fiction quality, museum-grade reference presentation, scientifically plausible structure, coherent materials, restrained coloration unless canon requires otherwise, readable silhouette, consistent scale and anatomy or growth across all views, soft neutral studio lighting, pure black background for isolated references, full requested subject visibility, generous negative space, and PSD-friendly extraction. Habitat and biome outputs may use the canonical environment. No baked-in text, labels, watermark, logo, border, or UI.

Create four clearly different but canon-compliant versions. Preserve body plan or growth architecture, structural counts, environmental adaptations, materials, defining features, and locked coloration. Vary only permitted secondary proportions, markings, surface detail, minor ornamentation, natural wear, and pose or growth irregularity.

Recommended aspect ratio: 16:9.","text, labels, watermark, signature, logo, border, frame, UI, HUD, cropped subject, duplicate anatomy, contradictory anatomy, impossible balance, unsupported structures, random wings, random horns, humanoid default, fantasy armor, weapons, cartoon, anime, toy-like materials, excessive neon, excessive glow, oversaturated colors, busy background, motion blur, low resolution, compression artifacts, generic Earth copy, unsupported fantasy styling, traits conflicting with locked canon",1.0.0,canonical
NB2-PLT-PIII-009-RADIOTROPHIC-FLORA-BIOME,PLT-PIII-009-RADIOTROPHIC-FLORA,Radiotrophic Flora,biome,Biome Composition,16:9,"Create a canonical NOVERIS Nano Banana 2 visual for Radiotrophic Flora: Biome Composition.

Canonical archetype:
A canonical radiotrophic flora designed as a scientifically plausible plant-like or fungal organism whose anchoring, support, transport, energy capture, growth, reproduction, ecology, and environmental adaptations are internally coherent.

Required visual and biological rules:
• credible anchoring
• coherent support and transport
• functional energy collectors
• reproductive logic
• environment-linked growth

Production request:
Create coordinated vegetation set at consistent scale.

Studio-resolved canonical values:
{{canonicalId}}, {{displayName}}, {{scientificName}}, {{originPlanet}}, {{planetType}}, {{biome}}, {{gravity}}, {{atmosphere}}, {{climate}}, {{temperatureRange}}, {{sizeScale}}, {{coloration}}, {{materials}}, {{distinctiveFeatures}}, {{lockedTraits}}, {{rarity}}, {{artDirection}}.

Preserve every locked canonical field exactly. The result must use NOVERIS Scientific Realism: premium AAA science-fiction quality, museum-grade reference presentation, scientifically plausible structure, coherent materials, restrained coloration unless canon requires otherwise, readable silhouette, consistent scale and anatomy or growth across all views, soft neutral studio lighting, pure black background for isolated references, full requested subject visibility, generous negative space, and PSD-friendly extraction. Habitat and biome outputs may use the canonical environment. No baked-in text, labels, watermark, logo, border, or UI.

Create four clearly different but canon-compliant versions. Preserve body plan or growth architecture, structural counts, environmental adaptations, materials, defining features, and locked coloration. Vary only permitted secondary proportions, markings, surface detail, minor ornamentation, natural wear, and pose or growth irregularity.

Recommended aspect ratio: 16:9.","text, labels, watermark, signature, logo, border, frame, UI, HUD, cropped subject, duplicate anatomy, contradictory anatomy, impossible balance, unsupported structures, random wings, random horns, humanoid default, fantasy armor, weapons, cartoon, anime, toy-like materials, excessive neon, excessive glow, oversaturated colors, busy background, motion blur, low resolution, compression artifacts, generic Earth copy, unsupported fantasy styling, traits conflicting with locked canon",1.0.0,canonical
NB2-PLT-PIII-009-RADIOTROPHIC-FLORA-DISCOVERY,PLT-PIII-009-RADIOTROPHIC-FLORA,Radiotrophic Flora,discovery,Discovery Scan,16:9,"Create a canonical NOVERIS Nano Banana 2 visual for Radiotrophic Flora: Discovery Scan.

Canonical archetype:
A canonical radiotrophic flora designed as a scientifically plausible plant-like or fungal organism whose anchoring, support, transport, energy capture, growth, reproduction, ecology, and environmental adaptations are internally coherent.

Required visual and biological rules:
• credible anchoring
• coherent support and transport
• functional energy collectors
• reproductive logic
• environment-linked growth

Production request:
Create centered scientific scan source without labels.

Studio-resolved canonical values:
{{canonicalId}}, {{displayName}}, {{scientificName}}, {{originPlanet}}, {{planetType}}, {{biome}}, {{gravity}}, {{atmosphere}}, {{climate}}, {{temperatureRange}}, {{sizeScale}}, {{coloration}}, {{materials}}, {{distinctiveFeatures}}, {{lockedTraits}}, {{rarity}}, {{artDirection}}.

Preserve every locked canonical field exactly. The result must use NOVERIS Scientific Realism: premium AAA science-fiction quality, museum-grade reference presentation, scientifically plausible structure, coherent materials, restrained coloration unless canon requires otherwise, readable silhouette, consistent scale and anatomy or growth across all views, soft neutral studio lighting, pure black background for isolated references, full requested subject visibility, generous negative space, and PSD-friendly extraction. Habitat and biome outputs may use the canonical environment. No baked-in text, labels, watermark, logo, border, or UI.

Create four clearly different but canon-compliant versions. Preserve body plan or growth architecture, structural counts, environmental adaptations, materials, defining features, and locked coloration. Vary only permitted secondary proportions, markings, surface detail, minor ornamentation, natural wear, and pose or growth irregularity.

Recommended aspect ratio: 16:9.","text, labels, watermark, signature, logo, border, frame, UI, HUD, cropped subject, duplicate anatomy, contradictory anatomy, impossible balance, unsupported structures, random wings, random horns, humanoid default, fantasy armor, weapons, cartoon, anime, toy-like materials, excessive neon, excessive glow, oversaturated colors, busy background, motion blur, low resolution, compression artifacts, generic Earth copy, unsupported fantasy styling, traits conflicting with locked canon",1.0.0,canonical
NB2-PLT-PIII-009-RADIOTROPHIC-FLORA-ICON,PLT-PIII-009-RADIOTROPHIC-FLORA,Radiotrophic Flora,icon,UI Icon,1:1,"Create a canonical NOVERIS Nano Banana 2 visual for Radiotrophic Flora: UI Icon.

Canonical archetype:
A canonical radiotrophic flora designed as a scientifically plausible plant-like or fungal organism whose anchoring, support, transport, energy capture, growth, reproduction, ecology, and environmental adaptations are internally coherent.

Required visual and biological rules:
• credible anchoring
• coherent support and transport
• functional energy collectors
• reproductive logic
• environment-linked growth

Production request:
Create isolated silhouette readable at 64 pixels.

Studio-resolved canonical values:
{{canonicalId}}, {{displayName}}, {{scientificName}}, {{originPlanet}}, {{planetType}}, {{biome}}, {{gravity}}, {{atmosphere}}, {{climate}}, {{temperatureRange}}, {{sizeScale}}, {{coloration}}, {{materials}}, {{distinctiveFeatures}}, {{lockedTraits}}, {{rarity}}, {{artDirection}}.

Preserve every locked canonical field exactly. The result must use NOVERIS Scientific Realism: premium AAA science-fiction quality, museum-grade reference presentation, scientifically plausible structure, coherent materials, restrained coloration unless canon requires otherwise, readable silhouette, consistent scale and anatomy or growth across all views, soft neutral studio lighting, pure black background for isolated references, full requested subject visibility, generous negative space, and PSD-friendly extraction. Habitat and biome outputs may use the canonical environment. No baked-in text, labels, watermark, logo, border, or UI.

Create four clearly different but canon-compliant versions. Preserve body plan or growth architecture, structural counts, environmental adaptations, materials, defining features, and locked coloration. Vary only permitted secondary proportions, markings, surface detail, minor ornamentation, natural wear, and pose or growth irregularity.

Recommended aspect ratio: 1:1.","text, labels, watermark, signature, logo, border, frame, UI, HUD, cropped subject, duplicate anatomy, contradictory anatomy, impossible balance, unsupported structures, random wings, random horns, humanoid default, fantasy armor, weapons, cartoon, anime, toy-like materials, excessive neon, excessive glow, oversaturated colors, busy background, motion blur, low resolution, compression artifacts, generic Earth copy, unsupported fantasy styling, traits conflicting with locked canon",1.0.0,canonical
NB2-PLT-PIII-009-RADIOTROPHIC-FLORA-SCALE,PLT-PIII-009-RADIOTROPHIC-FLORA,Radiotrophic Flora,scale,Scale Comparison,16:9,"Create a canonical NOVERIS Nano Banana 2 visual for Radiotrophic Flora: Scale Comparison.

Canonical archetype:
A canonical radiotrophic flora designed as a scientifically plausible plant-like or fungal organism whose anchoring, support, transport, energy capture, growth, reproduction, ecology, and environmental adaptations are internally coherent.

Required visual and biological rules:
• credible anchoring
• coherent support and transport
• functional energy collectors
• reproductive logic
• environment-linked growth

Production request:
Create side view with adult human silhouette and one-meter bar.

Studio-resolved canonical values:
{{canonicalId}}, {{displayName}}, {{scientificName}}, {{originPlanet}}, {{planetType}}, {{biome}}, {{gravity}}, {{atmosphere}}, {{climate}}, {{temperatureRange}}, {{sizeScale}}, {{coloration}}, {{materials}}, {{distinctiveFeatures}}, {{lockedTraits}}, {{rarity}}, {{artDirection}}.

Preserve every locked canonical field exactly. The result must use NOVERIS Scientific Realism: premium AAA science-fiction quality, museum-grade reference presentation, scientifically plausible structure, coherent materials, restrained coloration unless canon requires otherwise, readable silhouette, consistent scale and anatomy or growth across all views, soft neutral studio lighting, pure black background for isolated references, full requested subject visibility, generous negative space, and PSD-friendly extraction. Habitat and biome outputs may use the canonical environment. No baked-in text, labels, watermark, logo, border, or UI.

Create four clearly different but canon-compliant versions. Preserve body plan or growth architecture, structural counts, environmental adaptations, materials, defining features, and locked coloration. Vary only permitted secondary proportions, markings, surface detail, minor ornamentation, natural wear, and pose or growth irregularity.

Recommended aspect ratio: 16:9.","text, labels, watermark, signature, logo, border, frame, UI, HUD, cropped subject, duplicate anatomy, contradictory anatomy, impossible balance, unsupported structures, random wings, random horns, humanoid default, fantasy armor, weapons, cartoon, anime, toy-like materials, excessive neon, excessive glow, oversaturated colors, busy background, motion blur, low resolution, compression artifacts, generic Earth copy, unsupported fantasy styling, traits conflicting with locked canon",1.0.0,canonical
NB2-PLT-PIII-009-RADIOTROPHIC-FLORA-PLATE,PLT-PIII-009-RADIOTROPHIC-FLORA,Radiotrophic Flora,plate,Master Botanical Plate,16:9,"Create a canonical NOVERIS Nano Banana 2 visual for Radiotrophic Flora: Master Botanical Plate.

Canonical archetype:
A canonical radiotrophic flora designed as a scientifically plausible plant-like or fungal organism whose anchoring, support, transport, energy capture, growth, reproduction, ecology, and environmental adaptations are internally coherent.

Required visual and biological rules:
• credible anchoring
• coherent support and transport
• functional energy collectors
• reproductive logic
• environment-linked growth

Production request:
Create whole organism, views, roots, structure, collectors, reproduction, stages, materials and habitat vignette.

Studio-resolved canonical values:
{{canonicalId}}, {{displayName}}, {{scientificName}}, {{originPlanet}}, {{planetType}}, {{biome}}, {{gravity}}, {{atmosphere}}, {{climate}}, {{temperatureRange}}, {{sizeScale}}, {{coloration}}, {{materials}}, {{distinctiveFeatures}}, {{lockedTraits}}, {{rarity}}, {{artDirection}}.

Preserve every locked canonical field exactly. The result must use NOVERIS Scientific Realism: premium AAA science-fiction quality, museum-grade reference presentation, scientifically plausible structure, coherent materials, restrained coloration unless canon requires otherwise, readable silhouette, consistent scale and anatomy or growth across all views, soft neutral studio lighting, pure black background for isolated references, full requested subject visibility, generous negative space, and PSD-friendly extraction. Habitat and biome outputs may use the canonical environment. No baked-in text, labels, watermark, logo, border, or UI.

Create four clearly different but canon-compliant versions. Preserve body plan or growth architecture, structural counts, environmental adaptations, materials, defining features, and locked coloration. Vary only permitted secondary proportions, markings, surface detail, minor ornamentation, natural wear, and pose or growth irregularity.

Recommended aspect ratio: 16:9.","text, labels, watermark, signature, logo, border, frame, UI, HUD, cropped subject, duplicate anatomy, contradictory anatomy, impossible balance, unsupported structures, random wings, random horns, humanoid default, fantasy armor, weapons, cartoon, anime, toy-like materials, excessive neon, excessive glow, oversaturated colors, busy background, motion blur, low resolution, compression artifacts, generic Earth copy, unsupported fantasy styling, traits conflicting with locked canon",1.0.0,canonical
NB2-PLT-PIII-009-RADIOTROPHIC-FLORA-PSD,PLT-PIII-009-RADIOTROPHIC-FLORA,Radiotrophic Flora,psd,PSD Extraction Board,16:9,"Create a canonical NOVERIS Nano Banana 2 visual for Radiotrophic Flora: PSD Extraction Board.

Canonical archetype:
A canonical radiotrophic flora designed as a scientifically plausible plant-like or fungal organism whose anchoring, support, transport, energy capture, growth, reproduction, ecology, and environmental adaptations are internally coherent.

Required visual and biological rules:
• credible anchoring
• coherent support and transport
• functional energy collectors
• reproductive logic
• environment-linked growth

Production request:
Create isolated whole organism, parts, silhouette and material references.

Studio-resolved canonical values:
{{canonicalId}}, {{displayName}}, {{scientificName}}, {{originPlanet}}, {{planetType}}, {{biome}}, {{gravity}}, {{atmosphere}}, {{climate}}, {{temperatureRange}}, {{sizeScale}}, {{coloration}}, {{materials}}, {{distinctiveFeatures}}, {{lockedTraits}}, {{rarity}}, {{artDirection}}.

Preserve every locked canonical field exactly. The result must use NOVERIS Scientific Realism: premium AAA science-fiction quality, museum-grade reference presentation, scientifically plausible structure, coherent materials, restrained coloration unless canon requires otherwise, readable silhouette, consistent scale and anatomy or growth across all views, soft neutral studio lighting, pure black background for isolated references, full requested subject visibility, generous negative space, and PSD-friendly extraction. Habitat and biome outputs may use the canonical environment. No baked-in text, labels, watermark, logo, border, or UI.

Create four clearly different but canon-compliant versions. Preserve body plan or growth architecture, structural counts, environmental adaptations, materials, defining features, and locked coloration. Vary only permitted secondary proportions, markings, surface detail, minor ornamentation, natural wear, and pose or growth irregularity.

Recommended aspect ratio: 16:9.","text, labels, watermark, signature, logo, border, frame, UI, HUD, cropped subject, duplicate anatomy, contradictory anatomy, impossible balance, unsupported structures, random wings, random horns, humanoid default, fantasy armor, weapons, cartoon, anime, toy-like materials, excessive neon, excessive glow, oversaturated colors, busy background, motion blur, low resolution, compression artifacts, generic Earth copy, unsupported fantasy styling, traits conflicting with locked canon",1.0.0,canonical
NB2-PLT-PIII-010-CRYOGENIC-FLORA-WHOLE-PLANT,PLT-PIII-010-CRYOGENIC-FLORA,Cryogenic Flora,whole-plant,Whole Plant Production Render,3:4,"Create a canonical NOVERIS Nano Banana 2 visual for Cryogenic Flora: Whole Plant Production Render.

Canonical archetype:
A canonical cryogenic flora designed as a scientifically plausible plant-like or fungal organism whose anchoring, support, transport, energy capture, growth, reproduction, ecology, and environmental adaptations are internally coherent.

Required visual and biological rules:
• credible anchoring
• coherent support and transport
• functional energy collectors
• reproductive logic
• environment-linked growth

Production request:
Create complete mature organism including roots or anchor system.

Studio-resolved canonical values:
{{canonicalId}}, {{displayName}}, {{scientificName}}, {{originPlanet}}, {{planetType}}, {{biome}}, {{gravity}}, {{atmosphere}}, {{climate}}, {{temperatureRange}}, {{sizeScale}}, {{coloration}}, {{materials}}, {{distinctiveFeatures}}, {{lockedTraits}}, {{rarity}}, {{artDirection}}.

Preserve every locked canonical field exactly. The result must use NOVERIS Scientific Realism: premium AAA science-fiction quality, museum-grade reference presentation, scientifically plausible structure, coherent materials, restrained coloration unless canon requires otherwise, readable silhouette, consistent scale and anatomy or growth across all views, soft neutral studio lighting, pure black background for isolated references, full requested subject visibility, generous negative space, and PSD-friendly extraction. Habitat and biome outputs may use the canonical environment. No baked-in text, labels, watermark, logo, border, or UI.

Create four clearly different but canon-compliant versions. Preserve body plan or growth architecture, structural counts, environmental adaptations, materials, defining features, and locked coloration. Vary only permitted secondary proportions, markings, surface detail, minor ornamentation, natural wear, and pose or growth irregularity.

Recommended aspect ratio: 3:4.","text, labels, watermark, signature, logo, border, frame, UI, HUD, cropped subject, duplicate anatomy, contradictory anatomy, impossible balance, unsupported structures, random wings, random horns, humanoid default, fantasy armor, weapons, cartoon, anime, toy-like materials, excessive neon, excessive glow, oversaturated colors, busy background, motion blur, low resolution, compression artifacts, generic Earth copy, unsupported fantasy styling, traits conflicting with locked canon",1.0.0,canonical
NB2-PLT-PIII-010-CRYOGENIC-FLORA-PORTRAIT,PLT-PIII-010-CRYOGENIC-FLORA,Cryogenic Flora,portrait,Botanical Portrait,1:1,"Create a canonical NOVERIS Nano Banana 2 visual for Cryogenic Flora: Botanical Portrait.

Canonical archetype:
A canonical cryogenic flora designed as a scientifically plausible plant-like or fungal organism whose anchoring, support, transport, energy capture, growth, reproduction, ecology, and environmental adaptations are internally coherent.

Required visual and biological rules:
• credible anchoring
• coherent support and transport
• functional energy collectors
• reproductive logic
• environment-linked growth

Production request:
Create defining growth form, foliage, collectors and reproduction.

Studio-resolved canonical values:
{{canonicalId}}, {{displayName}}, {{scientificName}}, {{originPlanet}}, {{planetType}}, {{biome}}, {{gravity}}, {{atmosphere}}, {{climate}}, {{temperatureRange}}, {{sizeScale}}, {{coloration}}, {{materials}}, {{distinctiveFeatures}}, {{lockedTraits}}, {{rarity}}, {{artDirection}}.

Preserve every locked canonical field exactly. The result must use NOVERIS Scientific Realism: premium AAA science-fiction quality, museum-grade reference presentation, scientifically plausible structure, coherent materials, restrained coloration unless canon requires otherwise, readable silhouette, consistent scale and anatomy or growth across all views, soft neutral studio lighting, pure black background for isolated references, full requested subject visibility, generous negative space, and PSD-friendly extraction. Habitat and biome outputs may use the canonical environment. No baked-in text, labels, watermark, logo, border, or UI.

Create four clearly different but canon-compliant versions. Preserve body plan or growth architecture, structural counts, environmental adaptations, materials, defining features, and locked coloration. Vary only permitted secondary proportions, markings, surface detail, minor ornamentation, natural wear, and pose or growth irregularity.

Recommended aspect ratio: 1:1.","text, labels, watermark, signature, logo, border, frame, UI, HUD, cropped subject, duplicate anatomy, contradictory anatomy, impossible balance, unsupported structures, random wings, random horns, humanoid default, fantasy armor, weapons, cartoon, anime, toy-like materials, excessive neon, excessive glow, oversaturated colors, busy background, motion blur, low resolution, compression artifacts, generic Earth copy, unsupported fantasy styling, traits conflicting with locked canon",1.0.0,canonical
NB2-PLT-PIII-010-CRYOGENIC-FLORA-ORTHO-FRONT,PLT-PIII-010-CRYOGENIC-FLORA,Cryogenic Flora,ortho-front,Orthographic Front,3:4,"Create a canonical NOVERIS Nano Banana 2 visual for Cryogenic Flora: Orthographic Front.

Canonical archetype:
A canonical cryogenic flora designed as a scientifically plausible plant-like or fungal organism whose anchoring, support, transport, energy capture, growth, reproduction, ecology, and environmental adaptations are internally coherent.

Required visual and biological rules:
• credible anchoring
• coherent support and transport
• functional energy collectors
• reproductive logic
• environment-linked growth

Production request:
Create exact front orthographic view.

Studio-resolved canonical values:
{{canonicalId}}, {{displayName}}, {{scientificName}}, {{originPlanet}}, {{planetType}}, {{biome}}, {{gravity}}, {{atmosphere}}, {{climate}}, {{temperatureRange}}, {{sizeScale}}, {{coloration}}, {{materials}}, {{distinctiveFeatures}}, {{lockedTraits}}, {{rarity}}, {{artDirection}}.

Preserve every locked canonical field exactly. The result must use NOVERIS Scientific Realism: premium AAA science-fiction quality, museum-grade reference presentation, scientifically plausible structure, coherent materials, restrained coloration unless canon requires otherwise, readable silhouette, consistent scale and anatomy or growth across all views, soft neutral studio lighting, pure black background for isolated references, full requested subject visibility, generous negative space, and PSD-friendly extraction. Habitat and biome outputs may use the canonical environment. No baked-in text, labels, watermark, logo, border, or UI.

Create four clearly different but canon-compliant versions. Preserve body plan or growth architecture, structural counts, environmental adaptations, materials, defining features, and locked coloration. Vary only permitted secondary proportions, markings, surface detail, minor ornamentation, natural wear, and pose or growth irregularity.

Recommended aspect ratio: 3:4.","text, labels, watermark, signature, logo, border, frame, UI, HUD, cropped subject, duplicate anatomy, contradictory anatomy, impossible balance, unsupported structures, random wings, random horns, humanoid default, fantasy armor, weapons, cartoon, anime, toy-like materials, excessive neon, excessive glow, oversaturated colors, busy background, motion blur, low resolution, compression artifacts, generic Earth copy, unsupported fantasy styling, traits conflicting with locked canon",1.0.0,canonical
NB2-PLT-PIII-010-CRYOGENIC-FLORA-ORTHO-SIDE,PLT-PIII-010-CRYOGENIC-FLORA,Cryogenic Flora,ortho-side,Orthographic Side,3:4,"Create a canonical NOVERIS Nano Banana 2 visual for Cryogenic Flora: Orthographic Side.

Canonical archetype:
A canonical cryogenic flora designed as a scientifically plausible plant-like or fungal organism whose anchoring, support, transport, energy capture, growth, reproduction, ecology, and environmental adaptations are internally coherent.

Required visual and biological rules:
• credible anchoring
• coherent support and transport
• functional energy collectors
• reproductive logic
• environment-linked growth

Production request:
Create exact side orthographic view.

Studio-resolved canonical values:
{{canonicalId}}, {{displayName}}, {{scientificName}}, {{originPlanet}}, {{planetType}}, {{biome}}, {{gravity}}, {{atmosphere}}, {{climate}}, {{temperatureRange}}, {{sizeScale}}, {{coloration}}, {{materials}}, {{distinctiveFeatures}}, {{lockedTraits}}, {{rarity}}, {{artDirection}}.

Preserve every locked canonical field exactly. The result must use NOVERIS Scientific Realism: premium AAA science-fiction quality, museum-grade reference presentation, scientifically plausible structure, coherent materials, restrained coloration unless canon requires otherwise, readable silhouette, consistent scale and anatomy or growth across all views, soft neutral studio lighting, pure black background for isolated references, full requested subject visibility, generous negative space, and PSD-friendly extraction. Habitat and biome outputs may use the canonical environment. No baked-in text, labels, watermark, logo, border, or UI.

Create four clearly different but canon-compliant versions. Preserve body plan or growth architecture, structural counts, environmental adaptations, materials, defining features, and locked coloration. Vary only permitted secondary proportions, markings, surface detail, minor ornamentation, natural wear, and pose or growth irregularity.

Recommended aspect ratio: 3:4.","text, labels, watermark, signature, logo, border, frame, UI, HUD, cropped subject, duplicate anatomy, contradictory anatomy, impossible balance, unsupported structures, random wings, random horns, humanoid default, fantasy armor, weapons, cartoon, anime, toy-like materials, excessive neon, excessive glow, oversaturated colors, busy background, motion blur, low resolution, compression artifacts, generic Earth copy, unsupported fantasy styling, traits conflicting with locked canon",1.0.0,canonical
NB2-PLT-PIII-010-CRYOGENIC-FLORA-ORTHO-TOP,PLT-PIII-010-CRYOGENIC-FLORA,Cryogenic Flora,ortho-top,Orthographic Top,1:1,"Create a canonical NOVERIS Nano Banana 2 visual for Cryogenic Flora: Orthographic Top.

Canonical archetype:
A canonical cryogenic flora designed as a scientifically plausible plant-like or fungal organism whose anchoring, support, transport, energy capture, growth, reproduction, ecology, and environmental adaptations are internally coherent.

Required visual and biological rules:
• credible anchoring
• coherent support and transport
• functional energy collectors
• reproductive logic
• environment-linked growth

Production request:
Create exact top view showing spread and growth geometry.

Studio-resolved canonical values:
{{canonicalId}}, {{displayName}}, {{scientificName}}, {{originPlanet}}, {{planetType}}, {{biome}}, {{gravity}}, {{atmosphere}}, {{climate}}, {{temperatureRange}}, {{sizeScale}}, {{coloration}}, {{materials}}, {{distinctiveFeatures}}, {{lockedTraits}}, {{rarity}}, {{artDirection}}.

Preserve every locked canonical field exactly. The result must use NOVERIS Scientific Realism: premium AAA science-fiction quality, museum-grade reference presentation, scientifically plausible structure, coherent materials, restrained coloration unless canon requires otherwise, readable silhouette, consistent scale and anatomy or growth across all views, soft neutral studio lighting, pure black background for isolated references, full requested subject visibility, generous negative space, and PSD-friendly extraction. Habitat and biome outputs may use the canonical environment. No baked-in text, labels, watermark, logo, border, or UI.

Create four clearly different but canon-compliant versions. Preserve body plan or growth architecture, structural counts, environmental adaptations, materials, defining features, and locked coloration. Vary only permitted secondary proportions, markings, surface detail, minor ornamentation, natural wear, and pose or growth irregularity.

Recommended aspect ratio: 1:1.","text, labels, watermark, signature, logo, border, frame, UI, HUD, cropped subject, duplicate anatomy, contradictory anatomy, impossible balance, unsupported structures, random wings, random horns, humanoid default, fantasy armor, weapons, cartoon, anime, toy-like materials, excessive neon, excessive glow, oversaturated colors, busy background, motion blur, low resolution, compression artifacts, generic Earth copy, unsupported fantasy styling, traits conflicting with locked canon",1.0.0,canonical
NB2-PLT-PIII-010-CRYOGENIC-FLORA-ROOTS,PLT-PIII-010-CRYOGENIC-FLORA,Cryogenic Flora,roots,Root or Anchor System,16:9,"Create a canonical NOVERIS Nano Banana 2 visual for Cryogenic Flora: Root or Anchor System.

Canonical archetype:
A canonical cryogenic flora designed as a scientifically plausible plant-like or fungal organism whose anchoring, support, transport, energy capture, growth, reproduction, ecology, and environmental adaptations are internally coherent.

Required visual and biological rules:
• credible anchoring
• coherent support and transport
• functional energy collectors
• reproductive logic
• environment-linked growth

Production request:
Create complete substrate interface and nutrient exchange structures.

Studio-resolved canonical values:
{{canonicalId}}, {{displayName}}, {{scientificName}}, {{originPlanet}}, {{planetType}}, {{biome}}, {{gravity}}, {{atmosphere}}, {{climate}}, {{temperatureRange}}, {{sizeScale}}, {{coloration}}, {{materials}}, {{distinctiveFeatures}}, {{lockedTraits}}, {{rarity}}, {{artDirection}}.

Preserve every locked canonical field exactly. The result must use NOVERIS Scientific Realism: premium AAA science-fiction quality, museum-grade reference presentation, scientifically plausible structure, coherent materials, restrained coloration unless canon requires otherwise, readable silhouette, consistent scale and anatomy or growth across all views, soft neutral studio lighting, pure black background for isolated references, full requested subject visibility, generous negative space, and PSD-friendly extraction. Habitat and biome outputs may use the canonical environment. No baked-in text, labels, watermark, logo, border, or UI.

Create four clearly different but canon-compliant versions. Preserve body plan or growth architecture, structural counts, environmental adaptations, materials, defining features, and locked coloration. Vary only permitted secondary proportions, markings, surface detail, minor ornamentation, natural wear, and pose or growth irregularity.

Recommended aspect ratio: 16:9.","text, labels, watermark, signature, logo, border, frame, UI, HUD, cropped subject, duplicate anatomy, contradictory anatomy, impossible balance, unsupported structures, random wings, random horns, humanoid default, fantasy armor, weapons, cartoon, anime, toy-like materials, excessive neon, excessive glow, oversaturated colors, busy background, motion blur, low resolution, compression artifacts, generic Earth copy, unsupported fantasy styling, traits conflicting with locked canon",1.0.0,canonical
NB2-PLT-PIII-010-CRYOGENIC-FLORA-STEMS,PLT-PIII-010-CRYOGENIC-FLORA,Cryogenic Flora,stems,"Stem, Trunk or Structural Study",16:9,"Create a canonical NOVERIS Nano Banana 2 visual for Cryogenic Flora: Stem, Trunk or Structural Study.

Canonical archetype:
A canonical cryogenic flora designed as a scientifically plausible plant-like or fungal organism whose anchoring, support, transport, energy capture, growth, reproduction, ecology, and environmental adaptations are internally coherent.

Required visual and biological rules:
• credible anchoring
• coherent support and transport
• functional energy collectors
• reproductive logic
• environment-linked growth

Production request:
Create support and transport architecture.

Studio-resolved canonical values:
{{canonicalId}}, {{displayName}}, {{scientificName}}, {{originPlanet}}, {{planetType}}, {{biome}}, {{gravity}}, {{atmosphere}}, {{climate}}, {{temperatureRange}}, {{sizeScale}}, {{coloration}}, {{materials}}, {{distinctiveFeatures}}, {{lockedTraits}}, {{rarity}}, {{artDirection}}.

Preserve every locked canonical field exactly. The result must use NOVERIS Scientific Realism: premium AAA science-fiction quality, museum-grade reference presentation, scientifically plausible structure, coherent materials, restrained coloration unless canon requires otherwise, readable silhouette, consistent scale and anatomy or growth across all views, soft neutral studio lighting, pure black background for isolated references, full requested subject visibility, generous negative space, and PSD-friendly extraction. Habitat and biome outputs may use the canonical environment. No baked-in text, labels, watermark, logo, border, or UI.

Create four clearly different but canon-compliant versions. Preserve body plan or growth architecture, structural counts, environmental adaptations, materials, defining features, and locked coloration. Vary only permitted secondary proportions, markings, surface detail, minor ornamentation, natural wear, and pose or growth irregularity.

Recommended aspect ratio: 16:9.","text, labels, watermark, signature, logo, border, frame, UI, HUD, cropped subject, duplicate anatomy, contradictory anatomy, impossible balance, unsupported structures, random wings, random horns, humanoid default, fantasy armor, weapons, cartoon, anime, toy-like materials, excessive neon, excessive glow, oversaturated colors, busy background, motion blur, low resolution, compression artifacts, generic Earth copy, unsupported fantasy styling, traits conflicting with locked canon",1.0.0,canonical
NB2-PLT-PIII-010-CRYOGENIC-FLORA-COLLECTORS,PLT-PIII-010-CRYOGENIC-FLORA,Cryogenic Flora,collectors,Leaves or Collector Study,16:9,"Create a canonical NOVERIS Nano Banana 2 visual for Cryogenic Flora: Leaves or Collector Study.

Canonical archetype:
A canonical cryogenic flora designed as a scientifically plausible plant-like or fungal organism whose anchoring, support, transport, energy capture, growth, reproduction, ecology, and environmental adaptations are internally coherent.

Required visual and biological rules:
• credible anchoring
• coherent support and transport
• functional energy collectors
• reproductive logic
• environment-linked growth

Production request:
Create front, back, edge, juvenile, mature and stressed states.

Studio-resolved canonical values:
{{canonicalId}}, {{displayName}}, {{scientificName}}, {{originPlanet}}, {{planetType}}, {{biome}}, {{gravity}}, {{atmosphere}}, {{climate}}, {{temperatureRange}}, {{sizeScale}}, {{coloration}}, {{materials}}, {{distinctiveFeatures}}, {{lockedTraits}}, {{rarity}}, {{artDirection}}.

Preserve every locked canonical field exactly. The result must use NOVERIS Scientific Realism: premium AAA science-fiction quality, museum-grade reference presentation, scientifically plausible structure, coherent materials, restrained coloration unless canon requires otherwise, readable silhouette, consistent scale and anatomy or growth across all views, soft neutral studio lighting, pure black background for isolated references, full requested subject visibility, generous negative space, and PSD-friendly extraction. Habitat and biome outputs may use the canonical environment. No baked-in text, labels, watermark, logo, border, or UI.

Create four clearly different but canon-compliant versions. Preserve body plan or growth architecture, structural counts, environmental adaptations, materials, defining features, and locked coloration. Vary only permitted secondary proportions, markings, surface detail, minor ornamentation, natural wear, and pose or growth irregularity.

Recommended aspect ratio: 16:9.","text, labels, watermark, signature, logo, border, frame, UI, HUD, cropped subject, duplicate anatomy, contradictory anatomy, impossible balance, unsupported structures, random wings, random horns, humanoid default, fantasy armor, weapons, cartoon, anime, toy-like materials, excessive neon, excessive glow, oversaturated colors, busy background, motion blur, low resolution, compression artifacts, generic Earth copy, unsupported fantasy styling, traits conflicting with locked canon",1.0.0,canonical
NB2-PLT-PIII-010-CRYOGENIC-FLORA-REPRODUCTION,PLT-PIII-010-CRYOGENIC-FLORA,Cryogenic Flora,reproduction,Reproductive Structure,16:9,"Create a canonical NOVERIS Nano Banana 2 visual for Cryogenic Flora: Reproductive Structure.

Canonical archetype:
A canonical cryogenic flora designed as a scientifically plausible plant-like or fungal organism whose anchoring, support, transport, energy capture, growth, reproduction, ecology, and environmental adaptations are internally coherent.

Required visual and biological rules:
• credible anchoring
• coherent support and transport
• functional energy collectors
• reproductive logic
• environment-linked growth

Production request:
Create flowers, cones, spores, fields or equivalent stages.

Studio-resolved canonical values:
{{canonicalId}}, {{displayName}}, {{scientificName}}, {{originPlanet}}, {{planetType}}, {{biome}}, {{gravity}}, {{atmosphere}}, {{climate}}, {{temperatureRange}}, {{sizeScale}}, {{coloration}}, {{materials}}, {{distinctiveFeatures}}, {{lockedTraits}}, {{rarity}}, {{artDirection}}.

Preserve every locked canonical field exactly. The result must use NOVERIS Scientific Realism: premium AAA science-fiction quality, museum-grade reference presentation, scientifically plausible structure, coherent materials, restrained coloration unless canon requires otherwise, readable silhouette, consistent scale and anatomy or growth across all views, soft neutral studio lighting, pure black background for isolated references, full requested subject visibility, generous negative space, and PSD-friendly extraction. Habitat and biome outputs may use the canonical environment. No baked-in text, labels, watermark, logo, border, or UI.

Create four clearly different but canon-compliant versions. Preserve body plan or growth architecture, structural counts, environmental adaptations, materials, defining features, and locked coloration. Vary only permitted secondary proportions, markings, surface detail, minor ornamentation, natural wear, and pose or growth irregularity.

Recommended aspect ratio: 16:9.","text, labels, watermark, signature, logo, border, frame, UI, HUD, cropped subject, duplicate anatomy, contradictory anatomy, impossible balance, unsupported structures, random wings, random horns, humanoid default, fantasy armor, weapons, cartoon, anime, toy-like materials, excessive neon, excessive glow, oversaturated colors, busy background, motion blur, low resolution, compression artifacts, generic Earth copy, unsupported fantasy styling, traits conflicting with locked canon",1.0.0,canonical
NB2-PLT-PIII-010-CRYOGENIC-FLORA-PROPAGULES,PLT-PIII-010-CRYOGENIC-FLORA,Cryogenic Flora,propagules,"Seed, Spore or Propagule Study",16:9,"Create a canonical NOVERIS Nano Banana 2 visual for Cryogenic Flora: Seed, Spore or Propagule Study.

Canonical archetype:
A canonical cryogenic flora designed as a scientifically plausible plant-like or fungal organism whose anchoring, support, transport, energy capture, growth, reproduction, ecology, and environmental adaptations are internally coherent.

Required visual and biological rules:
• credible anchoring
• coherent support and transport
• functional energy collectors
• reproductive logic
• environment-linked growth

Production request:
Create dispersal, germination and early establishment.

Studio-resolved canonical values:
{{canonicalId}}, {{displayName}}, {{scientificName}}, {{originPlanet}}, {{planetType}}, {{biome}}, {{gravity}}, {{atmosphere}}, {{climate}}, {{temperatureRange}}, {{sizeScale}}, {{coloration}}, {{materials}}, {{distinctiveFeatures}}, {{lockedTraits}}, {{rarity}}, {{artDirection}}.

Preserve every locked canonical field exactly. The result must use NOVERIS Scientific Realism: premium AAA science-fiction quality, museum-grade reference presentation, scientifically plausible structure, coherent materials, restrained coloration unless canon requires otherwise, readable silhouette, consistent scale and anatomy or growth across all views, soft neutral studio lighting, pure black background for isolated references, full requested subject visibility, generous negative space, and PSD-friendly extraction. Habitat and biome outputs may use the canonical environment. No baked-in text, labels, watermark, logo, border, or UI.

Create four clearly different but canon-compliant versions. Preserve body plan or growth architecture, structural counts, environmental adaptations, materials, defining features, and locked coloration. Vary only permitted secondary proportions, markings, surface detail, minor ornamentation, natural wear, and pose or growth irregularity.

Recommended aspect ratio: 16:9.","text, labels, watermark, signature, logo, border, frame, UI, HUD, cropped subject, duplicate anatomy, contradictory anatomy, impossible balance, unsupported structures, random wings, random horns, humanoid default, fantasy armor, weapons, cartoon, anime, toy-like materials, excessive neon, excessive glow, oversaturated colors, busy background, motion blur, low resolution, compression artifacts, generic Earth copy, unsupported fantasy styling, traits conflicting with locked canon",1.0.0,canonical
NB2-PLT-PIII-010-CRYOGENIC-FLORA-CROSS-SECTION,PLT-PIII-010-CRYOGENIC-FLORA,Cryogenic Flora,cross-section,Internal Cross Section,16:9,"Create a canonical NOVERIS Nano Banana 2 visual for Cryogenic Flora: Internal Cross Section.

Canonical archetype:
A canonical cryogenic flora designed as a scientifically plausible plant-like or fungal organism whose anchoring, support, transport, energy capture, growth, reproduction, ecology, and environmental adaptations are internally coherent.

Required visual and biological rules:
• credible anchoring
• coherent support and transport
• functional energy collectors
• reproductive logic
• environment-linked growth

Production request:
Create protection, transport, support, storage and reproduction.

Studio-resolved canonical values:
{{canonicalId}}, {{displayName}}, {{scientificName}}, {{originPlanet}}, {{planetType}}, {{biome}}, {{gravity}}, {{atmosphere}}, {{climate}}, {{temperatureRange}}, {{sizeScale}}, {{coloration}}, {{materials}}, {{distinctiveFeatures}}, {{lockedTraits}}, {{rarity}}, {{artDirection}}.

Preserve every locked canonical field exactly. The result must use NOVERIS Scientific Realism: premium AAA science-fiction quality, museum-grade reference presentation, scientifically plausible structure, coherent materials, restrained coloration unless canon requires otherwise, readable silhouette, consistent scale and anatomy or growth across all views, soft neutral studio lighting, pure black background for isolated references, full requested subject visibility, generous negative space, and PSD-friendly extraction. Habitat and biome outputs may use the canonical environment. No baked-in text, labels, watermark, logo, border, or UI.

Create four clearly different but canon-compliant versions. Preserve body plan or growth architecture, structural counts, environmental adaptations, materials, defining features, and locked coloration. Vary only permitted secondary proportions, markings, surface detail, minor ornamentation, natural wear, and pose or growth irregularity.

Recommended aspect ratio: 16:9.","text, labels, watermark, signature, logo, border, frame, UI, HUD, cropped subject, duplicate anatomy, contradictory anatomy, impossible balance, unsupported structures, random wings, random horns, humanoid default, fantasy armor, weapons, cartoon, anime, toy-like materials, excessive neon, excessive glow, oversaturated colors, busy background, motion blur, low resolution, compression artifacts, generic Earth copy, unsupported fantasy styling, traits conflicting with locked canon",1.0.0,canonical
NB2-PLT-PIII-010-CRYOGENIC-FLORA-GROWTH,PLT-PIII-010-CRYOGENIC-FLORA,Cryogenic Flora,growth,Growth Stages,16:9,"Create a canonical NOVERIS Nano Banana 2 visual for Cryogenic Flora: Growth Stages.

Canonical archetype:
A canonical cryogenic flora designed as a scientifically plausible plant-like or fungal organism whose anchoring, support, transport, energy capture, growth, reproduction, ecology, and environmental adaptations are internally coherent.

Required visual and biological rules:
• credible anchoring
• coherent support and transport
• functional energy collectors
• reproductive logic
• environment-linked growth

Production request:
Create propagule, juvenile, mature, reproductive and senescent stages.

Studio-resolved canonical values:
{{canonicalId}}, {{displayName}}, {{scientificName}}, {{originPlanet}}, {{planetType}}, {{biome}}, {{gravity}}, {{atmosphere}}, {{climate}}, {{temperatureRange}}, {{sizeScale}}, {{coloration}}, {{materials}}, {{distinctiveFeatures}}, {{lockedTraits}}, {{rarity}}, {{artDirection}}.

Preserve every locked canonical field exactly. The result must use NOVERIS Scientific Realism: premium AAA science-fiction quality, museum-grade reference presentation, scientifically plausible structure, coherent materials, restrained coloration unless canon requires otherwise, readable silhouette, consistent scale and anatomy or growth across all views, soft neutral studio lighting, pure black background for isolated references, full requested subject visibility, generous negative space, and PSD-friendly extraction. Habitat and biome outputs may use the canonical environment. No baked-in text, labels, watermark, logo, border, or UI.

Create four clearly different but canon-compliant versions. Preserve body plan or growth architecture, structural counts, environmental adaptations, materials, defining features, and locked coloration. Vary only permitted secondary proportions, markings, surface detail, minor ornamentation, natural wear, and pose or growth irregularity.

Recommended aspect ratio: 16:9.","text, labels, watermark, signature, logo, border, frame, UI, HUD, cropped subject, duplicate anatomy, contradictory anatomy, impossible balance, unsupported structures, random wings, random horns, humanoid default, fantasy armor, weapons, cartoon, anime, toy-like materials, excessive neon, excessive glow, oversaturated colors, busy background, motion blur, low resolution, compression artifacts, generic Earth copy, unsupported fantasy styling, traits conflicting with locked canon",1.0.0,canonical
NB2-PLT-PIII-010-CRYOGENIC-FLORA-SEASONAL,PLT-PIII-010-CRYOGENIC-FLORA,Cryogenic Flora,seasonal,Seasonal and Stress Variants,16:9,"Create a canonical NOVERIS Nano Banana 2 visual for Cryogenic Flora: Seasonal and Stress Variants.

Canonical archetype:
A canonical cryogenic flora designed as a scientifically plausible plant-like or fungal organism whose anchoring, support, transport, energy capture, growth, reproduction, ecology, and environmental adaptations are internally coherent.

Required visual and biological rules:
• credible anchoring
• coherent support and transport
• functional energy collectors
• reproductive logic
• environment-linked growth

Production request:
Create growth, reproduction, dormancy, damage and recovery.

Studio-resolved canonical values:
{{canonicalId}}, {{displayName}}, {{scientificName}}, {{originPlanet}}, {{planetType}}, {{biome}}, {{gravity}}, {{atmosphere}}, {{climate}}, {{temperatureRange}}, {{sizeScale}}, {{coloration}}, {{materials}}, {{distinctiveFeatures}}, {{lockedTraits}}, {{rarity}}, {{artDirection}}.

Preserve every locked canonical field exactly. The result must use NOVERIS Scientific Realism: premium AAA science-fiction quality, museum-grade reference presentation, scientifically plausible structure, coherent materials, restrained coloration unless canon requires otherwise, readable silhouette, consistent scale and anatomy or growth across all views, soft neutral studio lighting, pure black background for isolated references, full requested subject visibility, generous negative space, and PSD-friendly extraction. Habitat and biome outputs may use the canonical environment. No baked-in text, labels, watermark, logo, border, or UI.

Create four clearly different but canon-compliant versions. Preserve body plan or growth architecture, structural counts, environmental adaptations, materials, defining features, and locked coloration. Vary only permitted secondary proportions, markings, surface detail, minor ornamentation, natural wear, and pose or growth irregularity.

Recommended aspect ratio: 16:9.","text, labels, watermark, signature, logo, border, frame, UI, HUD, cropped subject, duplicate anatomy, contradictory anatomy, impossible balance, unsupported structures, random wings, random horns, humanoid default, fantasy armor, weapons, cartoon, anime, toy-like materials, excessive neon, excessive glow, oversaturated colors, busy background, motion blur, low resolution, compression artifacts, generic Earth copy, unsupported fantasy styling, traits conflicting with locked canon",1.0.0,canonical
NB2-PLT-PIII-010-CRYOGENIC-FLORA-HABITAT,PLT-PIII-010-CRYOGENIC-FLORA,Cryogenic Flora,habitat,Native Habitat Composition,16:9,"Create a canonical NOVERIS Nano Banana 2 visual for Cryogenic Flora: Native Habitat Composition.

Canonical archetype:
A canonical cryogenic flora designed as a scientifically plausible plant-like or fungal organism whose anchoring, support, transport, energy capture, growth, reproduction, ecology, and environmental adaptations are internally coherent.

Required visual and biological rules:
• credible anchoring
• coherent support and transport
• functional energy collectors
• reproductive logic
• environment-linked growth

Production request:
Create natural population with spacing and age diversity.

Studio-resolved canonical values:
{{canonicalId}}, {{displayName}}, {{scientificName}}, {{originPlanet}}, {{planetType}}, {{biome}}, {{gravity}}, {{atmosphere}}, {{climate}}, {{temperatureRange}}, {{sizeScale}}, {{coloration}}, {{materials}}, {{distinctiveFeatures}}, {{lockedTraits}}, {{rarity}}, {{artDirection}}.

Preserve every locked canonical field exactly. The result must use NOVERIS Scientific Realism: premium AAA science-fiction quality, museum-grade reference presentation, scientifically plausible structure, coherent materials, restrained coloration unless canon requires otherwise, readable silhouette, consistent scale and anatomy or growth across all views, soft neutral studio lighting, pure black background for isolated references, full requested subject visibility, generous negative space, and PSD-friendly extraction. Habitat and biome outputs may use the canonical environment. No baked-in text, labels, watermark, logo, border, or UI.

Create four clearly different but canon-compliant versions. Preserve body plan or growth architecture, structural counts, environmental adaptations, materials, defining features, and locked coloration. Vary only permitted secondary proportions, markings, surface detail, minor ornamentation, natural wear, and pose or growth irregularity.

Recommended aspect ratio: 16:9.","text, labels, watermark, signature, logo, border, frame, UI, HUD, cropped subject, duplicate anatomy, contradictory anatomy, impossible balance, unsupported structures, random wings, random horns, humanoid default, fantasy armor, weapons, cartoon, anime, toy-like materials, excessive neon, excessive glow, oversaturated colors, busy background, motion blur, low resolution, compression artifacts, generic Earth copy, unsupported fantasy styling, traits conflicting with locked canon",1.0.0,canonical
NB2-PLT-PIII-010-CRYOGENIC-FLORA-BIOME,PLT-PIII-010-CRYOGENIC-FLORA,Cryogenic Flora,biome,Biome Composition,16:9,"Create a canonical NOVERIS Nano Banana 2 visual for Cryogenic Flora: Biome Composition.

Canonical archetype:
A canonical cryogenic flora designed as a scientifically plausible plant-like or fungal organism whose anchoring, support, transport, energy capture, growth, reproduction, ecology, and environmental adaptations are internally coherent.

Required visual and biological rules:
• credible anchoring
• coherent support and transport
• functional energy collectors
• reproductive logic
• environment-linked growth

Production request:
Create coordinated vegetation set at consistent scale.

Studio-resolved canonical values:
{{canonicalId}}, {{displayName}}, {{scientificName}}, {{originPlanet}}, {{planetType}}, {{biome}}, {{gravity}}, {{atmosphere}}, {{climate}}, {{temperatureRange}}, {{sizeScale}}, {{coloration}}, {{materials}}, {{distinctiveFeatures}}, {{lockedTraits}}, {{rarity}}, {{artDirection}}.

Preserve every locked canonical field exactly. The result must use NOVERIS Scientific Realism: premium AAA science-fiction quality, museum-grade reference presentation, scientifically plausible structure, coherent materials, restrained coloration unless canon requires otherwise, readable silhouette, consistent scale and anatomy or growth across all views, soft neutral studio lighting, pure black background for isolated references, full requested subject visibility, generous negative space, and PSD-friendly extraction. Habitat and biome outputs may use the canonical environment. No baked-in text, labels, watermark, logo, border, or UI.

Create four clearly different but canon-compliant versions. Preserve body plan or growth architecture, structural counts, environmental adaptations, materials, defining features, and locked coloration. Vary only permitted secondary proportions, markings, surface detail, minor ornamentation, natural wear, and pose or growth irregularity.

Recommended aspect ratio: 16:9.","text, labels, watermark, signature, logo, border, frame, UI, HUD, cropped subject, duplicate anatomy, contradictory anatomy, impossible balance, unsupported structures, random wings, random horns, humanoid default, fantasy armor, weapons, cartoon, anime, toy-like materials, excessive neon, excessive glow, oversaturated colors, busy background, motion blur, low resolution, compression artifacts, generic Earth copy, unsupported fantasy styling, traits conflicting with locked canon",1.0.0,canonical
NB2-PLT-PIII-010-CRYOGENIC-FLORA-DISCOVERY,PLT-PIII-010-CRYOGENIC-FLORA,Cryogenic Flora,discovery,Discovery Scan,16:9,"Create a canonical NOVERIS Nano Banana 2 visual for Cryogenic Flora: Discovery Scan.

Canonical archetype:
A canonical cryogenic flora designed as a scientifically plausible plant-like or fungal organism whose anchoring, support, transport, energy capture, growth, reproduction, ecology, and environmental adaptations are internally coherent.

Required visual and biological rules:
• credible anchoring
• coherent support and transport
• functional energy collectors
• reproductive logic
• environment-linked growth

Production request:
Create centered scientific scan source without labels.

Studio-resolved canonical values:
{{canonicalId}}, {{displayName}}, {{scientificName}}, {{originPlanet}}, {{planetType}}, {{biome}}, {{gravity}}, {{atmosphere}}, {{climate}}, {{temperatureRange}}, {{sizeScale}}, {{coloration}}, {{materials}}, {{distinctiveFeatures}}, {{lockedTraits}}, {{rarity}}, {{artDirection}}.

Preserve every locked canonical field exactly. The result must use NOVERIS Scientific Realism: premium AAA science-fiction quality, museum-grade reference presentation, scientifically plausible structure, coherent materials, restrained coloration unless canon requires otherwise, readable silhouette, consistent scale and anatomy or growth across all views, soft neutral studio lighting, pure black background for isolated references, full requested subject visibility, generous negative space, and PSD-friendly extraction. Habitat and biome outputs may use the canonical environment. No baked-in text, labels, watermark, logo, border, or UI.

Create four clearly different but canon-compliant versions. Preserve body plan or growth architecture, structural counts, environmental adaptations, materials, defining features, and locked coloration. Vary only permitted secondary proportions, markings, surface detail, minor ornamentation, natural wear, and pose or growth irregularity.

Recommended aspect ratio: 16:9.","text, labels, watermark, signature, logo, border, frame, UI, HUD, cropped subject, duplicate anatomy, contradictory anatomy, impossible balance, unsupported structures, random wings, random horns, humanoid default, fantasy armor, weapons, cartoon, anime, toy-like materials, excessive neon, excessive glow, oversaturated colors, busy background, motion blur, low resolution, compression artifacts, generic Earth copy, unsupported fantasy styling, traits conflicting with locked canon",1.0.0,canonical
NB2-PLT-PIII-010-CRYOGENIC-FLORA-ICON,PLT-PIII-010-CRYOGENIC-FLORA,Cryogenic Flora,icon,UI Icon,1:1,"Create a canonical NOVERIS Nano Banana 2 visual for Cryogenic Flora: UI Icon.

Canonical archetype:
A canonical cryogenic flora designed as a scientifically plausible plant-like or fungal organism whose anchoring, support, transport, energy capture, growth, reproduction, ecology, and environmental adaptations are internally coherent.

Required visual and biological rules:
• credible anchoring
• coherent support and transport
• functional energy collectors
• reproductive logic
• environment-linked growth

Production request:
Create isolated silhouette readable at 64 pixels.

Studio-resolved canonical values:
{{canonicalId}}, {{displayName}}, {{scientificName}}, {{originPlanet}}, {{planetType}}, {{biome}}, {{gravity}}, {{atmosphere}}, {{climate}}, {{temperatureRange}}, {{sizeScale}}, {{coloration}}, {{materials}}, {{distinctiveFeatures}}, {{lockedTraits}}, {{rarity}}, {{artDirection}}.

Preserve every locked canonical field exactly. The result must use NOVERIS Scientific Realism: premium AAA science-fiction quality, museum-grade reference presentation, scientifically plausible structure, coherent materials, restrained coloration unless canon requires otherwise, readable silhouette, consistent scale and anatomy or growth across all views, soft neutral studio lighting, pure black background for isolated references, full requested subject visibility, generous negative space, and PSD-friendly extraction. Habitat and biome outputs may use the canonical environment. No baked-in text, labels, watermark, logo, border, or UI.

Create four clearly different but canon-compliant versions. Preserve body plan or growth architecture, structural counts, environmental adaptations, materials, defining features, and locked coloration. Vary only permitted secondary proportions, markings, surface detail, minor ornamentation, natural wear, and pose or growth irregularity.

Recommended aspect ratio: 1:1.","text, labels, watermark, signature, logo, border, frame, UI, HUD, cropped subject, duplicate anatomy, contradictory anatomy, impossible balance, unsupported structures, random wings, random horns, humanoid default, fantasy armor, weapons, cartoon, anime, toy-like materials, excessive neon, excessive glow, oversaturated colors, busy background, motion blur, low resolution, compression artifacts, generic Earth copy, unsupported fantasy styling, traits conflicting with locked canon",1.0.0,canonical
NB2-PLT-PIII-010-CRYOGENIC-FLORA-SCALE,PLT-PIII-010-CRYOGENIC-FLORA,Cryogenic Flora,scale,Scale Comparison,16:9,"Create a canonical NOVERIS Nano Banana 2 visual for Cryogenic Flora: Scale Comparison.

Canonical archetype:
A canonical cryogenic flora designed as a scientifically plausible plant-like or fungal organism whose anchoring, support, transport, energy capture, growth, reproduction, ecology, and environmental adaptations are internally coherent.

Required visual and biological rules:
• credible anchoring
• coherent support and transport
• functional energy collectors
• reproductive logic
• environment-linked growth

Production request:
Create side view with adult human silhouette and one-meter bar.

Studio-resolved canonical values:
{{canonicalId}}, {{displayName}}, {{scientificName}}, {{originPlanet}}, {{planetType}}, {{biome}}, {{gravity}}, {{atmosphere}}, {{climate}}, {{temperatureRange}}, {{sizeScale}}, {{coloration}}, {{materials}}, {{distinctiveFeatures}}, {{lockedTraits}}, {{rarity}}, {{artDirection}}.

Preserve every locked canonical field exactly. The result must use NOVERIS Scientific Realism: premium AAA science-fiction quality, museum-grade reference presentation, scientifically plausible structure, coherent materials, restrained coloration unless canon requires otherwise, readable silhouette, consistent scale and anatomy or growth across all views, soft neutral studio lighting, pure black background for isolated references, full requested subject visibility, generous negative space, and PSD-friendly extraction. Habitat and biome outputs may use the canonical environment. No baked-in text, labels, watermark, logo, border, or UI.

Create four clearly different but canon-compliant versions. Preserve body plan or growth architecture, structural counts, environmental adaptations, materials, defining features, and locked coloration. Vary only permitted secondary proportions, markings, surface detail, minor ornamentation, natural wear, and pose or growth irregularity.

Recommended aspect ratio: 16:9.","text, labels, watermark, signature, logo, border, frame, UI, HUD, cropped subject, duplicate anatomy, contradictory anatomy, impossible balance, unsupported structures, random wings, random horns, humanoid default, fantasy armor, weapons, cartoon, anime, toy-like materials, excessive neon, excessive glow, oversaturated colors, busy background, motion blur, low resolution, compression artifacts, generic Earth copy, unsupported fantasy styling, traits conflicting with locked canon",1.0.0,canonical
NB2-PLT-PIII-010-CRYOGENIC-FLORA-PLATE,PLT-PIII-010-CRYOGENIC-FLORA,Cryogenic Flora,plate,Master Botanical Plate,16:9,"Create a canonical NOVERIS Nano Banana 2 visual for Cryogenic Flora: Master Botanical Plate.

Canonical archetype:
A canonical cryogenic flora designed as a scientifically plausible plant-like or fungal organism whose anchoring, support, transport, energy capture, growth, reproduction, ecology, and environmental adaptations are internally coherent.

Required visual and biological rules:
• credible anchoring
• coherent support and transport
• functional energy collectors
• reproductive logic
• environment-linked growth

Production request:
Create whole organism, views, roots, structure, collectors, reproduction, stages, materials and habitat vignette.

Studio-resolved canonical values:
{{canonicalId}}, {{displayName}}, {{scientificName}}, {{originPlanet}}, {{planetType}}, {{biome}}, {{gravity}}, {{atmosphere}}, {{climate}}, {{temperatureRange}}, {{sizeScale}}, {{coloration}}, {{materials}}, {{distinctiveFeatures}}, {{lockedTraits}}, {{rarity}}, {{artDirection}}.

Preserve every locked canonical field exactly. The result must use NOVERIS Scientific Realism: premium AAA science-fiction quality, museum-grade reference presentation, scientifically plausible structure, coherent materials, restrained coloration unless canon requires otherwise, readable silhouette, consistent scale and anatomy or growth across all views, soft neutral studio lighting, pure black background for isolated references, full requested subject visibility, generous negative space, and PSD-friendly extraction. Habitat and biome outputs may use the canonical environment. No baked-in text, labels, watermark, logo, border, or UI.

Create four clearly different but canon-compliant versions. Preserve body plan or growth architecture, structural counts, environmental adaptations, materials, defining features, and locked coloration. Vary only permitted secondary proportions, markings, surface detail, minor ornamentation, natural wear, and pose or growth irregularity.

Recommended aspect ratio: 16:9.","text, labels, watermark, signature, logo, border, frame, UI, HUD, cropped subject, duplicate anatomy, contradictory anatomy, impossible balance, unsupported structures, random wings, random horns, humanoid default, fantasy armor, weapons, cartoon, anime, toy-like materials, excessive neon, excessive glow, oversaturated colors, busy background, motion blur, low resolution, compression artifacts, generic Earth copy, unsupported fantasy styling, traits conflicting with locked canon",1.0.0,canonical
NB2-PLT-PIII-010-CRYOGENIC-FLORA-PSD,PLT-PIII-010-CRYOGENIC-FLORA,Cryogenic Flora,psd,PSD Extraction Board,16:9,"Create a canonical NOVERIS Nano Banana 2 visual for Cryogenic Flora: PSD Extraction Board.

Canonical archetype:
A canonical cryogenic flora designed as a scientifically plausible plant-like or fungal organism whose anchoring, support, transport, energy capture, growth, reproduction, ecology, and environmental adaptations are internally coherent.

Required visual and biological rules:
• credible anchoring
• coherent support and transport
• functional energy collectors
• reproductive logic
• environment-linked growth

Production request:
Create isolated whole organism, parts, silhouette and material references.

Studio-resolved canonical values:
{{canonicalId}}, {{displayName}}, {{scientificName}}, {{originPlanet}}, {{planetType}}, {{biome}}, {{gravity}}, {{atmosphere}}, {{climate}}, {{temperatureRange}}, {{sizeScale}}, {{coloration}}, {{materials}}, {{distinctiveFeatures}}, {{lockedTraits}}, {{rarity}}, {{artDirection}}.

Preserve every locked canonical field exactly. The result must use NOVERIS Scientific Realism: premium AAA science-fiction quality, museum-grade reference presentation, scientifically plausible structure, coherent materials, restrained coloration unless canon requires otherwise, readable silhouette, consistent scale and anatomy or growth across all views, soft neutral studio lighting, pure black background for isolated references, full requested subject visibility, generous negative space, and PSD-friendly extraction. Habitat and biome outputs may use the canonical environment. No baked-in text, labels, watermark, logo, border, or UI.

Create four clearly different but canon-compliant versions. Preserve body plan or growth architecture, structural counts, environmental adaptations, materials, defining features, and locked coloration. Vary only permitted secondary proportions, markings, surface detail, minor ornamentation, natural wear, and pose or growth irregularity.

Recommended aspect ratio: 16:9.","text, labels, watermark, signature, logo, border, frame, UI, HUD, cropped subject, duplicate anatomy, contradictory anatomy, impossible balance, unsupported structures, random wings, random horns, humanoid default, fantasy armor, weapons, cartoon, anime, toy-like materials, excessive neon, excessive glow, oversaturated colors, busy background, motion blur, low resolution, compression artifacts, generic Earth copy, unsupported fantasy styling, traits conflicting with locked canon",1.0.0,canonical
NB2-PLT-PIII-011-METHANE-BASED-FLORA-WHOLE-PLANT,PLT-PIII-011-METHANE-BASED-FLORA,Methane-Based Flora,whole-plant,Whole Plant Production Render,3:4,"Create a canonical NOVERIS Nano Banana 2 visual for Methane-Based Flora: Whole Plant Production Render.

Canonical archetype:
A canonical methane-based flora designed as a scientifically plausible plant-like or fungal organism whose anchoring, support, transport, energy capture, growth, reproduction, ecology, and environmental adaptations are internally coherent.

Required visual and biological rules:
• credible anchoring
• coherent support and transport
• functional energy collectors
• reproductive logic
• environment-linked growth

Production request:
Create complete mature organism including roots or anchor system.

Studio-resolved canonical values:
{{canonicalId}}, {{displayName}}, {{scientificName}}, {{originPlanet}}, {{planetType}}, {{biome}}, {{gravity}}, {{atmosphere}}, {{climate}}, {{temperatureRange}}, {{sizeScale}}, {{coloration}}, {{materials}}, {{distinctiveFeatures}}, {{lockedTraits}}, {{rarity}}, {{artDirection}}.

Preserve every locked canonical field exactly. The result must use NOVERIS Scientific Realism: premium AAA science-fiction quality, museum-grade reference presentation, scientifically plausible structure, coherent materials, restrained coloration unless canon requires otherwise, readable silhouette, consistent scale and anatomy or growth across all views, soft neutral studio lighting, pure black background for isolated references, full requested subject visibility, generous negative space, and PSD-friendly extraction. Habitat and biome outputs may use the canonical environment. No baked-in text, labels, watermark, logo, border, or UI.

Create four clearly different but canon-compliant versions. Preserve body plan or growth architecture, structural counts, environmental adaptations, materials, defining features, and locked coloration. Vary only permitted secondary proportions, markings, surface detail, minor ornamentation, natural wear, and pose or growth irregularity.

Recommended aspect ratio: 3:4.","text, labels, watermark, signature, logo, border, frame, UI, HUD, cropped subject, duplicate anatomy, contradictory anatomy, impossible balance, unsupported structures, random wings, random horns, humanoid default, fantasy armor, weapons, cartoon, anime, toy-like materials, excessive neon, excessive glow, oversaturated colors, busy background, motion blur, low resolution, compression artifacts, generic Earth copy, unsupported fantasy styling, traits conflicting with locked canon",1.0.0,canonical
NB2-PLT-PIII-011-METHANE-BASED-FLORA-PORTRAIT,PLT-PIII-011-METHANE-BASED-FLORA,Methane-Based Flora,portrait,Botanical Portrait,1:1,"Create a canonical NOVERIS Nano Banana 2 visual for Methane-Based Flora: Botanical Portrait.

Canonical archetype:
A canonical methane-based flora designed as a scientifically plausible plant-like or fungal organism whose anchoring, support, transport, energy capture, growth, reproduction, ecology, and environmental adaptations are internally coherent.

Required visual and biological rules:
• credible anchoring
• coherent support and transport
• functional energy collectors
• reproductive logic
• environment-linked growth

Production request:
Create defining growth form, foliage, collectors and reproduction.

Studio-resolved canonical values:
{{canonicalId}}, {{displayName}}, {{scientificName}}, {{originPlanet}}, {{planetType}}, {{biome}}, {{gravity}}, {{atmosphere}}, {{climate}}, {{temperatureRange}}, {{sizeScale}}, {{coloration}}, {{materials}}, {{distinctiveFeatures}}, {{lockedTraits}}, {{rarity}}, {{artDirection}}.

Preserve every locked canonical field exactly. The result must use NOVERIS Scientific Realism: premium AAA science-fiction quality, museum-grade reference presentation, scientifically plausible structure, coherent materials, restrained coloration unless canon requires otherwise, readable silhouette, consistent scale and anatomy or growth across all views, soft neutral studio lighting, pure black background for isolated references, full requested subject visibility, generous negative space, and PSD-friendly extraction. Habitat and biome outputs may use the canonical environment. No baked-in text, labels, watermark, logo, border, or UI.

Create four clearly different but canon-compliant versions. Preserve body plan or growth architecture, structural counts, environmental adaptations, materials, defining features, and locked coloration. Vary only permitted secondary proportions, markings, surface detail, minor ornamentation, natural wear, and pose or growth irregularity.

Recommended aspect ratio: 1:1.","text, labels, watermark, signature, logo, border, frame, UI, HUD, cropped subject, duplicate anatomy, contradictory anatomy, impossible balance, unsupported structures, random wings, random horns, humanoid default, fantasy armor, weapons, cartoon, anime, toy-like materials, excessive neon, excessive glow, oversaturated colors, busy background, motion blur, low resolution, compression artifacts, generic Earth copy, unsupported fantasy styling, traits conflicting with locked canon",1.0.0,canonical
NB2-PLT-PIII-011-METHANE-BASED-FLORA-ORTHO-FRONT,PLT-PIII-011-METHANE-BASED-FLORA,Methane-Based Flora,ortho-front,Orthographic Front,3:4,"Create a canonical NOVERIS Nano Banana 2 visual for Methane-Based Flora: Orthographic Front.

Canonical archetype:
A canonical methane-based flora designed as a scientifically plausible plant-like or fungal organism whose anchoring, support, transport, energy capture, growth, reproduction, ecology, and environmental adaptations are internally coherent.

Required visual and biological rules:
• credible anchoring
• coherent support and transport
• functional energy collectors
• reproductive logic
• environment-linked growth

Production request:
Create exact front orthographic view.

Studio-resolved canonical values:
{{canonicalId}}, {{displayName}}, {{scientificName}}, {{originPlanet}}, {{planetType}}, {{biome}}, {{gravity}}, {{atmosphere}}, {{climate}}, {{temperatureRange}}, {{sizeScale}}, {{coloration}}, {{materials}}, {{distinctiveFeatures}}, {{lockedTraits}}, {{rarity}}, {{artDirection}}.

Preserve every locked canonical field exactly. The result must use NOVERIS Scientific Realism: premium AAA science-fiction quality, museum-grade reference presentation, scientifically plausible structure, coherent materials, restrained coloration unless canon requires otherwise, readable silhouette, consistent scale and anatomy or growth across all views, soft neutral studio lighting, pure black background for isolated references, full requested subject visibility, generous negative space, and PSD-friendly extraction. Habitat and biome outputs may use the canonical environment. No baked-in text, labels, watermark, logo, border, or UI.

Create four clearly different but canon-compliant versions. Preserve body plan or growth architecture, structural counts, environmental adaptations, materials, defining features, and locked coloration. Vary only permitted secondary proportions, markings, surface detail, minor ornamentation, natural wear, and pose or growth irregularity.

Recommended aspect ratio: 3:4.","text, labels, watermark, signature, logo, border, frame, UI, HUD, cropped subject, duplicate anatomy, contradictory anatomy, impossible balance, unsupported structures, random wings, random horns, humanoid default, fantasy armor, weapons, cartoon, anime, toy-like materials, excessive neon, excessive glow, oversaturated colors, busy background, motion blur, low resolution, compression artifacts, generic Earth copy, unsupported fantasy styling, traits conflicting with locked canon",1.0.0,canonical
NB2-PLT-PIII-011-METHANE-BASED-FLORA-ORTHO-SIDE,PLT-PIII-011-METHANE-BASED-FLORA,Methane-Based Flora,ortho-side,Orthographic Side,3:4,"Create a canonical NOVERIS Nano Banana 2 visual for Methane-Based Flora: Orthographic Side.

Canonical archetype:
A canonical methane-based flora designed as a scientifically plausible plant-like or fungal organism whose anchoring, support, transport, energy capture, growth, reproduction, ecology, and environmental adaptations are internally coherent.

Required visual and biological rules:
• credible anchoring
• coherent support and transport
• functional energy collectors
• reproductive logic
• environment-linked growth

Production request:
Create exact side orthographic view.

Studio-resolved canonical values:
{{canonicalId}}, {{displayName}}, {{scientificName}}, {{originPlanet}}, {{planetType}}, {{biome}}, {{gravity}}, {{atmosphere}}, {{climate}}, {{temperatureRange}}, {{sizeScale}}, {{coloration}}, {{materials}}, {{distinctiveFeatures}}, {{lockedTraits}}, {{rarity}}, {{artDirection}}.

Preserve every locked canonical field exactly. The result must use NOVERIS Scientific Realism: premium AAA science-fiction quality, museum-grade reference presentation, scientifically plausible structure, coherent materials, restrained coloration unless canon requires otherwise, readable silhouette, consistent scale and anatomy or growth across all views, soft neutral studio lighting, pure black background for isolated references, full requested subject visibility, generous negative space, and PSD-friendly extraction. Habitat and biome outputs may use the canonical environment. No baked-in text, labels, watermark, logo, border, or UI.

Create four clearly different but canon-compliant versions. Preserve body plan or growth architecture, structural counts, environmental adaptations, materials, defining features, and locked coloration. Vary only permitted secondary proportions, markings, surface detail, minor ornamentation, natural wear, and pose or growth irregularity.

Recommended aspect ratio: 3:4.","text, labels, watermark, signature, logo, border, frame, UI, HUD, cropped subject, duplicate anatomy, contradictory anatomy, impossible balance, unsupported structures, random wings, random horns, humanoid default, fantasy armor, weapons, cartoon, anime, toy-like materials, excessive neon, excessive glow, oversaturated colors, busy background, motion blur, low resolution, compression artifacts, generic Earth copy, unsupported fantasy styling, traits conflicting with locked canon",1.0.0,canonical
NB2-PLT-PIII-011-METHANE-BASED-FLORA-ORTHO-TOP,PLT-PIII-011-METHANE-BASED-FLORA,Methane-Based Flora,ortho-top,Orthographic Top,1:1,"Create a canonical NOVERIS Nano Banana 2 visual for Methane-Based Flora: Orthographic Top.

Canonical archetype:
A canonical methane-based flora designed as a scientifically plausible plant-like or fungal organism whose anchoring, support, transport, energy capture, growth, reproduction, ecology, and environmental adaptations are internally coherent.

Required visual and biological rules:
• credible anchoring
• coherent support and transport
• functional energy collectors
• reproductive logic
• environment-linked growth

Production request:
Create exact top view showing spread and growth geometry.

Studio-resolved canonical values:
{{canonicalId}}, {{displayName}}, {{scientificName}}, {{originPlanet}}, {{planetType}}, {{biome}}, {{gravity}}, {{atmosphere}}, {{climate}}, {{temperatureRange}}, {{sizeScale}}, {{coloration}}, {{materials}}, {{distinctiveFeatures}}, {{lockedTraits}}, {{rarity}}, {{artDirection}}.

Preserve every locked canonical field exactly. The result must use NOVERIS Scientific Realism: premium AAA science-fiction quality, museum-grade reference presentation, scientifically plausible structure, coherent materials, restrained coloration unless canon requires otherwise, readable silhouette, consistent scale and anatomy or growth across all views, soft neutral studio lighting, pure black background for isolated references, full requested subject visibility, generous negative space, and PSD-friendly extraction. Habitat and biome outputs may use the canonical environment. No baked-in text, labels, watermark, logo, border, or UI.

Create four clearly different but canon-compliant versions. Preserve body plan or growth architecture, structural counts, environmental adaptations, materials, defining features, and locked coloration. Vary only permitted secondary proportions, markings, surface detail, minor ornamentation, natural wear, and pose or growth irregularity.

Recommended aspect ratio: 1:1.","text, labels, watermark, signature, logo, border, frame, UI, HUD, cropped subject, duplicate anatomy, contradictory anatomy, impossible balance, unsupported structures, random wings, random horns, humanoid default, fantasy armor, weapons, cartoon, anime, toy-like materials, excessive neon, excessive glow, oversaturated colors, busy background, motion blur, low resolution, compression artifacts, generic Earth copy, unsupported fantasy styling, traits conflicting with locked canon",1.0.0,canonical
NB2-PLT-PIII-011-METHANE-BASED-FLORA-ROOTS,PLT-PIII-011-METHANE-BASED-FLORA,Methane-Based Flora,roots,Root or Anchor System,16:9,"Create a canonical NOVERIS Nano Banana 2 visual for Methane-Based Flora: Root or Anchor System.

Canonical archetype:
A canonical methane-based flora designed as a scientifically plausible plant-like or fungal organism whose anchoring, support, transport, energy capture, growth, reproduction, ecology, and environmental adaptations are internally coherent.

Required visual and biological rules:
• credible anchoring
• coherent support and transport
• functional energy collectors
• reproductive logic
• environment-linked growth

Production request:
Create complete substrate interface and nutrient exchange structures.

Studio-resolved canonical values:
{{canonicalId}}, {{displayName}}, {{scientificName}}, {{originPlanet}}, {{planetType}}, {{biome}}, {{gravity}}, {{atmosphere}}, {{climate}}, {{temperatureRange}}, {{sizeScale}}, {{coloration}}, {{materials}}, {{distinctiveFeatures}}, {{lockedTraits}}, {{rarity}}, {{artDirection}}.

Preserve every locked canonical field exactly. The result must use NOVERIS Scientific Realism: premium AAA science-fiction quality, museum-grade reference presentation, scientifically plausible structure, coherent materials, restrained coloration unless canon requires otherwise, readable silhouette, consistent scale and anatomy or growth across all views, soft neutral studio lighting, pure black background for isolated references, full requested subject visibility, generous negative space, and PSD-friendly extraction. Habitat and biome outputs may use the canonical environment. No baked-in text, labels, watermark, logo, border, or UI.

Create four clearly different but canon-compliant versions. Preserve body plan or growth architecture, structural counts, environmental adaptations, materials, defining features, and locked coloration. Vary only permitted secondary proportions, markings, surface detail, minor ornamentation, natural wear, and pose or growth irregularity.

Recommended aspect ratio: 16:9.","text, labels, watermark, signature, logo, border, frame, UI, HUD, cropped subject, duplicate anatomy, contradictory anatomy, impossible balance, unsupported structures, random wings, random horns, humanoid default, fantasy armor, weapons, cartoon, anime, toy-like materials, excessive neon, excessive glow, oversaturated colors, busy background, motion blur, low resolution, compression artifacts, generic Earth copy, unsupported fantasy styling, traits conflicting with locked canon",1.0.0,canonical
NB2-PLT-PIII-011-METHANE-BASED-FLORA-STEMS,PLT-PIII-011-METHANE-BASED-FLORA,Methane-Based Flora,stems,"Stem, Trunk or Structural Study",16:9,"Create a canonical NOVERIS Nano Banana 2 visual for Methane-Based Flora: Stem, Trunk or Structural Study.

Canonical archetype:
A canonical methane-based flora designed as a scientifically plausible plant-like or fungal organism whose anchoring, support, transport, energy capture, growth, reproduction, ecology, and environmental adaptations are internally coherent.

Required visual and biological rules:
• credible anchoring
• coherent support and transport
• functional energy collectors
• reproductive logic
• environment-linked growth

Production request:
Create support and transport architecture.

Studio-resolved canonical values:
{{canonicalId}}, {{displayName}}, {{scientificName}}, {{originPlanet}}, {{planetType}}, {{biome}}, {{gravity}}, {{atmosphere}}, {{climate}}, {{temperatureRange}}, {{sizeScale}}, {{coloration}}, {{materials}}, {{distinctiveFeatures}}, {{lockedTraits}}, {{rarity}}, {{artDirection}}.

Preserve every locked canonical field exactly. The result must use NOVERIS Scientific Realism: premium AAA science-fiction quality, museum-grade reference presentation, scientifically plausible structure, coherent materials, restrained coloration unless canon requires otherwise, readable silhouette, consistent scale and anatomy or growth across all views, soft neutral studio lighting, pure black background for isolated references, full requested subject visibility, generous negative space, and PSD-friendly extraction. Habitat and biome outputs may use the canonical environment. No baked-in text, labels, watermark, logo, border, or UI.

Create four clearly different but canon-compliant versions. Preserve body plan or growth architecture, structural counts, environmental adaptations, materials, defining features, and locked coloration. Vary only permitted secondary proportions, markings, surface detail, minor ornamentation, natural wear, and pose or growth irregularity.

Recommended aspect ratio: 16:9.","text, labels, watermark, signature, logo, border, frame, UI, HUD, cropped subject, duplicate anatomy, contradictory anatomy, impossible balance, unsupported structures, random wings, random horns, humanoid default, fantasy armor, weapons, cartoon, anime, toy-like materials, excessive neon, excessive glow, oversaturated colors, busy background, motion blur, low resolution, compression artifacts, generic Earth copy, unsupported fantasy styling, traits conflicting with locked canon",1.0.0,canonical
NB2-PLT-PIII-011-METHANE-BASED-FLORA-COLLECTORS,PLT-PIII-011-METHANE-BASED-FLORA,Methane-Based Flora,collectors,Leaves or Collector Study,16:9,"Create a canonical NOVERIS Nano Banana 2 visual for Methane-Based Flora: Leaves or Collector Study.

Canonical archetype:
A canonical methane-based flora designed as a scientifically plausible plant-like or fungal organism whose anchoring, support, transport, energy capture, growth, reproduction, ecology, and environmental adaptations are internally coherent.

Required visual and biological rules:
• credible anchoring
• coherent support and transport
• functional energy collectors
• reproductive logic
• environment-linked growth

Production request:
Create front, back, edge, juvenile, mature and stressed states.

Studio-resolved canonical values:
{{canonicalId}}, {{displayName}}, {{scientificName}}, {{originPlanet}}, {{planetType}}, {{biome}}, {{gravity}}, {{atmosphere}}, {{climate}}, {{temperatureRange}}, {{sizeScale}}, {{coloration}}, {{materials}}, {{distinctiveFeatures}}, {{lockedTraits}}, {{rarity}}, {{artDirection}}.

Preserve every locked canonical field exactly. The result must use NOVERIS Scientific Realism: premium AAA science-fiction quality, museum-grade reference presentation, scientifically plausible structure, coherent materials, restrained coloration unless canon requires otherwise, readable silhouette, consistent scale and anatomy or growth across all views, soft neutral studio lighting, pure black background for isolated references, full requested subject visibility, generous negative space, and PSD-friendly extraction. Habitat and biome outputs may use the canonical environment. No baked-in text, labels, watermark, logo, border, or UI.

Create four clearly different but canon-compliant versions. Preserve body plan or growth architecture, structural counts, environmental adaptations, materials, defining features, and locked coloration. Vary only permitted secondary proportions, markings, surface detail, minor ornamentation, natural wear, and pose or growth irregularity.

Recommended aspect ratio: 16:9.","text, labels, watermark, signature, logo, border, frame, UI, HUD, cropped subject, duplicate anatomy, contradictory anatomy, impossible balance, unsupported structures, random wings, random horns, humanoid default, fantasy armor, weapons, cartoon, anime, toy-like materials, excessive neon, excessive glow, oversaturated colors, busy background, motion blur, low resolution, compression artifacts, generic Earth copy, unsupported fantasy styling, traits conflicting with locked canon",1.0.0,canonical
NB2-PLT-PIII-011-METHANE-BASED-FLORA-REPRODUCTION,PLT-PIII-011-METHANE-BASED-FLORA,Methane-Based Flora,reproduction,Reproductive Structure,16:9,"Create a canonical NOVERIS Nano Banana 2 visual for Methane-Based Flora: Reproductive Structure.

Canonical archetype:
A canonical methane-based flora designed as a scientifically plausible plant-like or fungal organism whose anchoring, support, transport, energy capture, growth, reproduction, ecology, and environmental adaptations are internally coherent.

Required visual and biological rules:
• credible anchoring
• coherent support and transport
• functional energy collectors
• reproductive logic
• environment-linked growth

Production request:
Create flowers, cones, spores, fields or equivalent stages.

Studio-resolved canonical values:
{{canonicalId}}, {{displayName}}, {{scientificName}}, {{originPlanet}}, {{planetType}}, {{biome}}, {{gravity}}, {{atmosphere}}, {{climate}}, {{temperatureRange}}, {{sizeScale}}, {{coloration}}, {{materials}}, {{distinctiveFeatures}}, {{lockedTraits}}, {{rarity}}, {{artDirection}}.

Preserve every locked canonical field exactly. The result must use NOVERIS Scientific Realism: premium AAA science-fiction quality, museum-grade reference presentation, scientifically plausible structure, coherent materials, restrained coloration unless canon requires otherwise, readable silhouette, consistent scale and anatomy or growth across all views, soft neutral studio lighting, pure black background for isolated references, full requested subject visibility, generous negative space, and PSD-friendly extraction. Habitat and biome outputs may use the canonical environment. No baked-in text, labels, watermark, logo, border, or UI.

Create four clearly different but canon-compliant versions. Preserve body plan or growth architecture, structural counts, environmental adaptations, materials, defining features, and locked coloration. Vary only permitted secondary proportions, markings, surface detail, minor ornamentation, natural wear, and pose or growth irregularity.

Recommended aspect ratio: 16:9.","text, labels, watermark, signature, logo, border, frame, UI, HUD, cropped subject, duplicate anatomy, contradictory anatomy, impossible balance, unsupported structures, random wings, random horns, humanoid default, fantasy armor, weapons, cartoon, anime, toy-like materials, excessive neon, excessive glow, oversaturated colors, busy background, motion blur, low resolution, compression artifacts, generic Earth copy, unsupported fantasy styling, traits conflicting with locked canon",1.0.0,canonical
NB2-PLT-PIII-011-METHANE-BASED-FLORA-PROPAGULES,PLT-PIII-011-METHANE-BASED-FLORA,Methane-Based Flora,propagules,"Seed, Spore or Propagule Study",16:9,"Create a canonical NOVERIS Nano Banana 2 visual for Methane-Based Flora: Seed, Spore or Propagule Study.

Canonical archetype:
A canonical methane-based flora designed as a scientifically plausible plant-like or fungal organism whose anchoring, support, transport, energy capture, growth, reproduction, ecology, and environmental adaptations are internally coherent.

Required visual and biological rules:
• credible anchoring
• coherent support and transport
• functional energy collectors
• reproductive logic
• environment-linked growth

Production request:
Create dispersal, germination and early establishment.

Studio-resolved canonical values:
{{canonicalId}}, {{displayName}}, {{scientificName}}, {{originPlanet}}, {{planetType}}, {{biome}}, {{gravity}}, {{atmosphere}}, {{climate}}, {{temperatureRange}}, {{sizeScale}}, {{coloration}}, {{materials}}, {{distinctiveFeatures}}, {{lockedTraits}}, {{rarity}}, {{artDirection}}.

Preserve every locked canonical field exactly. The result must use NOVERIS Scientific Realism: premium AAA science-fiction quality, museum-grade reference presentation, scientifically plausible structure, coherent materials, restrained coloration unless canon requires otherwise, readable silhouette, consistent scale and anatomy or growth across all views, soft neutral studio lighting, pure black background for isolated references, full requested subject visibility, generous negative space, and PSD-friendly extraction. Habitat and biome outputs may use the canonical environment. No baked-in text, labels, watermark, logo, border, or UI.

Create four clearly different but canon-compliant versions. Preserve body plan or growth architecture, structural counts, environmental adaptations, materials, defining features, and locked coloration. Vary only permitted secondary proportions, markings, surface detail, minor ornamentation, natural wear, and pose or growth irregularity.

Recommended aspect ratio: 16:9.","text, labels, watermark, signature, logo, border, frame, UI, HUD, cropped subject, duplicate anatomy, contradictory anatomy, impossible balance, unsupported structures, random wings, random horns, humanoid default, fantasy armor, weapons, cartoon, anime, toy-like materials, excessive neon, excessive glow, oversaturated colors, busy background, motion blur, low resolution, compression artifacts, generic Earth copy, unsupported fantasy styling, traits conflicting with locked canon",1.0.0,canonical
NB2-PLT-PIII-011-METHANE-BASED-FLORA-CROSS-SECTION,PLT-PIII-011-METHANE-BASED-FLORA,Methane-Based Flora,cross-section,Internal Cross Section,16:9,"Create a canonical NOVERIS Nano Banana 2 visual for Methane-Based Flora: Internal Cross Section.

Canonical archetype:
A canonical methane-based flora designed as a scientifically plausible plant-like or fungal organism whose anchoring, support, transport, energy capture, growth, reproduction, ecology, and environmental adaptations are internally coherent.

Required visual and biological rules:
• credible anchoring
• coherent support and transport
• functional energy collectors
• reproductive logic
• environment-linked growth

Production request:
Create protection, transport, support, storage and reproduction.

Studio-resolved canonical values:
{{canonicalId}}, {{displayName}}, {{scientificName}}, {{originPlanet}}, {{planetType}}, {{biome}}, {{gravity}}, {{atmosphere}}, {{climate}}, {{temperatureRange}}, {{sizeScale}}, {{coloration}}, {{materials}}, {{distinctiveFeatures}}, {{lockedTraits}}, {{rarity}}, {{artDirection}}.

Preserve every locked canonical field exactly. The result must use NOVERIS Scientific Realism: premium AAA science-fiction quality, museum-grade reference presentation, scientifically plausible structure, coherent materials, restrained coloration unless canon requires otherwise, readable silhouette, consistent scale and anatomy or growth across all views, soft neutral studio lighting, pure black background for isolated references, full requested subject visibility, generous negative space, and PSD-friendly extraction. Habitat and biome outputs may use the canonical environment. No baked-in text, labels, watermark, logo, border, or UI.

Create four clearly different but canon-compliant versions. Preserve body plan or growth architecture, structural counts, environmental adaptations, materials, defining features, and locked coloration. Vary only permitted secondary proportions, markings, surface detail, minor ornamentation, natural wear, and pose or growth irregularity.

Recommended aspect ratio: 16:9.","text, labels, watermark, signature, logo, border, frame, UI, HUD, cropped subject, duplicate anatomy, contradictory anatomy, impossible balance, unsupported structures, random wings, random horns, humanoid default, fantasy armor, weapons, cartoon, anime, toy-like materials, excessive neon, excessive glow, oversaturated colors, busy background, motion blur, low resolution, compression artifacts, generic Earth copy, unsupported fantasy styling, traits conflicting with locked canon",1.0.0,canonical
NB2-PLT-PIII-011-METHANE-BASED-FLORA-GROWTH,PLT-PIII-011-METHANE-BASED-FLORA,Methane-Based Flora,growth,Growth Stages,16:9,"Create a canonical NOVERIS Nano Banana 2 visual for Methane-Based Flora: Growth Stages.

Canonical archetype:
A canonical methane-based flora designed as a scientifically plausible plant-like or fungal organism whose anchoring, support, transport, energy capture, growth, reproduction, ecology, and environmental adaptations are internally coherent.

Required visual and biological rules:
• credible anchoring
• coherent support and transport
• functional energy collectors
• reproductive logic
• environment-linked growth

Production request:
Create propagule, juvenile, mature, reproductive and senescent stages.

Studio-resolved canonical values:
{{canonicalId}}, {{displayName}}, {{scientificName}}, {{originPlanet}}, {{planetType}}, {{biome}}, {{gravity}}, {{atmosphere}}, {{climate}}, {{temperatureRange}}, {{sizeScale}}, {{coloration}}, {{materials}}, {{distinctiveFeatures}}, {{lockedTraits}}, {{rarity}}, {{artDirection}}.

Preserve every locked canonical field exactly. The result must use NOVERIS Scientific Realism: premium AAA science-fiction quality, museum-grade reference presentation, scientifically plausible structure, coherent materials, restrained coloration unless canon requires otherwise, readable silhouette, consistent scale and anatomy or growth across all views, soft neutral studio lighting, pure black background for isolated references, full requested subject visibility, generous negative space, and PSD-friendly extraction. Habitat and biome outputs may use the canonical environment. No baked-in text, labels, watermark, logo, border, or UI.

Create four clearly different but canon-compliant versions. Preserve body plan or growth architecture, structural counts, environmental adaptations, materials, defining features, and locked coloration. Vary only permitted secondary proportions, markings, surface detail, minor ornamentation, natural wear, and pose or growth irregularity.

Recommended aspect ratio: 16:9.","text, labels, watermark, signature, logo, border, frame, UI, HUD, cropped subject, duplicate anatomy, contradictory anatomy, impossible balance, unsupported structures, random wings, random horns, humanoid default, fantasy armor, weapons, cartoon, anime, toy-like materials, excessive neon, excessive glow, oversaturated colors, busy background, motion blur, low resolution, compression artifacts, generic Earth copy, unsupported fantasy styling, traits conflicting with locked canon",1.0.0,canonical
NB2-PLT-PIII-011-METHANE-BASED-FLORA-SEASONAL,PLT-PIII-011-METHANE-BASED-FLORA,Methane-Based Flora,seasonal,Seasonal and Stress Variants,16:9,"Create a canonical NOVERIS Nano Banana 2 visual for Methane-Based Flora: Seasonal and Stress Variants.

Canonical archetype:
A canonical methane-based flora designed as a scientifically plausible plant-like or fungal organism whose anchoring, support, transport, energy capture, growth, reproduction, ecology, and environmental adaptations are internally coherent.

Required visual and biological rules:
• credible anchoring
• coherent support and transport
• functional energy collectors
• reproductive logic
• environment-linked growth

Production request:
Create growth, reproduction, dormancy, damage and recovery.

Studio-resolved canonical values:
{{canonicalId}}, {{displayName}}, {{scientificName}}, {{originPlanet}}, {{planetType}}, {{biome}}, {{gravity}}, {{atmosphere}}, {{climate}}, {{temperatureRange}}, {{sizeScale}}, {{coloration}}, {{materials}}, {{distinctiveFeatures}}, {{lockedTraits}}, {{rarity}}, {{artDirection}}.

Preserve every locked canonical field exactly. The result must use NOVERIS Scientific Realism: premium AAA science-fiction quality, museum-grade reference presentation, scientifically plausible structure, coherent materials, restrained coloration unless canon requires otherwise, readable silhouette, consistent scale and anatomy or growth across all views, soft neutral studio lighting, pure black background for isolated references, full requested subject visibility, generous negative space, and PSD-friendly extraction. Habitat and biome outputs may use the canonical environment. No baked-in text, labels, watermark, logo, border, or UI.

Create four clearly different but canon-compliant versions. Preserve body plan or growth architecture, structural counts, environmental adaptations, materials, defining features, and locked coloration. Vary only permitted secondary proportions, markings, surface detail, minor ornamentation, natural wear, and pose or growth irregularity.

Recommended aspect ratio: 16:9.","text, labels, watermark, signature, logo, border, frame, UI, HUD, cropped subject, duplicate anatomy, contradictory anatomy, impossible balance, unsupported structures, random wings, random horns, humanoid default, fantasy armor, weapons, cartoon, anime, toy-like materials, excessive neon, excessive glow, oversaturated colors, busy background, motion blur, low resolution, compression artifacts, generic Earth copy, unsupported fantasy styling, traits conflicting with locked canon",1.0.0,canonical
NB2-PLT-PIII-011-METHANE-BASED-FLORA-HABITAT,PLT-PIII-011-METHANE-BASED-FLORA,Methane-Based Flora,habitat,Native Habitat Composition,16:9,"Create a canonical NOVERIS Nano Banana 2 visual for Methane-Based Flora: Native Habitat Composition.

Canonical archetype:
A canonical methane-based flora designed as a scientifically plausible plant-like or fungal organism whose anchoring, support, transport, energy capture, growth, reproduction, ecology, and environmental adaptations are internally coherent.

Required visual and biological rules:
• credible anchoring
• coherent support and transport
• functional energy collectors
• reproductive logic
• environment-linked growth

Production request:
Create natural population with spacing and age diversity.

Studio-resolved canonical values:
{{canonicalId}}, {{displayName}}, {{scientificName}}, {{originPlanet}}, {{planetType}}, {{biome}}, {{gravity}}, {{atmosphere}}, {{climate}}, {{temperatureRange}}, {{sizeScale}}, {{coloration}}, {{materials}}, {{distinctiveFeatures}}, {{lockedTraits}}, {{rarity}}, {{artDirection}}.

Preserve every locked canonical field exactly. The result must use NOVERIS Scientific Realism: premium AAA science-fiction quality, museum-grade reference presentation, scientifically plausible structure, coherent materials, restrained coloration unless canon requires otherwise, readable silhouette, consistent scale and anatomy or growth across all views, soft neutral studio lighting, pure black background for isolated references, full requested subject visibility, generous negative space, and PSD-friendly extraction. Habitat and biome outputs may use the canonical environment. No baked-in text, labels, watermark, logo, border, or UI.

Create four clearly different but canon-compliant versions. Preserve body plan or growth architecture, structural counts, environmental adaptations, materials, defining features, and locked coloration. Vary only permitted secondary proportions, markings, surface detail, minor ornamentation, natural wear, and pose or growth irregularity.

Recommended aspect ratio: 16:9.","text, labels, watermark, signature, logo, border, frame, UI, HUD, cropped subject, duplicate anatomy, contradictory anatomy, impossible balance, unsupported structures, random wings, random horns, humanoid default, fantasy armor, weapons, cartoon, anime, toy-like materials, excessive neon, excessive glow, oversaturated colors, busy background, motion blur, low resolution, compression artifacts, generic Earth copy, unsupported fantasy styling, traits conflicting with locked canon",1.0.0,canonical
NB2-PLT-PIII-011-METHANE-BASED-FLORA-BIOME,PLT-PIII-011-METHANE-BASED-FLORA,Methane-Based Flora,biome,Biome Composition,16:9,"Create a canonical NOVERIS Nano Banana 2 visual for Methane-Based Flora: Biome Composition.

Canonical archetype:
A canonical methane-based flora designed as a scientifically plausible plant-like or fungal organism whose anchoring, support, transport, energy capture, growth, reproduction, ecology, and environmental adaptations are internally coherent.

Required visual and biological rules:
• credible anchoring
• coherent support and transport
• functional energy collectors
• reproductive logic
• environment-linked growth

Production request:
Create coordinated vegetation set at consistent scale.

Studio-resolved canonical values:
{{canonicalId}}, {{displayName}}, {{scientificName}}, {{originPlanet}}, {{planetType}}, {{biome}}, {{gravity}}, {{atmosphere}}, {{climate}}, {{temperatureRange}}, {{sizeScale}}, {{coloration}}, {{materials}}, {{distinctiveFeatures}}, {{lockedTraits}}, {{rarity}}, {{artDirection}}.

Preserve every locked canonical field exactly. The result must use NOVERIS Scientific Realism: premium AAA science-fiction quality, museum-grade reference presentation, scientifically plausible structure, coherent materials, restrained coloration unless canon requires otherwise, readable silhouette, consistent scale and anatomy or growth across all views, soft neutral studio lighting, pure black background for isolated references, full requested subject visibility, generous negative space, and PSD-friendly extraction. Habitat and biome outputs may use the canonical environment. No baked-in text, labels, watermark, logo, border, or UI.

Create four clearly different but canon-compliant versions. Preserve body plan or growth architecture, structural counts, environmental adaptations, materials, defining features, and locked coloration. Vary only permitted secondary proportions, markings, surface detail, minor ornamentation, natural wear, and pose or growth irregularity.

Recommended aspect ratio: 16:9.","text, labels, watermark, signature, logo, border, frame, UI, HUD, cropped subject, duplicate anatomy, contradictory anatomy, impossible balance, unsupported structures, random wings, random horns, humanoid default, fantasy armor, weapons, cartoon, anime, toy-like materials, excessive neon, excessive glow, oversaturated colors, busy background, motion blur, low resolution, compression artifacts, generic Earth copy, unsupported fantasy styling, traits conflicting with locked canon",1.0.0,canonical
NB2-PLT-PIII-011-METHANE-BASED-FLORA-DISCOVERY,PLT-PIII-011-METHANE-BASED-FLORA,Methane-Based Flora,discovery,Discovery Scan,16:9,"Create a canonical NOVERIS Nano Banana 2 visual for Methane-Based Flora: Discovery Scan.

Canonical archetype:
A canonical methane-based flora designed as a scientifically plausible plant-like or fungal organism whose anchoring, support, transport, energy capture, growth, reproduction, ecology, and environmental adaptations are internally coherent.

Required visual and biological rules:
• credible anchoring
• coherent support and transport
• functional energy collectors
• reproductive logic
• environment-linked growth

Production request:
Create centered scientific scan source without labels.

Studio-resolved canonical values:
{{canonicalId}}, {{displayName}}, {{scientificName}}, {{originPlanet}}, {{planetType}}, {{biome}}, {{gravity}}, {{atmosphere}}, {{climate}}, {{temperatureRange}}, {{sizeScale}}, {{coloration}}, {{materials}}, {{distinctiveFeatures}}, {{lockedTraits}}, {{rarity}}, {{artDirection}}.

Preserve every locked canonical field exactly. The result must use NOVERIS Scientific Realism: premium AAA science-fiction quality, museum-grade reference presentation, scientifically plausible structure, coherent materials, restrained coloration unless canon requires otherwise, readable silhouette, consistent scale and anatomy or growth across all views, soft neutral studio lighting, pure black background for isolated references, full requested subject visibility, generous negative space, and PSD-friendly extraction. Habitat and biome outputs may use the canonical environment. No baked-in text, labels, watermark, logo, border, or UI.

Create four clearly different but canon-compliant versions. Preserve body plan or growth architecture, structural counts, environmental adaptations, materials, defining features, and locked coloration. Vary only permitted secondary proportions, markings, surface detail, minor ornamentation, natural wear, and pose or growth irregularity.

Recommended aspect ratio: 16:9.","text, labels, watermark, signature, logo, border, frame, UI, HUD, cropped subject, duplicate anatomy, contradictory anatomy, impossible balance, unsupported structures, random wings, random horns, humanoid default, fantasy armor, weapons, cartoon, anime, toy-like materials, excessive neon, excessive glow, oversaturated colors, busy background, motion blur, low resolution, compression artifacts, generic Earth copy, unsupported fantasy styling, traits conflicting with locked canon",1.0.0,canonical
NB2-PLT-PIII-011-METHANE-BASED-FLORA-ICON,PLT-PIII-011-METHANE-BASED-FLORA,Methane-Based Flora,icon,UI Icon,1:1,"Create a canonical NOVERIS Nano Banana 2 visual for Methane-Based Flora: UI Icon.

Canonical archetype:
A canonical methane-based flora designed as a scientifically plausible plant-like or fungal organism whose anchoring, support, transport, energy capture, growth, reproduction, ecology, and environmental adaptations are internally coherent.

Required visual and biological rules:
• credible anchoring
• coherent support and transport
• functional energy collectors
• reproductive logic
• environment-linked growth

Production request:
Create isolated silhouette readable at 64 pixels.

Studio-resolved canonical values:
{{canonicalId}}, {{displayName}}, {{scientificName}}, {{originPlanet}}, {{planetType}}, {{biome}}, {{gravity}}, {{atmosphere}}, {{climate}}, {{temperatureRange}}, {{sizeScale}}, {{coloration}}, {{materials}}, {{distinctiveFeatures}}, {{lockedTraits}}, {{rarity}}, {{artDirection}}.

Preserve every locked canonical field exactly. The result must use NOVERIS Scientific Realism: premium AAA science-fiction quality, museum-grade reference presentation, scientifically plausible structure, coherent materials, restrained coloration unless canon requires otherwise, readable silhouette, consistent scale and anatomy or growth across all views, soft neutral studio lighting, pure black background for isolated references, full requested subject visibility, generous negative space, and PSD-friendly extraction. Habitat and biome outputs may use the canonical environment. No baked-in text, labels, watermark, logo, border, or UI.

Create four clearly different but canon-compliant versions. Preserve body plan or growth architecture, structural counts, environmental adaptations, materials, defining features, and locked coloration. Vary only permitted secondary proportions, markings, surface detail, minor ornamentation, natural wear, and pose or growth irregularity.

Recommended aspect ratio: 1:1.","text, labels, watermark, signature, logo, border, frame, UI, HUD, cropped subject, duplicate anatomy, contradictory anatomy, impossible balance, unsupported structures, random wings, random horns, humanoid default, fantasy armor, weapons, cartoon, anime, toy-like materials, excessive neon, excessive glow, oversaturated colors, busy background, motion blur, low resolution, compression artifacts, generic Earth copy, unsupported fantasy styling, traits conflicting with locked canon",1.0.0,canonical
NB2-PLT-PIII-011-METHANE-BASED-FLORA-SCALE,PLT-PIII-011-METHANE-BASED-FLORA,Methane-Based Flora,scale,Scale Comparison,16:9,"Create a canonical NOVERIS Nano Banana 2 visual for Methane-Based Flora: Scale Comparison.

Canonical archetype:
A canonical methane-based flora designed as a scientifically plausible plant-like or fungal organism whose anchoring, support, transport, energy capture, growth, reproduction, ecology, and environmental adaptations are internally coherent.

Required visual and biological rules:
• credible anchoring
• coherent support and transport
• functional energy collectors
• reproductive logic
• environment-linked growth

Production request:
Create side view with adult human silhouette and one-meter bar.

Studio-resolved canonical values:
{{canonicalId}}, {{displayName}}, {{scientificName}}, {{originPlanet}}, {{planetType}}, {{biome}}, {{gravity}}, {{atmosphere}}, {{climate}}, {{temperatureRange}}, {{sizeScale}}, {{coloration}}, {{materials}}, {{distinctiveFeatures}}, {{lockedTraits}}, {{rarity}}, {{artDirection}}.

Preserve every locked canonical field exactly. The result must use NOVERIS Scientific Realism: premium AAA science-fiction quality, museum-grade reference presentation, scientifically plausible structure, coherent materials, restrained coloration unless canon requires otherwise, readable silhouette, consistent scale and anatomy or growth across all views, soft neutral studio lighting, pure black background for isolated references, full requested subject visibility, generous negative space, and PSD-friendly extraction. Habitat and biome outputs may use the canonical environment. No baked-in text, labels, watermark, logo, border, or UI.

Create four clearly different but canon-compliant versions. Preserve body plan or growth architecture, structural counts, environmental adaptations, materials, defining features, and locked coloration. Vary only permitted secondary proportions, markings, surface detail, minor ornamentation, natural wear, and pose or growth irregularity.

Recommended aspect ratio: 16:9.","text, labels, watermark, signature, logo, border, frame, UI, HUD, cropped subject, duplicate anatomy, contradictory anatomy, impossible balance, unsupported structures, random wings, random horns, humanoid default, fantasy armor, weapons, cartoon, anime, toy-like materials, excessive neon, excessive glow, oversaturated colors, busy background, motion blur, low resolution, compression artifacts, generic Earth copy, unsupported fantasy styling, traits conflicting with locked canon",1.0.0,canonical
NB2-PLT-PIII-011-METHANE-BASED-FLORA-PLATE,PLT-PIII-011-METHANE-BASED-FLORA,Methane-Based Flora,plate,Master Botanical Plate,16:9,"Create a canonical NOVERIS Nano Banana 2 visual for Methane-Based Flora: Master Botanical Plate.

Canonical archetype:
A canonical methane-based flora designed as a scientifically plausible plant-like or fungal organism whose anchoring, support, transport, energy capture, growth, reproduction, ecology, and environmental adaptations are internally coherent.

Required visual and biological rules:
• credible anchoring
• coherent support and transport
• functional energy collectors
• reproductive logic
• environment-linked growth

Production request:
Create whole organism, views, roots, structure, collectors, reproduction, stages, materials and habitat vignette.

Studio-resolved canonical values:
{{canonicalId}}, {{displayName}}, {{scientificName}}, {{originPlanet}}, {{planetType}}, {{biome}}, {{gravity}}, {{atmosphere}}, {{climate}}, {{temperatureRange}}, {{sizeScale}}, {{coloration}}, {{materials}}, {{distinctiveFeatures}}, {{lockedTraits}}, {{rarity}}, {{artDirection}}.

Preserve every locked canonical field exactly. The result must use NOVERIS Scientific Realism: premium AAA science-fiction quality, museum-grade reference presentation, scientifically plausible structure, coherent materials, restrained coloration unless canon requires otherwise, readable silhouette, consistent scale and anatomy or growth across all views, soft neutral studio lighting, pure black background for isolated references, full requested subject visibility, generous negative space, and PSD-friendly extraction. Habitat and biome outputs may use the canonical environment. No baked-in text, labels, watermark, logo, border, or UI.

Create four clearly different but canon-compliant versions. Preserve body plan or growth architecture, structural counts, environmental adaptations, materials, defining features, and locked coloration. Vary only permitted secondary proportions, markings, surface detail, minor ornamentation, natural wear, and pose or growth irregularity.

Recommended aspect ratio: 16:9.","text, labels, watermark, signature, logo, border, frame, UI, HUD, cropped subject, duplicate anatomy, contradictory anatomy, impossible balance, unsupported structures, random wings, random horns, humanoid default, fantasy armor, weapons, cartoon, anime, toy-like materials, excessive neon, excessive glow, oversaturated colors, busy background, motion blur, low resolution, compression artifacts, generic Earth copy, unsupported fantasy styling, traits conflicting with locked canon",1.0.0,canonical
NB2-PLT-PIII-011-METHANE-BASED-FLORA-PSD,PLT-PIII-011-METHANE-BASED-FLORA,Methane-Based Flora,psd,PSD Extraction Board,16:9,"Create a canonical NOVERIS Nano Banana 2 visual for Methane-Based Flora: PSD Extraction Board.

Canonical archetype:
A canonical methane-based flora designed as a scientifically plausible plant-like or fungal organism whose anchoring, support, transport, energy capture, growth, reproduction, ecology, and environmental adaptations are internally coherent.

Required visual and biological rules:
• credible anchoring
• coherent support and transport
• functional energy collectors
• reproductive logic
• environment-linked growth

Production request:
Create isolated whole organism, parts, silhouette and material references.

Studio-resolved canonical values:
{{canonicalId}}, {{displayName}}, {{scientificName}}, {{originPlanet}}, {{planetType}}, {{biome}}, {{gravity}}, {{atmosphere}}, {{climate}}, {{temperatureRange}}, {{sizeScale}}, {{coloration}}, {{materials}}, {{distinctiveFeatures}}, {{lockedTraits}}, {{rarity}}, {{artDirection}}.

Preserve every locked canonical field exactly. The result must use NOVERIS Scientific Realism: premium AAA science-fiction quality, museum-grade reference presentation, scientifically plausible structure, coherent materials, restrained coloration unless canon requires otherwise, readable silhouette, consistent scale and anatomy or growth across all views, soft neutral studio lighting, pure black background for isolated references, full requested subject visibility, generous negative space, and PSD-friendly extraction. Habitat and biome outputs may use the canonical environment. No baked-in text, labels, watermark, logo, border, or UI.

Create four clearly different but canon-compliant versions. Preserve body plan or growth architecture, structural counts, environmental adaptations, materials, defining features, and locked coloration. Vary only permitted secondary proportions, markings, surface detail, minor ornamentation, natural wear, and pose or growth irregularity.

Recommended aspect ratio: 16:9.","text, labels, watermark, signature, logo, border, frame, UI, HUD, cropped subject, duplicate anatomy, contradictory anatomy, impossible balance, unsupported structures, random wings, random horns, humanoid default, fantasy armor, weapons, cartoon, anime, toy-like materials, excessive neon, excessive glow, oversaturated colors, busy background, motion blur, low resolution, compression artifacts, generic Earth copy, unsupported fantasy styling, traits conflicting with locked canon",1.0.0,canonical
NB2-PLT-PIII-012-AMMONIA-BASED-FLORA-WHOLE-PLANT,PLT-PIII-012-AMMONIA-BASED-FLORA,Ammonia-Based Flora,whole-plant,Whole Plant Production Render,3:4,"Create a canonical NOVERIS Nano Banana 2 visual for Ammonia-Based Flora: Whole Plant Production Render.

Canonical archetype:
A canonical ammonia-based flora designed as a scientifically plausible plant-like or fungal organism whose anchoring, support, transport, energy capture, growth, reproduction, ecology, and environmental adaptations are internally coherent.

Required visual and biological rules:
• credible anchoring
• coherent support and transport
• functional energy collectors
• reproductive logic
• environment-linked growth

Production request:
Create complete mature organism including roots or anchor system.

Studio-resolved canonical values:
{{canonicalId}}, {{displayName}}, {{scientificName}}, {{originPlanet}}, {{planetType}}, {{biome}}, {{gravity}}, {{atmosphere}}, {{climate}}, {{temperatureRange}}, {{sizeScale}}, {{coloration}}, {{materials}}, {{distinctiveFeatures}}, {{lockedTraits}}, {{rarity}}, {{artDirection}}.

Preserve every locked canonical field exactly. The result must use NOVERIS Scientific Realism: premium AAA science-fiction quality, museum-grade reference presentation, scientifically plausible structure, coherent materials, restrained coloration unless canon requires otherwise, readable silhouette, consistent scale and anatomy or growth across all views, soft neutral studio lighting, pure black background for isolated references, full requested subject visibility, generous negative space, and PSD-friendly extraction. Habitat and biome outputs may use the canonical environment. No baked-in text, labels, watermark, logo, border, or UI.

Create four clearly different but canon-compliant versions. Preserve body plan or growth architecture, structural counts, environmental adaptations, materials, defining features, and locked coloration. Vary only permitted secondary proportions, markings, surface detail, minor ornamentation, natural wear, and pose or growth irregularity.

Recommended aspect ratio: 3:4.","text, labels, watermark, signature, logo, border, frame, UI, HUD, cropped subject, duplicate anatomy, contradictory anatomy, impossible balance, unsupported structures, random wings, random horns, humanoid default, fantasy armor, weapons, cartoon, anime, toy-like materials, excessive neon, excessive glow, oversaturated colors, busy background, motion blur, low resolution, compression artifacts, generic Earth copy, unsupported fantasy styling, traits conflicting with locked canon",1.0.0,canonical
NB2-PLT-PIII-012-AMMONIA-BASED-FLORA-PORTRAIT,PLT-PIII-012-AMMONIA-BASED-FLORA,Ammonia-Based Flora,portrait,Botanical Portrait,1:1,"Create a canonical NOVERIS Nano Banana 2 visual for Ammonia-Based Flora: Botanical Portrait.

Canonical archetype:
A canonical ammonia-based flora designed as a scientifically plausible plant-like or fungal organism whose anchoring, support, transport, energy capture, growth, reproduction, ecology, and environmental adaptations are internally coherent.

Required visual and biological rules:
• credible anchoring
• coherent support and transport
• functional energy collectors
• reproductive logic
• environment-linked growth

Production request:
Create defining growth form, foliage, collectors and reproduction.

Studio-resolved canonical values:
{{canonicalId}}, {{displayName}}, {{scientificName}}, {{originPlanet}}, {{planetType}}, {{biome}}, {{gravity}}, {{atmosphere}}, {{climate}}, {{temperatureRange}}, {{sizeScale}}, {{coloration}}, {{materials}}, {{distinctiveFeatures}}, {{lockedTraits}}, {{rarity}}, {{artDirection}}.

Preserve every locked canonical field exactly. The result must use NOVERIS Scientific Realism: premium AAA science-fiction quality, museum-grade reference presentation, scientifically plausible structure, coherent materials, restrained coloration unless canon requires otherwise, readable silhouette, consistent scale and anatomy or growth across all views, soft neutral studio lighting, pure black background for isolated references, full requested subject visibility, generous negative space, and PSD-friendly extraction. Habitat and biome outputs may use the canonical environment. No baked-in text, labels, watermark, logo, border, or UI.

Create four clearly different but canon-compliant versions. Preserve body plan or growth architecture, structural counts, environmental adaptations, materials, defining features, and locked coloration. Vary only permitted secondary proportions, markings, surface detail, minor ornamentation, natural wear, and pose or growth irregularity.

Recommended aspect ratio: 1:1.","text, labels, watermark, signature, logo, border, frame, UI, HUD, cropped subject, duplicate anatomy, contradictory anatomy, impossible balance, unsupported structures, random wings, random horns, humanoid default, fantasy armor, weapons, cartoon, anime, toy-like materials, excessive neon, excessive glow, oversaturated colors, busy background, motion blur, low resolution, compression artifacts, generic Earth copy, unsupported fantasy styling, traits conflicting with locked canon",1.0.0,canonical
NB2-PLT-PIII-012-AMMONIA-BASED-FLORA-ORTHO-FRONT,PLT-PIII-012-AMMONIA-BASED-FLORA,Ammonia-Based Flora,ortho-front,Orthographic Front,3:4,"Create a canonical NOVERIS Nano Banana 2 visual for Ammonia-Based Flora: Orthographic Front.

Canonical archetype:
A canonical ammonia-based flora designed as a scientifically plausible plant-like or fungal organism whose anchoring, support, transport, energy capture, growth, reproduction, ecology, and environmental adaptations are internally coherent.

Required visual and biological rules:
• credible anchoring
• coherent support and transport
• functional energy collectors
• reproductive logic
• environment-linked growth

Production request:
Create exact front orthographic view.

Studio-resolved canonical values:
{{canonicalId}}, {{displayName}}, {{scientificName}}, {{originPlanet}}, {{planetType}}, {{biome}}, {{gravity}}, {{atmosphere}}, {{climate}}, {{temperatureRange}}, {{sizeScale}}, {{coloration}}, {{materials}}, {{distinctiveFeatures}}, {{lockedTraits}}, {{rarity}}, {{artDirection}}.

Preserve every locked canonical field exactly. The result must use NOVERIS Scientific Realism: premium AAA science-fiction quality, museum-grade reference presentation, scientifically plausible structure, coherent materials, restrained coloration unless canon requires otherwise, readable silhouette, consistent scale and anatomy or growth across all views, soft neutral studio lighting, pure black background for isolated references, full requested subject visibility, generous negative space, and PSD-friendly extraction. Habitat and biome outputs may use the canonical environment. No baked-in text, labels, watermark, logo, border, or UI.

Create four clearly different but canon-compliant versions. Preserve body plan or growth architecture, structural counts, environmental adaptations, materials, defining features, and locked coloration. Vary only permitted secondary proportions, markings, surface detail, minor ornamentation, natural wear, and pose or growth irregularity.

Recommended aspect ratio: 3:4.","text, labels, watermark, signature, logo, border, frame, UI, HUD, cropped subject, duplicate anatomy, contradictory anatomy, impossible balance, unsupported structures, random wings, random horns, humanoid default, fantasy armor, weapons, cartoon, anime, toy-like materials, excessive neon, excessive glow, oversaturated colors, busy background, motion blur, low resolution, compression artifacts, generic Earth copy, unsupported fantasy styling, traits conflicting with locked canon",1.0.0,canonical
NB2-PLT-PIII-012-AMMONIA-BASED-FLORA-ORTHO-SIDE,PLT-PIII-012-AMMONIA-BASED-FLORA,Ammonia-Based Flora,ortho-side,Orthographic Side,3:4,"Create a canonical NOVERIS Nano Banana 2 visual for Ammonia-Based Flora: Orthographic Side.

Canonical archetype:
A canonical ammonia-based flora designed as a scientifically plausible plant-like or fungal organism whose anchoring, support, transport, energy capture, growth, reproduction, ecology, and environmental adaptations are internally coherent.

Required visual and biological rules:
• credible anchoring
• coherent support and transport
• functional energy collectors
• reproductive logic
• environment-linked growth

Production request:
Create exact side orthographic view.

Studio-resolved canonical values:
{{canonicalId}}, {{displayName}}, {{scientificName}}, {{originPlanet}}, {{planetType}}, {{biome}}, {{gravity}}, {{atmosphere}}, {{climate}}, {{temperatureRange}}, {{sizeScale}}, {{coloration}}, {{materials}}, {{distinctiveFeatures}}, {{lockedTraits}}, {{rarity}}, {{artDirection}}.

Preserve every locked canonical field exactly. The result must use NOVERIS Scientific Realism: premium AAA science-fiction quality, museum-grade reference presentation, scientifically plausible structure, coherent materials, restrained coloration unless canon requires otherwise, readable silhouette, consistent scale and anatomy or growth across all views, soft neutral studio lighting, pure black background for isolated references, full requested subject visibility, generous negative space, and PSD-friendly extraction. Habitat and biome outputs may use the canonical environment. No baked-in text, labels, watermark, logo, border, or UI.

Create four clearly different but canon-compliant versions. Preserve body plan or growth architecture, structural counts, environmental adaptations, materials, defining features, and locked coloration. Vary only permitted secondary proportions, markings, surface detail, minor ornamentation, natural wear, and pose or growth irregularity.

Recommended aspect ratio: 3:4.","text, labels, watermark, signature, logo, border, frame, UI, HUD, cropped subject, duplicate anatomy, contradictory anatomy, impossible balance, unsupported structures, random wings, random horns, humanoid default, fantasy armor, weapons, cartoon, anime, toy-like materials, excessive neon, excessive glow, oversaturated colors, busy background, motion blur, low resolution, compression artifacts, generic Earth copy, unsupported fantasy styling, traits conflicting with locked canon",1.0.0,canonical
NB2-PLT-PIII-012-AMMONIA-BASED-FLORA-ORTHO-TOP,PLT-PIII-012-AMMONIA-BASED-FLORA,Ammonia-Based Flora,ortho-top,Orthographic Top,1:1,"Create a canonical NOVERIS Nano Banana 2 visual for Ammonia-Based Flora: Orthographic Top.

Canonical archetype:
A canonical ammonia-based flora designed as a scientifically plausible plant-like or fungal organism whose anchoring, support, transport, energy capture, growth, reproduction, ecology, and environmental adaptations are internally coherent.

Required visual and biological rules:
• credible anchoring
• coherent support and transport
• functional energy collectors
• reproductive logic
• environment-linked growth

Production request:
Create exact top view showing spread and growth geometry.

Studio-resolved canonical values:
{{canonicalId}}, {{displayName}}, {{scientificName}}, {{originPlanet}}, {{planetType}}, {{biome}}, {{gravity}}, {{atmosphere}}, {{climate}}, {{temperatureRange}}, {{sizeScale}}, {{coloration}}, {{materials}}, {{distinctiveFeatures}}, {{lockedTraits}}, {{rarity}}, {{artDirection}}.

Preserve every locked canonical field exactly. The result must use NOVERIS Scientific Realism: premium AAA science-fiction quality, museum-grade reference presentation, scientifically plausible structure, coherent materials, restrained coloration unless canon requires otherwise, readable silhouette, consistent scale and anatomy or growth across all views, soft neutral studio lighting, pure black background for isolated references, full requested subject visibility, generous negative space, and PSD-friendly extraction. Habitat and biome outputs may use the canonical environment. No baked-in text, labels, watermark, logo, border, or UI.

Create four clearly different but canon-compliant versions. Preserve body plan or growth architecture, structural counts, environmental adaptations, materials, defining features, and locked coloration. Vary only permitted secondary proportions, markings, surface detail, minor ornamentation, natural wear, and pose or growth irregularity.

Recommended aspect ratio: 1:1.","text, labels, watermark, signature, logo, border, frame, UI, HUD, cropped subject, duplicate anatomy, contradictory anatomy, impossible balance, unsupported structures, random wings, random horns, humanoid default, fantasy armor, weapons, cartoon, anime, toy-like materials, excessive neon, excessive glow, oversaturated colors, busy background, motion blur, low resolution, compression artifacts, generic Earth copy, unsupported fantasy styling, traits conflicting with locked canon",1.0.0,canonical
NB2-PLT-PIII-012-AMMONIA-BASED-FLORA-ROOTS,PLT-PIII-012-AMMONIA-BASED-FLORA,Ammonia-Based Flora,roots,Root or Anchor System,16:9,"Create a canonical NOVERIS Nano Banana 2 visual for Ammonia-Based Flora: Root or Anchor System.

Canonical archetype:
A canonical ammonia-based flora designed as a scientifically plausible plant-like or fungal organism whose anchoring, support, transport, energy capture, growth, reproduction, ecology, and environmental adaptations are internally coherent.

Required visual and biological rules:
• credible anchoring
• coherent support and transport
• functional energy collectors
• reproductive logic
• environment-linked growth

Production request:
Create complete substrate interface and nutrient exchange structures.

Studio-resolved canonical values:
{{canonicalId}}, {{displayName}}, {{scientificName}}, {{originPlanet}}, {{planetType}}, {{biome}}, {{gravity}}, {{atmosphere}}, {{climate}}, {{temperatureRange}}, {{sizeScale}}, {{coloration}}, {{materials}}, {{distinctiveFeatures}}, {{lockedTraits}}, {{rarity}}, {{artDirection}}.

Preserve every locked canonical field exactly. The result must use NOVERIS Scientific Realism: premium AAA science-fiction quality, museum-grade reference presentation, scientifically plausible structure, coherent materials, restrained coloration unless canon requires otherwise, readable silhouette, consistent scale and anatomy or growth across all views, soft neutral studio lighting, pure black background for isolated references, full requested subject visibility, generous negative space, and PSD-friendly extraction. Habitat and biome outputs may use the canonical environment. No baked-in text, labels, watermark, logo, border, or UI.

Create four clearly different but canon-compliant versions. Preserve body plan or growth architecture, structural counts, environmental adaptations, materials, defining features, and locked coloration. Vary only permitted secondary proportions, markings, surface detail, minor ornamentation, natural wear, and pose or growth irregularity.

Recommended aspect ratio: 16:9.","text, labels, watermark, signature, logo, border, frame, UI, HUD, cropped subject, duplicate anatomy, contradictory anatomy, impossible balance, unsupported structures, random wings, random horns, humanoid default, fantasy armor, weapons, cartoon, anime, toy-like materials, excessive neon, excessive glow, oversaturated colors, busy background, motion blur, low resolution, compression artifacts, generic Earth copy, unsupported fantasy styling, traits conflicting with locked canon",1.0.0,canonical
NB2-PLT-PIII-012-AMMONIA-BASED-FLORA-STEMS,PLT-PIII-012-AMMONIA-BASED-FLORA,Ammonia-Based Flora,stems,"Stem, Trunk or Structural Study",16:9,"Create a canonical NOVERIS Nano Banana 2 visual for Ammonia-Based Flora: Stem, Trunk or Structural Study.

Canonical archetype:
A canonical ammonia-based flora designed as a scientifically plausible plant-like or fungal organism whose anchoring, support, transport, energy capture, growth, reproduction, ecology, and environmental adaptations are internally coherent.

Required visual and biological rules:
• credible anchoring
• coherent support and transport
• functional energy collectors
• reproductive logic
• environment-linked growth

Production request:
Create support and transport architecture.

Studio-resolved canonical values:
{{canonicalId}}, {{displayName}}, {{scientificName}}, {{originPlanet}}, {{planetType}}, {{biome}}, {{gravity}}, {{atmosphere}}, {{climate}}, {{temperatureRange}}, {{sizeScale}}, {{coloration}}, {{materials}}, {{distinctiveFeatures}}, {{lockedTraits}}, {{rarity}}, {{artDirection}}.

Preserve every locked canonical field exactly. The result must use NOVERIS Scientific Realism: premium AAA science-fiction quality, museum-grade reference presentation, scientifically plausible structure, coherent materials, restrained coloration unless canon requires otherwise, readable silhouette, consistent scale and anatomy or growth across all views, soft neutral studio lighting, pure black background for isolated references, full requested subject visibility, generous negative space, and PSD-friendly extraction. Habitat and biome outputs may use the canonical environment. No baked-in text, labels, watermark, logo, border, or UI.

Create four clearly different but canon-compliant versions. Preserve body plan or growth architecture, structural counts, environmental adaptations, materials, defining features, and locked coloration. Vary only permitted secondary proportions, markings, surface detail, minor ornamentation, natural wear, and pose or growth irregularity.

Recommended aspect ratio: 16:9.","text, labels, watermark, signature, logo, border, frame, UI, HUD, cropped subject, duplicate anatomy, contradictory anatomy, impossible balance, unsupported structures, random wings, random horns, humanoid default, fantasy armor, weapons, cartoon, anime, toy-like materials, excessive neon, excessive glow, oversaturated colors, busy background, motion blur, low resolution, compression artifacts, generic Earth copy, unsupported fantasy styling, traits conflicting with locked canon",1.0.0,canonical
NB2-PLT-PIII-012-AMMONIA-BASED-FLORA-COLLECTORS,PLT-PIII-012-AMMONIA-BASED-FLORA,Ammonia-Based Flora,collectors,Leaves or Collector Study,16:9,"Create a canonical NOVERIS Nano Banana 2 visual for Ammonia-Based Flora: Leaves or Collector Study.

Canonical archetype:
A canonical ammonia-based flora designed as a scientifically plausible plant-like or fungal organism whose anchoring, support, transport, energy capture, growth, reproduction, ecology, and environmental adaptations are internally coherent.

Required visual and biological rules:
• credible anchoring
• coherent support and transport
• functional energy collectors
• reproductive logic
• environment-linked growth

Production request:
Create front, back, edge, juvenile, mature and stressed states.

Studio-resolved canonical values:
{{canonicalId}}, {{displayName}}, {{scientificName}}, {{originPlanet}}, {{planetType}}, {{biome}}, {{gravity}}, {{atmosphere}}, {{climate}}, {{temperatureRange}}, {{sizeScale}}, {{coloration}}, {{materials}}, {{distinctiveFeatures}}, {{lockedTraits}}, {{rarity}}, {{artDirection}}.

Preserve every locked canonical field exactly. The result must use NOVERIS Scientific Realism: premium AAA science-fiction quality, museum-grade reference presentation, scientifically plausible structure, coherent materials, restrained coloration unless canon requires otherwise, readable silhouette, consistent scale and anatomy or growth across all views, soft neutral studio lighting, pure black background for isolated references, full requested subject visibility, generous negative space, and PSD-friendly extraction. Habitat and biome outputs may use the canonical environment. No baked-in text, labels, watermark, logo, border, or UI.

Create four clearly different but canon-compliant versions. Preserve body plan or growth architecture, structural counts, environmental adaptations, materials, defining features, and locked coloration. Vary only permitted secondary proportions, markings, surface detail, minor ornamentation, natural wear, and pose or growth irregularity.

Recommended aspect ratio: 16:9.","text, labels, watermark, signature, logo, border, frame, UI, HUD, cropped subject, duplicate anatomy, contradictory anatomy, impossible balance, unsupported structures, random wings, random horns, humanoid default, fantasy armor, weapons, cartoon, anime, toy-like materials, excessive neon, excessive glow, oversaturated colors, busy background, motion blur, low resolution, compression artifacts, generic Earth copy, unsupported fantasy styling, traits conflicting with locked canon",1.0.0,canonical
NB2-PLT-PIII-012-AMMONIA-BASED-FLORA-REPRODUCTION,PLT-PIII-012-AMMONIA-BASED-FLORA,Ammonia-Based Flora,reproduction,Reproductive Structure,16:9,"Create a canonical NOVERIS Nano Banana 2 visual for Ammonia-Based Flora: Reproductive Structure.

Canonical archetype:
A canonical ammonia-based flora designed as a scientifically plausible plant-like or fungal organism whose anchoring, support, transport, energy capture, growth, reproduction, ecology, and environmental adaptations are internally coherent.

Required visual and biological rules:
• credible anchoring
• coherent support and transport
• functional energy collectors
• reproductive logic
• environment-linked growth

Production request:
Create flowers, cones, spores, fields or equivalent stages.

Studio-resolved canonical values:
{{canonicalId}}, {{displayName}}, {{scientificName}}, {{originPlanet}}, {{planetType}}, {{biome}}, {{gravity}}, {{atmosphere}}, {{climate}}, {{temperatureRange}}, {{sizeScale}}, {{coloration}}, {{materials}}, {{distinctiveFeatures}}, {{lockedTraits}}, {{rarity}}, {{artDirection}}.

Preserve every locked canonical field exactly. The result must use NOVERIS Scientific Realism: premium AAA science-fiction quality, museum-grade reference presentation, scientifically plausible structure, coherent materials, restrained coloration unless canon requires otherwise, readable silhouette, consistent scale and anatomy or growth across all views, soft neutral studio lighting, pure black background for isolated references, full requested subject visibility, generous negative space, and PSD-friendly extraction. Habitat and biome outputs may use the canonical environment. No baked-in text, labels, watermark, logo, border, or UI.

Create four clearly different but canon-compliant versions. Preserve body plan or growth architecture, structural counts, environmental adaptations, materials, defining features, and locked coloration. Vary only permitted secondary proportions, markings, surface detail, minor ornamentation, natural wear, and pose or growth irregularity.

Recommended aspect ratio: 16:9.","text, labels, watermark, signature, logo, border, frame, UI, HUD, cropped subject, duplicate anatomy, contradictory anatomy, impossible balance, unsupported structures, random wings, random horns, humanoid default, fantasy armor, weapons, cartoon, anime, toy-like materials, excessive neon, excessive glow, oversaturated colors, busy background, motion blur, low resolution, compression artifacts, generic Earth copy, unsupported fantasy styling, traits conflicting with locked canon",1.0.0,canonical
NB2-PLT-PIII-012-AMMONIA-BASED-FLORA-PROPAGULES,PLT-PIII-012-AMMONIA-BASED-FLORA,Ammonia-Based Flora,propagules,"Seed, Spore or Propagule Study",16:9,"Create a canonical NOVERIS Nano Banana 2 visual for Ammonia-Based Flora: Seed, Spore or Propagule Study.

Canonical archetype:
A canonical ammonia-based flora designed as a scientifically plausible plant-like or fungal organism whose anchoring, support, transport, energy capture, growth, reproduction, ecology, and environmental adaptations are internally coherent.

Required visual and biological rules:
• credible anchoring
• coherent support and transport
• functional energy collectors
• reproductive logic
• environment-linked growth

Production request:
Create dispersal, germination and early establishment.

Studio-resolved canonical values:
{{canonicalId}}, {{displayName}}, {{scientificName}}, {{originPlanet}}, {{planetType}}, {{biome}}, {{gravity}}, {{atmosphere}}, {{climate}}, {{temperatureRange}}, {{sizeScale}}, {{coloration}}, {{materials}}, {{distinctiveFeatures}}, {{lockedTraits}}, {{rarity}}, {{artDirection}}.

Preserve every locked canonical field exactly. The result must use NOVERIS Scientific Realism: premium AAA science-fiction quality, museum-grade reference presentation, scientifically plausible structure, coherent materials, restrained coloration unless canon requires otherwise, readable silhouette, consistent scale and anatomy or growth across all views, soft neutral studio lighting, pure black background for isolated references, full requested subject visibility, generous negative space, and PSD-friendly extraction. Habitat and biome outputs may use the canonical environment. No baked-in text, labels, watermark, logo, border, or UI.

Create four clearly different but canon-compliant versions. Preserve body plan or growth architecture, structural counts, environmental adaptations, materials, defining features, and locked coloration. Vary only permitted secondary proportions, markings, surface detail, minor ornamentation, natural wear, and pose or growth irregularity.

Recommended aspect ratio: 16:9.","text, labels, watermark, signature, logo, border, frame, UI, HUD, cropped subject, duplicate anatomy, contradictory anatomy, impossible balance, unsupported structures, random wings, random horns, humanoid default, fantasy armor, weapons, cartoon, anime, toy-like materials, excessive neon, excessive glow, oversaturated colors, busy background, motion blur, low resolution, compression artifacts, generic Earth copy, unsupported fantasy styling, traits conflicting with locked canon",1.0.0,canonical
NB2-PLT-PIII-012-AMMONIA-BASED-FLORA-CROSS-SECTION,PLT-PIII-012-AMMONIA-BASED-FLORA,Ammonia-Based Flora,cross-section,Internal Cross Section,16:9,"Create a canonical NOVERIS Nano Banana 2 visual for Ammonia-Based Flora: Internal Cross Section.

Canonical archetype:
A canonical ammonia-based flora designed as a scientifically plausible plant-like or fungal organism whose anchoring, support, transport, energy capture, growth, reproduction, ecology, and environmental adaptations are internally coherent.

Required visual and biological rules:
• credible anchoring
• coherent support and transport
• functional energy collectors
• reproductive logic
• environment-linked growth

Production request:
Create protection, transport, support, storage and reproduction.

Studio-resolved canonical values:
{{canonicalId}}, {{displayName}}, {{scientificName}}, {{originPlanet}}, {{planetType}}, {{biome}}, {{gravity}}, {{atmosphere}}, {{climate}}, {{temperatureRange}}, {{sizeScale}}, {{coloration}}, {{materials}}, {{distinctiveFeatures}}, {{lockedTraits}}, {{rarity}}, {{artDirection}}.

Preserve every locked canonical field exactly. The result must use NOVERIS Scientific Realism: premium AAA science-fiction quality, museum-grade reference presentation, scientifically plausible structure, coherent materials, restrained coloration unless canon requires otherwise, readable silhouette, consistent scale and anatomy or growth across all views, soft neutral studio lighting, pure black background for isolated references, full requested subject visibility, generous negative space, and PSD-friendly extraction. Habitat and biome outputs may use the canonical environment. No baked-in text, labels, watermark, logo, border, or UI.

Create four clearly different but canon-compliant versions. Preserve body plan or growth architecture, structural counts, environmental adaptations, materials, defining features, and locked coloration. Vary only permitted secondary proportions, markings, surface detail, minor ornamentation, natural wear, and pose or growth irregularity.

Recommended aspect ratio: 16:9.","text, labels, watermark, signature, logo, border, frame, UI, HUD, cropped subject, duplicate anatomy, contradictory anatomy, impossible balance, unsupported structures, random wings, random horns, humanoid default, fantasy armor, weapons, cartoon, anime, toy-like materials, excessive neon, excessive glow, oversaturated colors, busy background, motion blur, low resolution, compression artifacts, generic Earth copy, unsupported fantasy styling, traits conflicting with locked canon",1.0.0,canonical
NB2-PLT-PIII-012-AMMONIA-BASED-FLORA-GROWTH,PLT-PIII-012-AMMONIA-BASED-FLORA,Ammonia-Based Flora,growth,Growth Stages,16:9,"Create a canonical NOVERIS Nano Banana 2 visual for Ammonia-Based Flora: Growth Stages.

Canonical archetype:
A canonical ammonia-based flora designed as a scientifically plausible plant-like or fungal organism whose anchoring, support, transport, energy capture, growth, reproduction, ecology, and environmental adaptations are internally coherent.

Required visual and biological rules:
• credible anchoring
• coherent support and transport
• functional energy collectors
• reproductive logic
• environment-linked growth

Production request:
Create propagule, juvenile, mature, reproductive and senescent stages.

Studio-resolved canonical values:
{{canonicalId}}, {{displayName}}, {{scientificName}}, {{originPlanet}}, {{planetType}}, {{biome}}, {{gravity}}, {{atmosphere}}, {{climate}}, {{temperatureRange}}, {{sizeScale}}, {{coloration}}, {{materials}}, {{distinctiveFeatures}}, {{lockedTraits}}, {{rarity}}, {{artDirection}}.

Preserve every locked canonical field exactly. The result must use NOVERIS Scientific Realism: premium AAA science-fiction quality, museum-grade reference presentation, scientifically plausible structure, coherent materials, restrained coloration unless canon requires otherwise, readable silhouette, consistent scale and anatomy or growth across all views, soft neutral studio lighting, pure black background for isolated references, full requested subject visibility, generous negative space, and PSD-friendly extraction. Habitat and biome outputs may use the canonical environment. No baked-in text, labels, watermark, logo, border, or UI.

Create four clearly different but canon-compliant versions. Preserve body plan or growth architecture, structural counts, environmental adaptations, materials, defining features, and locked coloration. Vary only permitted secondary proportions, markings, surface detail, minor ornamentation, natural wear, and pose or growth irregularity.

Recommended aspect ratio: 16:9.","text, labels, watermark, signature, logo, border, frame, UI, HUD, cropped subject, duplicate anatomy, contradictory anatomy, impossible balance, unsupported structures, random wings, random horns, humanoid default, fantasy armor, weapons, cartoon, anime, toy-like materials, excessive neon, excessive glow, oversaturated colors, busy background, motion blur, low resolution, compression artifacts, generic Earth copy, unsupported fantasy styling, traits conflicting with locked canon",1.0.0,canonical
NB2-PLT-PIII-012-AMMONIA-BASED-FLORA-SEASONAL,PLT-PIII-012-AMMONIA-BASED-FLORA,Ammonia-Based Flora,seasonal,Seasonal and Stress Variants,16:9,"Create a canonical NOVERIS Nano Banana 2 visual for Ammonia-Based Flora: Seasonal and Stress Variants.

Canonical archetype:
A canonical ammonia-based flora designed as a scientifically plausible plant-like or fungal organism whose anchoring, support, transport, energy capture, growth, reproduction, ecology, and environmental adaptations are internally coherent.

Required visual and biological rules:
• credible anchoring
• coherent support and transport
• functional energy collectors
• reproductive logic
• environment-linked growth

Production request:
Create growth, reproduction, dormancy, damage and recovery.

Studio-resolved canonical values:
{{canonicalId}}, {{displayName}}, {{scientificName}}, {{originPlanet}}, {{planetType}}, {{biome}}, {{gravity}}, {{atmosphere}}, {{climate}}, {{temperatureRange}}, {{sizeScale}}, {{coloration}}, {{materials}}, {{distinctiveFeatures}}, {{lockedTraits}}, {{rarity}}, {{artDirection}}.

Preserve every locked canonical field exactly. The result must use NOVERIS Scientific Realism: premium AAA science-fiction quality, museum-grade reference presentation, scientifically plausible structure, coherent materials, restrained coloration unless canon requires otherwise, readable silhouette, consistent scale and anatomy or growth across all views, soft neutral studio lighting, pure black background for isolated references, full requested subject visibility, generous negative space, and PSD-friendly extraction. Habitat and biome outputs may use the canonical environment. No baked-in text, labels, watermark, logo, border, or UI.

Create four clearly different but canon-compliant versions. Preserve body plan or growth architecture, structural counts, environmental adaptations, materials, defining features, and locked coloration. Vary only permitted secondary proportions, markings, surface detail, minor ornamentation, natural wear, and pose or growth irregularity.

Recommended aspect ratio: 16:9.","text, labels, watermark, signature, logo, border, frame, UI, HUD, cropped subject, duplicate anatomy, contradictory anatomy, impossible balance, unsupported structures, random wings, random horns, humanoid default, fantasy armor, weapons, cartoon, anime, toy-like materials, excessive neon, excessive glow, oversaturated colors, busy background, motion blur, low resolution, compression artifacts, generic Earth copy, unsupported fantasy styling, traits conflicting with locked canon",1.0.0,canonical
NB2-PLT-PIII-012-AMMONIA-BASED-FLORA-HABITAT,PLT-PIII-012-AMMONIA-BASED-FLORA,Ammonia-Based Flora,habitat,Native Habitat Composition,16:9,"Create a canonical NOVERIS Nano Banana 2 visual for Ammonia-Based Flora: Native Habitat Composition.

Canonical archetype:
A canonical ammonia-based flora designed as a scientifically plausible plant-like or fungal organism whose anchoring, support, transport, energy capture, growth, reproduction, ecology, and environmental adaptations are internally coherent.

Required visual and biological rules:
• credible anchoring
• coherent support and transport
• functional energy collectors
• reproductive logic
• environment-linked growth

Production request:
Create natural population with spacing and age diversity.

Studio-resolved canonical values:
{{canonicalId}}, {{displayName}}, {{scientificName}}, {{originPlanet}}, {{planetType}}, {{biome}}, {{gravity}}, {{atmosphere}}, {{climate}}, {{temperatureRange}}, {{sizeScale}}, {{coloration}}, {{materials}}, {{distinctiveFeatures}}, {{lockedTraits}}, {{rarity}}, {{artDirection}}.

Preserve every locked canonical field exactly. The result must use NOVERIS Scientific Realism: premium AAA science-fiction quality, museum-grade reference presentation, scientifically plausible structure, coherent materials, restrained coloration unless canon requires otherwise, readable silhouette, consistent scale and anatomy or growth across all views, soft neutral studio lighting, pure black background for isolated references, full requested subject visibility, generous negative space, and PSD-friendly extraction. Habitat and biome outputs may use the canonical environment. No baked-in text, labels, watermark, logo, border, or UI.

Create four clearly different but canon-compliant versions. Preserve body plan or growth architecture, structural counts, environmental adaptations, materials, defining features, and locked coloration. Vary only permitted secondary proportions, markings, surface detail, minor ornamentation, natural wear, and pose or growth irregularity.

Recommended aspect ratio: 16:9.","text, labels, watermark, signature, logo, border, frame, UI, HUD, cropped subject, duplicate anatomy, contradictory anatomy, impossible balance, unsupported structures, random wings, random horns, humanoid default, fantasy armor, weapons, cartoon, anime, toy-like materials, excessive neon, excessive glow, oversaturated colors, busy background, motion blur, low resolution, compression artifacts, generic Earth copy, unsupported fantasy styling, traits conflicting with locked canon",1.0.0,canonical
NB2-PLT-PIII-012-AMMONIA-BASED-FLORA-BIOME,PLT-PIII-012-AMMONIA-BASED-FLORA,Ammonia-Based Flora,biome,Biome Composition,16:9,"Create a canonical NOVERIS Nano Banana 2 visual for Ammonia-Based Flora: Biome Composition.

Canonical archetype:
A canonical ammonia-based flora designed as a scientifically plausible plant-like or fungal organism whose anchoring, support, transport, energy capture, growth, reproduction, ecology, and environmental adaptations are internally coherent.

Required visual and biological rules:
• credible anchoring
• coherent support and transport
• functional energy collectors
• reproductive logic
• environment-linked growth

Production request:
Create coordinated vegetation set at consistent scale.

Studio-resolved canonical values:
{{canonicalId}}, {{displayName}}, {{scientificName}}, {{originPlanet}}, {{planetType}}, {{biome}}, {{gravity}}, {{atmosphere}}, {{climate}}, {{temperatureRange}}, {{sizeScale}}, {{coloration}}, {{materials}}, {{distinctiveFeatures}}, {{lockedTraits}}, {{rarity}}, {{artDirection}}.

Preserve every locked canonical field exactly. The result must use NOVERIS Scientific Realism: premium AAA science-fiction quality, museum-grade reference presentation, scientifically plausible structure, coherent materials, restrained coloration unless canon requires otherwise, readable silhouette, consistent scale and anatomy or growth across all views, soft neutral studio lighting, pure black background for isolated references, full requested subject visibility, generous negative space, and PSD-friendly extraction. Habitat and biome outputs may use the canonical environment. No baked-in text, labels, watermark, logo, border, or UI.

Create four clearly different but canon-compliant versions. Preserve body plan or growth architecture, structural counts, environmental adaptations, materials, defining features, and locked coloration. Vary only permitted secondary proportions, markings, surface detail, minor ornamentation, natural wear, and pose or growth irregularity.

Recommended aspect ratio: 16:9.","text, labels, watermark, signature, logo, border, frame, UI, HUD, cropped subject, duplicate anatomy, contradictory anatomy, impossible balance, unsupported structures, random wings, random horns, humanoid default, fantasy armor, weapons, cartoon, anime, toy-like materials, excessive neon, excessive glow, oversaturated colors, busy background, motion blur, low resolution, compression artifacts, generic Earth copy, unsupported fantasy styling, traits conflicting with locked canon",1.0.0,canonical
NB2-PLT-PIII-012-AMMONIA-BASED-FLORA-DISCOVERY,PLT-PIII-012-AMMONIA-BASED-FLORA,Ammonia-Based Flora,discovery,Discovery Scan,16:9,"Create a canonical NOVERIS Nano Banana 2 visual for Ammonia-Based Flora: Discovery Scan.

Canonical archetype:
A canonical ammonia-based flora designed as a scientifically plausible plant-like or fungal organism whose anchoring, support, transport, energy capture, growth, reproduction, ecology, and environmental adaptations are internally coherent.

Required visual and biological rules:
• credible anchoring
• coherent support and transport
• functional energy collectors
• reproductive logic
• environment-linked growth

Production request:
Create centered scientific scan source without labels.

Studio-resolved canonical values:
{{canonicalId}}, {{displayName}}, {{scientificName}}, {{originPlanet}}, {{planetType}}, {{biome}}, {{gravity}}, {{atmosphere}}, {{climate}}, {{temperatureRange}}, {{sizeScale}}, {{coloration}}, {{materials}}, {{distinctiveFeatures}}, {{lockedTraits}}, {{rarity}}, {{artDirection}}.

Preserve every locked canonical field exactly. The result must use NOVERIS Scientific Realism: premium AAA science-fiction quality, museum-grade reference presentation, scientifically plausible structure, coherent materials, restrained coloration unless canon requires otherwise, readable silhouette, consistent scale and anatomy or growth across all views, soft neutral studio lighting, pure black background for isolated references, full requested subject visibility, generous negative space, and PSD-friendly extraction. Habitat and biome outputs may use the canonical environment. No baked-in text, labels, watermark, logo, border, or UI.

Create four clearly different but canon-compliant versions. Preserve body plan or growth architecture, structural counts, environmental adaptations, materials, defining features, and locked coloration. Vary only permitted secondary proportions, markings, surface detail, minor ornamentation, natural wear, and pose or growth irregularity.

Recommended aspect ratio: 16:9.","text, labels, watermark, signature, logo, border, frame, UI, HUD, cropped subject, duplicate anatomy, contradictory anatomy, impossible balance, unsupported structures, random wings, random horns, humanoid default, fantasy armor, weapons, cartoon, anime, toy-like materials, excessive neon, excessive glow, oversaturated colors, busy background, motion blur, low resolution, compression artifacts, generic Earth copy, unsupported fantasy styling, traits conflicting with locked canon",1.0.0,canonical
NB2-PLT-PIII-012-AMMONIA-BASED-FLORA-ICON,PLT-PIII-012-AMMONIA-BASED-FLORA,Ammonia-Based Flora,icon,UI Icon,1:1,"Create a canonical NOVERIS Nano Banana 2 visual for Ammonia-Based Flora: UI Icon.

Canonical archetype:
A canonical ammonia-based flora designed as a scientifically plausible plant-like or fungal organism whose anchoring, support, transport, energy capture, growth, reproduction, ecology, and environmental adaptations are internally coherent.

Required visual and biological rules:
• credible anchoring
• coherent support and transport
• functional energy collectors
• reproductive logic
• environment-linked growth

Production request:
Create isolated silhouette readable at 64 pixels.

Studio-resolved canonical values:
{{canonicalId}}, {{displayName}}, {{scientificName}}, {{originPlanet}}, {{planetType}}, {{biome}}, {{gravity}}, {{atmosphere}}, {{climate}}, {{temperatureRange}}, {{sizeScale}}, {{coloration}}, {{materials}}, {{distinctiveFeatures}}, {{lockedTraits}}, {{rarity}}, {{artDirection}}.

Preserve every locked canonical field exactly. The result must use NOVERIS Scientific Realism: premium AAA science-fiction quality, museum-grade reference presentation, scientifically plausible structure, coherent materials, restrained coloration unless canon requires otherwise, readable silhouette, consistent scale and anatomy or growth across all views, soft neutral studio lighting, pure black background for isolated references, full requested subject visibility, generous negative space, and PSD-friendly extraction. Habitat and biome outputs may use the canonical environment. No baked-in text, labels, watermark, logo, border, or UI.

Create four clearly different but canon-compliant versions. Preserve body plan or growth architecture, structural counts, environmental adaptations, materials, defining features, and locked coloration. Vary only permitted secondary proportions, markings, surface detail, minor ornamentation, natural wear, and pose or growth irregularity.

Recommended aspect ratio: 1:1.","text, labels, watermark, signature, logo, border, frame, UI, HUD, cropped subject, duplicate anatomy, contradictory anatomy, impossible balance, unsupported structures, random wings, random horns, humanoid default, fantasy armor, weapons, cartoon, anime, toy-like materials, excessive neon, excessive glow, oversaturated colors, busy background, motion blur, low resolution, compression artifacts, generic Earth copy, unsupported fantasy styling, traits conflicting with locked canon",1.0.0,canonical
NB2-PLT-PIII-012-AMMONIA-BASED-FLORA-SCALE,PLT-PIII-012-AMMONIA-BASED-FLORA,Ammonia-Based Flora,scale,Scale Comparison,16:9,"Create a canonical NOVERIS Nano Banana 2 visual for Ammonia-Based Flora: Scale Comparison.

Canonical archetype:
A canonical ammonia-based flora designed as a scientifically plausible plant-like or fungal organism whose anchoring, support, transport, energy capture, growth, reproduction, ecology, and environmental adaptations are internally coherent.

Required visual and biological rules:
• credible anchoring
• coherent support and transport
• functional energy collectors
• reproductive logic
• environment-linked growth

Production request:
Create side view with adult human silhouette and one-meter bar.

Studio-resolved canonical values:
{{canonicalId}}, {{displayName}}, {{scientificName}}, {{originPlanet}}, {{planetType}}, {{biome}}, {{gravity}}, {{atmosphere}}, {{climate}}, {{temperatureRange}}, {{sizeScale}}, {{coloration}}, {{materials}}, {{distinctiveFeatures}}, {{lockedTraits}}, {{rarity}}, {{artDirection}}.

Preserve every locked canonical field exactly. The result must use NOVERIS Scientific Realism: premium AAA science-fiction quality, museum-grade reference presentation, scientifically plausible structure, coherent materials, restrained coloration unless canon requires otherwise, readable silhouette, consistent scale and anatomy or growth across all views, soft neutral studio lighting, pure black background for isolated references, full requested subject visibility, generous negative space, and PSD-friendly extraction. Habitat and biome outputs may use the canonical environment. No baked-in text, labels, watermark, logo, border, or UI.

Create four clearly different but canon-compliant versions. Preserve body plan or growth architecture, structural counts, environmental adaptations, materials, defining features, and locked coloration. Vary only permitted secondary proportions, markings, surface detail, minor ornamentation, natural wear, and pose or growth irregularity.

Recommended aspect ratio: 16:9.","text, labels, watermark, signature, logo, border, frame, UI, HUD, cropped subject, duplicate anatomy, contradictory anatomy, impossible balance, unsupported structures, random wings, random horns, humanoid default, fantasy armor, weapons, cartoon, anime, toy-like materials, excessive neon, excessive glow, oversaturated colors, busy background, motion blur, low resolution, compression artifacts, generic Earth copy, unsupported fantasy styling, traits conflicting with locked canon",1.0.0,canonical
NB2-PLT-PIII-012-AMMONIA-BASED-FLORA-PLATE,PLT-PIII-012-AMMONIA-BASED-FLORA,Ammonia-Based Flora,plate,Master Botanical Plate,16:9,"Create a canonical NOVERIS Nano Banana 2 visual for Ammonia-Based Flora: Master Botanical Plate.

Canonical archetype:
A canonical ammonia-based flora designed as a scientifically plausible plant-like or fungal organism whose anchoring, support, transport, energy capture, growth, reproduction, ecology, and environmental adaptations are internally coherent.

Required visual and biological rules:
• credible anchoring
• coherent support and transport
• functional energy collectors
• reproductive logic
• environment-linked growth

Production request:
Create whole organism, views, roots, structure, collectors, reproduction, stages, materials and habitat vignette.

Studio-resolved canonical values:
{{canonicalId}}, {{displayName}}, {{scientificName}}, {{originPlanet}}, {{planetType}}, {{biome}}, {{gravity}}, {{atmosphere}}, {{climate}}, {{temperatureRange}}, {{sizeScale}}, {{coloration}}, {{materials}}, {{distinctiveFeatures}}, {{lockedTraits}}, {{rarity}}, {{artDirection}}.

Preserve every locked canonical field exactly. The result must use NOVERIS Scientific Realism: premium AAA science-fiction quality, museum-grade reference presentation, scientifically plausible structure, coherent materials, restrained coloration unless canon requires otherwise, readable silhouette, consistent scale and anatomy or growth across all views, soft neutral studio lighting, pure black background for isolated references, full requested subject visibility, generous negative space, and PSD-friendly extraction. Habitat and biome outputs may use the canonical environment. No baked-in text, labels, watermark, logo, border, or UI.

Create four clearly different but canon-compliant versions. Preserve body plan or growth architecture, structural counts, environmental adaptations, materials, defining features, and locked coloration. Vary only permitted secondary proportions, markings, surface detail, minor ornamentation, natural wear, and pose or growth irregularity.

Recommended aspect ratio: 16:9.","text, labels, watermark, signature, logo, border, frame, UI, HUD, cropped subject, duplicate anatomy, contradictory anatomy, impossible balance, unsupported structures, random wings, random horns, humanoid default, fantasy armor, weapons, cartoon, anime, toy-like materials, excessive neon, excessive glow, oversaturated colors, busy background, motion blur, low resolution, compression artifacts, generic Earth copy, unsupported fantasy styling, traits conflicting with locked canon",1.0.0,canonical
NB2-PLT-PIII-012-AMMONIA-BASED-FLORA-PSD,PLT-PIII-012-AMMONIA-BASED-FLORA,Ammonia-Based Flora,psd,PSD Extraction Board,16:9,"Create a canonical NOVERIS Nano Banana 2 visual for Ammonia-Based Flora: PSD Extraction Board.

Canonical archetype:
A canonical ammonia-based flora designed as a scientifically plausible plant-like or fungal organism whose anchoring, support, transport, energy capture, growth, reproduction, ecology, and environmental adaptations are internally coherent.

Required visual and biological rules:
• credible anchoring
• coherent support and transport
• functional energy collectors
• reproductive logic
• environment-linked growth

Production request:
Create isolated whole organism, parts, silhouette and material references.

Studio-resolved canonical values:
{{canonicalId}}, {{displayName}}, {{scientificName}}, {{originPlanet}}, {{planetType}}, {{biome}}, {{gravity}}, {{atmosphere}}, {{climate}}, {{temperatureRange}}, {{sizeScale}}, {{coloration}}, {{materials}}, {{distinctiveFeatures}}, {{lockedTraits}}, {{rarity}}, {{artDirection}}.

Preserve every locked canonical field exactly. The result must use NOVERIS Scientific Realism: premium AAA science-fiction quality, museum-grade reference presentation, scientifically plausible structure, coherent materials, restrained coloration unless canon requires otherwise, readable silhouette, consistent scale and anatomy or growth across all views, soft neutral studio lighting, pure black background for isolated references, full requested subject visibility, generous negative space, and PSD-friendly extraction. Habitat and biome outputs may use the canonical environment. No baked-in text, labels, watermark, logo, border, or UI.

Create four clearly different but canon-compliant versions. Preserve body plan or growth architecture, structural counts, environmental adaptations, materials, defining features, and locked coloration. Vary only permitted secondary proportions, markings, surface detail, minor ornamentation, natural wear, and pose or growth irregularity.

Recommended aspect ratio: 16:9.","text, labels, watermark, signature, logo, border, frame, UI, HUD, cropped subject, duplicate anatomy, contradictory anatomy, impossible balance, unsupported structures, random wings, random horns, humanoid default, fantasy armor, weapons, cartoon, anime, toy-like materials, excessive neon, excessive glow, oversaturated colors, busy background, motion blur, low resolution, compression artifacts, generic Earth copy, unsupported fantasy styling, traits conflicting with locked canon",1.0.0,canonical
NB2-PLT-PIII-013-SULFUR-BASED-FLORA-WHOLE-PLANT,PLT-PIII-013-SULFUR-BASED-FLORA,Sulfur-Based Flora,whole-plant,Whole Plant Production Render,3:4,"Create a canonical NOVERIS Nano Banana 2 visual for Sulfur-Based Flora: Whole Plant Production Render.

Canonical archetype:
A canonical sulfur-based flora designed as a scientifically plausible plant-like or fungal organism whose anchoring, support, transport, energy capture, growth, reproduction, ecology, and environmental adaptations are internally coherent.

Required visual and biological rules:
• credible anchoring
• coherent support and transport
• functional energy collectors
• reproductive logic
• environment-linked growth

Production request:
Create complete mature organism including roots or anchor system.

Studio-resolved canonical values:
{{canonicalId}}, {{displayName}}, {{scientificName}}, {{originPlanet}}, {{planetType}}, {{biome}}, {{gravity}}, {{atmosphere}}, {{climate}}, {{temperatureRange}}, {{sizeScale}}, {{coloration}}, {{materials}}, {{distinctiveFeatures}}, {{lockedTraits}}, {{rarity}}, {{artDirection}}.

Preserve every locked canonical field exactly. The result must use NOVERIS Scientific Realism: premium AAA science-fiction quality, museum-grade reference presentation, scientifically plausible structure, coherent materials, restrained coloration unless canon requires otherwise, readable silhouette, consistent scale and anatomy or growth across all views, soft neutral studio lighting, pure black background for isolated references, full requested subject visibility, generous negative space, and PSD-friendly extraction. Habitat and biome outputs may use the canonical environment. No baked-in text, labels, watermark, logo, border, or UI.

Create four clearly different but canon-compliant versions. Preserve body plan or growth architecture, structural counts, environmental adaptations, materials, defining features, and locked coloration. Vary only permitted secondary proportions, markings, surface detail, minor ornamentation, natural wear, and pose or growth irregularity.

Recommended aspect ratio: 3:4.","text, labels, watermark, signature, logo, border, frame, UI, HUD, cropped subject, duplicate anatomy, contradictory anatomy, impossible balance, unsupported structures, random wings, random horns, humanoid default, fantasy armor, weapons, cartoon, anime, toy-like materials, excessive neon, excessive glow, oversaturated colors, busy background, motion blur, low resolution, compression artifacts, generic Earth copy, unsupported fantasy styling, traits conflicting with locked canon",1.0.0,canonical
NB2-PLT-PIII-013-SULFUR-BASED-FLORA-PORTRAIT,PLT-PIII-013-SULFUR-BASED-FLORA,Sulfur-Based Flora,portrait,Botanical Portrait,1:1,"Create a canonical NOVERIS Nano Banana 2 visual for Sulfur-Based Flora: Botanical Portrait.

Canonical archetype:
A canonical sulfur-based flora designed as a scientifically plausible plant-like or fungal organism whose anchoring, support, transport, energy capture, growth, reproduction, ecology, and environmental adaptations are internally coherent.

Required visual and biological rules:
• credible anchoring
• coherent support and transport
• functional energy collectors
• reproductive logic
• environment-linked growth

Production request:
Create defining growth form, foliage, collectors and reproduction.

Studio-resolved canonical values:
{{canonicalId}}, {{displayName}}, {{scientificName}}, {{originPlanet}}, {{planetType}}, {{biome}}, {{gravity}}, {{atmosphere}}, {{climate}}, {{temperatureRange}}, {{sizeScale}}, {{coloration}}, {{materials}}, {{distinctiveFeatures}}, {{lockedTraits}}, {{rarity}}, {{artDirection}}.

Preserve every locked canonical field exactly. The result must use NOVERIS Scientific Realism: premium AAA science-fiction quality, museum-grade reference presentation, scientifically plausible structure, coherent materials, restrained coloration unless canon requires otherwise, readable silhouette, consistent scale and anatomy or growth across all views, soft neutral studio lighting, pure black background for isolated references, full requested subject visibility, generous negative space, and PSD-friendly extraction. Habitat and biome outputs may use the canonical environment. No baked-in text, labels, watermark, logo, border, or UI.

Create four clearly different but canon-compliant versions. Preserve body plan or growth architecture, structural counts, environmental adaptations, materials, defining features, and locked coloration. Vary only permitted secondary proportions, markings, surface detail, minor ornamentation, natural wear, and pose or growth irregularity.

Recommended aspect ratio: 1:1.","text, labels, watermark, signature, logo, border, frame, UI, HUD, cropped subject, duplicate anatomy, contradictory anatomy, impossible balance, unsupported structures, random wings, random horns, humanoid default, fantasy armor, weapons, cartoon, anime, toy-like materials, excessive neon, excessive glow, oversaturated colors, busy background, motion blur, low resolution, compression artifacts, generic Earth copy, unsupported fantasy styling, traits conflicting with locked canon",1.0.0,canonical
NB2-PLT-PIII-013-SULFUR-BASED-FLORA-ORTHO-FRONT,PLT-PIII-013-SULFUR-BASED-FLORA,Sulfur-Based Flora,ortho-front,Orthographic Front,3:4,"Create a canonical NOVERIS Nano Banana 2 visual for Sulfur-Based Flora: Orthographic Front.

Canonical archetype:
A canonical sulfur-based flora designed as a scientifically plausible plant-like or fungal organism whose anchoring, support, transport, energy capture, growth, reproduction, ecology, and environmental adaptations are internally coherent.

Required visual and biological rules:
• credible anchoring
• coherent support and transport
• functional energy collectors
• reproductive logic
• environment-linked growth

Production request:
Create exact front orthographic view.

Studio-resolved canonical values:
{{canonicalId}}, {{displayName}}, {{scientificName}}, {{originPlanet}}, {{planetType}}, {{biome}}, {{gravity}}, {{atmosphere}}, {{climate}}, {{temperatureRange}}, {{sizeScale}}, {{coloration}}, {{materials}}, {{distinctiveFeatures}}, {{lockedTraits}}, {{rarity}}, {{artDirection}}.

Preserve every locked canonical field exactly. The result must use NOVERIS Scientific Realism: premium AAA science-fiction quality, museum-grade reference presentation, scientifically plausible structure, coherent materials, restrained coloration unless canon requires otherwise, readable silhouette, consistent scale and anatomy or growth across all views, soft neutral studio lighting, pure black background for isolated references, full requested subject visibility, generous negative space, and PSD-friendly extraction. Habitat and biome outputs may use the canonical environment. No baked-in text, labels, watermark, logo, border, or UI.

Create four clearly different but canon-compliant versions. Preserve body plan or growth architecture, structural counts, environmental adaptations, materials, defining features, and locked coloration. Vary only permitted secondary proportions, markings, surface detail, minor ornamentation, natural wear, and pose or growth irregularity.

Recommended aspect ratio: 3:4.","text, labels, watermark, signature, logo, border, frame, UI, HUD, cropped subject, duplicate anatomy, contradictory anatomy, impossible balance, unsupported structures, random wings, random horns, humanoid default, fantasy armor, weapons, cartoon, anime, toy-like materials, excessive neon, excessive glow, oversaturated colors, busy background, motion blur, low resolution, compression artifacts, generic Earth copy, unsupported fantasy styling, traits conflicting with locked canon",1.0.0,canonical
NB2-PLT-PIII-013-SULFUR-BASED-FLORA-ORTHO-SIDE,PLT-PIII-013-SULFUR-BASED-FLORA,Sulfur-Based Flora,ortho-side,Orthographic Side,3:4,"Create a canonical NOVERIS Nano Banana 2 visual for Sulfur-Based Flora: Orthographic Side.

Canonical archetype:
A canonical sulfur-based flora designed as a scientifically plausible plant-like or fungal organism whose anchoring, support, transport, energy capture, growth, reproduction, ecology, and environmental adaptations are internally coherent.

Required visual and biological rules:
• credible anchoring
• coherent support and transport
• functional energy collectors
• reproductive logic
• environment-linked growth

Production request:
Create exact side orthographic view.

Studio-resolved canonical values:
{{canonicalId}}, {{displayName}}, {{scientificName}}, {{originPlanet}}, {{planetType}}, {{biome}}, {{gravity}}, {{atmosphere}}, {{climate}}, {{temperatureRange}}, {{sizeScale}}, {{coloration}}, {{materials}}, {{distinctiveFeatures}}, {{lockedTraits}}, {{rarity}}, {{artDirection}}.

Preserve every locked canonical field exactly. The result must use NOVERIS Scientific Realism: premium AAA science-fiction quality, museum-grade reference presentation, scientifically plausible structure, coherent materials, restrained coloration unless canon requires otherwise, readable silhouette, consistent scale and anatomy or growth across all views, soft neutral studio lighting, pure black background for isolated references, full requested subject visibility, generous negative space, and PSD-friendly extraction. Habitat and biome outputs may use the canonical environment. No baked-in text, labels, watermark, logo, border, or UI.

Create four clearly different but canon-compliant versions. Preserve body plan or growth architecture, structural counts, environmental adaptations, materials, defining features, and locked coloration. Vary only permitted secondary proportions, markings, surface detail, minor ornamentation, natural wear, and pose or growth irregularity.

Recommended aspect ratio: 3:4.","text, labels, watermark, signature, logo, border, frame, UI, HUD, cropped subject, duplicate anatomy, contradictory anatomy, impossible balance, unsupported structures, random wings, random horns, humanoid default, fantasy armor, weapons, cartoon, anime, toy-like materials, excessive neon, excessive glow, oversaturated colors, busy background, motion blur, low resolution, compression artifacts, generic Earth copy, unsupported fantasy styling, traits conflicting with locked canon",1.0.0,canonical
NB2-PLT-PIII-013-SULFUR-BASED-FLORA-ORTHO-TOP,PLT-PIII-013-SULFUR-BASED-FLORA,Sulfur-Based Flora,ortho-top,Orthographic Top,1:1,"Create a canonical NOVERIS Nano Banana 2 visual for Sulfur-Based Flora: Orthographic Top.

Canonical archetype:
A canonical sulfur-based flora designed as a scientifically plausible plant-like or fungal organism whose anchoring, support, transport, energy capture, growth, reproduction, ecology, and environmental adaptations are internally coherent.

Required visual and biological rules:
• credible anchoring
• coherent support and transport
• functional energy collectors
• reproductive logic
• environment-linked growth

Production request:
Create exact top view showing spread and growth geometry.

Studio-resolved canonical values:
{{canonicalId}}, {{displayName}}, {{scientificName}}, {{originPlanet}}, {{planetType}}, {{biome}}, {{gravity}}, {{atmosphere}}, {{climate}}, {{temperatureRange}}, {{sizeScale}}, {{coloration}}, {{materials}}, {{distinctiveFeatures}}, {{lockedTraits}}, {{rarity}}, {{artDirection}}.

Preserve every locked canonical field exactly. The result must use NOVERIS Scientific Realism: premium AAA science-fiction quality, museum-grade reference presentation, scientifically plausible structure, coherent materials, restrained coloration unless canon requires otherwise, readable silhouette, consistent scale and anatomy or growth across all views, soft neutral studio lighting, pure black background for isolated references, full requested subject visibility, generous negative space, and PSD-friendly extraction. Habitat and biome outputs may use the canonical environment. No baked-in text, labels, watermark, logo, border, or UI.

Create four clearly different but canon-compliant versions. Preserve body plan or growth architecture, structural counts, environmental adaptations, materials, defining features, and locked coloration. Vary only permitted secondary proportions, markings, surface detail, minor ornamentation, natural wear, and pose or growth irregularity.

Recommended aspect ratio: 1:1.","text, labels, watermark, signature, logo, border, frame, UI, HUD, cropped subject, duplicate anatomy, contradictory anatomy, impossible balance, unsupported structures, random wings, random horns, humanoid default, fantasy armor, weapons, cartoon, anime, toy-like materials, excessive neon, excessive glow, oversaturated colors, busy background, motion blur, low resolution, compression artifacts, generic Earth copy, unsupported fantasy styling, traits conflicting with locked canon",1.0.0,canonical
NB2-PLT-PIII-013-SULFUR-BASED-FLORA-ROOTS,PLT-PIII-013-SULFUR-BASED-FLORA,Sulfur-Based Flora,roots,Root or Anchor System,16:9,"Create a canonical NOVERIS Nano Banana 2 visual for Sulfur-Based Flora: Root or Anchor System.

Canonical archetype:
A canonical sulfur-based flora designed as a scientifically plausible plant-like or fungal organism whose anchoring, support, transport, energy capture, growth, reproduction, ecology, and environmental adaptations are internally coherent.

Required visual and biological rules:
• credible anchoring
• coherent support and transport
• functional energy collectors
• reproductive logic
• environment-linked growth

Production request:
Create complete substrate interface and nutrient exchange structures.

Studio-resolved canonical values:
{{canonicalId}}, {{displayName}}, {{scientificName}}, {{originPlanet}}, {{planetType}}, {{biome}}, {{gravity}}, {{atmosphere}}, {{climate}}, {{temperatureRange}}, {{sizeScale}}, {{coloration}}, {{materials}}, {{distinctiveFeatures}}, {{lockedTraits}}, {{rarity}}, {{artDirection}}.

Preserve every locked canonical field exactly. The result must use NOVERIS Scientific Realism: premium AAA science-fiction quality, museum-grade reference presentation, scientifically plausible structure, coherent materials, restrained coloration unless canon requires otherwise, readable silhouette, consistent scale and anatomy or growth across all views, soft neutral studio lighting, pure black background for isolated references, full requested subject visibility, generous negative space, and PSD-friendly extraction. Habitat and biome outputs may use the canonical environment. No baked-in text, labels, watermark, logo, border, or UI.

Create four clearly different but canon-compliant versions. Preserve body plan or growth architecture, structural counts, environmental adaptations, materials, defining features, and locked coloration. Vary only permitted secondary proportions, markings, surface detail, minor ornamentation, natural wear, and pose or growth irregularity.

Recommended aspect ratio: 16:9.","text, labels, watermark, signature, logo, border, frame, UI, HUD, cropped subject, duplicate anatomy, contradictory anatomy, impossible balance, unsupported structures, random wings, random horns, humanoid default, fantasy armor, weapons, cartoon, anime, toy-like materials, excessive neon, excessive glow, oversaturated colors, busy background, motion blur, low resolution, compression artifacts, generic Earth copy, unsupported fantasy styling, traits conflicting with locked canon",1.0.0,canonical
NB2-PLT-PIII-013-SULFUR-BASED-FLORA-STEMS,PLT-PIII-013-SULFUR-BASED-FLORA,Sulfur-Based Flora,stems,"Stem, Trunk or Structural Study",16:9,"Create a canonical NOVERIS Nano Banana 2 visual for Sulfur-Based Flora: Stem, Trunk or Structural Study.

Canonical archetype:
A canonical sulfur-based flora designed as a scientifically plausible plant-like or fungal organism whose anchoring, support, transport, energy capture, growth, reproduction, ecology, and environmental adaptations are internally coherent.

Required visual and biological rules:
• credible anchoring
• coherent support and transport
• functional energy collectors
• reproductive logic
• environment-linked growth

Production request:
Create support and transport architecture.

Studio-resolved canonical values:
{{canonicalId}}, {{displayName}}, {{scientificName}}, {{originPlanet}}, {{planetType}}, {{biome}}, {{gravity}}, {{atmosphere}}, {{climate}}, {{temperatureRange}}, {{sizeScale}}, {{coloration}}, {{materials}}, {{distinctiveFeatures}}, {{lockedTraits}}, {{rarity}}, {{artDirection}}.

Preserve every locked canonical field exactly. The result must use NOVERIS Scientific Realism: premium AAA science-fiction quality, museum-grade reference presentation, scientifically plausible structure, coherent materials, restrained coloration unless canon requires otherwise, readable silhouette, consistent scale and anatomy or growth across all views, soft neutral studio lighting, pure black background for isolated references, full requested subject visibility, generous negative space, and PSD-friendly extraction. Habitat and biome outputs may use the canonical environment. No baked-in text, labels, watermark, logo, border, or UI.

Create four clearly different but canon-compliant versions. Preserve body plan or growth architecture, structural counts, environmental adaptations, materials, defining features, and locked coloration. Vary only permitted secondary proportions, markings, surface detail, minor ornamentation, natural wear, and pose or growth irregularity.

Recommended aspect ratio: 16:9.","text, labels, watermark, signature, logo, border, frame, UI, HUD, cropped subject, duplicate anatomy, contradictory anatomy, impossible balance, unsupported structures, random wings, random horns, humanoid default, fantasy armor, weapons, cartoon, anime, toy-like materials, excessive neon, excessive glow, oversaturated colors, busy background, motion blur, low resolution, compression artifacts, generic Earth copy, unsupported fantasy styling, traits conflicting with locked canon",1.0.0,canonical
NB2-PLT-PIII-013-SULFUR-BASED-FLORA-COLLECTORS,PLT-PIII-013-SULFUR-BASED-FLORA,Sulfur-Based Flora,collectors,Leaves or Collector Study,16:9,"Create a canonical NOVERIS Nano Banana 2 visual for Sulfur-Based Flora: Leaves or Collector Study.

Canonical archetype:
A canonical sulfur-based flora designed as a scientifically plausible plant-like or fungal organism whose anchoring, support, transport, energy capture, growth, reproduction, ecology, and environmental adaptations are internally coherent.

Required visual and biological rules:
• credible anchoring
• coherent support and transport
• functional energy collectors
• reproductive logic
• environment-linked growth

Production request:
Create front, back, edge, juvenile, mature and stressed states.

Studio-resolved canonical values:
{{canonicalId}}, {{displayName}}, {{scientificName}}, {{originPlanet}}, {{planetType}}, {{biome}}, {{gravity}}, {{atmosphere}}, {{climate}}, {{temperatureRange}}, {{sizeScale}}, {{coloration}}, {{materials}}, {{distinctiveFeatures}}, {{lockedTraits}}, {{rarity}}, {{artDirection}}.

Preserve every locked canonical field exactly. The result must use NOVERIS Scientific Realism: premium AAA science-fiction quality, museum-grade reference presentation, scientifically plausible structure, coherent materials, restrained coloration unless canon requires otherwise, readable silhouette, consistent scale and anatomy or growth across all views, soft neutral studio lighting, pure black background for isolated references, full requested subject visibility, generous negative space, and PSD-friendly extraction. Habitat and biome outputs may use the canonical environment. No baked-in text, labels, watermark, logo, border, or UI.

Create four clearly different but canon-compliant versions. Preserve body plan or growth architecture, structural counts, environmental adaptations, materials, defining features, and locked coloration. Vary only permitted secondary proportions, markings, surface detail, minor ornamentation, natural wear, and pose or growth irregularity.

Recommended aspect ratio: 16:9.","text, labels, watermark, signature, logo, border, frame, UI, HUD, cropped subject, duplicate anatomy, contradictory anatomy, impossible balance, unsupported structures, random wings, random horns, humanoid default, fantasy armor, weapons, cartoon, anime, toy-like materials, excessive neon, excessive glow, oversaturated colors, busy background, motion blur, low resolution, compression artifacts, generic Earth copy, unsupported fantasy styling, traits conflicting with locked canon",1.0.0,canonical
NB2-PLT-PIII-013-SULFUR-BASED-FLORA-REPRODUCTION,PLT-PIII-013-SULFUR-BASED-FLORA,Sulfur-Based Flora,reproduction,Reproductive Structure,16:9,"Create a canonical NOVERIS Nano Banana 2 visual for Sulfur-Based Flora: Reproductive Structure.

Canonical archetype:
A canonical sulfur-based flora designed as a scientifically plausible plant-like or fungal organism whose anchoring, support, transport, energy capture, growth, reproduction, ecology, and environmental adaptations are internally coherent.

Required visual and biological rules:
• credible anchoring
• coherent support and transport
• functional energy collectors
• reproductive logic
• environment-linked growth

Production request:
Create flowers, cones, spores, fields or equivalent stages.

Studio-resolved canonical values:
{{canonicalId}}, {{displayName}}, {{scientificName}}, {{originPlanet}}, {{planetType}}, {{biome}}, {{gravity}}, {{atmosphere}}, {{climate}}, {{temperatureRange}}, {{sizeScale}}, {{coloration}}, {{materials}}, {{distinctiveFeatures}}, {{lockedTraits}}, {{rarity}}, {{artDirection}}.

Preserve every locked canonical field exactly. The result must use NOVERIS Scientific Realism: premium AAA science-fiction quality, museum-grade reference presentation, scientifically plausible structure, coherent materials, restrained coloration unless canon requires otherwise, readable silhouette, consistent scale and anatomy or growth across all views, soft neutral studio lighting, pure black background for isolated references, full requested subject visibility, generous negative space, and PSD-friendly extraction. Habitat and biome outputs may use the canonical environment. No baked-in text, labels, watermark, logo, border, or UI.

Create four clearly different but canon-compliant versions. Preserve body plan or growth architecture, structural counts, environmental adaptations, materials, defining features, and locked coloration. Vary only permitted secondary proportions, markings, surface detail, minor ornamentation, natural wear, and pose or growth irregularity.

Recommended aspect ratio: 16:9.","text, labels, watermark, signature, logo, border, frame, UI, HUD, cropped subject, duplicate anatomy, contradictory anatomy, impossible balance, unsupported structures, random wings, random horns, humanoid default, fantasy armor, weapons, cartoon, anime, toy-like materials, excessive neon, excessive glow, oversaturated colors, busy background, motion blur, low resolution, compression artifacts, generic Earth copy, unsupported fantasy styling, traits conflicting with locked canon",1.0.0,canonical
NB2-PLT-PIII-013-SULFUR-BASED-FLORA-PROPAGULES,PLT-PIII-013-SULFUR-BASED-FLORA,Sulfur-Based Flora,propagules,"Seed, Spore or Propagule Study",16:9,"Create a canonical NOVERIS Nano Banana 2 visual for Sulfur-Based Flora: Seed, Spore or Propagule Study.

Canonical archetype:
A canonical sulfur-based flora designed as a scientifically plausible plant-like or fungal organism whose anchoring, support, transport, energy capture, growth, reproduction, ecology, and environmental adaptations are internally coherent.

Required visual and biological rules:
• credible anchoring
• coherent support and transport
• functional energy collectors
• reproductive logic
• environment-linked growth

Production request:
Create dispersal, germination and early establishment.

Studio-resolved canonical values:
{{canonicalId}}, {{displayName}}, {{scientificName}}, {{originPlanet}}, {{planetType}}, {{biome}}, {{gravity}}, {{atmosphere}}, {{climate}}, {{temperatureRange}}, {{sizeScale}}, {{coloration}}, {{materials}}, {{distinctiveFeatures}}, {{lockedTraits}}, {{rarity}}, {{artDirection}}.

Preserve every locked canonical field exactly. The result must use NOVERIS Scientific Realism: premium AAA science-fiction quality, museum-grade reference presentation, scientifically plausible structure, coherent materials, restrained coloration unless canon requires otherwise, readable silhouette, consistent scale and anatomy or growth across all views, soft neutral studio lighting, pure black background for isolated references, full requested subject visibility, generous negative space, and PSD-friendly extraction. Habitat and biome outputs may use the canonical environment. No baked-in text, labels, watermark, logo, border, or UI.

Create four clearly different but canon-compliant versions. Preserve body plan or growth architecture, structural counts, environmental adaptations, materials, defining features, and locked coloration. Vary only permitted secondary proportions, markings, surface detail, minor ornamentation, natural wear, and pose or growth irregularity.

Recommended aspect ratio: 16:9.","text, labels, watermark, signature, logo, border, frame, UI, HUD, cropped subject, duplicate anatomy, contradictory anatomy, impossible balance, unsupported structures, random wings, random horns, humanoid default, fantasy armor, weapons, cartoon, anime, toy-like materials, excessive neon, excessive glow, oversaturated colors, busy background, motion blur, low resolution, compression artifacts, generic Earth copy, unsupported fantasy styling, traits conflicting with locked canon",1.0.0,canonical
NB2-PLT-PIII-013-SULFUR-BASED-FLORA-CROSS-SECTION,PLT-PIII-013-SULFUR-BASED-FLORA,Sulfur-Based Flora,cross-section,Internal Cross Section,16:9,"Create a canonical NOVERIS Nano Banana 2 visual for Sulfur-Based Flora: Internal Cross Section.

Canonical archetype:
A canonical sulfur-based flora designed as a scientifically plausible plant-like or fungal organism whose anchoring, support, transport, energy capture, growth, reproduction, ecology, and environmental adaptations are internally coherent.

Required visual and biological rules:
• credible anchoring
• coherent support and transport
• functional energy collectors
• reproductive logic
• environment-linked growth

Production request:
Create protection, transport, support, storage and reproduction.

Studio-resolved canonical values:
{{canonicalId}}, {{displayName}}, {{scientificName}}, {{originPlanet}}, {{planetType}}, {{biome}}, {{gravity}}, {{atmosphere}}, {{climate}}, {{temperatureRange}}, {{sizeScale}}, {{coloration}}, {{materials}}, {{distinctiveFeatures}}, {{lockedTraits}}, {{rarity}}, {{artDirection}}.

Preserve every locked canonical field exactly. The result must use NOVERIS Scientific Realism: premium AAA science-fiction quality, museum-grade reference presentation, scientifically plausible structure, coherent materials, restrained coloration unless canon requires otherwise, readable silhouette, consistent scale and anatomy or growth across all views, soft neutral studio lighting, pure black background for isolated references, full requested subject visibility, generous negative space, and PSD-friendly extraction. Habitat and biome outputs may use the canonical environment. No baked-in text, labels, watermark, logo, border, or UI.

Create four clearly different but canon-compliant versions. Preserve body plan or growth architecture, structural counts, environmental adaptations, materials, defining features, and locked coloration. Vary only permitted secondary proportions, markings, surface detail, minor ornamentation, natural wear, and pose or growth irregularity.

Recommended aspect ratio: 16:9.","text, labels, watermark, signature, logo, border, frame, UI, HUD, cropped subject, duplicate anatomy, contradictory anatomy, impossible balance, unsupported structures, random wings, random horns, humanoid default, fantasy armor, weapons, cartoon, anime, toy-like materials, excessive neon, excessive glow, oversaturated colors, busy background, motion blur, low resolution, compression artifacts, generic Earth copy, unsupported fantasy styling, traits conflicting with locked canon",1.0.0,canonical
NB2-PLT-PIII-013-SULFUR-BASED-FLORA-GROWTH,PLT-PIII-013-SULFUR-BASED-FLORA,Sulfur-Based Flora,growth,Growth Stages,16:9,"Create a canonical NOVERIS Nano Banana 2 visual for Sulfur-Based Flora: Growth Stages.

Canonical archetype:
A canonical sulfur-based flora designed as a scientifically plausible plant-like or fungal organism whose anchoring, support, transport, energy capture, growth, reproduction, ecology, and environmental adaptations are internally coherent.

Required visual and biological rules:
• credible anchoring
• coherent support and transport
• functional energy collectors
• reproductive logic
• environment-linked growth

Production request:
Create propagule, juvenile, mature, reproductive and senescent stages.

Studio-resolved canonical values:
{{canonicalId}}, {{displayName}}, {{scientificName}}, {{originPlanet}}, {{planetType}}, {{biome}}, {{gravity}}, {{atmosphere}}, {{climate}}, {{temperatureRange}}, {{sizeScale}}, {{coloration}}, {{materials}}, {{distinctiveFeatures}}, {{lockedTraits}}, {{rarity}}, {{artDirection}}.

Preserve every locked canonical field exactly. The result must use NOVERIS Scientific Realism: premium AAA science-fiction quality, museum-grade reference presentation, scientifically plausible structure, coherent materials, restrained coloration unless canon requires otherwise, readable silhouette, consistent scale and anatomy or growth across all views, soft neutral studio lighting, pure black background for isolated references, full requested subject visibility, generous negative space, and PSD-friendly extraction. Habitat and biome outputs may use the canonical environment. No baked-in text, labels, watermark, logo, border, or UI.

Create four clearly different but canon-compliant versions. Preserve body plan or growth architecture, structural counts, environmental adaptations, materials, defining features, and locked coloration. Vary only permitted secondary proportions, markings, surface detail, minor ornamentation, natural wear, and pose or growth irregularity.

Recommended aspect ratio: 16:9.","text, labels, watermark, signature, logo, border, frame, UI, HUD, cropped subject, duplicate anatomy, contradictory anatomy, impossible balance, unsupported structures, random wings, random horns, humanoid default, fantasy armor, weapons, cartoon, anime, toy-like materials, excessive neon, excessive glow, oversaturated colors, busy background, motion blur, low resolution, compression artifacts, generic Earth copy, unsupported fantasy styling, traits conflicting with locked canon",1.0.0,canonical
NB2-PLT-PIII-013-SULFUR-BASED-FLORA-SEASONAL,PLT-PIII-013-SULFUR-BASED-FLORA,Sulfur-Based Flora,seasonal,Seasonal and Stress Variants,16:9,"Create a canonical NOVERIS Nano Banana 2 visual for Sulfur-Based Flora: Seasonal and Stress Variants.

Canonical archetype:
A canonical sulfur-based flora designed as a scientifically plausible plant-like or fungal organism whose anchoring, support, transport, energy capture, growth, reproduction, ecology, and environmental adaptations are internally coherent.

Required visual and biological rules:
• credible anchoring
• coherent support and transport
• functional energy collectors
• reproductive logic
• environment-linked growth

Production request:
Create growth, reproduction, dormancy, damage and recovery.

Studio-resolved canonical values:
{{canonicalId}}, {{displayName}}, {{scientificName}}, {{originPlanet}}, {{planetType}}, {{biome}}, {{gravity}}, {{atmosphere}}, {{climate}}, {{temperatureRange}}, {{sizeScale}}, {{coloration}}, {{materials}}, {{distinctiveFeatures}}, {{lockedTraits}}, {{rarity}}, {{artDirection}}.

Preserve every locked canonical field exactly. The result must use NOVERIS Scientific Realism: premium AAA science-fiction quality, museum-grade reference presentation, scientifically plausible structure, coherent materials, restrained coloration unless canon requires otherwise, readable silhouette, consistent scale and anatomy or growth across all views, soft neutral studio lighting, pure black background for isolated references, full requested subject visibility, generous negative space, and PSD-friendly extraction. Habitat and biome outputs may use the canonical environment. No baked-in text, labels, watermark, logo, border, or UI.

Create four clearly different but canon-compliant versions. Preserve body plan or growth architecture, structural counts, environmental adaptations, materials, defining features, and locked coloration. Vary only permitted secondary proportions, markings, surface detail, minor ornamentation, natural wear, and pose or growth irregularity.

Recommended aspect ratio: 16:9.","text, labels, watermark, signature, logo, border, frame, UI, HUD, cropped subject, duplicate anatomy, contradictory anatomy, impossible balance, unsupported structures, random wings, random horns, humanoid default, fantasy armor, weapons, cartoon, anime, toy-like materials, excessive neon, excessive glow, oversaturated colors, busy background, motion blur, low resolution, compression artifacts, generic Earth copy, unsupported fantasy styling, traits conflicting with locked canon",1.0.0,canonical
NB2-PLT-PIII-013-SULFUR-BASED-FLORA-HABITAT,PLT-PIII-013-SULFUR-BASED-FLORA,Sulfur-Based Flora,habitat,Native Habitat Composition,16:9,"Create a canonical NOVERIS Nano Banana 2 visual for Sulfur-Based Flora: Native Habitat Composition.

Canonical archetype:
A canonical sulfur-based flora designed as a scientifically plausible plant-like or fungal organism whose anchoring, support, transport, energy capture, growth, reproduction, ecology, and environmental adaptations are internally coherent.

Required visual and biological rules:
• credible anchoring
• coherent support and transport
• functional energy collectors
• reproductive logic
• environment-linked growth

Production request:
Create natural population with spacing and age diversity.

Studio-resolved canonical values:
{{canonicalId}}, {{displayName}}, {{scientificName}}, {{originPlanet}}, {{planetType}}, {{biome}}, {{gravity}}, {{atmosphere}}, {{climate}}, {{temperatureRange}}, {{sizeScale}}, {{coloration}}, {{materials}}, {{distinctiveFeatures}}, {{lockedTraits}}, {{rarity}}, {{artDirection}}.

Preserve every locked canonical field exactly. The result must use NOVERIS Scientific Realism: premium AAA science-fiction quality, museum-grade reference presentation, scientifically plausible structure, coherent materials, restrained coloration unless canon requires otherwise, readable silhouette, consistent scale and anatomy or growth across all views, soft neutral studio lighting, pure black background for isolated references, full requested subject visibility, generous negative space, and PSD-friendly extraction. Habitat and biome outputs may use the canonical environment. No baked-in text, labels, watermark, logo, border, or UI.

Create four clearly different but canon-compliant versions. Preserve body plan or growth architecture, structural counts, environmental adaptations, materials, defining features, and locked coloration. Vary only permitted secondary proportions, markings, surface detail, minor ornamentation, natural wear, and pose or growth irregularity.

Recommended aspect ratio: 16:9.","text, labels, watermark, signature, logo, border, frame, UI, HUD, cropped subject, duplicate anatomy, contradictory anatomy, impossible balance, unsupported structures, random wings, random horns, humanoid default, fantasy armor, weapons, cartoon, anime, toy-like materials, excessive neon, excessive glow, oversaturated colors, busy background, motion blur, low resolution, compression artifacts, generic Earth copy, unsupported fantasy styling, traits conflicting with locked canon",1.0.0,canonical
NB2-PLT-PIII-013-SULFUR-BASED-FLORA-BIOME,PLT-PIII-013-SULFUR-BASED-FLORA,Sulfur-Based Flora,biome,Biome Composition,16:9,"Create a canonical NOVERIS Nano Banana 2 visual for Sulfur-Based Flora: Biome Composition.

Canonical archetype:
A canonical sulfur-based flora designed as a scientifically plausible plant-like or fungal organism whose anchoring, support, transport, energy capture, growth, reproduction, ecology, and environmental adaptations are internally coherent.

Required visual and biological rules:
• credible anchoring
• coherent support and transport
• functional energy collectors
• reproductive logic
• environment-linked growth

Production request:
Create coordinated vegetation set at consistent scale.

Studio-resolved canonical values:
{{canonicalId}}, {{displayName}}, {{scientificName}}, {{originPlanet}}, {{planetType}}, {{biome}}, {{gravity}}, {{atmosphere}}, {{climate}}, {{temperatureRange}}, {{sizeScale}}, {{coloration}}, {{materials}}, {{distinctiveFeatures}}, {{lockedTraits}}, {{rarity}}, {{artDirection}}.

Preserve every locked canonical field exactly. The result must use NOVERIS Scientific Realism: premium AAA science-fiction quality, museum-grade reference presentation, scientifically plausible structure, coherent materials, restrained coloration unless canon requires otherwise, readable silhouette, consistent scale and anatomy or growth across all views, soft neutral studio lighting, pure black background for isolated references, full requested subject visibility, generous negative space, and PSD-friendly extraction. Habitat and biome outputs may use the canonical environment. No baked-in text, labels, watermark, logo, border, or UI.

Create four clearly different but canon-compliant versions. Preserve body plan or growth architecture, structural counts, environmental adaptations, materials, defining features, and locked coloration. Vary only permitted secondary proportions, markings, surface detail, minor ornamentation, natural wear, and pose or growth irregularity.

Recommended aspect ratio: 16:9.","text, labels, watermark, signature, logo, border, frame, UI, HUD, cropped subject, duplicate anatomy, contradictory anatomy, impossible balance, unsupported structures, random wings, random horns, humanoid default, fantasy armor, weapons, cartoon, anime, toy-like materials, excessive neon, excessive glow, oversaturated colors, busy background, motion blur, low resolution, compression artifacts, generic Earth copy, unsupported fantasy styling, traits conflicting with locked canon",1.0.0,canonical
NB2-PLT-PIII-013-SULFUR-BASED-FLORA-DISCOVERY,PLT-PIII-013-SULFUR-BASED-FLORA,Sulfur-Based Flora,discovery,Discovery Scan,16:9,"Create a canonical NOVERIS Nano Banana 2 visual for Sulfur-Based Flora: Discovery Scan.

Canonical archetype:
A canonical sulfur-based flora designed as a scientifically plausible plant-like or fungal organism whose anchoring, support, transport, energy capture, growth, reproduction, ecology, and environmental adaptations are internally coherent.

Required visual and biological rules:
• credible anchoring
• coherent support and transport
• functional energy collectors
• reproductive logic
• environment-linked growth

Production request:
Create centered scientific scan source without labels.

Studio-resolved canonical values:
{{canonicalId}}, {{displayName}}, {{scientificName}}, {{originPlanet}}, {{planetType}}, {{biome}}, {{gravity}}, {{atmosphere}}, {{climate}}, {{temperatureRange}}, {{sizeScale}}, {{coloration}}, {{materials}}, {{distinctiveFeatures}}, {{lockedTraits}}, {{rarity}}, {{artDirection}}.

Preserve every locked canonical field exactly. The result must use NOVERIS Scientific Realism: premium AAA science-fiction quality, museum-grade reference presentation, scientifically plausible structure, coherent materials, restrained coloration unless canon requires otherwise, readable silhouette, consistent scale and anatomy or growth across all views, soft neutral studio lighting, pure black background for isolated references, full requested subject visibility, generous negative space, and PSD-friendly extraction. Habitat and biome outputs may use the canonical environment. No baked-in text, labels, watermark, logo, border, or UI.

Create four clearly different but canon-compliant versions. Preserve body plan or growth architecture, structural counts, environmental adaptations, materials, defining features, and locked coloration. Vary only permitted secondary proportions, markings, surface detail, minor ornamentation, natural wear, and pose or growth irregularity.

Recommended aspect ratio: 16:9.","text, labels, watermark, signature, logo, border, frame, UI, HUD, cropped subject, duplicate anatomy, contradictory anatomy, impossible balance, unsupported structures, random wings, random horns, humanoid default, fantasy armor, weapons, cartoon, anime, toy-like materials, excessive neon, excessive glow, oversaturated colors, busy background, motion blur, low resolution, compression artifacts, generic Earth copy, unsupported fantasy styling, traits conflicting with locked canon",1.0.0,canonical
NB2-PLT-PIII-013-SULFUR-BASED-FLORA-ICON,PLT-PIII-013-SULFUR-BASED-FLORA,Sulfur-Based Flora,icon,UI Icon,1:1,"Create a canonical NOVERIS Nano Banana 2 visual for Sulfur-Based Flora: UI Icon.

Canonical archetype:
A canonical sulfur-based flora designed as a scientifically plausible plant-like or fungal organism whose anchoring, support, transport, energy capture, growth, reproduction, ecology, and environmental adaptations are internally coherent.

Required visual and biological rules:
• credible anchoring
• coherent support and transport
• functional energy collectors
• reproductive logic
• environment-linked growth

Production request:
Create isolated silhouette readable at 64 pixels.

Studio-resolved canonical values:
{{canonicalId}}, {{displayName}}, {{scientificName}}, {{originPlanet}}, {{planetType}}, {{biome}}, {{gravity}}, {{atmosphere}}, {{climate}}, {{temperatureRange}}, {{sizeScale}}, {{coloration}}, {{materials}}, {{distinctiveFeatures}}, {{lockedTraits}}, {{rarity}}, {{artDirection}}.

Preserve every locked canonical field exactly. The result must use NOVERIS Scientific Realism: premium AAA science-fiction quality, museum-grade reference presentation, scientifically plausible structure, coherent materials, restrained coloration unless canon requires otherwise, readable silhouette, consistent scale and anatomy or growth across all views, soft neutral studio lighting, pure black background for isolated references, full requested subject visibility, generous negative space, and PSD-friendly extraction. Habitat and biome outputs may use the canonical environment. No baked-in text, labels, watermark, logo, border, or UI.

Create four clearly different but canon-compliant versions. Preserve body plan or growth architecture, structural counts, environmental adaptations, materials, defining features, and locked coloration. Vary only permitted secondary proportions, markings, surface detail, minor ornamentation, natural wear, and pose or growth irregularity.

Recommended aspect ratio: 1:1.","text, labels, watermark, signature, logo, border, frame, UI, HUD, cropped subject, duplicate anatomy, contradictory anatomy, impossible balance, unsupported structures, random wings, random horns, humanoid default, fantasy armor, weapons, cartoon, anime, toy-like materials, excessive neon, excessive glow, oversaturated colors, busy background, motion blur, low resolution, compression artifacts, generic Earth copy, unsupported fantasy styling, traits conflicting with locked canon",1.0.0,canonical
NB2-PLT-PIII-013-SULFUR-BASED-FLORA-SCALE,PLT-PIII-013-SULFUR-BASED-FLORA,Sulfur-Based Flora,scale,Scale Comparison,16:9,"Create a canonical NOVERIS Nano Banana 2 visual for Sulfur-Based Flora: Scale Comparison.

Canonical archetype:
A canonical sulfur-based flora designed as a scientifically plausible plant-like or fungal organism whose anchoring, support, transport, energy capture, growth, reproduction, ecology, and environmental adaptations are internally coherent.

Required visual and biological rules:
• credible anchoring
• coherent support and transport
• functional energy collectors
• reproductive logic
• environment-linked growth

Production request:
Create side view with adult human silhouette and one-meter bar.

Studio-resolved canonical values:
{{canonicalId}}, {{displayName}}, {{scientificName}}, {{originPlanet}}, {{planetType}}, {{biome}}, {{gravity}}, {{atmosphere}}, {{climate}}, {{temperatureRange}}, {{sizeScale}}, {{coloration}}, {{materials}}, {{distinctiveFeatures}}, {{lockedTraits}}, {{rarity}}, {{artDirection}}.

Preserve every locked canonical field exactly. The result must use NOVERIS Scientific Realism: premium AAA science-fiction quality, museum-grade reference presentation, scientifically plausible structure, coherent materials, restrained coloration unless canon requires otherwise, readable silhouette, consistent scale and anatomy or growth across all views, soft neutral studio lighting, pure black background for isolated references, full requested subject visibility, generous negative space, and PSD-friendly extraction. Habitat and biome outputs may use the canonical environment. No baked-in text, labels, watermark, logo, border, or UI.

Create four clearly different but canon-compliant versions. Preserve body plan or growth architecture, structural counts, environmental adaptations, materials, defining features, and locked coloration. Vary only permitted secondary proportions, markings, surface detail, minor ornamentation, natural wear, and pose or growth irregularity.

Recommended aspect ratio: 16:9.","text, labels, watermark, signature, logo, border, frame, UI, HUD, cropped subject, duplicate anatomy, contradictory anatomy, impossible balance, unsupported structures, random wings, random horns, humanoid default, fantasy armor, weapons, cartoon, anime, toy-like materials, excessive neon, excessive glow, oversaturated colors, busy background, motion blur, low resolution, compression artifacts, generic Earth copy, unsupported fantasy styling, traits conflicting with locked canon",1.0.0,canonical
NB2-PLT-PIII-013-SULFUR-BASED-FLORA-PLATE,PLT-PIII-013-SULFUR-BASED-FLORA,Sulfur-Based Flora,plate,Master Botanical Plate,16:9,"Create a canonical NOVERIS Nano Banana 2 visual for Sulfur-Based Flora: Master Botanical Plate.

Canonical archetype:
A canonical sulfur-based flora designed as a scientifically plausible plant-like or fungal organism whose anchoring, support, transport, energy capture, growth, reproduction, ecology, and environmental adaptations are internally coherent.

Required visual and biological rules:
• credible anchoring
• coherent support and transport
• functional energy collectors
• reproductive logic
• environment-linked growth

Production request:
Create whole organism, views, roots, structure, collectors, reproduction, stages, materials and habitat vignette.

Studio-resolved canonical values:
{{canonicalId}}, {{displayName}}, {{scientificName}}, {{originPlanet}}, {{planetType}}, {{biome}}, {{gravity}}, {{atmosphere}}, {{climate}}, {{temperatureRange}}, {{sizeScale}}, {{coloration}}, {{materials}}, {{distinctiveFeatures}}, {{lockedTraits}}, {{rarity}}, {{artDirection}}.

Preserve every locked canonical field exactly. The result must use NOVERIS Scientific Realism: premium AAA science-fiction quality, museum-grade reference presentation, scientifically plausible structure, coherent materials, restrained coloration unless canon requires otherwise, readable silhouette, consistent scale and anatomy or growth across all views, soft neutral studio lighting, pure black background for isolated references, full requested subject visibility, generous negative space, and PSD-friendly extraction. Habitat and biome outputs may use the canonical environment. No baked-in text, labels, watermark, logo, border, or UI.

Create four clearly different but canon-compliant versions. Preserve body plan or growth architecture, structural counts, environmental adaptations, materials, defining features, and locked coloration. Vary only permitted secondary proportions, markings, surface detail, minor ornamentation, natural wear, and pose or growth irregularity.

Recommended aspect ratio: 16:9.","text, labels, watermark, signature, logo, border, frame, UI, HUD, cropped subject, duplicate anatomy, contradictory anatomy, impossible balance, unsupported structures, random wings, random horns, humanoid default, fantasy armor, weapons, cartoon, anime, toy-like materials, excessive neon, excessive glow, oversaturated colors, busy background, motion blur, low resolution, compression artifacts, generic Earth copy, unsupported fantasy styling, traits conflicting with locked canon",1.0.0,canonical
NB2-PLT-PIII-013-SULFUR-BASED-FLORA-PSD,PLT-PIII-013-SULFUR-BASED-FLORA,Sulfur-Based Flora,psd,PSD Extraction Board,16:9,"Create a canonical NOVERIS Nano Banana 2 visual for Sulfur-Based Flora: PSD Extraction Board.

Canonical archetype:
A canonical sulfur-based flora designed as a scientifically plausible plant-like or fungal organism whose anchoring, support, transport, energy capture, growth, reproduction, ecology, and environmental adaptations are internally coherent.

Required visual and biological rules:
• credible anchoring
• coherent support and transport
• functional energy collectors
• reproductive logic
• environment-linked growth

Production request:
Create isolated whole organism, parts, silhouette and material references.

Studio-resolved canonical values:
{{canonicalId}}, {{displayName}}, {{scientificName}}, {{originPlanet}}, {{planetType}}, {{biome}}, {{gravity}}, {{atmosphere}}, {{climate}}, {{temperatureRange}}, {{sizeScale}}, {{coloration}}, {{materials}}, {{distinctiveFeatures}}, {{lockedTraits}}, {{rarity}}, {{artDirection}}.

Preserve every locked canonical field exactly. The result must use NOVERIS Scientific Realism: premium AAA science-fiction quality, museum-grade reference presentation, scientifically plausible structure, coherent materials, restrained coloration unless canon requires otherwise, readable silhouette, consistent scale and anatomy or growth across all views, soft neutral studio lighting, pure black background for isolated references, full requested subject visibility, generous negative space, and PSD-friendly extraction. Habitat and biome outputs may use the canonical environment. No baked-in text, labels, watermark, logo, border, or UI.

Create four clearly different but canon-compliant versions. Preserve body plan or growth architecture, structural counts, environmental adaptations, materials, defining features, and locked coloration. Vary only permitted secondary proportions, markings, surface detail, minor ornamentation, natural wear, and pose or growth irregularity.

Recommended aspect ratio: 16:9.","text, labels, watermark, signature, logo, border, frame, UI, HUD, cropped subject, duplicate anatomy, contradictory anatomy, impossible balance, unsupported structures, random wings, random horns, humanoid default, fantasy armor, weapons, cartoon, anime, toy-like materials, excessive neon, excessive glow, oversaturated colors, busy background, motion blur, low resolution, compression artifacts, generic Earth copy, unsupported fantasy styling, traits conflicting with locked canon",1.0.0,canonical
NB2-PLT-PIII-014-GEOTHERMAL-FLORA-WHOLE-PLANT,PLT-PIII-014-GEOTHERMAL-FLORA,Geothermal Flora,whole-plant,Whole Plant Production Render,3:4,"Create a canonical NOVERIS Nano Banana 2 visual for Geothermal Flora: Whole Plant Production Render.

Canonical archetype:
A canonical geothermal flora designed as a scientifically plausible plant-like or fungal organism whose anchoring, support, transport, energy capture, growth, reproduction, ecology, and environmental adaptations are internally coherent.

Required visual and biological rules:
• credible anchoring
• coherent support and transport
• functional energy collectors
• reproductive logic
• environment-linked growth

Production request:
Create complete mature organism including roots or anchor system.

Studio-resolved canonical values:
{{canonicalId}}, {{displayName}}, {{scientificName}}, {{originPlanet}}, {{planetType}}, {{biome}}, {{gravity}}, {{atmosphere}}, {{climate}}, {{temperatureRange}}, {{sizeScale}}, {{coloration}}, {{materials}}, {{distinctiveFeatures}}, {{lockedTraits}}, {{rarity}}, {{artDirection}}.

Preserve every locked canonical field exactly. The result must use NOVERIS Scientific Realism: premium AAA science-fiction quality, museum-grade reference presentation, scientifically plausible structure, coherent materials, restrained coloration unless canon requires otherwise, readable silhouette, consistent scale and anatomy or growth across all views, soft neutral studio lighting, pure black background for isolated references, full requested subject visibility, generous negative space, and PSD-friendly extraction. Habitat and biome outputs may use the canonical environment. No baked-in text, labels, watermark, logo, border, or UI.

Create four clearly different but canon-compliant versions. Preserve body plan or growth architecture, structural counts, environmental adaptations, materials, defining features, and locked coloration. Vary only permitted secondary proportions, markings, surface detail, minor ornamentation, natural wear, and pose or growth irregularity.

Recommended aspect ratio: 3:4.","text, labels, watermark, signature, logo, border, frame, UI, HUD, cropped subject, duplicate anatomy, contradictory anatomy, impossible balance, unsupported structures, random wings, random horns, humanoid default, fantasy armor, weapons, cartoon, anime, toy-like materials, excessive neon, excessive glow, oversaturated colors, busy background, motion blur, low resolution, compression artifacts, generic Earth copy, unsupported fantasy styling, traits conflicting with locked canon",1.0.0,canonical
NB2-PLT-PIII-014-GEOTHERMAL-FLORA-PORTRAIT,PLT-PIII-014-GEOTHERMAL-FLORA,Geothermal Flora,portrait,Botanical Portrait,1:1,"Create a canonical NOVERIS Nano Banana 2 visual for Geothermal Flora: Botanical Portrait.

Canonical archetype:
A canonical geothermal flora designed as a scientifically plausible plant-like or fungal organism whose anchoring, support, transport, energy capture, growth, reproduction, ecology, and environmental adaptations are internally coherent.

Required visual and biological rules:
• credible anchoring
• coherent support and transport
• functional energy collectors
• reproductive logic
• environment-linked growth

Production request:
Create defining growth form, foliage, collectors and reproduction.

Studio-resolved canonical values:
{{canonicalId}}, {{displayName}}, {{scientificName}}, {{originPlanet}}, {{planetType}}, {{biome}}, {{gravity}}, {{atmosphere}}, {{climate}}, {{temperatureRange}}, {{sizeScale}}, {{coloration}}, {{materials}}, {{distinctiveFeatures}}, {{lockedTraits}}, {{rarity}}, {{artDirection}}.

Preserve every locked canonical field exactly. The result must use NOVERIS Scientific Realism: premium AAA science-fiction quality, museum-grade reference presentation, scientifically plausible structure, coherent materials, restrained coloration unless canon requires otherwise, readable silhouette, consistent scale and anatomy or growth across all views, soft neutral studio lighting, pure black background for isolated references, full requested subject visibility, generous negative space, and PSD-friendly extraction. Habitat and biome outputs may use the canonical environment. No baked-in text, labels, watermark, logo, border, or UI.

Create four clearly different but canon-compliant versions. Preserve body plan or growth architecture, structural counts, environmental adaptations, materials, defining features, and locked coloration. Vary only permitted secondary proportions, markings, surface detail, minor ornamentation, natural wear, and pose or growth irregularity.

Recommended aspect ratio: 1:1.","text, labels, watermark, signature, logo, border, frame, UI, HUD, cropped subject, duplicate anatomy, contradictory anatomy, impossible balance, unsupported structures, random wings, random horns, humanoid default, fantasy armor, weapons, cartoon, anime, toy-like materials, excessive neon, excessive glow, oversaturated colors, busy background, motion blur, low resolution, compression artifacts, generic Earth copy, unsupported fantasy styling, traits conflicting with locked canon",1.0.0,canonical
NB2-PLT-PIII-014-GEOTHERMAL-FLORA-ORTHO-FRONT,PLT-PIII-014-GEOTHERMAL-FLORA,Geothermal Flora,ortho-front,Orthographic Front,3:4,"Create a canonical NOVERIS Nano Banana 2 visual for Geothermal Flora: Orthographic Front.

Canonical archetype:
A canonical geothermal flora designed as a scientifically plausible plant-like or fungal organism whose anchoring, support, transport, energy capture, growth, reproduction, ecology, and environmental adaptations are internally coherent.

Required visual and biological rules:
• credible anchoring
• coherent support and transport
• functional energy collectors
• reproductive logic
• environment-linked growth

Production request:
Create exact front orthographic view.

Studio-resolved canonical values:
{{canonicalId}}, {{displayName}}, {{scientificName}}, {{originPlanet}}, {{planetType}}, {{biome}}, {{gravity}}, {{atmosphere}}, {{climate}}, {{temperatureRange}}, {{sizeScale}}, {{coloration}}, {{materials}}, {{distinctiveFeatures}}, {{lockedTraits}}, {{rarity}}, {{artDirection}}.

Preserve every locked canonical field exactly. The result must use NOVERIS Scientific Realism: premium AAA science-fiction quality, museum-grade reference presentation, scientifically plausible structure, coherent materials, restrained coloration unless canon requires otherwise, readable silhouette, consistent scale and anatomy or growth across all views, soft neutral studio lighting, pure black background for isolated references, full requested subject visibility, generous negative space, and PSD-friendly extraction. Habitat and biome outputs may use the canonical environment. No baked-in text, labels, watermark, logo, border, or UI.

Create four clearly different but canon-compliant versions. Preserve body plan or growth architecture, structural counts, environmental adaptations, materials, defining features, and locked coloration. Vary only permitted secondary proportions, markings, surface detail, minor ornamentation, natural wear, and pose or growth irregularity.

Recommended aspect ratio: 3:4.","text, labels, watermark, signature, logo, border, frame, UI, HUD, cropped subject, duplicate anatomy, contradictory anatomy, impossible balance, unsupported structures, random wings, random horns, humanoid default, fantasy armor, weapons, cartoon, anime, toy-like materials, excessive neon, excessive glow, oversaturated colors, busy background, motion blur, low resolution, compression artifacts, generic Earth copy, unsupported fantasy styling, traits conflicting with locked canon",1.0.0,canonical
NB2-PLT-PIII-014-GEOTHERMAL-FLORA-ORTHO-SIDE,PLT-PIII-014-GEOTHERMAL-FLORA,Geothermal Flora,ortho-side,Orthographic Side,3:4,"Create a canonical NOVERIS Nano Banana 2 visual for Geothermal Flora: Orthographic Side.

Canonical archetype:
A canonical geothermal flora designed as a scientifically plausible plant-like or fungal organism whose anchoring, support, transport, energy capture, growth, reproduction, ecology, and environmental adaptations are internally coherent.

Required visual and biological rules:
• credible anchoring
• coherent support and transport
• functional energy collectors
• reproductive logic
• environment-linked growth

Production request:
Create exact side orthographic view.

Studio-resolved canonical values:
{{canonicalId}}, {{displayName}}, {{scientificName}}, {{originPlanet}}, {{planetType}}, {{biome}}, {{gravity}}, {{atmosphere}}, {{climate}}, {{temperatureRange}}, {{sizeScale}}, {{coloration}}, {{materials}}, {{distinctiveFeatures}}, {{lockedTraits}}, {{rarity}}, {{artDirection}}.

Preserve every locked canonical field exactly. The result must use NOVERIS Scientific Realism: premium AAA science-fiction quality, museum-grade reference presentation, scientifically plausible structure, coherent materials, restrained coloration unless canon requires otherwise, readable silhouette, consistent scale and anatomy or growth across all views, soft neutral studio lighting, pure black background for isolated references, full requested subject visibility, generous negative space, and PSD-friendly extraction. Habitat and biome outputs may use the canonical environment. No baked-in text, labels, watermark, logo, border, or UI.

Create four clearly different but canon-compliant versions. Preserve body plan or growth architecture, structural counts, environmental adaptations, materials, defining features, and locked coloration. Vary only permitted secondary proportions, markings, surface detail, minor ornamentation, natural wear, and pose or growth irregularity.

Recommended aspect ratio: 3:4.","text, labels, watermark, signature, logo, border, frame, UI, HUD, cropped subject, duplicate anatomy, contradictory anatomy, impossible balance, unsupported structures, random wings, random horns, humanoid default, fantasy armor, weapons, cartoon, anime, toy-like materials, excessive neon, excessive glow, oversaturated colors, busy background, motion blur, low resolution, compression artifacts, generic Earth copy, unsupported fantasy styling, traits conflicting with locked canon",1.0.0,canonical
NB2-PLT-PIII-014-GEOTHERMAL-FLORA-ORTHO-TOP,PLT-PIII-014-GEOTHERMAL-FLORA,Geothermal Flora,ortho-top,Orthographic Top,1:1,"Create a canonical NOVERIS Nano Banana 2 visual for Geothermal Flora: Orthographic Top.

Canonical archetype:
A canonical geothermal flora designed as a scientifically plausible plant-like or fungal organism whose anchoring, support, transport, energy capture, growth, reproduction, ecology, and environmental adaptations are internally coherent.

Required visual and biological rules:
• credible anchoring
• coherent support and transport
• functional energy collectors
• reproductive logic
• environment-linked growth

Production request:
Create exact top view showing spread and growth geometry.

Studio-resolved canonical values:
{{canonicalId}}, {{displayName}}, {{scientificName}}, {{originPlanet}}, {{planetType}}, {{biome}}, {{gravity}}, {{atmosphere}}, {{climate}}, {{temperatureRange}}, {{sizeScale}}, {{coloration}}, {{materials}}, {{distinctiveFeatures}}, {{lockedTraits}}, {{rarity}}, {{artDirection}}.

Preserve every locked canonical field exactly. The result must use NOVERIS Scientific Realism: premium AAA science-fiction quality, museum-grade reference presentation, scientifically plausible structure, coherent materials, restrained coloration unless canon requires otherwise, readable silhouette, consistent scale and anatomy or growth across all views, soft neutral studio lighting, pure black background for isolated references, full requested subject visibility, generous negative space, and PSD-friendly extraction. Habitat and biome outputs may use the canonical environment. No baked-in text, labels, watermark, logo, border, or UI.

Create four clearly different but canon-compliant versions. Preserve body plan or growth architecture, structural counts, environmental adaptations, materials, defining features, and locked coloration. Vary only permitted secondary proportions, markings, surface detail, minor ornamentation, natural wear, and pose or growth irregularity.

Recommended aspect ratio: 1:1.","text, labels, watermark, signature, logo, border, frame, UI, HUD, cropped subject, duplicate anatomy, contradictory anatomy, impossible balance, unsupported structures, random wings, random horns, humanoid default, fantasy armor, weapons, cartoon, anime, toy-like materials, excessive neon, excessive glow, oversaturated colors, busy background, motion blur, low resolution, compression artifacts, generic Earth copy, unsupported fantasy styling, traits conflicting with locked canon",1.0.0,canonical
NB2-PLT-PIII-014-GEOTHERMAL-FLORA-ROOTS,PLT-PIII-014-GEOTHERMAL-FLORA,Geothermal Flora,roots,Root or Anchor System,16:9,"Create a canonical NOVERIS Nano Banana 2 visual for Geothermal Flora: Root or Anchor System.

Canonical archetype:
A canonical geothermal flora designed as a scientifically plausible plant-like or fungal organism whose anchoring, support, transport, energy capture, growth, reproduction, ecology, and environmental adaptations are internally coherent.

Required visual and biological rules:
• credible anchoring
• coherent support and transport
• functional energy collectors
• reproductive logic
• environment-linked growth

Production request:
Create complete substrate interface and nutrient exchange structures.

Studio-resolved canonical values:
{{canonicalId}}, {{displayName}}, {{scientificName}}, {{originPlanet}}, {{planetType}}, {{biome}}, {{gravity}}, {{atmosphere}}, {{climate}}, {{temperatureRange}}, {{sizeScale}}, {{coloration}}, {{materials}}, {{distinctiveFeatures}}, {{lockedTraits}}, {{rarity}}, {{artDirection}}.

Preserve every locked canonical field exactly. The result must use NOVERIS Scientific Realism: premium AAA science-fiction quality, museum-grade reference presentation, scientifically plausible structure, coherent materials, restrained coloration unless canon requires otherwise, readable silhouette, consistent scale and anatomy or growth across all views, soft neutral studio lighting, pure black background for isolated references, full requested subject visibility, generous negative space, and PSD-friendly extraction. Habitat and biome outputs may use the canonical environment. No baked-in text, labels, watermark, logo, border, or UI.

Create four clearly different but canon-compliant versions. Preserve body plan or growth architecture, structural counts, environmental adaptations, materials, defining features, and locked coloration. Vary only permitted secondary proportions, markings, surface detail, minor ornamentation, natural wear, and pose or growth irregularity.

Recommended aspect ratio: 16:9.","text, labels, watermark, signature, logo, border, frame, UI, HUD, cropped subject, duplicate anatomy, contradictory anatomy, impossible balance, unsupported structures, random wings, random horns, humanoid default, fantasy armor, weapons, cartoon, anime, toy-like materials, excessive neon, excessive glow, oversaturated colors, busy background, motion blur, low resolution, compression artifacts, generic Earth copy, unsupported fantasy styling, traits conflicting with locked canon",1.0.0,canonical
NB2-PLT-PIII-014-GEOTHERMAL-FLORA-STEMS,PLT-PIII-014-GEOTHERMAL-FLORA,Geothermal Flora,stems,"Stem, Trunk or Structural Study",16:9,"Create a canonical NOVERIS Nano Banana 2 visual for Geothermal Flora: Stem, Trunk or Structural Study.

Canonical archetype:
A canonical geothermal flora designed as a scientifically plausible plant-like or fungal organism whose anchoring, support, transport, energy capture, growth, reproduction, ecology, and environmental adaptations are internally coherent.

Required visual and biological rules:
• credible anchoring
• coherent support and transport
• functional energy collectors
• reproductive logic
• environment-linked growth

Production request:
Create support and transport architecture.

Studio-resolved canonical values:
{{canonicalId}}, {{displayName}}, {{scientificName}}, {{originPlanet}}, {{planetType}}, {{biome}}, {{gravity}}, {{atmosphere}}, {{climate}}, {{temperatureRange}}, {{sizeScale}}, {{coloration}}, {{materials}}, {{distinctiveFeatures}}, {{lockedTraits}}, {{rarity}}, {{artDirection}}.

Preserve every locked canonical field exactly. The result must use NOVERIS Scientific Realism: premium AAA science-fiction quality, museum-grade reference presentation, scientifically plausible structure, coherent materials, restrained coloration unless canon requires otherwise, readable silhouette, consistent scale and anatomy or growth across all views, soft neutral studio lighting, pure black background for isolated references, full requested subject visibility, generous negative space, and PSD-friendly extraction. Habitat and biome outputs may use the canonical environment. No baked-in text, labels, watermark, logo, border, or UI.

Create four clearly different but canon-compliant versions. Preserve body plan or growth architecture, structural counts, environmental adaptations, materials, defining features, and locked coloration. Vary only permitted secondary proportions, markings, surface detail, minor ornamentation, natural wear, and pose or growth irregularity.

Recommended aspect ratio: 16:9.","text, labels, watermark, signature, logo, border, frame, UI, HUD, cropped subject, duplicate anatomy, contradictory anatomy, impossible balance, unsupported structures, random wings, random horns, humanoid default, fantasy armor, weapons, cartoon, anime, toy-like materials, excessive neon, excessive glow, oversaturated colors, busy background, motion blur, low resolution, compression artifacts, generic Earth copy, unsupported fantasy styling, traits conflicting with locked canon",1.0.0,canonical
NB2-PLT-PIII-014-GEOTHERMAL-FLORA-COLLECTORS,PLT-PIII-014-GEOTHERMAL-FLORA,Geothermal Flora,collectors,Leaves or Collector Study,16:9,"Create a canonical NOVERIS Nano Banana 2 visual for Geothermal Flora: Leaves or Collector Study.

Canonical archetype:
A canonical geothermal flora designed as a scientifically plausible plant-like or fungal organism whose anchoring, support, transport, energy capture, growth, reproduction, ecology, and environmental adaptations are internally coherent.

Required visual and biological rules:
• credible anchoring
• coherent support and transport
• functional energy collectors
• reproductive logic
• environment-linked growth

Production request:
Create front, back, edge, juvenile, mature and stressed states.

Studio-resolved canonical values:
{{canonicalId}}, {{displayName}}, {{scientificName}}, {{originPlanet}}, {{planetType}}, {{biome}}, {{gravity}}, {{atmosphere}}, {{climate}}, {{temperatureRange}}, {{sizeScale}}, {{coloration}}, {{materials}}, {{distinctiveFeatures}}, {{lockedTraits}}, {{rarity}}, {{artDirection}}.

Preserve every locked canonical field exactly. The result must use NOVERIS Scientific Realism: premium AAA science-fiction quality, museum-grade reference presentation, scientifically plausible structure, coherent materials, restrained coloration unless canon requires otherwise, readable silhouette, consistent scale and anatomy or growth across all views, soft neutral studio lighting, pure black background for isolated references, full requested subject visibility, generous negative space, and PSD-friendly extraction. Habitat and biome outputs may use the canonical environment. No baked-in text, labels, watermark, logo, border, or UI.

Create four clearly different but canon-compliant versions. Preserve body plan or growth architecture, structural counts, environmental adaptations, materials, defining features, and locked coloration. Vary only permitted secondary proportions, markings, surface detail, minor ornamentation, natural wear, and pose or growth irregularity.

Recommended aspect ratio: 16:9.","text, labels, watermark, signature, logo, border, frame, UI, HUD, cropped subject, duplicate anatomy, contradictory anatomy, impossible balance, unsupported structures, random wings, random horns, humanoid default, fantasy armor, weapons, cartoon, anime, toy-like materials, excessive neon, excessive glow, oversaturated colors, busy background, motion blur, low resolution, compression artifacts, generic Earth copy, unsupported fantasy styling, traits conflicting with locked canon",1.0.0,canonical
NB2-PLT-PIII-014-GEOTHERMAL-FLORA-REPRODUCTION,PLT-PIII-014-GEOTHERMAL-FLORA,Geothermal Flora,reproduction,Reproductive Structure,16:9,"Create a canonical NOVERIS Nano Banana 2 visual for Geothermal Flora: Reproductive Structure.

Canonical archetype:
A canonical geothermal flora designed as a scientifically plausible plant-like or fungal organism whose anchoring, support, transport, energy capture, growth, reproduction, ecology, and environmental adaptations are internally coherent.

Required visual and biological rules:
• credible anchoring
• coherent support and transport
• functional energy collectors
• reproductive logic
• environment-linked growth

Production request:
Create flowers, cones, spores, fields or equivalent stages.

Studio-resolved canonical values:
{{canonicalId}}, {{displayName}}, {{scientificName}}, {{originPlanet}}, {{planetType}}, {{biome}}, {{gravity}}, {{atmosphere}}, {{climate}}, {{temperatureRange}}, {{sizeScale}}, {{coloration}}, {{materials}}, {{distinctiveFeatures}}, {{lockedTraits}}, {{rarity}}, {{artDirection}}.

Preserve every locked canonical field exactly. The result must use NOVERIS Scientific Realism: premium AAA science-fiction quality, museum-grade reference presentation, scientifically plausible structure, coherent materials, restrained coloration unless canon requires otherwise, readable silhouette, consistent scale and anatomy or growth across all views, soft neutral studio lighting, pure black background for isolated references, full requested subject visibility, generous negative space, and PSD-friendly extraction. Habitat and biome outputs may use the canonical environment. No baked-in text, labels, watermark, logo, border, or UI.

Create four clearly different but canon-compliant versions. Preserve body plan or growth architecture, structural counts, environmental adaptations, materials, defining features, and locked coloration. Vary only permitted secondary proportions, markings, surface detail, minor ornamentation, natural wear, and pose or growth irregularity.

Recommended aspect ratio: 16:9.","text, labels, watermark, signature, logo, border, frame, UI, HUD, cropped subject, duplicate anatomy, contradictory anatomy, impossible balance, unsupported structures, random wings, random horns, humanoid default, fantasy armor, weapons, cartoon, anime, toy-like materials, excessive neon, excessive glow, oversaturated colors, busy background, motion blur, low resolution, compression artifacts, generic Earth copy, unsupported fantasy styling, traits conflicting with locked canon",1.0.0,canonical
NB2-PLT-PIII-014-GEOTHERMAL-FLORA-PROPAGULES,PLT-PIII-014-GEOTHERMAL-FLORA,Geothermal Flora,propagules,"Seed, Spore or Propagule Study",16:9,"Create a canonical NOVERIS Nano Banana 2 visual for Geothermal Flora: Seed, Spore or Propagule Study.

Canonical archetype:
A canonical geothermal flora designed as a scientifically plausible plant-like or fungal organism whose anchoring, support, transport, energy capture, growth, reproduction, ecology, and environmental adaptations are internally coherent.

Required visual and biological rules:
• credible anchoring
• coherent support and transport
• functional energy collectors
• reproductive logic
• environment-linked growth

Production request:
Create dispersal, germination and early establishment.

Studio-resolved canonical values:
{{canonicalId}}, {{displayName}}, {{scientificName}}, {{originPlanet}}, {{planetType}}, {{biome}}, {{gravity}}, {{atmosphere}}, {{climate}}, {{temperatureRange}}, {{sizeScale}}, {{coloration}}, {{materials}}, {{distinctiveFeatures}}, {{lockedTraits}}, {{rarity}}, {{artDirection}}.

Preserve every locked canonical field exactly. The result must use NOVERIS Scientific Realism: premium AAA science-fiction quality, museum-grade reference presentation, scientifically plausible structure, coherent materials, restrained coloration unless canon requires otherwise, readable silhouette, consistent scale and anatomy or growth across all views, soft neutral studio lighting, pure black background for isolated references, full requested subject visibility, generous negative space, and PSD-friendly extraction. Habitat and biome outputs may use the canonical environment. No baked-in text, labels, watermark, logo, border, or UI.

Create four clearly different but canon-compliant versions. Preserve body plan or growth architecture, structural counts, environmental adaptations, materials, defining features, and locked coloration. Vary only permitted secondary proportions, markings, surface detail, minor ornamentation, natural wear, and pose or growth irregularity.

Recommended aspect ratio: 16:9.","text, labels, watermark, signature, logo, border, frame, UI, HUD, cropped subject, duplicate anatomy, contradictory anatomy, impossible balance, unsupported structures, random wings, random horns, humanoid default, fantasy armor, weapons, cartoon, anime, toy-like materials, excessive neon, excessive glow, oversaturated colors, busy background, motion blur, low resolution, compression artifacts, generic Earth copy, unsupported fantasy styling, traits conflicting with locked canon",1.0.0,canonical
NB2-PLT-PIII-014-GEOTHERMAL-FLORA-CROSS-SECTION,PLT-PIII-014-GEOTHERMAL-FLORA,Geothermal Flora,cross-section,Internal Cross Section,16:9,"Create a canonical NOVERIS Nano Banana 2 visual for Geothermal Flora: Internal Cross Section.

Canonical archetype:
A canonical geothermal flora designed as a scientifically plausible plant-like or fungal organism whose anchoring, support, transport, energy capture, growth, reproduction, ecology, and environmental adaptations are internally coherent.

Required visual and biological rules:
• credible anchoring
• coherent support and transport
• functional energy collectors
• reproductive logic
• environment-linked growth

Production request:
Create protection, transport, support, storage and reproduction.

Studio-resolved canonical values:
{{canonicalId}}, {{displayName}}, {{scientificName}}, {{originPlanet}}, {{planetType}}, {{biome}}, {{gravity}}, {{atmosphere}}, {{climate}}, {{temperatureRange}}, {{sizeScale}}, {{coloration}}, {{materials}}, {{distinctiveFeatures}}, {{lockedTraits}}, {{rarity}}, {{artDirection}}.

Preserve every locked canonical field exactly. The result must use NOVERIS Scientific Realism: premium AAA science-fiction quality, museum-grade reference presentation, scientifically plausible structure, coherent materials, restrained coloration unless canon requires otherwise, readable silhouette, consistent scale and anatomy or growth across all views, soft neutral studio lighting, pure black background for isolated references, full requested subject visibility, generous negative space, and PSD-friendly extraction. Habitat and biome outputs may use the canonical environment. No baked-in text, labels, watermark, logo, border, or UI.

Create four clearly different but canon-compliant versions. Preserve body plan or growth architecture, structural counts, environmental adaptations, materials, defining features, and locked coloration. Vary only permitted secondary proportions, markings, surface detail, minor ornamentation, natural wear, and pose or growth irregularity.

Recommended aspect ratio: 16:9.","text, labels, watermark, signature, logo, border, frame, UI, HUD, cropped subject, duplicate anatomy, contradictory anatomy, impossible balance, unsupported structures, random wings, random horns, humanoid default, fantasy armor, weapons, cartoon, anime, toy-like materials, excessive neon, excessive glow, oversaturated colors, busy background, motion blur, low resolution, compression artifacts, generic Earth copy, unsupported fantasy styling, traits conflicting with locked canon",1.0.0,canonical
NB2-PLT-PIII-014-GEOTHERMAL-FLORA-GROWTH,PLT-PIII-014-GEOTHERMAL-FLORA,Geothermal Flora,growth,Growth Stages,16:9,"Create a canonical NOVERIS Nano Banana 2 visual for Geothermal Flora: Growth Stages.

Canonical archetype:
A canonical geothermal flora designed as a scientifically plausible plant-like or fungal organism whose anchoring, support, transport, energy capture, growth, reproduction, ecology, and environmental adaptations are internally coherent.

Required visual and biological rules:
• credible anchoring
• coherent support and transport
• functional energy collectors
• reproductive logic
• environment-linked growth

Production request:
Create propagule, juvenile, mature, reproductive and senescent stages.

Studio-resolved canonical values:
{{canonicalId}}, {{displayName}}, {{scientificName}}, {{originPlanet}}, {{planetType}}, {{biome}}, {{gravity}}, {{atmosphere}}, {{climate}}, {{temperatureRange}}, {{sizeScale}}, {{coloration}}, {{materials}}, {{distinctiveFeatures}}, {{lockedTraits}}, {{rarity}}, {{artDirection}}.

Preserve every locked canonical field exactly. The result must use NOVERIS Scientific Realism: premium AAA science-fiction quality, museum-grade reference presentation, scientifically plausible structure, coherent materials, restrained coloration unless canon requires otherwise, readable silhouette, consistent scale and anatomy or growth across all views, soft neutral studio lighting, pure black background for isolated references, full requested subject visibility, generous negative space, and PSD-friendly extraction. Habitat and biome outputs may use the canonical environment. No baked-in text, labels, watermark, logo, border, or UI.

Create four clearly different but canon-compliant versions. Preserve body plan or growth architecture, structural counts, environmental adaptations, materials, defining features, and locked coloration. Vary only permitted secondary proportions, markings, surface detail, minor ornamentation, natural wear, and pose or growth irregularity.

Recommended aspect ratio: 16:9.","text, labels, watermark, signature, logo, border, frame, UI, HUD, cropped subject, duplicate anatomy, contradictory anatomy, impossible balance, unsupported structures, random wings, random horns, humanoid default, fantasy armor, weapons, cartoon, anime, toy-like materials, excessive neon, excessive glow, oversaturated colors, busy background, motion blur, low resolution, compression artifacts, generic Earth copy, unsupported fantasy styling, traits conflicting with locked canon",1.0.0,canonical
NB2-PLT-PIII-014-GEOTHERMAL-FLORA-SEASONAL,PLT-PIII-014-GEOTHERMAL-FLORA,Geothermal Flora,seasonal,Seasonal and Stress Variants,16:9,"Create a canonical NOVERIS Nano Banana 2 visual for Geothermal Flora: Seasonal and Stress Variants.

Canonical archetype:
A canonical geothermal flora designed as a scientifically plausible plant-like or fungal organism whose anchoring, support, transport, energy capture, growth, reproduction, ecology, and environmental adaptations are internally coherent.

Required visual and biological rules:
• credible anchoring
• coherent support and transport
• functional energy collectors
• reproductive logic
• environment-linked growth

Production request:
Create growth, reproduction, dormancy, damage and recovery.

Studio-resolved canonical values:
{{canonicalId}}, {{displayName}}, {{scientificName}}, {{originPlanet}}, {{planetType}}, {{biome}}, {{gravity}}, {{atmosphere}}, {{climate}}, {{temperatureRange}}, {{sizeScale}}, {{coloration}}, {{materials}}, {{distinctiveFeatures}}, {{lockedTraits}}, {{rarity}}, {{artDirection}}.

Preserve every locked canonical field exactly. The result must use NOVERIS Scientific Realism: premium AAA science-fiction quality, museum-grade reference presentation, scientifically plausible structure, coherent materials, restrained coloration unless canon requires otherwise, readable silhouette, consistent scale and anatomy or growth across all views, soft neutral studio lighting, pure black background for isolated references, full requested subject visibility, generous negative space, and PSD-friendly extraction. Habitat and biome outputs may use the canonical environment. No baked-in text, labels, watermark, logo, border, or UI.

Create four clearly different but canon-compliant versions. Preserve body plan or growth architecture, structural counts, environmental adaptations, materials, defining features, and locked coloration. Vary only permitted secondary proportions, markings, surface detail, minor ornamentation, natural wear, and pose or growth irregularity.

Recommended aspect ratio: 16:9.","text, labels, watermark, signature, logo, border, frame, UI, HUD, cropped subject, duplicate anatomy, contradictory anatomy, impossible balance, unsupported structures, random wings, random horns, humanoid default, fantasy armor, weapons, cartoon, anime, toy-like materials, excessive neon, excessive glow, oversaturated colors, busy background, motion blur, low resolution, compression artifacts, generic Earth copy, unsupported fantasy styling, traits conflicting with locked canon",1.0.0,canonical
NB2-PLT-PIII-014-GEOTHERMAL-FLORA-HABITAT,PLT-PIII-014-GEOTHERMAL-FLORA,Geothermal Flora,habitat,Native Habitat Composition,16:9,"Create a canonical NOVERIS Nano Banana 2 visual for Geothermal Flora: Native Habitat Composition.

Canonical archetype:
A canonical geothermal flora designed as a scientifically plausible plant-like or fungal organism whose anchoring, support, transport, energy capture, growth, reproduction, ecology, and environmental adaptations are internally coherent.

Required visual and biological rules:
• credible anchoring
• coherent support and transport
• functional energy collectors
• reproductive logic
• environment-linked growth

Production request:
Create natural population with spacing and age diversity.

Studio-resolved canonical values:
{{canonicalId}}, {{displayName}}, {{scientificName}}, {{originPlanet}}, {{planetType}}, {{biome}}, {{gravity}}, {{atmosphere}}, {{climate}}, {{temperatureRange}}, {{sizeScale}}, {{coloration}}, {{materials}}, {{distinctiveFeatures}}, {{lockedTraits}}, {{rarity}}, {{artDirection}}.

Preserve every locked canonical field exactly. The result must use NOVERIS Scientific Realism: premium AAA science-fiction quality, museum-grade reference presentation, scientifically plausible structure, coherent materials, restrained coloration unless canon requires otherwise, readable silhouette, consistent scale and anatomy or growth across all views, soft neutral studio lighting, pure black background for isolated references, full requested subject visibility, generous negative space, and PSD-friendly extraction. Habitat and biome outputs may use the canonical environment. No baked-in text, labels, watermark, logo, border, or UI.

Create four clearly different but canon-compliant versions. Preserve body plan or growth architecture, structural counts, environmental adaptations, materials, defining features, and locked coloration. Vary only permitted secondary proportions, markings, surface detail, minor ornamentation, natural wear, and pose or growth irregularity.

Recommended aspect ratio: 16:9.","text, labels, watermark, signature, logo, border, frame, UI, HUD, cropped subject, duplicate anatomy, contradictory anatomy, impossible balance, unsupported structures, random wings, random horns, humanoid default, fantasy armor, weapons, cartoon, anime, toy-like materials, excessive neon, excessive glow, oversaturated colors, busy background, motion blur, low resolution, compression artifacts, generic Earth copy, unsupported fantasy styling, traits conflicting with locked canon",1.0.0,canonical
NB2-PLT-PIII-014-GEOTHERMAL-FLORA-BIOME,PLT-PIII-014-GEOTHERMAL-FLORA,Geothermal Flora,biome,Biome Composition,16:9,"Create a canonical NOVERIS Nano Banana 2 visual for Geothermal Flora: Biome Composition.

Canonical archetype:
A canonical geothermal flora designed as a scientifically plausible plant-like or fungal organism whose anchoring, support, transport, energy capture, growth, reproduction, ecology, and environmental adaptations are internally coherent.

Required visual and biological rules:
• credible anchoring
• coherent support and transport
• functional energy collectors
• reproductive logic
• environment-linked growth

Production request:
Create coordinated vegetation set at consistent scale.

Studio-resolved canonical values:
{{canonicalId}}, {{displayName}}, {{scientificName}}, {{originPlanet}}, {{planetType}}, {{biome}}, {{gravity}}, {{atmosphere}}, {{climate}}, {{temperatureRange}}, {{sizeScale}}, {{coloration}}, {{materials}}, {{distinctiveFeatures}}, {{lockedTraits}}, {{rarity}}, {{artDirection}}.

Preserve every locked canonical field exactly. The result must use NOVERIS Scientific Realism: premium AAA science-fiction quality, museum-grade reference presentation, scientifically plausible structure, coherent materials, restrained coloration unless canon requires otherwise, readable silhouette, consistent scale and anatomy or growth across all views, soft neutral studio lighting, pure black background for isolated references, full requested subject visibility, generous negative space, and PSD-friendly extraction. Habitat and biome outputs may use the canonical environment. No baked-in text, labels, watermark, logo, border, or UI.

Create four clearly different but canon-compliant versions. Preserve body plan or growth architecture, structural counts, environmental adaptations, materials, defining features, and locked coloration. Vary only permitted secondary proportions, markings, surface detail, minor ornamentation, natural wear, and pose or growth irregularity.

Recommended aspect ratio: 16:9.","text, labels, watermark, signature, logo, border, frame, UI, HUD, cropped subject, duplicate anatomy, contradictory anatomy, impossible balance, unsupported structures, random wings, random horns, humanoid default, fantasy armor, weapons, cartoon, anime, toy-like materials, excessive neon, excessive glow, oversaturated colors, busy background, motion blur, low resolution, compression artifacts, generic Earth copy, unsupported fantasy styling, traits conflicting with locked canon",1.0.0,canonical
NB2-PLT-PIII-014-GEOTHERMAL-FLORA-DISCOVERY,PLT-PIII-014-GEOTHERMAL-FLORA,Geothermal Flora,discovery,Discovery Scan,16:9,"Create a canonical NOVERIS Nano Banana 2 visual for Geothermal Flora: Discovery Scan.

Canonical archetype:
A canonical geothermal flora designed as a scientifically plausible plant-like or fungal organism whose anchoring, support, transport, energy capture, growth, reproduction, ecology, and environmental adaptations are internally coherent.

Required visual and biological rules:
• credible anchoring
• coherent support and transport
• functional energy collectors
• reproductive logic
• environment-linked growth

Production request:
Create centered scientific scan source without labels.

Studio-resolved canonical values:
{{canonicalId}}, {{displayName}}, {{scientificName}}, {{originPlanet}}, {{planetType}}, {{biome}}, {{gravity}}, {{atmosphere}}, {{climate}}, {{temperatureRange}}, {{sizeScale}}, {{coloration}}, {{materials}}, {{distinctiveFeatures}}, {{lockedTraits}}, {{rarity}}, {{artDirection}}.

Preserve every locked canonical field exactly. The result must use NOVERIS Scientific Realism: premium AAA science-fiction quality, museum-grade reference presentation, scientifically plausible structure, coherent materials, restrained coloration unless canon requires otherwise, readable silhouette, consistent scale and anatomy or growth across all views, soft neutral studio lighting, pure black background for isolated references, full requested subject visibility, generous negative space, and PSD-friendly extraction. Habitat and biome outputs may use the canonical environment. No baked-in text, labels, watermark, logo, border, or UI.

Create four clearly different but canon-compliant versions. Preserve body plan or growth architecture, structural counts, environmental adaptations, materials, defining features, and locked coloration. Vary only permitted secondary proportions, markings, surface detail, minor ornamentation, natural wear, and pose or growth irregularity.

Recommended aspect ratio: 16:9.","text, labels, watermark, signature, logo, border, frame, UI, HUD, cropped subject, duplicate anatomy, contradictory anatomy, impossible balance, unsupported structures, random wings, random horns, humanoid default, fantasy armor, weapons, cartoon, anime, toy-like materials, excessive neon, excessive glow, oversaturated colors, busy background, motion blur, low resolution, compression artifacts, generic Earth copy, unsupported fantasy styling, traits conflicting with locked canon",1.0.0,canonical
NB2-PLT-PIII-014-GEOTHERMAL-FLORA-ICON,PLT-PIII-014-GEOTHERMAL-FLORA,Geothermal Flora,icon,UI Icon,1:1,"Create a canonical NOVERIS Nano Banana 2 visual for Geothermal Flora: UI Icon.

Canonical archetype:
A canonical geothermal flora designed as a scientifically plausible plant-like or fungal organism whose anchoring, support, transport, energy capture, growth, reproduction, ecology, and environmental adaptations are internally coherent.

Required visual and biological rules:
• credible anchoring
• coherent support and transport
• functional energy collectors
• reproductive logic
• environment-linked growth

Production request:
Create isolated silhouette readable at 64 pixels.

Studio-resolved canonical values:
{{canonicalId}}, {{displayName}}, {{scientificName}}, {{originPlanet}}, {{planetType}}, {{biome}}, {{gravity}}, {{atmosphere}}, {{climate}}, {{temperatureRange}}, {{sizeScale}}, {{coloration}}, {{materials}}, {{distinctiveFeatures}}, {{lockedTraits}}, {{rarity}}, {{artDirection}}.

Preserve every locked canonical field exactly. The result must use NOVERIS Scientific Realism: premium AAA science-fiction quality, museum-grade reference presentation, scientifically plausible structure, coherent materials, restrained coloration unless canon requires otherwise, readable silhouette, consistent scale and anatomy or growth across all views, soft neutral studio lighting, pure black background for isolated references, full requested subject visibility, generous negative space, and PSD-friendly extraction. Habitat and biome outputs may use the canonical environment. No baked-in text, labels, watermark, logo, border, or UI.

Create four clearly different but canon-compliant versions. Preserve body plan or growth architecture, structural counts, environmental adaptations, materials, defining features, and locked coloration. Vary only permitted secondary proportions, markings, surface detail, minor ornamentation, natural wear, and pose or growth irregularity.

Recommended aspect ratio: 1:1.","text, labels, watermark, signature, logo, border, frame, UI, HUD, cropped subject, duplicate anatomy, contradictory anatomy, impossible balance, unsupported structures, random wings, random horns, humanoid default, fantasy armor, weapons, cartoon, anime, toy-like materials, excessive neon, excessive glow, oversaturated colors, busy background, motion blur, low resolution, compression artifacts, generic Earth copy, unsupported fantasy styling, traits conflicting with locked canon",1.0.0,canonical
NB2-PLT-PIII-014-GEOTHERMAL-FLORA-SCALE,PLT-PIII-014-GEOTHERMAL-FLORA,Geothermal Flora,scale,Scale Comparison,16:9,"Create a canonical NOVERIS Nano Banana 2 visual for Geothermal Flora: Scale Comparison.

Canonical archetype:
A canonical geothermal flora designed as a scientifically plausible plant-like or fungal organism whose anchoring, support, transport, energy capture, growth, reproduction, ecology, and environmental adaptations are internally coherent.

Required visual and biological rules:
• credible anchoring
• coherent support and transport
• functional energy collectors
• reproductive logic
• environment-linked growth

Production request:
Create side view with adult human silhouette and one-meter bar.

Studio-resolved canonical values:
{{canonicalId}}, {{displayName}}, {{scientificName}}, {{originPlanet}}, {{planetType}}, {{biome}}, {{gravity}}, {{atmosphere}}, {{climate}}, {{temperatureRange}}, {{sizeScale}}, {{coloration}}, {{materials}}, {{distinctiveFeatures}}, {{lockedTraits}}, {{rarity}}, {{artDirection}}.

Preserve every locked canonical field exactly. The result must use NOVERIS Scientific Realism: premium AAA science-fiction quality, museum-grade reference presentation, scientifically plausible structure, coherent materials, restrained coloration unless canon requires otherwise, readable silhouette, consistent scale and anatomy or growth across all views, soft neutral studio lighting, pure black background for isolated references, full requested subject visibility, generous negative space, and PSD-friendly extraction. Habitat and biome outputs may use the canonical environment. No baked-in text, labels, watermark, logo, border, or UI.

Create four clearly different but canon-compliant versions. Preserve body plan or growth architecture, structural counts, environmental adaptations, materials, defining features, and locked coloration. Vary only permitted secondary proportions, markings, surface detail, minor ornamentation, natural wear, and pose or growth irregularity.

Recommended aspect ratio: 16:9.","text, labels, watermark, signature, logo, border, frame, UI, HUD, cropped subject, duplicate anatomy, contradictory anatomy, impossible balance, unsupported structures, random wings, random horns, humanoid default, fantasy armor, weapons, cartoon, anime, toy-like materials, excessive neon, excessive glow, oversaturated colors, busy background, motion blur, low resolution, compression artifacts, generic Earth copy, unsupported fantasy styling, traits conflicting with locked canon",1.0.0,canonical
NB2-PLT-PIII-014-GEOTHERMAL-FLORA-PLATE,PLT-PIII-014-GEOTHERMAL-FLORA,Geothermal Flora,plate,Master Botanical Plate,16:9,"Create a canonical NOVERIS Nano Banana 2 visual for Geothermal Flora: Master Botanical Plate.

Canonical archetype:
A canonical geothermal flora designed as a scientifically plausible plant-like or fungal organism whose anchoring, support, transport, energy capture, growth, reproduction, ecology, and environmental adaptations are internally coherent.

Required visual and biological rules:
• credible anchoring
• coherent support and transport
• functional energy collectors
• reproductive logic
• environment-linked growth

Production request:
Create whole organism, views, roots, structure, collectors, reproduction, stages, materials and habitat vignette.

Studio-resolved canonical values:
{{canonicalId}}, {{displayName}}, {{scientificName}}, {{originPlanet}}, {{planetType}}, {{biome}}, {{gravity}}, {{atmosphere}}, {{climate}}, {{temperatureRange}}, {{sizeScale}}, {{coloration}}, {{materials}}, {{distinctiveFeatures}}, {{lockedTraits}}, {{rarity}}, {{artDirection}}.

Preserve every locked canonical field exactly. The result must use NOVERIS Scientific Realism: premium AAA science-fiction quality, museum-grade reference presentation, scientifically plausible structure, coherent materials, restrained coloration unless canon requires otherwise, readable silhouette, consistent scale and anatomy or growth across all views, soft neutral studio lighting, pure black background for isolated references, full requested subject visibility, generous negative space, and PSD-friendly extraction. Habitat and biome outputs may use the canonical environment. No baked-in text, labels, watermark, logo, border, or UI.

Create four clearly different but canon-compliant versions. Preserve body plan or growth architecture, structural counts, environmental adaptations, materials, defining features, and locked coloration. Vary only permitted secondary proportions, markings, surface detail, minor ornamentation, natural wear, and pose or growth irregularity.

Recommended aspect ratio: 16:9.","text, labels, watermark, signature, logo, border, frame, UI, HUD, cropped subject, duplicate anatomy, contradictory anatomy, impossible balance, unsupported structures, random wings, random horns, humanoid default, fantasy armor, weapons, cartoon, anime, toy-like materials, excessive neon, excessive glow, oversaturated colors, busy background, motion blur, low resolution, compression artifacts, generic Earth copy, unsupported fantasy styling, traits conflicting with locked canon",1.0.0,canonical
NB2-PLT-PIII-014-GEOTHERMAL-FLORA-PSD,PLT-PIII-014-GEOTHERMAL-FLORA,Geothermal Flora,psd,PSD Extraction Board,16:9,"Create a canonical NOVERIS Nano Banana 2 visual for Geothermal Flora: PSD Extraction Board.

Canonical archetype:
A canonical geothermal flora designed as a scientifically plausible plant-like or fungal organism whose anchoring, support, transport, energy capture, growth, reproduction, ecology, and environmental adaptations are internally coherent.

Required visual and biological rules:
• credible anchoring
• coherent support and transport
• functional energy collectors
• reproductive logic
• environment-linked growth

Production request:
Create isolated whole organism, parts, silhouette and material references.

Studio-resolved canonical values:
{{canonicalId}}, {{displayName}}, {{scientificName}}, {{originPlanet}}, {{planetType}}, {{biome}}, {{gravity}}, {{atmosphere}}, {{climate}}, {{temperatureRange}}, {{sizeScale}}, {{coloration}}, {{materials}}, {{distinctiveFeatures}}, {{lockedTraits}}, {{rarity}}, {{artDirection}}.

Preserve every locked canonical field exactly. The result must use NOVERIS Scientific Realism: premium AAA science-fiction quality, museum-grade reference presentation, scientifically plausible structure, coherent materials, restrained coloration unless canon requires otherwise, readable silhouette, consistent scale and anatomy or growth across all views, soft neutral studio lighting, pure black background for isolated references, full requested subject visibility, generous negative space, and PSD-friendly extraction. Habitat and biome outputs may use the canonical environment. No baked-in text, labels, watermark, logo, border, or UI.

Create four clearly different but canon-compliant versions. Preserve body plan or growth architecture, structural counts, environmental adaptations, materials, defining features, and locked coloration. Vary only permitted secondary proportions, markings, surface detail, minor ornamentation, natural wear, and pose or growth irregularity.

Recommended aspect ratio: 16:9.","text, labels, watermark, signature, logo, border, frame, UI, HUD, cropped subject, duplicate anatomy, contradictory anatomy, impossible balance, unsupported structures, random wings, random horns, humanoid default, fantasy armor, weapons, cartoon, anime, toy-like materials, excessive neon, excessive glow, oversaturated colors, busy background, motion blur, low resolution, compression artifacts, generic Earth copy, unsupported fantasy styling, traits conflicting with locked canon",1.0.0,canonical
NB2-PLT-PIII-015-VACUUM-FLORA-WHOLE-PLANT,PLT-PIII-015-VACUUM-FLORA,Vacuum Flora,whole-plant,Whole Plant Production Render,3:4,"Create a canonical NOVERIS Nano Banana 2 visual for Vacuum Flora: Whole Plant Production Render.

Canonical archetype:
A canonical vacuum flora designed as a scientifically plausible plant-like or fungal organism whose anchoring, support, transport, energy capture, growth, reproduction, ecology, and environmental adaptations are internally coherent.

Required visual and biological rules:
• credible anchoring
• coherent support and transport
• functional energy collectors
• reproductive logic
• environment-linked growth

Production request:
Create complete mature organism including roots or anchor system.

Studio-resolved canonical values:
{{canonicalId}}, {{displayName}}, {{scientificName}}, {{originPlanet}}, {{planetType}}, {{biome}}, {{gravity}}, {{atmosphere}}, {{climate}}, {{temperatureRange}}, {{sizeScale}}, {{coloration}}, {{materials}}, {{distinctiveFeatures}}, {{lockedTraits}}, {{rarity}}, {{artDirection}}.

Preserve every locked canonical field exactly. The result must use NOVERIS Scientific Realism: premium AAA science-fiction quality, museum-grade reference presentation, scientifically plausible structure, coherent materials, restrained coloration unless canon requires otherwise, readable silhouette, consistent scale and anatomy or growth across all views, soft neutral studio lighting, pure black background for isolated references, full requested subject visibility, generous negative space, and PSD-friendly extraction. Habitat and biome outputs may use the canonical environment. No baked-in text, labels, watermark, logo, border, or UI.

Create four clearly different but canon-compliant versions. Preserve body plan or growth architecture, structural counts, environmental adaptations, materials, defining features, and locked coloration. Vary only permitted secondary proportions, markings, surface detail, minor ornamentation, natural wear, and pose or growth irregularity.

Recommended aspect ratio: 3:4.","text, labels, watermark, signature, logo, border, frame, UI, HUD, cropped subject, duplicate anatomy, contradictory anatomy, impossible balance, unsupported structures, random wings, random horns, humanoid default, fantasy armor, weapons, cartoon, anime, toy-like materials, excessive neon, excessive glow, oversaturated colors, busy background, motion blur, low resolution, compression artifacts, generic Earth copy, unsupported fantasy styling, traits conflicting with locked canon",1.0.0,canonical
NB2-PLT-PIII-015-VACUUM-FLORA-PORTRAIT,PLT-PIII-015-VACUUM-FLORA,Vacuum Flora,portrait,Botanical Portrait,1:1,"Create a canonical NOVERIS Nano Banana 2 visual for Vacuum Flora: Botanical Portrait.

Canonical archetype:
A canonical vacuum flora designed as a scientifically plausible plant-like or fungal organism whose anchoring, support, transport, energy capture, growth, reproduction, ecology, and environmental adaptations are internally coherent.

Required visual and biological rules:
• credible anchoring
• coherent support and transport
• functional energy collectors
• reproductive logic
• environment-linked growth

Production request:
Create defining growth form, foliage, collectors and reproduction.

Studio-resolved canonical values:
{{canonicalId}}, {{displayName}}, {{scientificName}}, {{originPlanet}}, {{planetType}}, {{biome}}, {{gravity}}, {{atmosphere}}, {{climate}}, {{temperatureRange}}, {{sizeScale}}, {{coloration}}, {{materials}}, {{distinctiveFeatures}}, {{lockedTraits}}, {{rarity}}, {{artDirection}}.

Preserve every locked canonical field exactly. The result must use NOVERIS Scientific Realism: premium AAA science-fiction quality, museum-grade reference presentation, scientifically plausible structure, coherent materials, restrained coloration unless canon requires otherwise, readable silhouette, consistent scale and anatomy or growth across all views, soft neutral studio lighting, pure black background for isolated references, full requested subject visibility, generous negative space, and PSD-friendly extraction. Habitat and biome outputs may use the canonical environment. No baked-in text, labels, watermark, logo, border, or UI.

Create four clearly different but canon-compliant versions. Preserve body plan or growth architecture, structural counts, environmental adaptations, materials, defining features, and locked coloration. Vary only permitted secondary proportions, markings, surface detail, minor ornamentation, natural wear, and pose or growth irregularity.

Recommended aspect ratio: 1:1.","text, labels, watermark, signature, logo, border, frame, UI, HUD, cropped subject, duplicate anatomy, contradictory anatomy, impossible balance, unsupported structures, random wings, random horns, humanoid default, fantasy armor, weapons, cartoon, anime, toy-like materials, excessive neon, excessive glow, oversaturated colors, busy background, motion blur, low resolution, compression artifacts, generic Earth copy, unsupported fantasy styling, traits conflicting with locked canon",1.0.0,canonical
NB2-PLT-PIII-015-VACUUM-FLORA-ORTHO-FRONT,PLT-PIII-015-VACUUM-FLORA,Vacuum Flora,ortho-front,Orthographic Front,3:4,"Create a canonical NOVERIS Nano Banana 2 visual for Vacuum Flora: Orthographic Front.

Canonical archetype:
A canonical vacuum flora designed as a scientifically plausible plant-like or fungal organism whose anchoring, support, transport, energy capture, growth, reproduction, ecology, and environmental adaptations are internally coherent.

Required visual and biological rules:
• credible anchoring
• coherent support and transport
• functional energy collectors
• reproductive logic
• environment-linked growth

Production request:
Create exact front orthographic view.

Studio-resolved canonical values:
{{canonicalId}}, {{displayName}}, {{scientificName}}, {{originPlanet}}, {{planetType}}, {{biome}}, {{gravity}}, {{atmosphere}}, {{climate}}, {{temperatureRange}}, {{sizeScale}}, {{coloration}}, {{materials}}, {{distinctiveFeatures}}, {{lockedTraits}}, {{rarity}}, {{artDirection}}.

Preserve every locked canonical field exactly. The result must use NOVERIS Scientific Realism: premium AAA science-fiction quality, museum-grade reference presentation, scientifically plausible structure, coherent materials, restrained coloration unless canon requires otherwise, readable silhouette, consistent scale and anatomy or growth across all views, soft neutral studio lighting, pure black background for isolated references, full requested subject visibility, generous negative space, and PSD-friendly extraction. Habitat and biome outputs may use the canonical environment. No baked-in text, labels, watermark, logo, border, or UI.

Create four clearly different but canon-compliant versions. Preserve body plan or growth architecture, structural counts, environmental adaptations, materials, defining features, and locked coloration. Vary only permitted secondary proportions, markings, surface detail, minor ornamentation, natural wear, and pose or growth irregularity.

Recommended aspect ratio: 3:4.","text, labels, watermark, signature, logo, border, frame, UI, HUD, cropped subject, duplicate anatomy, contradictory anatomy, impossible balance, unsupported structures, random wings, random horns, humanoid default, fantasy armor, weapons, cartoon, anime, toy-like materials, excessive neon, excessive glow, oversaturated colors, busy background, motion blur, low resolution, compression artifacts, generic Earth copy, unsupported fantasy styling, traits conflicting with locked canon",1.0.0,canonical
NB2-PLT-PIII-015-VACUUM-FLORA-ORTHO-SIDE,PLT-PIII-015-VACUUM-FLORA,Vacuum Flora,ortho-side,Orthographic Side,3:4,"Create a canonical NOVERIS Nano Banana 2 visual for Vacuum Flora: Orthographic Side.

Canonical archetype:
A canonical vacuum flora designed as a scientifically plausible plant-like or fungal organism whose anchoring, support, transport, energy capture, growth, reproduction, ecology, and environmental adaptations are internally coherent.

Required visual and biological rules:
• credible anchoring
• coherent support and transport
• functional energy collectors
• reproductive logic
• environment-linked growth

Production request:
Create exact side orthographic view.

Studio-resolved canonical values:
{{canonicalId}}, {{displayName}}, {{scientificName}}, {{originPlanet}}, {{planetType}}, {{biome}}, {{gravity}}, {{atmosphere}}, {{climate}}, {{temperatureRange}}, {{sizeScale}}, {{coloration}}, {{materials}}, {{distinctiveFeatures}}, {{lockedTraits}}, {{rarity}}, {{artDirection}}.

Preserve every locked canonical field exactly. The result must use NOVERIS Scientific Realism: premium AAA science-fiction quality, museum-grade reference presentation, scientifically plausible structure, coherent materials, restrained coloration unless canon requires otherwise, readable silhouette, consistent scale and anatomy or growth across all views, soft neutral studio lighting, pure black background for isolated references, full requested subject visibility, generous negative space, and PSD-friendly extraction. Habitat and biome outputs may use the canonical environment. No baked-in text, labels, watermark, logo, border, or UI.

Create four clearly different but canon-compliant versions. Preserve body plan or growth architecture, structural counts, environmental adaptations, materials, defining features, and locked coloration. Vary only permitted secondary proportions, markings, surface detail, minor ornamentation, natural wear, and pose or growth irregularity.

Recommended aspect ratio: 3:4.","text, labels, watermark, signature, logo, border, frame, UI, HUD, cropped subject, duplicate anatomy, contradictory anatomy, impossible balance, unsupported structures, random wings, random horns, humanoid default, fantasy armor, weapons, cartoon, anime, toy-like materials, excessive neon, excessive glow, oversaturated colors, busy background, motion blur, low resolution, compression artifacts, generic Earth copy, unsupported fantasy styling, traits conflicting with locked canon",1.0.0,canonical
NB2-PLT-PIII-015-VACUUM-FLORA-ORTHO-TOP,PLT-PIII-015-VACUUM-FLORA,Vacuum Flora,ortho-top,Orthographic Top,1:1,"Create a canonical NOVERIS Nano Banana 2 visual for Vacuum Flora: Orthographic Top.

Canonical archetype:
A canonical vacuum flora designed as a scientifically plausible plant-like or fungal organism whose anchoring, support, transport, energy capture, growth, reproduction, ecology, and environmental adaptations are internally coherent.

Required visual and biological rules:
• credible anchoring
• coherent support and transport
• functional energy collectors
• reproductive logic
• environment-linked growth

Production request:
Create exact top view showing spread and growth geometry.

Studio-resolved canonical values:
{{canonicalId}}, {{displayName}}, {{scientificName}}, {{originPlanet}}, {{planetType}}, {{biome}}, {{gravity}}, {{atmosphere}}, {{climate}}, {{temperatureRange}}, {{sizeScale}}, {{coloration}}, {{materials}}, {{distinctiveFeatures}}, {{lockedTraits}}, {{rarity}}, {{artDirection}}.

Preserve every locked canonical field exactly. The result must use NOVERIS Scientific Realism: premium AAA science-fiction quality, museum-grade reference presentation, scientifically plausible structure, coherent materials, restrained coloration unless canon requires otherwise, readable silhouette, consistent scale and anatomy or growth across all views, soft neutral studio lighting, pure black background for isolated references, full requested subject visibility, generous negative space, and PSD-friendly extraction. Habitat and biome outputs may use the canonical environment. No baked-in text, labels, watermark, logo, border, or UI.

Create four clearly different but canon-compliant versions. Preserve body plan or growth architecture, structural counts, environmental adaptations, materials, defining features, and locked coloration. Vary only permitted secondary proportions, markings, surface detail, minor ornamentation, natural wear, and pose or growth irregularity.

Recommended aspect ratio: 1:1.","text, labels, watermark, signature, logo, border, frame, UI, HUD, cropped subject, duplicate anatomy, contradictory anatomy, impossible balance, unsupported structures, random wings, random horns, humanoid default, fantasy armor, weapons, cartoon, anime, toy-like materials, excessive neon, excessive glow, oversaturated colors, busy background, motion blur, low resolution, compression artifacts, generic Earth copy, unsupported fantasy styling, traits conflicting with locked canon",1.0.0,canonical
NB2-PLT-PIII-015-VACUUM-FLORA-ROOTS,PLT-PIII-015-VACUUM-FLORA,Vacuum Flora,roots,Root or Anchor System,16:9,"Create a canonical NOVERIS Nano Banana 2 visual for Vacuum Flora: Root or Anchor System.

Canonical archetype:
A canonical vacuum flora designed as a scientifically plausible plant-like or fungal organism whose anchoring, support, transport, energy capture, growth, reproduction, ecology, and environmental adaptations are internally coherent.

Required visual and biological rules:
• credible anchoring
• coherent support and transport
• functional energy collectors
• reproductive logic
• environment-linked growth

Production request:
Create complete substrate interface and nutrient exchange structures.

Studio-resolved canonical values:
{{canonicalId}}, {{displayName}}, {{scientificName}}, {{originPlanet}}, {{planetType}}, {{biome}}, {{gravity}}, {{atmosphere}}, {{climate}}, {{temperatureRange}}, {{sizeScale}}, {{coloration}}, {{materials}}, {{distinctiveFeatures}}, {{lockedTraits}}, {{rarity}}, {{artDirection}}.

Preserve every locked canonical field exactly. The result must use NOVERIS Scientific Realism: premium AAA science-fiction quality, museum-grade reference presentation, scientifically plausible structure, coherent materials, restrained coloration unless canon requires otherwise, readable silhouette, consistent scale and anatomy or growth across all views, soft neutral studio lighting, pure black background for isolated references, full requested subject visibility, generous negative space, and PSD-friendly extraction. Habitat and biome outputs may use the canonical environment. No baked-in text, labels, watermark, logo, border, or UI.

Create four clearly different but canon-compliant versions. Preserve body plan or growth architecture, structural counts, environmental adaptations, materials, defining features, and locked coloration. Vary only permitted secondary proportions, markings, surface detail, minor ornamentation, natural wear, and pose or growth irregularity.

Recommended aspect ratio: 16:9.","text, labels, watermark, signature, logo, border, frame, UI, HUD, cropped subject, duplicate anatomy, contradictory anatomy, impossible balance, unsupported structures, random wings, random horns, humanoid default, fantasy armor, weapons, cartoon, anime, toy-like materials, excessive neon, excessive glow, oversaturated colors, busy background, motion blur, low resolution, compression artifacts, generic Earth copy, unsupported fantasy styling, traits conflicting with locked canon",1.0.0,canonical
NB2-PLT-PIII-015-VACUUM-FLORA-STEMS,PLT-PIII-015-VACUUM-FLORA,Vacuum Flora,stems,"Stem, Trunk or Structural Study",16:9,"Create a canonical NOVERIS Nano Banana 2 visual for Vacuum Flora: Stem, Trunk or Structural Study.

Canonical archetype:
A canonical vacuum flora designed as a scientifically plausible plant-like or fungal organism whose anchoring, support, transport, energy capture, growth, reproduction, ecology, and environmental adaptations are internally coherent.

Required visual and biological rules:
• credible anchoring
• coherent support and transport
• functional energy collectors
• reproductive logic
• environment-linked growth

Production request:
Create support and transport architecture.

Studio-resolved canonical values:
{{canonicalId}}, {{displayName}}, {{scientificName}}, {{originPlanet}}, {{planetType}}, {{biome}}, {{gravity}}, {{atmosphere}}, {{climate}}, {{temperatureRange}}, {{sizeScale}}, {{coloration}}, {{materials}}, {{distinctiveFeatures}}, {{lockedTraits}}, {{rarity}}, {{artDirection}}.

Preserve every locked canonical field exactly. The result must use NOVERIS Scientific Realism: premium AAA science-fiction quality, museum-grade reference presentation, scientifically plausible structure, coherent materials, restrained coloration unless canon requires otherwise, readable silhouette, consistent scale and anatomy or growth across all views, soft neutral studio lighting, pure black background for isolated references, full requested subject visibility, generous negative space, and PSD-friendly extraction. Habitat and biome outputs may use the canonical environment. No baked-in text, labels, watermark, logo, border, or UI.

Create four clearly different but canon-compliant versions. Preserve body plan or growth architecture, structural counts, environmental adaptations, materials, defining features, and locked coloration. Vary only permitted secondary proportions, markings, surface detail, minor ornamentation, natural wear, and pose or growth irregularity.

Recommended aspect ratio: 16:9.","text, labels, watermark, signature, logo, border, frame, UI, HUD, cropped subject, duplicate anatomy, contradictory anatomy, impossible balance, unsupported structures, random wings, random horns, humanoid default, fantasy armor, weapons, cartoon, anime, toy-like materials, excessive neon, excessive glow, oversaturated colors, busy background, motion blur, low resolution, compression artifacts, generic Earth copy, unsupported fantasy styling, traits conflicting with locked canon",1.0.0,canonical
NB2-PLT-PIII-015-VACUUM-FLORA-COLLECTORS,PLT-PIII-015-VACUUM-FLORA,Vacuum Flora,collectors,Leaves or Collector Study,16:9,"Create a canonical NOVERIS Nano Banana 2 visual for Vacuum Flora: Leaves or Collector Study.

Canonical archetype:
A canonical vacuum flora designed as a scientifically plausible plant-like or fungal organism whose anchoring, support, transport, energy capture, growth, reproduction, ecology, and environmental adaptations are internally coherent.

Required visual and biological rules:
• credible anchoring
• coherent support and transport
• functional energy collectors
• reproductive logic
• environment-linked growth

Production request:
Create front, back, edge, juvenile, mature and stressed states.

Studio-resolved canonical values:
{{canonicalId}}, {{displayName}}, {{scientificName}}, {{originPlanet}}, {{planetType}}, {{biome}}, {{gravity}}, {{atmosphere}}, {{climate}}, {{temperatureRange}}, {{sizeScale}}, {{coloration}}, {{materials}}, {{distinctiveFeatures}}, {{lockedTraits}}, {{rarity}}, {{artDirection}}.

Preserve every locked canonical field exactly. The result must use NOVERIS Scientific Realism: premium AAA science-fiction quality, museum-grade reference presentation, scientifically plausible structure, coherent materials, restrained coloration unless canon requires otherwise, readable silhouette, consistent scale and anatomy or growth across all views, soft neutral studio lighting, pure black background for isolated references, full requested subject visibility, generous negative space, and PSD-friendly extraction. Habitat and biome outputs may use the canonical environment. No baked-in text, labels, watermark, logo, border, or UI.

Create four clearly different but canon-compliant versions. Preserve body plan or growth architecture, structural counts, environmental adaptations, materials, defining features, and locked coloration. Vary only permitted secondary proportions, markings, surface detail, minor ornamentation, natural wear, and pose or growth irregularity.

Recommended aspect ratio: 16:9.","text, labels, watermark, signature, logo, border, frame, UI, HUD, cropped subject, duplicate anatomy, contradictory anatomy, impossible balance, unsupported structures, random wings, random horns, humanoid default, fantasy armor, weapons, cartoon, anime, toy-like materials, excessive neon, excessive glow, oversaturated colors, busy background, motion blur, low resolution, compression artifacts, generic Earth copy, unsupported fantasy styling, traits conflicting with locked canon",1.0.0,canonical
NB2-PLT-PIII-015-VACUUM-FLORA-REPRODUCTION,PLT-PIII-015-VACUUM-FLORA,Vacuum Flora,reproduction,Reproductive Structure,16:9,"Create a canonical NOVERIS Nano Banana 2 visual for Vacuum Flora: Reproductive Structure.

Canonical archetype:
A canonical vacuum flora designed as a scientifically plausible plant-like or fungal organism whose anchoring, support, transport, energy capture, growth, reproduction, ecology, and environmental adaptations are internally coherent.

Required visual and biological rules:
• credible anchoring
• coherent support and transport
• functional energy collectors
• reproductive logic
• environment-linked growth

Production request:
Create flowers, cones, spores, fields or equivalent stages.

Studio-resolved canonical values:
{{canonicalId}}, {{displayName}}, {{scientificName}}, {{originPlanet}}, {{planetType}}, {{biome}}, {{gravity}}, {{atmosphere}}, {{climate}}, {{temperatureRange}}, {{sizeScale}}, {{coloration}}, {{materials}}, {{distinctiveFeatures}}, {{lockedTraits}}, {{rarity}}, {{artDirection}}.

Preserve every locked canonical field exactly. The result must use NOVERIS Scientific Realism: premium AAA science-fiction quality, museum-grade reference presentation, scientifically plausible structure, coherent materials, restrained coloration unless canon requires otherwise, readable silhouette, consistent scale and anatomy or growth across all views, soft neutral studio lighting, pure black background for isolated references, full requested subject visibility, generous negative space, and PSD-friendly extraction. Habitat and biome outputs may use the canonical environment. No baked-in text, labels, watermark, logo, border, or UI.

Create four clearly different but canon-compliant versions. Preserve body plan or growth architecture, structural counts, environmental adaptations, materials, defining features, and locked coloration. Vary only permitted secondary proportions, markings, surface detail, minor ornamentation, natural wear, and pose or growth irregularity.

Recommended aspect ratio: 16:9.","text, labels, watermark, signature, logo, border, frame, UI, HUD, cropped subject, duplicate anatomy, contradictory anatomy, impossible balance, unsupported structures, random wings, random horns, humanoid default, fantasy armor, weapons, cartoon, anime, toy-like materials, excessive neon, excessive glow, oversaturated colors, busy background, motion blur, low resolution, compression artifacts, generic Earth copy, unsupported fantasy styling, traits conflicting with locked canon",1.0.0,canonical
NB2-PLT-PIII-015-VACUUM-FLORA-PROPAGULES,PLT-PIII-015-VACUUM-FLORA,Vacuum Flora,propagules,"Seed, Spore or Propagule Study",16:9,"Create a canonical NOVERIS Nano Banana 2 visual for Vacuum Flora: Seed, Spore or Propagule Study.

Canonical archetype:
A canonical vacuum flora designed as a scientifically plausible plant-like or fungal organism whose anchoring, support, transport, energy capture, growth, reproduction, ecology, and environmental adaptations are internally coherent.

Required visual and biological rules:
• credible anchoring
• coherent support and transport
• functional energy collectors
• reproductive logic
• environment-linked growth

Production request:
Create dispersal, germination and early establishment.

Studio-resolved canonical values:
{{canonicalId}}, {{displayName}}, {{scientificName}}, {{originPlanet}}, {{planetType}}, {{biome}}, {{gravity}}, {{atmosphere}}, {{climate}}, {{temperatureRange}}, {{sizeScale}}, {{coloration}}, {{materials}}, {{distinctiveFeatures}}, {{lockedTraits}}, {{rarity}}, {{artDirection}}.

Preserve every locked canonical field exactly. The result must use NOVERIS Scientific Realism: premium AAA science-fiction quality, museum-grade reference presentation, scientifically plausible structure, coherent materials, restrained coloration unless canon requires otherwise, readable silhouette, consistent scale and anatomy or growth across all views, soft neutral studio lighting, pure black background for isolated references, full requested subject visibility, generous negative space, and PSD-friendly extraction. Habitat and biome outputs may use the canonical environment. No baked-in text, labels, watermark, logo, border, or UI.

Create four clearly different but canon-compliant versions. Preserve body plan or growth architecture, structural counts, environmental adaptations, materials, defining features, and locked coloration. Vary only permitted secondary proportions, markings, surface detail, minor ornamentation, natural wear, and pose or growth irregularity.

Recommended aspect ratio: 16:9.","text, labels, watermark, signature, logo, border, frame, UI, HUD, cropped subject, duplicate anatomy, contradictory anatomy, impossible balance, unsupported structures, random wings, random horns, humanoid default, fantasy armor, weapons, cartoon, anime, toy-like materials, excessive neon, excessive glow, oversaturated colors, busy background, motion blur, low resolution, compression artifacts, generic Earth copy, unsupported fantasy styling, traits conflicting with locked canon",1.0.0,canonical
NB2-PLT-PIII-015-VACUUM-FLORA-CROSS-SECTION,PLT-PIII-015-VACUUM-FLORA,Vacuum Flora,cross-section,Internal Cross Section,16:9,"Create a canonical NOVERIS Nano Banana 2 visual for Vacuum Flora: Internal Cross Section.

Canonical archetype:
A canonical vacuum flora designed as a scientifically plausible plant-like or fungal organism whose anchoring, support, transport, energy capture, growth, reproduction, ecology, and environmental adaptations are internally coherent.

Required visual and biological rules:
• credible anchoring
• coherent support and transport
• functional energy collectors
• reproductive logic
• environment-linked growth

Production request:
Create protection, transport, support, storage and reproduction.

Studio-resolved canonical values:
{{canonicalId}}, {{displayName}}, {{scientificName}}, {{originPlanet}}, {{planetType}}, {{biome}}, {{gravity}}, {{atmosphere}}, {{climate}}, {{temperatureRange}}, {{sizeScale}}, {{coloration}}, {{materials}}, {{distinctiveFeatures}}, {{lockedTraits}}, {{rarity}}, {{artDirection}}.

Preserve every locked canonical field exactly. The result must use NOVERIS Scientific Realism: premium AAA science-fiction quality, museum-grade reference presentation, scientifically plausible structure, coherent materials, restrained coloration unless canon requires otherwise, readable silhouette, consistent scale and anatomy or growth across all views, soft neutral studio lighting, pure black background for isolated references, full requested subject visibility, generous negative space, and PSD-friendly extraction. Habitat and biome outputs may use the canonical environment. No baked-in text, labels, watermark, logo, border, or UI.

Create four clearly different but canon-compliant versions. Preserve body plan or growth architecture, structural counts, environmental adaptations, materials, defining features, and locked coloration. Vary only permitted secondary proportions, markings, surface detail, minor ornamentation, natural wear, and pose or growth irregularity.

Recommended aspect ratio: 16:9.","text, labels, watermark, signature, logo, border, frame, UI, HUD, cropped subject, duplicate anatomy, contradictory anatomy, impossible balance, unsupported structures, random wings, random horns, humanoid default, fantasy armor, weapons, cartoon, anime, toy-like materials, excessive neon, excessive glow, oversaturated colors, busy background, motion blur, low resolution, compression artifacts, generic Earth copy, unsupported fantasy styling, traits conflicting with locked canon",1.0.0,canonical
NB2-PLT-PIII-015-VACUUM-FLORA-GROWTH,PLT-PIII-015-VACUUM-FLORA,Vacuum Flora,growth,Growth Stages,16:9,"Create a canonical NOVERIS Nano Banana 2 visual for Vacuum Flora: Growth Stages.

Canonical archetype:
A canonical vacuum flora designed as a scientifically plausible plant-like or fungal organism whose anchoring, support, transport, energy capture, growth, reproduction, ecology, and environmental adaptations are internally coherent.

Required visual and biological rules:
• credible anchoring
• coherent support and transport
• functional energy collectors
• reproductive logic
• environment-linked growth

Production request:
Create propagule, juvenile, mature, reproductive and senescent stages.

Studio-resolved canonical values:
{{canonicalId}}, {{displayName}}, {{scientificName}}, {{originPlanet}}, {{planetType}}, {{biome}}, {{gravity}}, {{atmosphere}}, {{climate}}, {{temperatureRange}}, {{sizeScale}}, {{coloration}}, {{materials}}, {{distinctiveFeatures}}, {{lockedTraits}}, {{rarity}}, {{artDirection}}.

Preserve every locked canonical field exactly. The result must use NOVERIS Scientific Realism: premium AAA science-fiction quality, museum-grade reference presentation, scientifically plausible structure, coherent materials, restrained coloration unless canon requires otherwise, readable silhouette, consistent scale and anatomy or growth across all views, soft neutral studio lighting, pure black background for isolated references, full requested subject visibility, generous negative space, and PSD-friendly extraction. Habitat and biome outputs may use the canonical environment. No baked-in text, labels, watermark, logo, border, or UI.

Create four clearly different but canon-compliant versions. Preserve body plan or growth architecture, structural counts, environmental adaptations, materials, defining features, and locked coloration. Vary only permitted secondary proportions, markings, surface detail, minor ornamentation, natural wear, and pose or growth irregularity.

Recommended aspect ratio: 16:9.","text, labels, watermark, signature, logo, border, frame, UI, HUD, cropped subject, duplicate anatomy, contradictory anatomy, impossible balance, unsupported structures, random wings, random horns, humanoid default, fantasy armor, weapons, cartoon, anime, toy-like materials, excessive neon, excessive glow, oversaturated colors, busy background, motion blur, low resolution, compression artifacts, generic Earth copy, unsupported fantasy styling, traits conflicting with locked canon",1.0.0,canonical
NB2-PLT-PIII-015-VACUUM-FLORA-SEASONAL,PLT-PIII-015-VACUUM-FLORA,Vacuum Flora,seasonal,Seasonal and Stress Variants,16:9,"Create a canonical NOVERIS Nano Banana 2 visual for Vacuum Flora: Seasonal and Stress Variants.

Canonical archetype:
A canonical vacuum flora designed as a scientifically plausible plant-like or fungal organism whose anchoring, support, transport, energy capture, growth, reproduction, ecology, and environmental adaptations are internally coherent.

Required visual and biological rules:
• credible anchoring
• coherent support and transport
• functional energy collectors
• reproductive logic
• environment-linked growth

Production request:
Create growth, reproduction, dormancy, damage and recovery.

Studio-resolved canonical values:
{{canonicalId}}, {{displayName}}, {{scientificName}}, {{originPlanet}}, {{planetType}}, {{biome}}, {{gravity}}, {{atmosphere}}, {{climate}}, {{temperatureRange}}, {{sizeScale}}, {{coloration}}, {{materials}}, {{distinctiveFeatures}}, {{lockedTraits}}, {{rarity}}, {{artDirection}}.

Preserve every locked canonical field exactly. The result must use NOVERIS Scientific Realism: premium AAA science-fiction quality, museum-grade reference presentation, scientifically plausible structure, coherent materials, restrained coloration unless canon requires otherwise, readable silhouette, consistent scale and anatomy or growth across all views, soft neutral studio lighting, pure black background for isolated references, full requested subject visibility, generous negative space, and PSD-friendly extraction. Habitat and biome outputs may use the canonical environment. No baked-in text, labels, watermark, logo, border, or UI.

Create four clearly different but canon-compliant versions. Preserve body plan or growth architecture, structural counts, environmental adaptations, materials, defining features, and locked coloration. Vary only permitted secondary proportions, markings, surface detail, minor ornamentation, natural wear, and pose or growth irregularity.

Recommended aspect ratio: 16:9.","text, labels, watermark, signature, logo, border, frame, UI, HUD, cropped subject, duplicate anatomy, contradictory anatomy, impossible balance, unsupported structures, random wings, random horns, humanoid default, fantasy armor, weapons, cartoon, anime, toy-like materials, excessive neon, excessive glow, oversaturated colors, busy background, motion blur, low resolution, compression artifacts, generic Earth copy, unsupported fantasy styling, traits conflicting with locked canon",1.0.0,canonical
NB2-PLT-PIII-015-VACUUM-FLORA-HABITAT,PLT-PIII-015-VACUUM-FLORA,Vacuum Flora,habitat,Native Habitat Composition,16:9,"Create a canonical NOVERIS Nano Banana 2 visual for Vacuum Flora: Native Habitat Composition.

Canonical archetype:
A canonical vacuum flora designed as a scientifically plausible plant-like or fungal organism whose anchoring, support, transport, energy capture, growth, reproduction, ecology, and environmental adaptations are internally coherent.

Required visual and biological rules:
• credible anchoring
• coherent support and transport
• functional energy collectors
• reproductive logic
• environment-linked growth

Production request:
Create natural population with spacing and age diversity.

Studio-resolved canonical values:
{{canonicalId}}, {{displayName}}, {{scientificName}}, {{originPlanet}}, {{planetType}}, {{biome}}, {{gravity}}, {{atmosphere}}, {{climate}}, {{temperatureRange}}, {{sizeScale}}, {{coloration}}, {{materials}}, {{distinctiveFeatures}}, {{lockedTraits}}, {{rarity}}, {{artDirection}}.

Preserve every locked canonical field exactly. The result must use NOVERIS Scientific Realism: premium AAA science-fiction quality, museum-grade reference presentation, scientifically plausible structure, coherent materials, restrained coloration unless canon requires otherwise, readable silhouette, consistent scale and anatomy or growth across all views, soft neutral studio lighting, pure black background for isolated references, full requested subject visibility, generous negative space, and PSD-friendly extraction. Habitat and biome outputs may use the canonical environment. No baked-in text, labels, watermark, logo, border, or UI.

Create four clearly different but canon-compliant versions. Preserve body plan or growth architecture, structural counts, environmental adaptations, materials, defining features, and locked coloration. Vary only permitted secondary proportions, markings, surface detail, minor ornamentation, natural wear, and pose or growth irregularity.

Recommended aspect ratio: 16:9.","text, labels, watermark, signature, logo, border, frame, UI, HUD, cropped subject, duplicate anatomy, contradictory anatomy, impossible balance, unsupported structures, random wings, random horns, humanoid default, fantasy armor, weapons, cartoon, anime, toy-like materials, excessive neon, excessive glow, oversaturated colors, busy background, motion blur, low resolution, compression artifacts, generic Earth copy, unsupported fantasy styling, traits conflicting with locked canon",1.0.0,canonical
NB2-PLT-PIII-015-VACUUM-FLORA-BIOME,PLT-PIII-015-VACUUM-FLORA,Vacuum Flora,biome,Biome Composition,16:9,"Create a canonical NOVERIS Nano Banana 2 visual for Vacuum Flora: Biome Composition.

Canonical archetype:
A canonical vacuum flora designed as a scientifically plausible plant-like or fungal organism whose anchoring, support, transport, energy capture, growth, reproduction, ecology, and environmental adaptations are internally coherent.

Required visual and biological rules:
• credible anchoring
• coherent support and transport
• functional energy collectors
• reproductive logic
• environment-linked growth

Production request:
Create coordinated vegetation set at consistent scale.

Studio-resolved canonical values:
{{canonicalId}}, {{displayName}}, {{scientificName}}, {{originPlanet}}, {{planetType}}, {{biome}}, {{gravity}}, {{atmosphere}}, {{climate}}, {{temperatureRange}}, {{sizeScale}}, {{coloration}}, {{materials}}, {{distinctiveFeatures}}, {{lockedTraits}}, {{rarity}}, {{artDirection}}.

Preserve every locked canonical field exactly. The result must use NOVERIS Scientific Realism: premium AAA science-fiction quality, museum-grade reference presentation, scientifically plausible structure, coherent materials, restrained coloration unless canon requires otherwise, readable silhouette, consistent scale and anatomy or growth across all views, soft neutral studio lighting, pure black background for isolated references, full requested subject visibility, generous negative space, and PSD-friendly extraction. Habitat and biome outputs may use the canonical environment. No baked-in text, labels, watermark, logo, border, or UI.

Create four clearly different but canon-compliant versions. Preserve body plan or growth architecture, structural counts, environmental adaptations, materials, defining features, and locked coloration. Vary only permitted secondary proportions, markings, surface detail, minor ornamentation, natural wear, and pose or growth irregularity.

Recommended aspect ratio: 16:9.","text, labels, watermark, signature, logo, border, frame, UI, HUD, cropped subject, duplicate anatomy, contradictory anatomy, impossible balance, unsupported structures, random wings, random horns, humanoid default, fantasy armor, weapons, cartoon, anime, toy-like materials, excessive neon, excessive glow, oversaturated colors, busy background, motion blur, low resolution, compression artifacts, generic Earth copy, unsupported fantasy styling, traits conflicting with locked canon",1.0.0,canonical
NB2-PLT-PIII-015-VACUUM-FLORA-DISCOVERY,PLT-PIII-015-VACUUM-FLORA,Vacuum Flora,discovery,Discovery Scan,16:9,"Create a canonical NOVERIS Nano Banana 2 visual for Vacuum Flora: Discovery Scan.

Canonical archetype:
A canonical vacuum flora designed as a scientifically plausible plant-like or fungal organism whose anchoring, support, transport, energy capture, growth, reproduction, ecology, and environmental adaptations are internally coherent.

Required visual and biological rules:
• credible anchoring
• coherent support and transport
• functional energy collectors
• reproductive logic
• environment-linked growth

Production request:
Create centered scientific scan source without labels.

Studio-resolved canonical values:
{{canonicalId}}, {{displayName}}, {{scientificName}}, {{originPlanet}}, {{planetType}}, {{biome}}, {{gravity}}, {{atmosphere}}, {{climate}}, {{temperatureRange}}, {{sizeScale}}, {{coloration}}, {{materials}}, {{distinctiveFeatures}}, {{lockedTraits}}, {{rarity}}, {{artDirection}}.

Preserve every locked canonical field exactly. The result must use NOVERIS Scientific Realism: premium AAA science-fiction quality, museum-grade reference presentation, scientifically plausible structure, coherent materials, restrained coloration unless canon requires otherwise, readable silhouette, consistent scale and anatomy or growth across all views, soft neutral studio lighting, pure black background for isolated references, full requested subject visibility, generous negative space, and PSD-friendly extraction. Habitat and biome outputs may use the canonical environment. No baked-in text, labels, watermark, logo, border, or UI.

Create four clearly different but canon-compliant versions. Preserve body plan or growth architecture, structural counts, environmental adaptations, materials, defining features, and locked coloration. Vary only permitted secondary proportions, markings, surface detail, minor ornamentation, natural wear, and pose or growth irregularity.

Recommended aspect ratio: 16:9.","text, labels, watermark, signature, logo, border, frame, UI, HUD, cropped subject, duplicate anatomy, contradictory anatomy, impossible balance, unsupported structures, random wings, random horns, humanoid default, fantasy armor, weapons, cartoon, anime, toy-like materials, excessive neon, excessive glow, oversaturated colors, busy background, motion blur, low resolution, compression artifacts, generic Earth copy, unsupported fantasy styling, traits conflicting with locked canon",1.0.0,canonical
NB2-PLT-PIII-015-VACUUM-FLORA-ICON,PLT-PIII-015-VACUUM-FLORA,Vacuum Flora,icon,UI Icon,1:1,"Create a canonical NOVERIS Nano Banana 2 visual for Vacuum Flora: UI Icon.

Canonical archetype:
A canonical vacuum flora designed as a scientifically plausible plant-like or fungal organism whose anchoring, support, transport, energy capture, growth, reproduction, ecology, and environmental adaptations are internally coherent.

Required visual and biological rules:
• credible anchoring
• coherent support and transport
• functional energy collectors
• reproductive logic
• environment-linked growth

Production request:
Create isolated silhouette readable at 64 pixels.

Studio-resolved canonical values:
{{canonicalId}}, {{displayName}}, {{scientificName}}, {{originPlanet}}, {{planetType}}, {{biome}}, {{gravity}}, {{atmosphere}}, {{climate}}, {{temperatureRange}}, {{sizeScale}}, {{coloration}}, {{materials}}, {{distinctiveFeatures}}, {{lockedTraits}}, {{rarity}}, {{artDirection}}.

Preserve every locked canonical field exactly. The result must use NOVERIS Scientific Realism: premium AAA science-fiction quality, museum-grade reference presentation, scientifically plausible structure, coherent materials, restrained coloration unless canon requires otherwise, readable silhouette, consistent scale and anatomy or growth across all views, soft neutral studio lighting, pure black background for isolated references, full requested subject visibility, generous negative space, and PSD-friendly extraction. Habitat and biome outputs may use the canonical environment. No baked-in text, labels, watermark, logo, border, or UI.

Create four clearly different but canon-compliant versions. Preserve body plan or growth architecture, structural counts, environmental adaptations, materials, defining features, and locked coloration. Vary only permitted secondary proportions, markings, surface detail, minor ornamentation, natural wear, and pose or growth irregularity.

Recommended aspect ratio: 1:1.","text, labels, watermark, signature, logo, border, frame, UI, HUD, cropped subject, duplicate anatomy, contradictory anatomy, impossible balance, unsupported structures, random wings, random horns, humanoid default, fantasy armor, weapons, cartoon, anime, toy-like materials, excessive neon, excessive glow, oversaturated colors, busy background, motion blur, low resolution, compression artifacts, generic Earth copy, unsupported fantasy styling, traits conflicting with locked canon",1.0.0,canonical
NB2-PLT-PIII-015-VACUUM-FLORA-SCALE,PLT-PIII-015-VACUUM-FLORA,Vacuum Flora,scale,Scale Comparison,16:9,"Create a canonical NOVERIS Nano Banana 2 visual for Vacuum Flora: Scale Comparison.

Canonical archetype:
A canonical vacuum flora designed as a scientifically plausible plant-like or fungal organism whose anchoring, support, transport, energy capture, growth, reproduction, ecology, and environmental adaptations are internally coherent.

Required visual and biological rules:
• credible anchoring
• coherent support and transport
• functional energy collectors
• reproductive logic
• environment-linked growth

Production request:
Create side view with adult human silhouette and one-meter bar.

Studio-resolved canonical values:
{{canonicalId}}, {{displayName}}, {{scientificName}}, {{originPlanet}}, {{planetType}}, {{biome}}, {{gravity}}, {{atmosphere}}, {{climate}}, {{temperatureRange}}, {{sizeScale}}, {{coloration}}, {{materials}}, {{distinctiveFeatures}}, {{lockedTraits}}, {{rarity}}, {{artDirection}}.

Preserve every locked canonical field exactly. The result must use NOVERIS Scientific Realism: premium AAA science-fiction quality, museum-grade reference presentation, scientifically plausible structure, coherent materials, restrained coloration unless canon requires otherwise, readable silhouette, consistent scale and anatomy or growth across all views, soft neutral studio lighting, pure black background for isolated references, full requested subject visibility, generous negative space, and PSD-friendly extraction. Habitat and biome outputs may use the canonical environment. No baked-in text, labels, watermark, logo, border, or UI.

Create four clearly different but canon-compliant versions. Preserve body plan or growth architecture, structural counts, environmental adaptations, materials, defining features, and locked coloration. Vary only permitted secondary proportions, markings, surface detail, minor ornamentation, natural wear, and pose or growth irregularity.

Recommended aspect ratio: 16:9.","text, labels, watermark, signature, logo, border, frame, UI, HUD, cropped subject, duplicate anatomy, contradictory anatomy, impossible balance, unsupported structures, random wings, random horns, humanoid default, fantasy armor, weapons, cartoon, anime, toy-like materials, excessive neon, excessive glow, oversaturated colors, busy background, motion blur, low resolution, compression artifacts, generic Earth copy, unsupported fantasy styling, traits conflicting with locked canon",1.0.0,canonical
NB2-PLT-PIII-015-VACUUM-FLORA-PLATE,PLT-PIII-015-VACUUM-FLORA,Vacuum Flora,plate,Master Botanical Plate,16:9,"Create a canonical NOVERIS Nano Banana 2 visual for Vacuum Flora: Master Botanical Plate.

Canonical archetype:
A canonical vacuum flora designed as a scientifically plausible plant-like or fungal organism whose anchoring, support, transport, energy capture, growth, reproduction, ecology, and environmental adaptations are internally coherent.

Required visual and biological rules:
• credible anchoring
• coherent support and transport
• functional energy collectors
• reproductive logic
• environment-linked growth

Production request:
Create whole organism, views, roots, structure, collectors, reproduction, stages, materials and habitat vignette.

Studio-resolved canonical values:
{{canonicalId}}, {{displayName}}, {{scientificName}}, {{originPlanet}}, {{planetType}}, {{biome}}, {{gravity}}, {{atmosphere}}, {{climate}}, {{temperatureRange}}, {{sizeScale}}, {{coloration}}, {{materials}}, {{distinctiveFeatures}}, {{lockedTraits}}, {{rarity}}, {{artDirection}}.

Preserve every locked canonical field exactly. The result must use NOVERIS Scientific Realism: premium AAA science-fiction quality, museum-grade reference presentation, scientifically plausible structure, coherent materials, restrained coloration unless canon requires otherwise, readable silhouette, consistent scale and anatomy or growth across all views, soft neutral studio lighting, pure black background for isolated references, full requested subject visibility, generous negative space, and PSD-friendly extraction. Habitat and biome outputs may use the canonical environment. No baked-in text, labels, watermark, logo, border, or UI.

Create four clearly different but canon-compliant versions. Preserve body plan or growth architecture, structural counts, environmental adaptations, materials, defining features, and locked coloration. Vary only permitted secondary proportions, markings, surface detail, minor ornamentation, natural wear, and pose or growth irregularity.

Recommended aspect ratio: 16:9.","text, labels, watermark, signature, logo, border, frame, UI, HUD, cropped subject, duplicate anatomy, contradictory anatomy, impossible balance, unsupported structures, random wings, random horns, humanoid default, fantasy armor, weapons, cartoon, anime, toy-like materials, excessive neon, excessive glow, oversaturated colors, busy background, motion blur, low resolution, compression artifacts, generic Earth copy, unsupported fantasy styling, traits conflicting with locked canon",1.0.0,canonical
NB2-PLT-PIII-015-VACUUM-FLORA-PSD,PLT-PIII-015-VACUUM-FLORA,Vacuum Flora,psd,PSD Extraction Board,16:9,"Create a canonical NOVERIS Nano Banana 2 visual for Vacuum Flora: PSD Extraction Board.

Canonical archetype:
A canonical vacuum flora designed as a scientifically plausible plant-like or fungal organism whose anchoring, support, transport, energy capture, growth, reproduction, ecology, and environmental adaptations are internally coherent.

Required visual and biological rules:
• credible anchoring
• coherent support and transport
• functional energy collectors
• reproductive logic
• environment-linked growth

Production request:
Create isolated whole organism, parts, silhouette and material references.

Studio-resolved canonical values:
{{canonicalId}}, {{displayName}}, {{scientificName}}, {{originPlanet}}, {{planetType}}, {{biome}}, {{gravity}}, {{atmosphere}}, {{climate}}, {{temperatureRange}}, {{sizeScale}}, {{coloration}}, {{materials}}, {{distinctiveFeatures}}, {{lockedTraits}}, {{rarity}}, {{artDirection}}.

Preserve every locked canonical field exactly. The result must use NOVERIS Scientific Realism: premium AAA science-fiction quality, museum-grade reference presentation, scientifically plausible structure, coherent materials, restrained coloration unless canon requires otherwise, readable silhouette, consistent scale and anatomy or growth across all views, soft neutral studio lighting, pure black background for isolated references, full requested subject visibility, generous negative space, and PSD-friendly extraction. Habitat and biome outputs may use the canonical environment. No baked-in text, labels, watermark, logo, border, or UI.

Create four clearly different but canon-compliant versions. Preserve body plan or growth architecture, structural counts, environmental adaptations, materials, defining features, and locked coloration. Vary only permitted secondary proportions, markings, surface detail, minor ornamentation, natural wear, and pose or growth irregularity.

Recommended aspect ratio: 16:9.","text, labels, watermark, signature, logo, border, frame, UI, HUD, cropped subject, duplicate anatomy, contradictory anatomy, impossible balance, unsupported structures, random wings, random horns, humanoid default, fantasy armor, weapons, cartoon, anime, toy-like materials, excessive neon, excessive glow, oversaturated colors, busy background, motion blur, low resolution, compression artifacts, generic Earth copy, unsupported fantasy styling, traits conflicting with locked canon",1.0.0,canonical
NB2-PLT-PIII-016-ORBITAL-FLORA-WHOLE-PLANT,PLT-PIII-016-ORBITAL-FLORA,Orbital Flora,whole-plant,Whole Plant Production Render,3:4,"Create a canonical NOVERIS Nano Banana 2 visual for Orbital Flora: Whole Plant Production Render.

Canonical archetype:
A canonical orbital flora designed as a scientifically plausible plant-like or fungal organism whose anchoring, support, transport, energy capture, growth, reproduction, ecology, and environmental adaptations are internally coherent.

Required visual and biological rules:
• credible anchoring
• coherent support and transport
• functional energy collectors
• reproductive logic
• environment-linked growth

Production request:
Create complete mature organism including roots or anchor system.

Studio-resolved canonical values:
{{canonicalId}}, {{displayName}}, {{scientificName}}, {{originPlanet}}, {{planetType}}, {{biome}}, {{gravity}}, {{atmosphere}}, {{climate}}, {{temperatureRange}}, {{sizeScale}}, {{coloration}}, {{materials}}, {{distinctiveFeatures}}, {{lockedTraits}}, {{rarity}}, {{artDirection}}.

Preserve every locked canonical field exactly. The result must use NOVERIS Scientific Realism: premium AAA science-fiction quality, museum-grade reference presentation, scientifically plausible structure, coherent materials, restrained coloration unless canon requires otherwise, readable silhouette, consistent scale and anatomy or growth across all views, soft neutral studio lighting, pure black background for isolated references, full requested subject visibility, generous negative space, and PSD-friendly extraction. Habitat and biome outputs may use the canonical environment. No baked-in text, labels, watermark, logo, border, or UI.

Create four clearly different but canon-compliant versions. Preserve body plan or growth architecture, structural counts, environmental adaptations, materials, defining features, and locked coloration. Vary only permitted secondary proportions, markings, surface detail, minor ornamentation, natural wear, and pose or growth irregularity.

Recommended aspect ratio: 3:4.","text, labels, watermark, signature, logo, border, frame, UI, HUD, cropped subject, duplicate anatomy, contradictory anatomy, impossible balance, unsupported structures, random wings, random horns, humanoid default, fantasy armor, weapons, cartoon, anime, toy-like materials, excessive neon, excessive glow, oversaturated colors, busy background, motion blur, low resolution, compression artifacts, generic Earth copy, unsupported fantasy styling, traits conflicting with locked canon",1.0.0,canonical
NB2-PLT-PIII-016-ORBITAL-FLORA-PORTRAIT,PLT-PIII-016-ORBITAL-FLORA,Orbital Flora,portrait,Botanical Portrait,1:1,"Create a canonical NOVERIS Nano Banana 2 visual for Orbital Flora: Botanical Portrait.

Canonical archetype:
A canonical orbital flora designed as a scientifically plausible plant-like or fungal organism whose anchoring, support, transport, energy capture, growth, reproduction, ecology, and environmental adaptations are internally coherent.

Required visual and biological rules:
• credible anchoring
• coherent support and transport
• functional energy collectors
• reproductive logic
• environment-linked growth

Production request:
Create defining growth form, foliage, collectors and reproduction.

Studio-resolved canonical values:
{{canonicalId}}, {{displayName}}, {{scientificName}}, {{originPlanet}}, {{planetType}}, {{biome}}, {{gravity}}, {{atmosphere}}, {{climate}}, {{temperatureRange}}, {{sizeScale}}, {{coloration}}, {{materials}}, {{distinctiveFeatures}}, {{lockedTraits}}, {{rarity}}, {{artDirection}}.

Preserve every locked canonical field exactly. The result must use NOVERIS Scientific Realism: premium AAA science-fiction quality, museum-grade reference presentation, scientifically plausible structure, coherent materials, restrained coloration unless canon requires otherwise, readable silhouette, consistent scale and anatomy or growth across all views, soft neutral studio lighting, pure black background for isolated references, full requested subject visibility, generous negative space, and PSD-friendly extraction. Habitat and biome outputs may use the canonical environment. No baked-in text, labels, watermark, logo, border, or UI.

Create four clearly different but canon-compliant versions. Preserve body plan or growth architecture, structural counts, environmental adaptations, materials, defining features, and locked coloration. Vary only permitted secondary proportions, markings, surface detail, minor ornamentation, natural wear, and pose or growth irregularity.

Recommended aspect ratio: 1:1.","text, labels, watermark, signature, logo, border, frame, UI, HUD, cropped subject, duplicate anatomy, contradictory anatomy, impossible balance, unsupported structures, random wings, random horns, humanoid default, fantasy armor, weapons, cartoon, anime, toy-like materials, excessive neon, excessive glow, oversaturated colors, busy background, motion blur, low resolution, compression artifacts, generic Earth copy, unsupported fantasy styling, traits conflicting with locked canon",1.0.0,canonical
NB2-PLT-PIII-016-ORBITAL-FLORA-ORTHO-FRONT,PLT-PIII-016-ORBITAL-FLORA,Orbital Flora,ortho-front,Orthographic Front,3:4,"Create a canonical NOVERIS Nano Banana 2 visual for Orbital Flora: Orthographic Front.

Canonical archetype:
A canonical orbital flora designed as a scientifically plausible plant-like or fungal organism whose anchoring, support, transport, energy capture, growth, reproduction, ecology, and environmental adaptations are internally coherent.

Required visual and biological rules:
• credible anchoring
• coherent support and transport
• functional energy collectors
• reproductive logic
• environment-linked growth

Production request:
Create exact front orthographic view.

Studio-resolved canonical values:
{{canonicalId}}, {{displayName}}, {{scientificName}}, {{originPlanet}}, {{planetType}}, {{biome}}, {{gravity}}, {{atmosphere}}, {{climate}}, {{temperatureRange}}, {{sizeScale}}, {{coloration}}, {{materials}}, {{distinctiveFeatures}}, {{lockedTraits}}, {{rarity}}, {{artDirection}}.

Preserve every locked canonical field exactly. The result must use NOVERIS Scientific Realism: premium AAA science-fiction quality, museum-grade reference presentation, scientifically plausible structure, coherent materials, restrained coloration unless canon requires otherwise, readable silhouette, consistent scale and anatomy or growth across all views, soft neutral studio lighting, pure black background for isolated references, full requested subject visibility, generous negative space, and PSD-friendly extraction. Habitat and biome outputs may use the canonical environment. No baked-in text, labels, watermark, logo, border, or UI.

Create four clearly different but canon-compliant versions. Preserve body plan or growth architecture, structural counts, environmental adaptations, materials, defining features, and locked coloration. Vary only permitted secondary proportions, markings, surface detail, minor ornamentation, natural wear, and pose or growth irregularity.

Recommended aspect ratio: 3:4.","text, labels, watermark, signature, logo, border, frame, UI, HUD, cropped subject, duplicate anatomy, contradictory anatomy, impossible balance, unsupported structures, random wings, random horns, humanoid default, fantasy armor, weapons, cartoon, anime, toy-like materials, excessive neon, excessive glow, oversaturated colors, busy background, motion blur, low resolution, compression artifacts, generic Earth copy, unsupported fantasy styling, traits conflicting with locked canon",1.0.0,canonical
NB2-PLT-PIII-016-ORBITAL-FLORA-ORTHO-SIDE,PLT-PIII-016-ORBITAL-FLORA,Orbital Flora,ortho-side,Orthographic Side,3:4,"Create a canonical NOVERIS Nano Banana 2 visual for Orbital Flora: Orthographic Side.

Canonical archetype:
A canonical orbital flora designed as a scientifically plausible plant-like or fungal organism whose anchoring, support, transport, energy capture, growth, reproduction, ecology, and environmental adaptations are internally coherent.

Required visual and biological rules:
• credible anchoring
• coherent support and transport
• functional energy collectors
• reproductive logic
• environment-linked growth

Production request:
Create exact side orthographic view.

Studio-resolved canonical values:
{{canonicalId}}, {{displayName}}, {{scientificName}}, {{originPlanet}}, {{planetType}}, {{biome}}, {{gravity}}, {{atmosphere}}, {{climate}}, {{temperatureRange}}, {{sizeScale}}, {{coloration}}, {{materials}}, {{distinctiveFeatures}}, {{lockedTraits}}, {{rarity}}, {{artDirection}}.

Preserve every locked canonical field exactly. The result must use NOVERIS Scientific Realism: premium AAA science-fiction quality, museum-grade reference presentation, scientifically plausible structure, coherent materials, restrained coloration unless canon requires otherwise, readable silhouette, consistent scale and anatomy or growth across all views, soft neutral studio lighting, pure black background for isolated references, full requested subject visibility, generous negative space, and PSD-friendly extraction. Habitat and biome outputs may use the canonical environment. No baked-in text, labels, watermark, logo, border, or UI.

Create four clearly different but canon-compliant versions. Preserve body plan or growth architecture, structural counts, environmental adaptations, materials, defining features, and locked coloration. Vary only permitted secondary proportions, markings, surface detail, minor ornamentation, natural wear, and pose or growth irregularity.

Recommended aspect ratio: 3:4.","text, labels, watermark, signature, logo, border, frame, UI, HUD, cropped subject, duplicate anatomy, contradictory anatomy, impossible balance, unsupported structures, random wings, random horns, humanoid default, fantasy armor, weapons, cartoon, anime, toy-like materials, excessive neon, excessive glow, oversaturated colors, busy background, motion blur, low resolution, compression artifacts, generic Earth copy, unsupported fantasy styling, traits conflicting with locked canon",1.0.0,canonical
NB2-PLT-PIII-016-ORBITAL-FLORA-ORTHO-TOP,PLT-PIII-016-ORBITAL-FLORA,Orbital Flora,ortho-top,Orthographic Top,1:1,"Create a canonical NOVERIS Nano Banana 2 visual for Orbital Flora: Orthographic Top.

Canonical archetype:
A canonical orbital flora designed as a scientifically plausible plant-like or fungal organism whose anchoring, support, transport, energy capture, growth, reproduction, ecology, and environmental adaptations are internally coherent.

Required visual and biological rules:
• credible anchoring
• coherent support and transport
• functional energy collectors
• reproductive logic
• environment-linked growth

Production request:
Create exact top view showing spread and growth geometry.

Studio-resolved canonical values:
{{canonicalId}}, {{displayName}}, {{scientificName}}, {{originPlanet}}, {{planetType}}, {{biome}}, {{gravity}}, {{atmosphere}}, {{climate}}, {{temperatureRange}}, {{sizeScale}}, {{coloration}}, {{materials}}, {{distinctiveFeatures}}, {{lockedTraits}}, {{rarity}}, {{artDirection}}.

Preserve every locked canonical field exactly. The result must use NOVERIS Scientific Realism: premium AAA science-fiction quality, museum-grade reference presentation, scientifically plausible structure, coherent materials, restrained coloration unless canon requires otherwise, readable silhouette, consistent scale and anatomy or growth across all views, soft neutral studio lighting, pure black background for isolated references, full requested subject visibility, generous negative space, and PSD-friendly extraction. Habitat and biome outputs may use the canonical environment. No baked-in text, labels, watermark, logo, border, or UI.

Create four clearly different but canon-compliant versions. Preserve body plan or growth architecture, structural counts, environmental adaptations, materials, defining features, and locked coloration. Vary only permitted secondary proportions, markings, surface detail, minor ornamentation, natural wear, and pose or growth irregularity.

Recommended aspect ratio: 1:1.","text, labels, watermark, signature, logo, border, frame, UI, HUD, cropped subject, duplicate anatomy, contradictory anatomy, impossible balance, unsupported structures, random wings, random horns, humanoid default, fantasy armor, weapons, cartoon, anime, toy-like materials, excessive neon, excessive glow, oversaturated colors, busy background, motion blur, low resolution, compression artifacts, generic Earth copy, unsupported fantasy styling, traits conflicting with locked canon",1.0.0,canonical
NB2-PLT-PIII-016-ORBITAL-FLORA-ROOTS,PLT-PIII-016-ORBITAL-FLORA,Orbital Flora,roots,Root or Anchor System,16:9,"Create a canonical NOVERIS Nano Banana 2 visual for Orbital Flora: Root or Anchor System.

Canonical archetype:
A canonical orbital flora designed as a scientifically plausible plant-like or fungal organism whose anchoring, support, transport, energy capture, growth, reproduction, ecology, and environmental adaptations are internally coherent.

Required visual and biological rules:
• credible anchoring
• coherent support and transport
• functional energy collectors
• reproductive logic
• environment-linked growth

Production request:
Create complete substrate interface and nutrient exchange structures.

Studio-resolved canonical values:
{{canonicalId}}, {{displayName}}, {{scientificName}}, {{originPlanet}}, {{planetType}}, {{biome}}, {{gravity}}, {{atmosphere}}, {{climate}}, {{temperatureRange}}, {{sizeScale}}, {{coloration}}, {{materials}}, {{distinctiveFeatures}}, {{lockedTraits}}, {{rarity}}, {{artDirection}}.

Preserve every locked canonical field exactly. The result must use NOVERIS Scientific Realism: premium AAA science-fiction quality, museum-grade reference presentation, scientifically plausible structure, coherent materials, restrained coloration unless canon requires otherwise, readable silhouette, consistent scale and anatomy or growth across all views, soft neutral studio lighting, pure black background for isolated references, full requested subject visibility, generous negative space, and PSD-friendly extraction. Habitat and biome outputs may use the canonical environment. No baked-in text, labels, watermark, logo, border, or UI.

Create four clearly different but canon-compliant versions. Preserve body plan or growth architecture, structural counts, environmental adaptations, materials, defining features, and locked coloration. Vary only permitted secondary proportions, markings, surface detail, minor ornamentation, natural wear, and pose or growth irregularity.

Recommended aspect ratio: 16:9.","text, labels, watermark, signature, logo, border, frame, UI, HUD, cropped subject, duplicate anatomy, contradictory anatomy, impossible balance, unsupported structures, random wings, random horns, humanoid default, fantasy armor, weapons, cartoon, anime, toy-like materials, excessive neon, excessive glow, oversaturated colors, busy background, motion blur, low resolution, compression artifacts, generic Earth copy, unsupported fantasy styling, traits conflicting with locked canon",1.0.0,canonical
NB2-PLT-PIII-016-ORBITAL-FLORA-STEMS,PLT-PIII-016-ORBITAL-FLORA,Orbital Flora,stems,"Stem, Trunk or Structural Study",16:9,"Create a canonical NOVERIS Nano Banana 2 visual for Orbital Flora: Stem, Trunk or Structural Study.

Canonical archetype:
A canonical orbital flora designed as a scientifically plausible plant-like or fungal organism whose anchoring, support, transport, energy capture, growth, reproduction, ecology, and environmental adaptations are internally coherent.

Required visual and biological rules:
• credible anchoring
• coherent support and transport
• functional energy collectors
• reproductive logic
• environment-linked growth

Production request:
Create support and transport architecture.

Studio-resolved canonical values:
{{canonicalId}}, {{displayName}}, {{scientificName}}, {{originPlanet}}, {{planetType}}, {{biome}}, {{gravity}}, {{atmosphere}}, {{climate}}, {{temperatureRange}}, {{sizeScale}}, {{coloration}}, {{materials}}, {{distinctiveFeatures}}, {{lockedTraits}}, {{rarity}}, {{artDirection}}.

Preserve every locked canonical field exactly. The result must use NOVERIS Scientific Realism: premium AAA science-fiction quality, museum-grade reference presentation, scientifically plausible structure, coherent materials, restrained coloration unless canon requires otherwise, readable silhouette, consistent scale and anatomy or growth across all views, soft neutral studio lighting, pure black background for isolated references, full requested subject visibility, generous negative space, and PSD-friendly extraction. Habitat and biome outputs may use the canonical environment. No baked-in text, labels, watermark, logo, border, or UI.

Create four clearly different but canon-compliant versions. Preserve body plan or growth architecture, structural counts, environmental adaptations, materials, defining features, and locked coloration. Vary only permitted secondary proportions, markings, surface detail, minor ornamentation, natural wear, and pose or growth irregularity.

Recommended aspect ratio: 16:9.","text, labels, watermark, signature, logo, border, frame, UI, HUD, cropped subject, duplicate anatomy, contradictory anatomy, impossible balance, unsupported structures, random wings, random horns, humanoid default, fantasy armor, weapons, cartoon, anime, toy-like materials, excessive neon, excessive glow, oversaturated colors, busy background, motion blur, low resolution, compression artifacts, generic Earth copy, unsupported fantasy styling, traits conflicting with locked canon",1.0.0,canonical
NB2-PLT-PIII-016-ORBITAL-FLORA-COLLECTORS,PLT-PIII-016-ORBITAL-FLORA,Orbital Flora,collectors,Leaves or Collector Study,16:9,"Create a canonical NOVERIS Nano Banana 2 visual for Orbital Flora: Leaves or Collector Study.

Canonical archetype:
A canonical orbital flora designed as a scientifically plausible plant-like or fungal organism whose anchoring, support, transport, energy capture, growth, reproduction, ecology, and environmental adaptations are internally coherent.

Required visual and biological rules:
• credible anchoring
• coherent support and transport
• functional energy collectors
• reproductive logic
• environment-linked growth

Production request:
Create front, back, edge, juvenile, mature and stressed states.

Studio-resolved canonical values:
{{canonicalId}}, {{displayName}}, {{scientificName}}, {{originPlanet}}, {{planetType}}, {{biome}}, {{gravity}}, {{atmosphere}}, {{climate}}, {{temperatureRange}}, {{sizeScale}}, {{coloration}}, {{materials}}, {{distinctiveFeatures}}, {{lockedTraits}}, {{rarity}}, {{artDirection}}.

Preserve every locked canonical field exactly. The result must use NOVERIS Scientific Realism: premium AAA science-fiction quality, museum-grade reference presentation, scientifically plausible structure, coherent materials, restrained coloration unless canon requires otherwise, readable silhouette, consistent scale and anatomy or growth across all views, soft neutral studio lighting, pure black background for isolated references, full requested subject visibility, generous negative space, and PSD-friendly extraction. Habitat and biome outputs may use the canonical environment. No baked-in text, labels, watermark, logo, border, or UI.

Create four clearly different but canon-compliant versions. Preserve body plan or growth architecture, structural counts, environmental adaptations, materials, defining features, and locked coloration. Vary only permitted secondary proportions, markings, surface detail, minor ornamentation, natural wear, and pose or growth irregularity.

Recommended aspect ratio: 16:9.","text, labels, watermark, signature, logo, border, frame, UI, HUD, cropped subject, duplicate anatomy, contradictory anatomy, impossible balance, unsupported structures, random wings, random horns, humanoid default, fantasy armor, weapons, cartoon, anime, toy-like materials, excessive neon, excessive glow, oversaturated colors, busy background, motion blur, low resolution, compression artifacts, generic Earth copy, unsupported fantasy styling, traits conflicting with locked canon",1.0.0,canonical
NB2-PLT-PIII-016-ORBITAL-FLORA-REPRODUCTION,PLT-PIII-016-ORBITAL-FLORA,Orbital Flora,reproduction,Reproductive Structure,16:9,"Create a canonical NOVERIS Nano Banana 2 visual for Orbital Flora: Reproductive Structure.

Canonical archetype:
A canonical orbital flora designed as a scientifically plausible plant-like or fungal organism whose anchoring, support, transport, energy capture, growth, reproduction, ecology, and environmental adaptations are internally coherent.

Required visual and biological rules:
• credible anchoring
• coherent support and transport
• functional energy collectors
• reproductive logic
• environment-linked growth

Production request:
Create flowers, cones, spores, fields or equivalent stages.

Studio-resolved canonical values:
{{canonicalId}}, {{displayName}}, {{scientificName}}, {{originPlanet}}, {{planetType}}, {{biome}}, {{gravity}}, {{atmosphere}}, {{climate}}, {{temperatureRange}}, {{sizeScale}}, {{coloration}}, {{materials}}, {{distinctiveFeatures}}, {{lockedTraits}}, {{rarity}}, {{artDirection}}.

Preserve every locked canonical field exactly. The result must use NOVERIS Scientific Realism: premium AAA science-fiction quality, museum-grade reference presentation, scientifically plausible structure, coherent materials, restrained coloration unless canon requires otherwise, readable silhouette, consistent scale and anatomy or growth across all views, soft neutral studio lighting, pure black background for isolated references, full requested subject visibility, generous negative space, and PSD-friendly extraction. Habitat and biome outputs may use the canonical environment. No baked-in text, labels, watermark, logo, border, or UI.

Create four clearly different but canon-compliant versions. Preserve body plan or growth architecture, structural counts, environmental adaptations, materials, defining features, and locked coloration. Vary only permitted secondary proportions, markings, surface detail, minor ornamentation, natural wear, and pose or growth irregularity.

Recommended aspect ratio: 16:9.","text, labels, watermark, signature, logo, border, frame, UI, HUD, cropped subject, duplicate anatomy, contradictory anatomy, impossible balance, unsupported structures, random wings, random horns, humanoid default, fantasy armor, weapons, cartoon, anime, toy-like materials, excessive neon, excessive glow, oversaturated colors, busy background, motion blur, low resolution, compression artifacts, generic Earth copy, unsupported fantasy styling, traits conflicting with locked canon",1.0.0,canonical
NB2-PLT-PIII-016-ORBITAL-FLORA-PROPAGULES,PLT-PIII-016-ORBITAL-FLORA,Orbital Flora,propagules,"Seed, Spore or Propagule Study",16:9,"Create a canonical NOVERIS Nano Banana 2 visual for Orbital Flora: Seed, Spore or Propagule Study.

Canonical archetype:
A canonical orbital flora designed as a scientifically plausible plant-like or fungal organism whose anchoring, support, transport, energy capture, growth, reproduction, ecology, and environmental adaptations are internally coherent.

Required visual and biological rules:
• credible anchoring
• coherent support and transport
• functional energy collectors
• reproductive logic
• environment-linked growth

Production request:
Create dispersal, germination and early establishment.

Studio-resolved canonical values:
{{canonicalId}}, {{displayName}}, {{scientificName}}, {{originPlanet}}, {{planetType}}, {{biome}}, {{gravity}}, {{atmosphere}}, {{climate}}, {{temperatureRange}}, {{sizeScale}}, {{coloration}}, {{materials}}, {{distinctiveFeatures}}, {{lockedTraits}}, {{rarity}}, {{artDirection}}.

Preserve every locked canonical field exactly. The result must use NOVERIS Scientific Realism: premium AAA science-fiction quality, museum-grade reference presentation, scientifically plausible structure, coherent materials, restrained coloration unless canon requires otherwise, readable silhouette, consistent scale and anatomy or growth across all views, soft neutral studio lighting, pure black background for isolated references, full requested subject visibility, generous negative space, and PSD-friendly extraction. Habitat and biome outputs may use the canonical environment. No baked-in text, labels, watermark, logo, border, or UI.

Create four clearly different but canon-compliant versions. Preserve body plan or growth architecture, structural counts, environmental adaptations, materials, defining features, and locked coloration. Vary only permitted secondary proportions, markings, surface detail, minor ornamentation, natural wear, and pose or growth irregularity.

Recommended aspect ratio: 16:9.","text, labels, watermark, signature, logo, border, frame, UI, HUD, cropped subject, duplicate anatomy, contradictory anatomy, impossible balance, unsupported structures, random wings, random horns, humanoid default, fantasy armor, weapons, cartoon, anime, toy-like materials, excessive neon, excessive glow, oversaturated colors, busy background, motion blur, low resolution, compression artifacts, generic Earth copy, unsupported fantasy styling, traits conflicting with locked canon",1.0.0,canonical
NB2-PLT-PIII-016-ORBITAL-FLORA-CROSS-SECTION,PLT-PIII-016-ORBITAL-FLORA,Orbital Flora,cross-section,Internal Cross Section,16:9,"Create a canonical NOVERIS Nano Banana 2 visual for Orbital Flora: Internal Cross Section.

Canonical archetype:
A canonical orbital flora designed as a scientifically plausible plant-like or fungal organism whose anchoring, support, transport, energy capture, growth, reproduction, ecology, and environmental adaptations are internally coherent.

Required visual and biological rules:
• credible anchoring
• coherent support and transport
• functional energy collectors
• reproductive logic
• environment-linked growth

Production request:
Create protection, transport, support, storage and reproduction.

Studio-resolved canonical values:
{{canonicalId}}, {{displayName}}, {{scientificName}}, {{originPlanet}}, {{planetType}}, {{biome}}, {{gravity}}, {{atmosphere}}, {{climate}}, {{temperatureRange}}, {{sizeScale}}, {{coloration}}, {{materials}}, {{distinctiveFeatures}}, {{lockedTraits}}, {{rarity}}, {{artDirection}}.

Preserve every locked canonical field exactly. The result must use NOVERIS Scientific Realism: premium AAA science-fiction quality, museum-grade reference presentation, scientifically plausible structure, coherent materials, restrained coloration unless canon requires otherwise, readable silhouette, consistent scale and anatomy or growth across all views, soft neutral studio lighting, pure black background for isolated references, full requested subject visibility, generous negative space, and PSD-friendly extraction. Habitat and biome outputs may use the canonical environment. No baked-in text, labels, watermark, logo, border, or UI.

Create four clearly different but canon-compliant versions. Preserve body plan or growth architecture, structural counts, environmental adaptations, materials, defining features, and locked coloration. Vary only permitted secondary proportions, markings, surface detail, minor ornamentation, natural wear, and pose or growth irregularity.

Recommended aspect ratio: 16:9.","text, labels, watermark, signature, logo, border, frame, UI, HUD, cropped subject, duplicate anatomy, contradictory anatomy, impossible balance, unsupported structures, random wings, random horns, humanoid default, fantasy armor, weapons, cartoon, anime, toy-like materials, excessive neon, excessive glow, oversaturated colors, busy background, motion blur, low resolution, compression artifacts, generic Earth copy, unsupported fantasy styling, traits conflicting with locked canon",1.0.0,canonical
NB2-PLT-PIII-016-ORBITAL-FLORA-GROWTH,PLT-PIII-016-ORBITAL-FLORA,Orbital Flora,growth,Growth Stages,16:9,"Create a canonical NOVERIS Nano Banana 2 visual for Orbital Flora: Growth Stages.

Canonical archetype:
A canonical orbital flora designed as a scientifically plausible plant-like or fungal organism whose anchoring, support, transport, energy capture, growth, reproduction, ecology, and environmental adaptations are internally coherent.

Required visual and biological rules:
• credible anchoring
• coherent support and transport
• functional energy collectors
• reproductive logic
• environment-linked growth

Production request:
Create propagule, juvenile, mature, reproductive and senescent stages.

Studio-resolved canonical values:
{{canonicalId}}, {{displayName}}, {{scientificName}}, {{originPlanet}}, {{planetType}}, {{biome}}, {{gravity}}, {{atmosphere}}, {{climate}}, {{temperatureRange}}, {{sizeScale}}, {{coloration}}, {{materials}}, {{distinctiveFeatures}}, {{lockedTraits}}, {{rarity}}, {{artDirection}}.

Preserve every locked canonical field exactly. The result must use NOVERIS Scientific Realism: premium AAA science-fiction quality, museum-grade reference presentation, scientifically plausible structure, coherent materials, restrained coloration unless canon requires otherwise, readable silhouette, consistent scale and anatomy or growth across all views, soft neutral studio lighting, pure black background for isolated references, full requested subject visibility, generous negative space, and PSD-friendly extraction. Habitat and biome outputs may use the canonical environment. No baked-in text, labels, watermark, logo, border, or UI.

Create four clearly different but canon-compliant versions. Preserve body plan or growth architecture, structural counts, environmental adaptations, materials, defining features, and locked coloration. Vary only permitted secondary proportions, markings, surface detail, minor ornamentation, natural wear, and pose or growth irregularity.

Recommended aspect ratio: 16:9.","text, labels, watermark, signature, logo, border, frame, UI, HUD, cropped subject, duplicate anatomy, contradictory anatomy, impossible balance, unsupported structures, random wings, random horns, humanoid default, fantasy armor, weapons, cartoon, anime, toy-like materials, excessive neon, excessive glow, oversaturated colors, busy background, motion blur, low resolution, compression artifacts, generic Earth copy, unsupported fantasy styling, traits conflicting with locked canon",1.0.0,canonical
NB2-PLT-PIII-016-ORBITAL-FLORA-SEASONAL,PLT-PIII-016-ORBITAL-FLORA,Orbital Flora,seasonal,Seasonal and Stress Variants,16:9,"Create a canonical NOVERIS Nano Banana 2 visual for Orbital Flora: Seasonal and Stress Variants.

Canonical archetype:
A canonical orbital flora designed as a scientifically plausible plant-like or fungal organism whose anchoring, support, transport, energy capture, growth, reproduction, ecology, and environmental adaptations are internally coherent.

Required visual and biological rules:
• credible anchoring
• coherent support and transport
• functional energy collectors
• reproductive logic
• environment-linked growth

Production request:
Create growth, reproduction, dormancy, damage and recovery.

Studio-resolved canonical values:
{{canonicalId}}, {{displayName}}, {{scientificName}}, {{originPlanet}}, {{planetType}}, {{biome}}, {{gravity}}, {{atmosphere}}, {{climate}}, {{temperatureRange}}, {{sizeScale}}, {{coloration}}, {{materials}}, {{distinctiveFeatures}}, {{lockedTraits}}, {{rarity}}, {{artDirection}}.

Preserve every locked canonical field exactly. The result must use NOVERIS Scientific Realism: premium AAA science-fiction quality, museum-grade reference presentation, scientifically plausible structure, coherent materials, restrained coloration unless canon requires otherwise, readable silhouette, consistent scale and anatomy or growth across all views, soft neutral studio lighting, pure black background for isolated references, full requested subject visibility, generous negative space, and PSD-friendly extraction. Habitat and biome outputs may use the canonical environment. No baked-in text, labels, watermark, logo, border, or UI.

Create four clearly different but canon-compliant versions. Preserve body plan or growth architecture, structural counts, environmental adaptations, materials, defining features, and locked coloration. Vary only permitted secondary proportions, markings, surface detail, minor ornamentation, natural wear, and pose or growth irregularity.

Recommended aspect ratio: 16:9.","text, labels, watermark, signature, logo, border, frame, UI, HUD, cropped subject, duplicate anatomy, contradictory anatomy, impossible balance, unsupported structures, random wings, random horns, humanoid default, fantasy armor, weapons, cartoon, anime, toy-like materials, excessive neon, excessive glow, oversaturated colors, busy background, motion blur, low resolution, compression artifacts, generic Earth copy, unsupported fantasy styling, traits conflicting with locked canon",1.0.0,canonical
NB2-PLT-PIII-016-ORBITAL-FLORA-HABITAT,PLT-PIII-016-ORBITAL-FLORA,Orbital Flora,habitat,Native Habitat Composition,16:9,"Create a canonical NOVERIS Nano Banana 2 visual for Orbital Flora: Native Habitat Composition.

Canonical archetype:
A canonical orbital flora designed as a scientifically plausible plant-like or fungal organism whose anchoring, support, transport, energy capture, growth, reproduction, ecology, and environmental adaptations are internally coherent.

Required visual and biological rules:
• credible anchoring
• coherent support and transport
• functional energy collectors
• reproductive logic
• environment-linked growth

Production request:
Create natural population with spacing and age diversity.

Studio-resolved canonical values:
{{canonicalId}}, {{displayName}}, {{scientificName}}, {{originPlanet}}, {{planetType}}, {{biome}}, {{gravity}}, {{atmosphere}}, {{climate}}, {{temperatureRange}}, {{sizeScale}}, {{coloration}}, {{materials}}, {{distinctiveFeatures}}, {{lockedTraits}}, {{rarity}}, {{artDirection}}.

Preserve every locked canonical field exactly. The result must use NOVERIS Scientific Realism: premium AAA science-fiction quality, museum-grade reference presentation, scientifically plausible structure, coherent materials, restrained coloration unless canon requires otherwise, readable silhouette, consistent scale and anatomy or growth across all views, soft neutral studio lighting, pure black background for isolated references, full requested subject visibility, generous negative space, and PSD-friendly extraction. Habitat and biome outputs may use the canonical environment. No baked-in text, labels, watermark, logo, border, or UI.

Create four clearly different but canon-compliant versions. Preserve body plan or growth architecture, structural counts, environmental adaptations, materials, defining features, and locked coloration. Vary only permitted secondary proportions, markings, surface detail, minor ornamentation, natural wear, and pose or growth irregularity.

Recommended aspect ratio: 16:9.","text, labels, watermark, signature, logo, border, frame, UI, HUD, cropped subject, duplicate anatomy, contradictory anatomy, impossible balance, unsupported structures, random wings, random horns, humanoid default, fantasy armor, weapons, cartoon, anime, toy-like materials, excessive neon, excessive glow, oversaturated colors, busy background, motion blur, low resolution, compression artifacts, generic Earth copy, unsupported fantasy styling, traits conflicting with locked canon",1.0.0,canonical
NB2-PLT-PIII-016-ORBITAL-FLORA-BIOME,PLT-PIII-016-ORBITAL-FLORA,Orbital Flora,biome,Biome Composition,16:9,"Create a canonical NOVERIS Nano Banana 2 visual for Orbital Flora: Biome Composition.

Canonical archetype:
A canonical orbital flora designed as a scientifically plausible plant-like or fungal organism whose anchoring, support, transport, energy capture, growth, reproduction, ecology, and environmental adaptations are internally coherent.

Required visual and biological rules:
• credible anchoring
• coherent support and transport
• functional energy collectors
• reproductive logic
• environment-linked growth

Production request:
Create coordinated vegetation set at consistent scale.

Studio-resolved canonical values:
{{canonicalId}}, {{displayName}}, {{scientificName}}, {{originPlanet}}, {{planetType}}, {{biome}}, {{gravity}}, {{atmosphere}}, {{climate}}, {{temperatureRange}}, {{sizeScale}}, {{coloration}}, {{materials}}, {{distinctiveFeatures}}, {{lockedTraits}}, {{rarity}}, {{artDirection}}.

Preserve every locked canonical field exactly. The result must use NOVERIS Scientific Realism: premium AAA science-fiction quality, museum-grade reference presentation, scientifically plausible structure, coherent materials, restrained coloration unless canon requires otherwise, readable silhouette, consistent scale and anatomy or growth across all views, soft neutral studio lighting, pure black background for isolated references, full requested subject visibility, generous negative space, and PSD-friendly extraction. Habitat and biome outputs may use the canonical environment. No baked-in text, labels, watermark, logo, border, or UI.

Create four clearly different but canon-compliant versions. Preserve body plan or growth architecture, structural counts, environmental adaptations, materials, defining features, and locked coloration. Vary only permitted secondary proportions, markings, surface detail, minor ornamentation, natural wear, and pose or growth irregularity.

Recommended aspect ratio: 16:9.","text, labels, watermark, signature, logo, border, frame, UI, HUD, cropped subject, duplicate anatomy, contradictory anatomy, impossible balance, unsupported structures, random wings, random horns, humanoid default, fantasy armor, weapons, cartoon, anime, toy-like materials, excessive neon, excessive glow, oversaturated colors, busy background, motion blur, low resolution, compression artifacts, generic Earth copy, unsupported fantasy styling, traits conflicting with locked canon",1.0.0,canonical
NB2-PLT-PIII-016-ORBITAL-FLORA-DISCOVERY,PLT-PIII-016-ORBITAL-FLORA,Orbital Flora,discovery,Discovery Scan,16:9,"Create a canonical NOVERIS Nano Banana 2 visual for Orbital Flora: Discovery Scan.

Canonical archetype:
A canonical orbital flora designed as a scientifically plausible plant-like or fungal organism whose anchoring, support, transport, energy capture, growth, reproduction, ecology, and environmental adaptations are internally coherent.

Required visual and biological rules:
• credible anchoring
• coherent support and transport
• functional energy collectors
• reproductive logic
• environment-linked growth

Production request:
Create centered scientific scan source without labels.

Studio-resolved canonical values:
{{canonicalId}}, {{displayName}}, {{scientificName}}, {{originPlanet}}, {{planetType}}, {{biome}}, {{gravity}}, {{atmosphere}}, {{climate}}, {{temperatureRange}}, {{sizeScale}}, {{coloration}}, {{materials}}, {{distinctiveFeatures}}, {{lockedTraits}}, {{rarity}}, {{artDirection}}.

Preserve every locked canonical field exactly. The result must use NOVERIS Scientific Realism: premium AAA science-fiction quality, museum-grade reference presentation, scientifically plausible structure, coherent materials, restrained coloration unless canon requires otherwise, readable silhouette, consistent scale and anatomy or growth across all views, soft neutral studio lighting, pure black background for isolated references, full requested subject visibility, generous negative space, and PSD-friendly extraction. Habitat and biome outputs may use the canonical environment. No baked-in text, labels, watermark, logo, border, or UI.

Create four clearly different but canon-compliant versions. Preserve body plan or growth architecture, structural counts, environmental adaptations, materials, defining features, and locked coloration. Vary only permitted secondary proportions, markings, surface detail, minor ornamentation, natural wear, and pose or growth irregularity.

Recommended aspect ratio: 16:9.","text, labels, watermark, signature, logo, border, frame, UI, HUD, cropped subject, duplicate anatomy, contradictory anatomy, impossible balance, unsupported structures, random wings, random horns, humanoid default, fantasy armor, weapons, cartoon, anime, toy-like materials, excessive neon, excessive glow, oversaturated colors, busy background, motion blur, low resolution, compression artifacts, generic Earth copy, unsupported fantasy styling, traits conflicting with locked canon",1.0.0,canonical
NB2-PLT-PIII-016-ORBITAL-FLORA-ICON,PLT-PIII-016-ORBITAL-FLORA,Orbital Flora,icon,UI Icon,1:1,"Create a canonical NOVERIS Nano Banana 2 visual for Orbital Flora: UI Icon.

Canonical archetype:
A canonical orbital flora designed as a scientifically plausible plant-like or fungal organism whose anchoring, support, transport, energy capture, growth, reproduction, ecology, and environmental adaptations are internally coherent.

Required visual and biological rules:
• credible anchoring
• coherent support and transport
• functional energy collectors
• reproductive logic
• environment-linked growth

Production request:
Create isolated silhouette readable at 64 pixels.

Studio-resolved canonical values:
{{canonicalId}}, {{displayName}}, {{scientificName}}, {{originPlanet}}, {{planetType}}, {{biome}}, {{gravity}}, {{atmosphere}}, {{climate}}, {{temperatureRange}}, {{sizeScale}}, {{coloration}}, {{materials}}, {{distinctiveFeatures}}, {{lockedTraits}}, {{rarity}}, {{artDirection}}.

Preserve every locked canonical field exactly. The result must use NOVERIS Scientific Realism: premium AAA science-fiction quality, museum-grade reference presentation, scientifically plausible structure, coherent materials, restrained coloration unless canon requires otherwise, readable silhouette, consistent scale and anatomy or growth across all views, soft neutral studio lighting, pure black background for isolated references, full requested subject visibility, generous negative space, and PSD-friendly extraction. Habitat and biome outputs may use the canonical environment. No baked-in text, labels, watermark, logo, border, or UI.

Create four clearly different but canon-compliant versions. Preserve body plan or growth architecture, structural counts, environmental adaptations, materials, defining features, and locked coloration. Vary only permitted secondary proportions, markings, surface detail, minor ornamentation, natural wear, and pose or growth irregularity.

Recommended aspect ratio: 1:1.","text, labels, watermark, signature, logo, border, frame, UI, HUD, cropped subject, duplicate anatomy, contradictory anatomy, impossible balance, unsupported structures, random wings, random horns, humanoid default, fantasy armor, weapons, cartoon, anime, toy-like materials, excessive neon, excessive glow, oversaturated colors, busy background, motion blur, low resolution, compression artifacts, generic Earth copy, unsupported fantasy styling, traits conflicting with locked canon",1.0.0,canonical
NB2-PLT-PIII-016-ORBITAL-FLORA-SCALE,PLT-PIII-016-ORBITAL-FLORA,Orbital Flora,scale,Scale Comparison,16:9,"Create a canonical NOVERIS Nano Banana 2 visual for Orbital Flora: Scale Comparison.

Canonical archetype:
A canonical orbital flora designed as a scientifically plausible plant-like or fungal organism whose anchoring, support, transport, energy capture, growth, reproduction, ecology, and environmental adaptations are internally coherent.

Required visual and biological rules:
• credible anchoring
• coherent support and transport
• functional energy collectors
• reproductive logic
• environment-linked growth

Production request:
Create side view with adult human silhouette and one-meter bar.

Studio-resolved canonical values:
{{canonicalId}}, {{displayName}}, {{scientificName}}, {{originPlanet}}, {{planetType}}, {{biome}}, {{gravity}}, {{atmosphere}}, {{climate}}, {{temperatureRange}}, {{sizeScale}}, {{coloration}}, {{materials}}, {{distinctiveFeatures}}, {{lockedTraits}}, {{rarity}}, {{artDirection}}.

Preserve every locked canonical field exactly. The result must use NOVERIS Scientific Realism: premium AAA science-fiction quality, museum-grade reference presentation, scientifically plausible structure, coherent materials, restrained coloration unless canon requires otherwise, readable silhouette, consistent scale and anatomy or growth across all views, soft neutral studio lighting, pure black background for isolated references, full requested subject visibility, generous negative space, and PSD-friendly extraction. Habitat and biome outputs may use the canonical environment. No baked-in text, labels, watermark, logo, border, or UI.

Create four clearly different but canon-compliant versions. Preserve body plan or growth architecture, structural counts, environmental adaptations, materials, defining features, and locked coloration. Vary only permitted secondary proportions, markings, surface detail, minor ornamentation, natural wear, and pose or growth irregularity.

Recommended aspect ratio: 16:9.","text, labels, watermark, signature, logo, border, frame, UI, HUD, cropped subject, duplicate anatomy, contradictory anatomy, impossible balance, unsupported structures, random wings, random horns, humanoid default, fantasy armor, weapons, cartoon, anime, toy-like materials, excessive neon, excessive glow, oversaturated colors, busy background, motion blur, low resolution, compression artifacts, generic Earth copy, unsupported fantasy styling, traits conflicting with locked canon",1.0.0,canonical
NB2-PLT-PIII-016-ORBITAL-FLORA-PLATE,PLT-PIII-016-ORBITAL-FLORA,Orbital Flora,plate,Master Botanical Plate,16:9,"Create a canonical NOVERIS Nano Banana 2 visual for Orbital Flora: Master Botanical Plate.

Canonical archetype:
A canonical orbital flora designed as a scientifically plausible plant-like or fungal organism whose anchoring, support, transport, energy capture, growth, reproduction, ecology, and environmental adaptations are internally coherent.

Required visual and biological rules:
• credible anchoring
• coherent support and transport
• functional energy collectors
• reproductive logic
• environment-linked growth

Production request:
Create whole organism, views, roots, structure, collectors, reproduction, stages, materials and habitat vignette.

Studio-resolved canonical values:
{{canonicalId}}, {{displayName}}, {{scientificName}}, {{originPlanet}}, {{planetType}}, {{biome}}, {{gravity}}, {{atmosphere}}, {{climate}}, {{temperatureRange}}, {{sizeScale}}, {{coloration}}, {{materials}}, {{distinctiveFeatures}}, {{lockedTraits}}, {{rarity}}, {{artDirection}}.

Preserve every locked canonical field exactly. The result must use NOVERIS Scientific Realism: premium AAA science-fiction quality, museum-grade reference presentation, scientifically plausible structure, coherent materials, restrained coloration unless canon requires otherwise, readable silhouette, consistent scale and anatomy or growth across all views, soft neutral studio lighting, pure black background for isolated references, full requested subject visibility, generous negative space, and PSD-friendly extraction. Habitat and biome outputs may use the canonical environment. No baked-in text, labels, watermark, logo, border, or UI.

Create four clearly different but canon-compliant versions. Preserve body plan or growth architecture, structural counts, environmental adaptations, materials, defining features, and locked coloration. Vary only permitted secondary proportions, markings, surface detail, minor ornamentation, natural wear, and pose or growth irregularity.

Recommended aspect ratio: 16:9.","text, labels, watermark, signature, logo, border, frame, UI, HUD, cropped subject, duplicate anatomy, contradictory anatomy, impossible balance, unsupported structures, random wings, random horns, humanoid default, fantasy armor, weapons, cartoon, anime, toy-like materials, excessive neon, excessive glow, oversaturated colors, busy background, motion blur, low resolution, compression artifacts, generic Earth copy, unsupported fantasy styling, traits conflicting with locked canon",1.0.0,canonical
NB2-PLT-PIII-016-ORBITAL-FLORA-PSD,PLT-PIII-016-ORBITAL-FLORA,Orbital Flora,psd,PSD Extraction Board,16:9,"Create a canonical NOVERIS Nano Banana 2 visual for Orbital Flora: PSD Extraction Board.

Canonical archetype:
A canonical orbital flora designed as a scientifically plausible plant-like or fungal organism whose anchoring, support, transport, energy capture, growth, reproduction, ecology, and environmental adaptations are internally coherent.

Required visual and biological rules:
• credible anchoring
• coherent support and transport
• functional energy collectors
• reproductive logic
• environment-linked growth

Production request:
Create isolated whole organism, parts, silhouette and material references.

Studio-resolved canonical values:
{{canonicalId}}, {{displayName}}, {{scientificName}}, {{originPlanet}}, {{planetType}}, {{biome}}, {{gravity}}, {{atmosphere}}, {{climate}}, {{temperatureRange}}, {{sizeScale}}, {{coloration}}, {{materials}}, {{distinctiveFeatures}}, {{lockedTraits}}, {{rarity}}, {{artDirection}}.

Preserve every locked canonical field exactly. The result must use NOVERIS Scientific Realism: premium AAA science-fiction quality, museum-grade reference presentation, scientifically plausible structure, coherent materials, restrained coloration unless canon requires otherwise, readable silhouette, consistent scale and anatomy or growth across all views, soft neutral studio lighting, pure black background for isolated references, full requested subject visibility, generous negative space, and PSD-friendly extraction. Habitat and biome outputs may use the canonical environment. No baked-in text, labels, watermark, logo, border, or UI.

Create four clearly different but canon-compliant versions. Preserve body plan or growth architecture, structural counts, environmental adaptations, materials, defining features, and locked coloration. Vary only permitted secondary proportions, markings, surface detail, minor ornamentation, natural wear, and pose or growth irregularity.

Recommended aspect ratio: 16:9.","text, labels, watermark, signature, logo, border, frame, UI, HUD, cropped subject, duplicate anatomy, contradictory anatomy, impossible balance, unsupported structures, random wings, random horns, humanoid default, fantasy armor, weapons, cartoon, anime, toy-like materials, excessive neon, excessive glow, oversaturated colors, busy background, motion blur, low resolution, compression artifacts, generic Earth copy, unsupported fantasy styling, traits conflicting with locked canon",1.0.0,canonical
