promptId,archetypeId,archetypeName,outputType,outputName,aspectRatio,positivePrompt,negativePrompt,version,status
NB2-PLT-PIV-001-BIOMECHANICAL-FLORA-WHOLE-PLANT,PLT-PIV-001-BIOMECHANICAL-FLORA,Biomechanical Flora,whole-plant,Whole Plant Production Render,3:4,"Create a canonical NOVERIS Nano Banana 2 visual for Biomechanical Flora: Whole Plant Production Render.

Canonical archetype:
A canonical biomechanical flora designed as a scientifically plausible plant-like or fungal organism whose anchoring, support, transport, energy capture, growth, reproduction, ecology, and environmental adaptations are internally coherent.

Required visual and biological rules:
• credible anchoring
• coherent support and transport
• functional energy collectors
• reproductive logic
• environment-linked growth
• purpose-built morphology
• maintenance and propagation logic

Production request:
Create complete mature organism including roots or anchor system.

Studio-resolved canonical values:
{{canonicalId}}, {{displayName}}, {{scientificName}}, {{originPlanet}}, {{planetType}}, {{biome}}, {{gravity}}, {{atmosphere}}, {{climate}}, {{temperatureRange}}, {{sizeScale}}, {{coloration}}, {{materials}}, {{distinctiveFeatures}}, {{lockedTraits}}, {{rarity}}, {{artDirection}}.

Preserve every locked canonical field exactly. The result must use NOVERIS Scientific Realism: premium AAA science-fiction quality, museum-grade reference presentation, scientifically plausible structure, coherent materials, restrained coloration unless canon requires otherwise, readable silhouette, consistent scale and anatomy or growth across all views, soft neutral studio lighting, pure black background for isolated references, full requested subject visibility, generous negative space, and PSD-friendly extraction. Habitat and biome outputs may use the canonical environment. No baked-in text, labels, watermark, logo, border, or UI.

Create four clearly different but canon-compliant versions. Preserve body plan or growth architecture, structural counts, environmental adaptations, materials, defining features, and locked coloration. Vary only permitted secondary proportions, markings, surface detail, minor ornamentation, natural wear, and pose or growth irregularity.

Recommended aspect ratio: 3:4.","text, labels, watermark, signature, logo, border, frame, UI, HUD, cropped subject, duplicate anatomy, contradictory anatomy, impossible balance, unsupported structures, random wings, random horns, humanoid default, fantasy armor, weapons, cartoon, anime, toy-like materials, excessive neon, excessive glow, oversaturated colors, busy background, motion blur, low resolution, compression artifacts, generic Earth copy, unsupported fantasy styling, traits conflicting with locked canon",1.0.0,canonical
NB2-PLT-PIV-001-BIOMECHANICAL-FLORA-PORTRAIT,PLT-PIV-001-BIOMECHANICAL-FLORA,Biomechanical Flora,portrait,Botanical Portrait,1:1,"Create a canonical NOVERIS Nano Banana 2 visual for Biomechanical Flora: Botanical Portrait.

Canonical archetype:
A canonical biomechanical flora designed as a scientifically plausible plant-like or fungal organism whose anchoring, support, transport, energy capture, growth, reproduction, ecology, and environmental adaptations are internally coherent.

Required visual and biological rules:
• credible anchoring
• coherent support and transport
• functional energy collectors
• reproductive logic
• environment-linked growth
• purpose-built morphology
• maintenance and propagation logic

Production request:
Create defining growth form, foliage, collectors and reproduction.

Studio-resolved canonical values:
{{canonicalId}}, {{displayName}}, {{scientificName}}, {{originPlanet}}, {{planetType}}, {{biome}}, {{gravity}}, {{atmosphere}}, {{climate}}, {{temperatureRange}}, {{sizeScale}}, {{coloration}}, {{materials}}, {{distinctiveFeatures}}, {{lockedTraits}}, {{rarity}}, {{artDirection}}.

Preserve every locked canonical field exactly. The result must use NOVERIS Scientific Realism: premium AAA science-fiction quality, museum-grade reference presentation, scientifically plausible structure, coherent materials, restrained coloration unless canon requires otherwise, readable silhouette, consistent scale and anatomy or growth across all views, soft neutral studio lighting, pure black background for isolated references, full requested subject visibility, generous negative space, and PSD-friendly extraction. Habitat and biome outputs may use the canonical environment. No baked-in text, labels, watermark, logo, border, or UI.

Create four clearly different but canon-compliant versions. Preserve body plan or growth architecture, structural counts, environmental adaptations, materials, defining features, and locked coloration. Vary only permitted secondary proportions, markings, surface detail, minor ornamentation, natural wear, and pose or growth irregularity.

Recommended aspect ratio: 1:1.","text, labels, watermark, signature, logo, border, frame, UI, HUD, cropped subject, duplicate anatomy, contradictory anatomy, impossible balance, unsupported structures, random wings, random horns, humanoid default, fantasy armor, weapons, cartoon, anime, toy-like materials, excessive neon, excessive glow, oversaturated colors, busy background, motion blur, low resolution, compression artifacts, generic Earth copy, unsupported fantasy styling, traits conflicting with locked canon",1.0.0,canonical
NB2-PLT-PIV-001-BIOMECHANICAL-FLORA-ORTHO-FRONT,PLT-PIV-001-BIOMECHANICAL-FLORA,Biomechanical Flora,ortho-front,Orthographic Front,3:4,"Create a canonical NOVERIS Nano Banana 2 visual for Biomechanical Flora: Orthographic Front.

Canonical archetype:
A canonical biomechanical flora designed as a scientifically plausible plant-like or fungal organism whose anchoring, support, transport, energy capture, growth, reproduction, ecology, and environmental adaptations are internally coherent.

Required visual and biological rules:
• credible anchoring
• coherent support and transport
• functional energy collectors
• reproductive logic
• environment-linked growth
• purpose-built morphology
• maintenance and propagation logic

Production request:
Create exact front orthographic view.

Studio-resolved canonical values:
{{canonicalId}}, {{displayName}}, {{scientificName}}, {{originPlanet}}, {{planetType}}, {{biome}}, {{gravity}}, {{atmosphere}}, {{climate}}, {{temperatureRange}}, {{sizeScale}}, {{coloration}}, {{materials}}, {{distinctiveFeatures}}, {{lockedTraits}}, {{rarity}}, {{artDirection}}.

Preserve every locked canonical field exactly. The result must use NOVERIS Scientific Realism: premium AAA science-fiction quality, museum-grade reference presentation, scientifically plausible structure, coherent materials, restrained coloration unless canon requires otherwise, readable silhouette, consistent scale and anatomy or growth across all views, soft neutral studio lighting, pure black background for isolated references, full requested subject visibility, generous negative space, and PSD-friendly extraction. Habitat and biome outputs may use the canonical environment. No baked-in text, labels, watermark, logo, border, or UI.

Create four clearly different but canon-compliant versions. Preserve body plan or growth architecture, structural counts, environmental adaptations, materials, defining features, and locked coloration. Vary only permitted secondary proportions, markings, surface detail, minor ornamentation, natural wear, and pose or growth irregularity.

Recommended aspect ratio: 3:4.","text, labels, watermark, signature, logo, border, frame, UI, HUD, cropped subject, duplicate anatomy, contradictory anatomy, impossible balance, unsupported structures, random wings, random horns, humanoid default, fantasy armor, weapons, cartoon, anime, toy-like materials, excessive neon, excessive glow, oversaturated colors, busy background, motion blur, low resolution, compression artifacts, generic Earth copy, unsupported fantasy styling, traits conflicting with locked canon",1.0.0,canonical
NB2-PLT-PIV-001-BIOMECHANICAL-FLORA-ORTHO-SIDE,PLT-PIV-001-BIOMECHANICAL-FLORA,Biomechanical Flora,ortho-side,Orthographic Side,3:4,"Create a canonical NOVERIS Nano Banana 2 visual for Biomechanical Flora: Orthographic Side.

Canonical archetype:
A canonical biomechanical flora designed as a scientifically plausible plant-like or fungal organism whose anchoring, support, transport, energy capture, growth, reproduction, ecology, and environmental adaptations are internally coherent.

Required visual and biological rules:
• credible anchoring
• coherent support and transport
• functional energy collectors
• reproductive logic
• environment-linked growth
• purpose-built morphology
• maintenance and propagation logic

Production request:
Create exact side orthographic view.

Studio-resolved canonical values:
{{canonicalId}}, {{displayName}}, {{scientificName}}, {{originPlanet}}, {{planetType}}, {{biome}}, {{gravity}}, {{atmosphere}}, {{climate}}, {{temperatureRange}}, {{sizeScale}}, {{coloration}}, {{materials}}, {{distinctiveFeatures}}, {{lockedTraits}}, {{rarity}}, {{artDirection}}.

Preserve every locked canonical field exactly. The result must use NOVERIS Scientific Realism: premium AAA science-fiction quality, museum-grade reference presentation, scientifically plausible structure, coherent materials, restrained coloration unless canon requires otherwise, readable silhouette, consistent scale and anatomy or growth across all views, soft neutral studio lighting, pure black background for isolated references, full requested subject visibility, generous negative space, and PSD-friendly extraction. Habitat and biome outputs may use the canonical environment. No baked-in text, labels, watermark, logo, border, or UI.

Create four clearly different but canon-compliant versions. Preserve body plan or growth architecture, structural counts, environmental adaptations, materials, defining features, and locked coloration. Vary only permitted secondary proportions, markings, surface detail, minor ornamentation, natural wear, and pose or growth irregularity.

Recommended aspect ratio: 3:4.","text, labels, watermark, signature, logo, border, frame, UI, HUD, cropped subject, duplicate anatomy, contradictory anatomy, impossible balance, unsupported structures, random wings, random horns, humanoid default, fantasy armor, weapons, cartoon, anime, toy-like materials, excessive neon, excessive glow, oversaturated colors, busy background, motion blur, low resolution, compression artifacts, generic Earth copy, unsupported fantasy styling, traits conflicting with locked canon",1.0.0,canonical
NB2-PLT-PIV-001-BIOMECHANICAL-FLORA-ORTHO-TOP,PLT-PIV-001-BIOMECHANICAL-FLORA,Biomechanical Flora,ortho-top,Orthographic Top,1:1,"Create a canonical NOVERIS Nano Banana 2 visual for Biomechanical Flora: Orthographic Top.

Canonical archetype:
A canonical biomechanical flora designed as a scientifically plausible plant-like or fungal organism whose anchoring, support, transport, energy capture, growth, reproduction, ecology, and environmental adaptations are internally coherent.

Required visual and biological rules:
• credible anchoring
• coherent support and transport
• functional energy collectors
• reproductive logic
• environment-linked growth
• purpose-built morphology
• maintenance and propagation logic

Production request:
Create exact top view showing spread and growth geometry.

Studio-resolved canonical values:
{{canonicalId}}, {{displayName}}, {{scientificName}}, {{originPlanet}}, {{planetType}}, {{biome}}, {{gravity}}, {{atmosphere}}, {{climate}}, {{temperatureRange}}, {{sizeScale}}, {{coloration}}, {{materials}}, {{distinctiveFeatures}}, {{lockedTraits}}, {{rarity}}, {{artDirection}}.

Preserve every locked canonical field exactly. The result must use NOVERIS Scientific Realism: premium AAA science-fiction quality, museum-grade reference presentation, scientifically plausible structure, coherent materials, restrained coloration unless canon requires otherwise, readable silhouette, consistent scale and anatomy or growth across all views, soft neutral studio lighting, pure black background for isolated references, full requested subject visibility, generous negative space, and PSD-friendly extraction. Habitat and biome outputs may use the canonical environment. No baked-in text, labels, watermark, logo, border, or UI.

Create four clearly different but canon-compliant versions. Preserve body plan or growth architecture, structural counts, environmental adaptations, materials, defining features, and locked coloration. Vary only permitted secondary proportions, markings, surface detail, minor ornamentation, natural wear, and pose or growth irregularity.

Recommended aspect ratio: 1:1.","text, labels, watermark, signature, logo, border, frame, UI, HUD, cropped subject, duplicate anatomy, contradictory anatomy, impossible balance, unsupported structures, random wings, random horns, humanoid default, fantasy armor, weapons, cartoon, anime, toy-like materials, excessive neon, excessive glow, oversaturated colors, busy background, motion blur, low resolution, compression artifacts, generic Earth copy, unsupported fantasy styling, traits conflicting with locked canon",1.0.0,canonical
NB2-PLT-PIV-001-BIOMECHANICAL-FLORA-ROOTS,PLT-PIV-001-BIOMECHANICAL-FLORA,Biomechanical Flora,roots,Root or Anchor System,16:9,"Create a canonical NOVERIS Nano Banana 2 visual for Biomechanical Flora: Root or Anchor System.

Canonical archetype:
A canonical biomechanical flora designed as a scientifically plausible plant-like or fungal organism whose anchoring, support, transport, energy capture, growth, reproduction, ecology, and environmental adaptations are internally coherent.

Required visual and biological rules:
• credible anchoring
• coherent support and transport
• functional energy collectors
• reproductive logic
• environment-linked growth
• purpose-built morphology
• maintenance and propagation logic

Production request:
Create complete substrate interface and nutrient exchange structures.

Studio-resolved canonical values:
{{canonicalId}}, {{displayName}}, {{scientificName}}, {{originPlanet}}, {{planetType}}, {{biome}}, {{gravity}}, {{atmosphere}}, {{climate}}, {{temperatureRange}}, {{sizeScale}}, {{coloration}}, {{materials}}, {{distinctiveFeatures}}, {{lockedTraits}}, {{rarity}}, {{artDirection}}.

Preserve every locked canonical field exactly. The result must use NOVERIS Scientific Realism: premium AAA science-fiction quality, museum-grade reference presentation, scientifically plausible structure, coherent materials, restrained coloration unless canon requires otherwise, readable silhouette, consistent scale and anatomy or growth across all views, soft neutral studio lighting, pure black background for isolated references, full requested subject visibility, generous negative space, and PSD-friendly extraction. Habitat and biome outputs may use the canonical environment. No baked-in text, labels, watermark, logo, border, or UI.

Create four clearly different but canon-compliant versions. Preserve body plan or growth architecture, structural counts, environmental adaptations, materials, defining features, and locked coloration. Vary only permitted secondary proportions, markings, surface detail, minor ornamentation, natural wear, and pose or growth irregularity.

Recommended aspect ratio: 16:9.","text, labels, watermark, signature, logo, border, frame, UI, HUD, cropped subject, duplicate anatomy, contradictory anatomy, impossible balance, unsupported structures, random wings, random horns, humanoid default, fantasy armor, weapons, cartoon, anime, toy-like materials, excessive neon, excessive glow, oversaturated colors, busy background, motion blur, low resolution, compression artifacts, generic Earth copy, unsupported fantasy styling, traits conflicting with locked canon",1.0.0,canonical
NB2-PLT-PIV-001-BIOMECHANICAL-FLORA-STEMS,PLT-PIV-001-BIOMECHANICAL-FLORA,Biomechanical Flora,stems,"Stem, Trunk or Structural Study",16:9,"Create a canonical NOVERIS Nano Banana 2 visual for Biomechanical Flora: Stem, Trunk or Structural Study.

Canonical archetype:
A canonical biomechanical flora designed as a scientifically plausible plant-like or fungal organism whose anchoring, support, transport, energy capture, growth, reproduction, ecology, and environmental adaptations are internally coherent.

Required visual and biological rules:
• credible anchoring
• coherent support and transport
• functional energy collectors
• reproductive logic
• environment-linked growth
• purpose-built morphology
• maintenance and propagation logic

Production request:
Create support and transport architecture.

Studio-resolved canonical values:
{{canonicalId}}, {{displayName}}, {{scientificName}}, {{originPlanet}}, {{planetType}}, {{biome}}, {{gravity}}, {{atmosphere}}, {{climate}}, {{temperatureRange}}, {{sizeScale}}, {{coloration}}, {{materials}}, {{distinctiveFeatures}}, {{lockedTraits}}, {{rarity}}, {{artDirection}}.

Preserve every locked canonical field exactly. The result must use NOVERIS Scientific Realism: premium AAA science-fiction quality, museum-grade reference presentation, scientifically plausible structure, coherent materials, restrained coloration unless canon requires otherwise, readable silhouette, consistent scale and anatomy or growth across all views, soft neutral studio lighting, pure black background for isolated references, full requested subject visibility, generous negative space, and PSD-friendly extraction. Habitat and biome outputs may use the canonical environment. No baked-in text, labels, watermark, logo, border, or UI.

Create four clearly different but canon-compliant versions. Preserve body plan or growth architecture, structural counts, environmental adaptations, materials, defining features, and locked coloration. Vary only permitted secondary proportions, markings, surface detail, minor ornamentation, natural wear, and pose or growth irregularity.

Recommended aspect ratio: 16:9.","text, labels, watermark, signature, logo, border, frame, UI, HUD, cropped subject, duplicate anatomy, contradictory anatomy, impossible balance, unsupported structures, random wings, random horns, humanoid default, fantasy armor, weapons, cartoon, anime, toy-like materials, excessive neon, excessive glow, oversaturated colors, busy background, motion blur, low resolution, compression artifacts, generic Earth copy, unsupported fantasy styling, traits conflicting with locked canon",1.0.0,canonical
NB2-PLT-PIV-001-BIOMECHANICAL-FLORA-COLLECTORS,PLT-PIV-001-BIOMECHANICAL-FLORA,Biomechanical Flora,collectors,Leaves or Collector Study,16:9,"Create a canonical NOVERIS Nano Banana 2 visual for Biomechanical Flora: Leaves or Collector Study.

Canonical archetype:
A canonical biomechanical flora designed as a scientifically plausible plant-like or fungal organism whose anchoring, support, transport, energy capture, growth, reproduction, ecology, and environmental adaptations are internally coherent.

Required visual and biological rules:
• credible anchoring
• coherent support and transport
• functional energy collectors
• reproductive logic
• environment-linked growth
• purpose-built morphology
• maintenance and propagation logic

Production request:
Create front, back, edge, juvenile, mature and stressed states.

Studio-resolved canonical values:
{{canonicalId}}, {{displayName}}, {{scientificName}}, {{originPlanet}}, {{planetType}}, {{biome}}, {{gravity}}, {{atmosphere}}, {{climate}}, {{temperatureRange}}, {{sizeScale}}, {{coloration}}, {{materials}}, {{distinctiveFeatures}}, {{lockedTraits}}, {{rarity}}, {{artDirection}}.

Preserve every locked canonical field exactly. The result must use NOVERIS Scientific Realism: premium AAA science-fiction quality, museum-grade reference presentation, scientifically plausible structure, coherent materials, restrained coloration unless canon requires otherwise, readable silhouette, consistent scale and anatomy or growth across all views, soft neutral studio lighting, pure black background for isolated references, full requested subject visibility, generous negative space, and PSD-friendly extraction. Habitat and biome outputs may use the canonical environment. No baked-in text, labels, watermark, logo, border, or UI.

Create four clearly different but canon-compliant versions. Preserve body plan or growth architecture, structural counts, environmental adaptations, materials, defining features, and locked coloration. Vary only permitted secondary proportions, markings, surface detail, minor ornamentation, natural wear, and pose or growth irregularity.

Recommended aspect ratio: 16:9.","text, labels, watermark, signature, logo, border, frame, UI, HUD, cropped subject, duplicate anatomy, contradictory anatomy, impossible balance, unsupported structures, random wings, random horns, humanoid default, fantasy armor, weapons, cartoon, anime, toy-like materials, excessive neon, excessive glow, oversaturated colors, busy background, motion blur, low resolution, compression artifacts, generic Earth copy, unsupported fantasy styling, traits conflicting with locked canon",1.0.0,canonical
NB2-PLT-PIV-001-BIOMECHANICAL-FLORA-REPRODUCTION,PLT-PIV-001-BIOMECHANICAL-FLORA,Biomechanical Flora,reproduction,Reproductive Structure,16:9,"Create a canonical NOVERIS Nano Banana 2 visual for Biomechanical Flora: Reproductive Structure.

Canonical archetype:
A canonical biomechanical flora designed as a scientifically plausible plant-like or fungal organism whose anchoring, support, transport, energy capture, growth, reproduction, ecology, and environmental adaptations are internally coherent.

Required visual and biological rules:
• credible anchoring
• coherent support and transport
• functional energy collectors
• reproductive logic
• environment-linked growth
• purpose-built morphology
• maintenance and propagation logic

Production request:
Create flowers, cones, spores, fields or equivalent stages.

Studio-resolved canonical values:
{{canonicalId}}, {{displayName}}, {{scientificName}}, {{originPlanet}}, {{planetType}}, {{biome}}, {{gravity}}, {{atmosphere}}, {{climate}}, {{temperatureRange}}, {{sizeScale}}, {{coloration}}, {{materials}}, {{distinctiveFeatures}}, {{lockedTraits}}, {{rarity}}, {{artDirection}}.

Preserve every locked canonical field exactly. The result must use NOVERIS Scientific Realism: premium AAA science-fiction quality, museum-grade reference presentation, scientifically plausible structure, coherent materials, restrained coloration unless canon requires otherwise, readable silhouette, consistent scale and anatomy or growth across all views, soft neutral studio lighting, pure black background for isolated references, full requested subject visibility, generous negative space, and PSD-friendly extraction. Habitat and biome outputs may use the canonical environment. No baked-in text, labels, watermark, logo, border, or UI.

Create four clearly different but canon-compliant versions. Preserve body plan or growth architecture, structural counts, environmental adaptations, materials, defining features, and locked coloration. Vary only permitted secondary proportions, markings, surface detail, minor ornamentation, natural wear, and pose or growth irregularity.

Recommended aspect ratio: 16:9.","text, labels, watermark, signature, logo, border, frame, UI, HUD, cropped subject, duplicate anatomy, contradictory anatomy, impossible balance, unsupported structures, random wings, random horns, humanoid default, fantasy armor, weapons, cartoon, anime, toy-like materials, excessive neon, excessive glow, oversaturated colors, busy background, motion blur, low resolution, compression artifacts, generic Earth copy, unsupported fantasy styling, traits conflicting with locked canon",1.0.0,canonical
NB2-PLT-PIV-001-BIOMECHANICAL-FLORA-PROPAGULES,PLT-PIV-001-BIOMECHANICAL-FLORA,Biomechanical Flora,propagules,"Seed, Spore or Propagule Study",16:9,"Create a canonical NOVERIS Nano Banana 2 visual for Biomechanical Flora: Seed, Spore or Propagule Study.

Canonical archetype:
A canonical biomechanical flora designed as a scientifically plausible plant-like or fungal organism whose anchoring, support, transport, energy capture, growth, reproduction, ecology, and environmental adaptations are internally coherent.

Required visual and biological rules:
• credible anchoring
• coherent support and transport
• functional energy collectors
• reproductive logic
• environment-linked growth
• purpose-built morphology
• maintenance and propagation logic

Production request:
Create dispersal, germination and early establishment.

Studio-resolved canonical values:
{{canonicalId}}, {{displayName}}, {{scientificName}}, {{originPlanet}}, {{planetType}}, {{biome}}, {{gravity}}, {{atmosphere}}, {{climate}}, {{temperatureRange}}, {{sizeScale}}, {{coloration}}, {{materials}}, {{distinctiveFeatures}}, {{lockedTraits}}, {{rarity}}, {{artDirection}}.

Preserve every locked canonical field exactly. The result must use NOVERIS Scientific Realism: premium AAA science-fiction quality, museum-grade reference presentation, scientifically plausible structure, coherent materials, restrained coloration unless canon requires otherwise, readable silhouette, consistent scale and anatomy or growth across all views, soft neutral studio lighting, pure black background for isolated references, full requested subject visibility, generous negative space, and PSD-friendly extraction. Habitat and biome outputs may use the canonical environment. No baked-in text, labels, watermark, logo, border, or UI.

Create four clearly different but canon-compliant versions. Preserve body plan or growth architecture, structural counts, environmental adaptations, materials, defining features, and locked coloration. Vary only permitted secondary proportions, markings, surface detail, minor ornamentation, natural wear, and pose or growth irregularity.

Recommended aspect ratio: 16:9.","text, labels, watermark, signature, logo, border, frame, UI, HUD, cropped subject, duplicate anatomy, contradictory anatomy, impossible balance, unsupported structures, random wings, random horns, humanoid default, fantasy armor, weapons, cartoon, anime, toy-like materials, excessive neon, excessive glow, oversaturated colors, busy background, motion blur, low resolution, compression artifacts, generic Earth copy, unsupported fantasy styling, traits conflicting with locked canon",1.0.0,canonical
NB2-PLT-PIV-001-BIOMECHANICAL-FLORA-CROSS-SECTION,PLT-PIV-001-BIOMECHANICAL-FLORA,Biomechanical Flora,cross-section,Internal Cross Section,16:9,"Create a canonical NOVERIS Nano Banana 2 visual for Biomechanical Flora: Internal Cross Section.

Canonical archetype:
A canonical biomechanical flora designed as a scientifically plausible plant-like or fungal organism whose anchoring, support, transport, energy capture, growth, reproduction, ecology, and environmental adaptations are internally coherent.

Required visual and biological rules:
• credible anchoring
• coherent support and transport
• functional energy collectors
• reproductive logic
• environment-linked growth
• purpose-built morphology
• maintenance and propagation logic

Production request:
Create protection, transport, support, storage and reproduction.

Studio-resolved canonical values:
{{canonicalId}}, {{displayName}}, {{scientificName}}, {{originPlanet}}, {{planetType}}, {{biome}}, {{gravity}}, {{atmosphere}}, {{climate}}, {{temperatureRange}}, {{sizeScale}}, {{coloration}}, {{materials}}, {{distinctiveFeatures}}, {{lockedTraits}}, {{rarity}}, {{artDirection}}.

Preserve every locked canonical field exactly. The result must use NOVERIS Scientific Realism: premium AAA science-fiction quality, museum-grade reference presentation, scientifically plausible structure, coherent materials, restrained coloration unless canon requires otherwise, readable silhouette, consistent scale and anatomy or growth across all views, soft neutral studio lighting, pure black background for isolated references, full requested subject visibility, generous negative space, and PSD-friendly extraction. Habitat and biome outputs may use the canonical environment. No baked-in text, labels, watermark, logo, border, or UI.

Create four clearly different but canon-compliant versions. Preserve body plan or growth architecture, structural counts, environmental adaptations, materials, defining features, and locked coloration. Vary only permitted secondary proportions, markings, surface detail, minor ornamentation, natural wear, and pose or growth irregularity.

Recommended aspect ratio: 16:9.","text, labels, watermark, signature, logo, border, frame, UI, HUD, cropped subject, duplicate anatomy, contradictory anatomy, impossible balance, unsupported structures, random wings, random horns, humanoid default, fantasy armor, weapons, cartoon, anime, toy-like materials, excessive neon, excessive glow, oversaturated colors, busy background, motion blur, low resolution, compression artifacts, generic Earth copy, unsupported fantasy styling, traits conflicting with locked canon",1.0.0,canonical
NB2-PLT-PIV-001-BIOMECHANICAL-FLORA-GROWTH,PLT-PIV-001-BIOMECHANICAL-FLORA,Biomechanical Flora,growth,Growth Stages,16:9,"Create a canonical NOVERIS Nano Banana 2 visual for Biomechanical Flora: Growth Stages.

Canonical archetype:
A canonical biomechanical flora designed as a scientifically plausible plant-like or fungal organism whose anchoring, support, transport, energy capture, growth, reproduction, ecology, and environmental adaptations are internally coherent.

Required visual and biological rules:
• credible anchoring
• coherent support and transport
• functional energy collectors
• reproductive logic
• environment-linked growth
• purpose-built morphology
• maintenance and propagation logic

Production request:
Create propagule, juvenile, mature, reproductive and senescent stages.

Studio-resolved canonical values:
{{canonicalId}}, {{displayName}}, {{scientificName}}, {{originPlanet}}, {{planetType}}, {{biome}}, {{gravity}}, {{atmosphere}}, {{climate}}, {{temperatureRange}}, {{sizeScale}}, {{coloration}}, {{materials}}, {{distinctiveFeatures}}, {{lockedTraits}}, {{rarity}}, {{artDirection}}.

Preserve every locked canonical field exactly. The result must use NOVERIS Scientific Realism: premium AAA science-fiction quality, museum-grade reference presentation, scientifically plausible structure, coherent materials, restrained coloration unless canon requires otherwise, readable silhouette, consistent scale and anatomy or growth across all views, soft neutral studio lighting, pure black background for isolated references, full requested subject visibility, generous negative space, and PSD-friendly extraction. Habitat and biome outputs may use the canonical environment. No baked-in text, labels, watermark, logo, border, or UI.

Create four clearly different but canon-compliant versions. Preserve body plan or growth architecture, structural counts, environmental adaptations, materials, defining features, and locked coloration. Vary only permitted secondary proportions, markings, surface detail, minor ornamentation, natural wear, and pose or growth irregularity.

Recommended aspect ratio: 16:9.","text, labels, watermark, signature, logo, border, frame, UI, HUD, cropped subject, duplicate anatomy, contradictory anatomy, impossible balance, unsupported structures, random wings, random horns, humanoid default, fantasy armor, weapons, cartoon, anime, toy-like materials, excessive neon, excessive glow, oversaturated colors, busy background, motion blur, low resolution, compression artifacts, generic Earth copy, unsupported fantasy styling, traits conflicting with locked canon",1.0.0,canonical
NB2-PLT-PIV-001-BIOMECHANICAL-FLORA-SEASONAL,PLT-PIV-001-BIOMECHANICAL-FLORA,Biomechanical Flora,seasonal,Seasonal and Stress Variants,16:9,"Create a canonical NOVERIS Nano Banana 2 visual for Biomechanical Flora: Seasonal and Stress Variants.

Canonical archetype:
A canonical biomechanical flora designed as a scientifically plausible plant-like or fungal organism whose anchoring, support, transport, energy capture, growth, reproduction, ecology, and environmental adaptations are internally coherent.

Required visual and biological rules:
• credible anchoring
• coherent support and transport
• functional energy collectors
• reproductive logic
• environment-linked growth
• purpose-built morphology
• maintenance and propagation logic

Production request:
Create growth, reproduction, dormancy, damage and recovery.

Studio-resolved canonical values:
{{canonicalId}}, {{displayName}}, {{scientificName}}, {{originPlanet}}, {{planetType}}, {{biome}}, {{gravity}}, {{atmosphere}}, {{climate}}, {{temperatureRange}}, {{sizeScale}}, {{coloration}}, {{materials}}, {{distinctiveFeatures}}, {{lockedTraits}}, {{rarity}}, {{artDirection}}.

Preserve every locked canonical field exactly. The result must use NOVERIS Scientific Realism: premium AAA science-fiction quality, museum-grade reference presentation, scientifically plausible structure, coherent materials, restrained coloration unless canon requires otherwise, readable silhouette, consistent scale and anatomy or growth across all views, soft neutral studio lighting, pure black background for isolated references, full requested subject visibility, generous negative space, and PSD-friendly extraction. Habitat and biome outputs may use the canonical environment. No baked-in text, labels, watermark, logo, border, or UI.

Create four clearly different but canon-compliant versions. Preserve body plan or growth architecture, structural counts, environmental adaptations, materials, defining features, and locked coloration. Vary only permitted secondary proportions, markings, surface detail, minor ornamentation, natural wear, and pose or growth irregularity.

Recommended aspect ratio: 16:9.","text, labels, watermark, signature, logo, border, frame, UI, HUD, cropped subject, duplicate anatomy, contradictory anatomy, impossible balance, unsupported structures, random wings, random horns, humanoid default, fantasy armor, weapons, cartoon, anime, toy-like materials, excessive neon, excessive glow, oversaturated colors, busy background, motion blur, low resolution, compression artifacts, generic Earth copy, unsupported fantasy styling, traits conflicting with locked canon",1.0.0,canonical
NB2-PLT-PIV-001-BIOMECHANICAL-FLORA-HABITAT,PLT-PIV-001-BIOMECHANICAL-FLORA,Biomechanical Flora,habitat,Native Habitat Composition,16:9,"Create a canonical NOVERIS Nano Banana 2 visual for Biomechanical Flora: Native Habitat Composition.

Canonical archetype:
A canonical biomechanical flora designed as a scientifically plausible plant-like or fungal organism whose anchoring, support, transport, energy capture, growth, reproduction, ecology, and environmental adaptations are internally coherent.

Required visual and biological rules:
• credible anchoring
• coherent support and transport
• functional energy collectors
• reproductive logic
• environment-linked growth
• purpose-built morphology
• maintenance and propagation logic

Production request:
Create natural population with spacing and age diversity.

Studio-resolved canonical values:
{{canonicalId}}, {{displayName}}, {{scientificName}}, {{originPlanet}}, {{planetType}}, {{biome}}, {{gravity}}, {{atmosphere}}, {{climate}}, {{temperatureRange}}, {{sizeScale}}, {{coloration}}, {{materials}}, {{distinctiveFeatures}}, {{lockedTraits}}, {{rarity}}, {{artDirection}}.

Preserve every locked canonical field exactly. The result must use NOVERIS Scientific Realism: premium AAA science-fiction quality, museum-grade reference presentation, scientifically plausible structure, coherent materials, restrained coloration unless canon requires otherwise, readable silhouette, consistent scale and anatomy or growth across all views, soft neutral studio lighting, pure black background for isolated references, full requested subject visibility, generous negative space, and PSD-friendly extraction. Habitat and biome outputs may use the canonical environment. No baked-in text, labels, watermark, logo, border, or UI.

Create four clearly different but canon-compliant versions. Preserve body plan or growth architecture, structural counts, environmental adaptations, materials, defining features, and locked coloration. Vary only permitted secondary proportions, markings, surface detail, minor ornamentation, natural wear, and pose or growth irregularity.

Recommended aspect ratio: 16:9.","text, labels, watermark, signature, logo, border, frame, UI, HUD, cropped subject, duplicate anatomy, contradictory anatomy, impossible balance, unsupported structures, random wings, random horns, humanoid default, fantasy armor, weapons, cartoon, anime, toy-like materials, excessive neon, excessive glow, oversaturated colors, busy background, motion blur, low resolution, compression artifacts, generic Earth copy, unsupported fantasy styling, traits conflicting with locked canon",1.0.0,canonical
NB2-PLT-PIV-001-BIOMECHANICAL-FLORA-BIOME,PLT-PIV-001-BIOMECHANICAL-FLORA,Biomechanical Flora,biome,Biome Composition,16:9,"Create a canonical NOVERIS Nano Banana 2 visual for Biomechanical Flora: Biome Composition.

Canonical archetype:
A canonical biomechanical flora designed as a scientifically plausible plant-like or fungal organism whose anchoring, support, transport, energy capture, growth, reproduction, ecology, and environmental adaptations are internally coherent.

Required visual and biological rules:
• credible anchoring
• coherent support and transport
• functional energy collectors
• reproductive logic
• environment-linked growth
• purpose-built morphology
• maintenance and propagation logic

Production request:
Create coordinated vegetation set at consistent scale.

Studio-resolved canonical values:
{{canonicalId}}, {{displayName}}, {{scientificName}}, {{originPlanet}}, {{planetType}}, {{biome}}, {{gravity}}, {{atmosphere}}, {{climate}}, {{temperatureRange}}, {{sizeScale}}, {{coloration}}, {{materials}}, {{distinctiveFeatures}}, {{lockedTraits}}, {{rarity}}, {{artDirection}}.

Preserve every locked canonical field exactly. The result must use NOVERIS Scientific Realism: premium AAA science-fiction quality, museum-grade reference presentation, scientifically plausible structure, coherent materials, restrained coloration unless canon requires otherwise, readable silhouette, consistent scale and anatomy or growth across all views, soft neutral studio lighting, pure black background for isolated references, full requested subject visibility, generous negative space, and PSD-friendly extraction. Habitat and biome outputs may use the canonical environment. No baked-in text, labels, watermark, logo, border, or UI.

Create four clearly different but canon-compliant versions. Preserve body plan or growth architecture, structural counts, environmental adaptations, materials, defining features, and locked coloration. Vary only permitted secondary proportions, markings, surface detail, minor ornamentation, natural wear, and pose or growth irregularity.

Recommended aspect ratio: 16:9.","text, labels, watermark, signature, logo, border, frame, UI, HUD, cropped subject, duplicate anatomy, contradictory anatomy, impossible balance, unsupported structures, random wings, random horns, humanoid default, fantasy armor, weapons, cartoon, anime, toy-like materials, excessive neon, excessive glow, oversaturated colors, busy background, motion blur, low resolution, compression artifacts, generic Earth copy, unsupported fantasy styling, traits conflicting with locked canon",1.0.0,canonical
NB2-PLT-PIV-001-BIOMECHANICAL-FLORA-DISCOVERY,PLT-PIV-001-BIOMECHANICAL-FLORA,Biomechanical Flora,discovery,Discovery Scan,16:9,"Create a canonical NOVERIS Nano Banana 2 visual for Biomechanical Flora: Discovery Scan.

Canonical archetype:
A canonical biomechanical flora designed as a scientifically plausible plant-like or fungal organism whose anchoring, support, transport, energy capture, growth, reproduction, ecology, and environmental adaptations are internally coherent.

Required visual and biological rules:
• credible anchoring
• coherent support and transport
• functional energy collectors
• reproductive logic
• environment-linked growth
• purpose-built morphology
• maintenance and propagation logic

Production request:
Create centered scientific scan source without labels.

Studio-resolved canonical values:
{{canonicalId}}, {{displayName}}, {{scientificName}}, {{originPlanet}}, {{planetType}}, {{biome}}, {{gravity}}, {{atmosphere}}, {{climate}}, {{temperatureRange}}, {{sizeScale}}, {{coloration}}, {{materials}}, {{distinctiveFeatures}}, {{lockedTraits}}, {{rarity}}, {{artDirection}}.

Preserve every locked canonical field exactly. The result must use NOVERIS Scientific Realism: premium AAA science-fiction quality, museum-grade reference presentation, scientifically plausible structure, coherent materials, restrained coloration unless canon requires otherwise, readable silhouette, consistent scale and anatomy or growth across all views, soft neutral studio lighting, pure black background for isolated references, full requested subject visibility, generous negative space, and PSD-friendly extraction. Habitat and biome outputs may use the canonical environment. No baked-in text, labels, watermark, logo, border, or UI.

Create four clearly different but canon-compliant versions. Preserve body plan or growth architecture, structural counts, environmental adaptations, materials, defining features, and locked coloration. Vary only permitted secondary proportions, markings, surface detail, minor ornamentation, natural wear, and pose or growth irregularity.

Recommended aspect ratio: 16:9.","text, labels, watermark, signature, logo, border, frame, UI, HUD, cropped subject, duplicate anatomy, contradictory anatomy, impossible balance, unsupported structures, random wings, random horns, humanoid default, fantasy armor, weapons, cartoon, anime, toy-like materials, excessive neon, excessive glow, oversaturated colors, busy background, motion blur, low resolution, compression artifacts, generic Earth copy, unsupported fantasy styling, traits conflicting with locked canon",1.0.0,canonical
NB2-PLT-PIV-001-BIOMECHANICAL-FLORA-ICON,PLT-PIV-001-BIOMECHANICAL-FLORA,Biomechanical Flora,icon,UI Icon,1:1,"Create a canonical NOVERIS Nano Banana 2 visual for Biomechanical Flora: UI Icon.

Canonical archetype:
A canonical biomechanical flora designed as a scientifically plausible plant-like or fungal organism whose anchoring, support, transport, energy capture, growth, reproduction, ecology, and environmental adaptations are internally coherent.

Required visual and biological rules:
• credible anchoring
• coherent support and transport
• functional energy collectors
• reproductive logic
• environment-linked growth
• purpose-built morphology
• maintenance and propagation logic

Production request:
Create isolated silhouette readable at 64 pixels.

Studio-resolved canonical values:
{{canonicalId}}, {{displayName}}, {{scientificName}}, {{originPlanet}}, {{planetType}}, {{biome}}, {{gravity}}, {{atmosphere}}, {{climate}}, {{temperatureRange}}, {{sizeScale}}, {{coloration}}, {{materials}}, {{distinctiveFeatures}}, {{lockedTraits}}, {{rarity}}, {{artDirection}}.

Preserve every locked canonical field exactly. The result must use NOVERIS Scientific Realism: premium AAA science-fiction quality, museum-grade reference presentation, scientifically plausible structure, coherent materials, restrained coloration unless canon requires otherwise, readable silhouette, consistent scale and anatomy or growth across all views, soft neutral studio lighting, pure black background for isolated references, full requested subject visibility, generous negative space, and PSD-friendly extraction. Habitat and biome outputs may use the canonical environment. No baked-in text, labels, watermark, logo, border, or UI.

Create four clearly different but canon-compliant versions. Preserve body plan or growth architecture, structural counts, environmental adaptations, materials, defining features, and locked coloration. Vary only permitted secondary proportions, markings, surface detail, minor ornamentation, natural wear, and pose or growth irregularity.

Recommended aspect ratio: 1:1.","text, labels, watermark, signature, logo, border, frame, UI, HUD, cropped subject, duplicate anatomy, contradictory anatomy, impossible balance, unsupported structures, random wings, random horns, humanoid default, fantasy armor, weapons, cartoon, anime, toy-like materials, excessive neon, excessive glow, oversaturated colors, busy background, motion blur, low resolution, compression artifacts, generic Earth copy, unsupported fantasy styling, traits conflicting with locked canon",1.0.0,canonical
NB2-PLT-PIV-001-BIOMECHANICAL-FLORA-SCALE,PLT-PIV-001-BIOMECHANICAL-FLORA,Biomechanical Flora,scale,Scale Comparison,16:9,"Create a canonical NOVERIS Nano Banana 2 visual for Biomechanical Flora: Scale Comparison.

Canonical archetype:
A canonical biomechanical flora designed as a scientifically plausible plant-like or fungal organism whose anchoring, support, transport, energy capture, growth, reproduction, ecology, and environmental adaptations are internally coherent.

Required visual and biological rules:
• credible anchoring
• coherent support and transport
• functional energy collectors
• reproductive logic
• environment-linked growth
• purpose-built morphology
• maintenance and propagation logic

Production request:
Create side view with adult human silhouette and one-meter bar.

Studio-resolved canonical values:
{{canonicalId}}, {{displayName}}, {{scientificName}}, {{originPlanet}}, {{planetType}}, {{biome}}, {{gravity}}, {{atmosphere}}, {{climate}}, {{temperatureRange}}, {{sizeScale}}, {{coloration}}, {{materials}}, {{distinctiveFeatures}}, {{lockedTraits}}, {{rarity}}, {{artDirection}}.

Preserve every locked canonical field exactly. The result must use NOVERIS Scientific Realism: premium AAA science-fiction quality, museum-grade reference presentation, scientifically plausible structure, coherent materials, restrained coloration unless canon requires otherwise, readable silhouette, consistent scale and anatomy or growth across all views, soft neutral studio lighting, pure black background for isolated references, full requested subject visibility, generous negative space, and PSD-friendly extraction. Habitat and biome outputs may use the canonical environment. No baked-in text, labels, watermark, logo, border, or UI.

Create four clearly different but canon-compliant versions. Preserve body plan or growth architecture, structural counts, environmental adaptations, materials, defining features, and locked coloration. Vary only permitted secondary proportions, markings, surface detail, minor ornamentation, natural wear, and pose or growth irregularity.

Recommended aspect ratio: 16:9.","text, labels, watermark, signature, logo, border, frame, UI, HUD, cropped subject, duplicate anatomy, contradictory anatomy, impossible balance, unsupported structures, random wings, random horns, humanoid default, fantasy armor, weapons, cartoon, anime, toy-like materials, excessive neon, excessive glow, oversaturated colors, busy background, motion blur, low resolution, compression artifacts, generic Earth copy, unsupported fantasy styling, traits conflicting with locked canon",1.0.0,canonical
NB2-PLT-PIV-001-BIOMECHANICAL-FLORA-PLATE,PLT-PIV-001-BIOMECHANICAL-FLORA,Biomechanical Flora,plate,Master Botanical Plate,16:9,"Create a canonical NOVERIS Nano Banana 2 visual for Biomechanical Flora: Master Botanical Plate.

Canonical archetype:
A canonical biomechanical flora designed as a scientifically plausible plant-like or fungal organism whose anchoring, support, transport, energy capture, growth, reproduction, ecology, and environmental adaptations are internally coherent.

Required visual and biological rules:
• credible anchoring
• coherent support and transport
• functional energy collectors
• reproductive logic
• environment-linked growth
• purpose-built morphology
• maintenance and propagation logic

Production request:
Create whole organism, views, roots, structure, collectors, reproduction, stages, materials and habitat vignette.

Studio-resolved canonical values:
{{canonicalId}}, {{displayName}}, {{scientificName}}, {{originPlanet}}, {{planetType}}, {{biome}}, {{gravity}}, {{atmosphere}}, {{climate}}, {{temperatureRange}}, {{sizeScale}}, {{coloration}}, {{materials}}, {{distinctiveFeatures}}, {{lockedTraits}}, {{rarity}}, {{artDirection}}.

Preserve every locked canonical field exactly. The result must use NOVERIS Scientific Realism: premium AAA science-fiction quality, museum-grade reference presentation, scientifically plausible structure, coherent materials, restrained coloration unless canon requires otherwise, readable silhouette, consistent scale and anatomy or growth across all views, soft neutral studio lighting, pure black background for isolated references, full requested subject visibility, generous negative space, and PSD-friendly extraction. Habitat and biome outputs may use the canonical environment. No baked-in text, labels, watermark, logo, border, or UI.

Create four clearly different but canon-compliant versions. Preserve body plan or growth architecture, structural counts, environmental adaptations, materials, defining features, and locked coloration. Vary only permitted secondary proportions, markings, surface detail, minor ornamentation, natural wear, and pose or growth irregularity.

Recommended aspect ratio: 16:9.","text, labels, watermark, signature, logo, border, frame, UI, HUD, cropped subject, duplicate anatomy, contradictory anatomy, impossible balance, unsupported structures, random wings, random horns, humanoid default, fantasy armor, weapons, cartoon, anime, toy-like materials, excessive neon, excessive glow, oversaturated colors, busy background, motion blur, low resolution, compression artifacts, generic Earth copy, unsupported fantasy styling, traits conflicting with locked canon",1.0.0,canonical
NB2-PLT-PIV-001-BIOMECHANICAL-FLORA-PSD,PLT-PIV-001-BIOMECHANICAL-FLORA,Biomechanical Flora,psd,PSD Extraction Board,16:9,"Create a canonical NOVERIS Nano Banana 2 visual for Biomechanical Flora: PSD Extraction Board.

Canonical archetype:
A canonical biomechanical flora designed as a scientifically plausible plant-like or fungal organism whose anchoring, support, transport, energy capture, growth, reproduction, ecology, and environmental adaptations are internally coherent.

Required visual and biological rules:
• credible anchoring
• coherent support and transport
• functional energy collectors
• reproductive logic
• environment-linked growth
• purpose-built morphology
• maintenance and propagation logic

Production request:
Create isolated whole organism, parts, silhouette and material references.

Studio-resolved canonical values:
{{canonicalId}}, {{displayName}}, {{scientificName}}, {{originPlanet}}, {{planetType}}, {{biome}}, {{gravity}}, {{atmosphere}}, {{climate}}, {{temperatureRange}}, {{sizeScale}}, {{coloration}}, {{materials}}, {{distinctiveFeatures}}, {{lockedTraits}}, {{rarity}}, {{artDirection}}.

Preserve every locked canonical field exactly. The result must use NOVERIS Scientific Realism: premium AAA science-fiction quality, museum-grade reference presentation, scientifically plausible structure, coherent materials, restrained coloration unless canon requires otherwise, readable silhouette, consistent scale and anatomy or growth across all views, soft neutral studio lighting, pure black background for isolated references, full requested subject visibility, generous negative space, and PSD-friendly extraction. Habitat and biome outputs may use the canonical environment. No baked-in text, labels, watermark, logo, border, or UI.

Create four clearly different but canon-compliant versions. Preserve body plan or growth architecture, structural counts, environmental adaptations, materials, defining features, and locked coloration. Vary only permitted secondary proportions, markings, surface detail, minor ornamentation, natural wear, and pose or growth irregularity.

Recommended aspect ratio: 16:9.","text, labels, watermark, signature, logo, border, frame, UI, HUD, cropped subject, duplicate anatomy, contradictory anatomy, impossible balance, unsupported structures, random wings, random horns, humanoid default, fantasy armor, weapons, cartoon, anime, toy-like materials, excessive neon, excessive glow, oversaturated colors, busy background, motion blur, low resolution, compression artifacts, generic Earth copy, unsupported fantasy styling, traits conflicting with locked canon",1.0.0,canonical
NB2-PLT-PIV-002-SYNTHETIC-FLORA-WHOLE-PLANT,PLT-PIV-002-SYNTHETIC-FLORA,Synthetic Flora,whole-plant,Whole Plant Production Render,3:4,"Create a canonical NOVERIS Nano Banana 2 visual for Synthetic Flora: Whole Plant Production Render.

Canonical archetype:
A canonical synthetic flora designed as a scientifically plausible plant-like or fungal organism whose anchoring, support, transport, energy capture, growth, reproduction, ecology, and environmental adaptations are internally coherent.

Required visual and biological rules:
• credible anchoring
• coherent support and transport
• functional energy collectors
• reproductive logic
• environment-linked growth
• purpose-built morphology
• maintenance and propagation logic

Production request:
Create complete mature organism including roots or anchor system.

Studio-resolved canonical values:
{{canonicalId}}, {{displayName}}, {{scientificName}}, {{originPlanet}}, {{planetType}}, {{biome}}, {{gravity}}, {{atmosphere}}, {{climate}}, {{temperatureRange}}, {{sizeScale}}, {{coloration}}, {{materials}}, {{distinctiveFeatures}}, {{lockedTraits}}, {{rarity}}, {{artDirection}}.

Preserve every locked canonical field exactly. The result must use NOVERIS Scientific Realism: premium AAA science-fiction quality, museum-grade reference presentation, scientifically plausible structure, coherent materials, restrained coloration unless canon requires otherwise, readable silhouette, consistent scale and anatomy or growth across all views, soft neutral studio lighting, pure black background for isolated references, full requested subject visibility, generous negative space, and PSD-friendly extraction. Habitat and biome outputs may use the canonical environment. No baked-in text, labels, watermark, logo, border, or UI.

Create four clearly different but canon-compliant versions. Preserve body plan or growth architecture, structural counts, environmental adaptations, materials, defining features, and locked coloration. Vary only permitted secondary proportions, markings, surface detail, minor ornamentation, natural wear, and pose or growth irregularity.

Recommended aspect ratio: 3:4.","text, labels, watermark, signature, logo, border, frame, UI, HUD, cropped subject, duplicate anatomy, contradictory anatomy, impossible balance, unsupported structures, random wings, random horns, humanoid default, fantasy armor, weapons, cartoon, anime, toy-like materials, excessive neon, excessive glow, oversaturated colors, busy background, motion blur, low resolution, compression artifacts, generic Earth copy, unsupported fantasy styling, traits conflicting with locked canon",1.0.0,canonical
NB2-PLT-PIV-002-SYNTHETIC-FLORA-PORTRAIT,PLT-PIV-002-SYNTHETIC-FLORA,Synthetic Flora,portrait,Botanical Portrait,1:1,"Create a canonical NOVERIS Nano Banana 2 visual for Synthetic Flora: Botanical Portrait.

Canonical archetype:
A canonical synthetic flora designed as a scientifically plausible plant-like or fungal organism whose anchoring, support, transport, energy capture, growth, reproduction, ecology, and environmental adaptations are internally coherent.

Required visual and biological rules:
• credible anchoring
• coherent support and transport
• functional energy collectors
• reproductive logic
• environment-linked growth
• purpose-built morphology
• maintenance and propagation logic

Production request:
Create defining growth form, foliage, collectors and reproduction.

Studio-resolved canonical values:
{{canonicalId}}, {{displayName}}, {{scientificName}}, {{originPlanet}}, {{planetType}}, {{biome}}, {{gravity}}, {{atmosphere}}, {{climate}}, {{temperatureRange}}, {{sizeScale}}, {{coloration}}, {{materials}}, {{distinctiveFeatures}}, {{lockedTraits}}, {{rarity}}, {{artDirection}}.

Preserve every locked canonical field exactly. The result must use NOVERIS Scientific Realism: premium AAA science-fiction quality, museum-grade reference presentation, scientifically plausible structure, coherent materials, restrained coloration unless canon requires otherwise, readable silhouette, consistent scale and anatomy or growth across all views, soft neutral studio lighting, pure black background for isolated references, full requested subject visibility, generous negative space, and PSD-friendly extraction. Habitat and biome outputs may use the canonical environment. No baked-in text, labels, watermark, logo, border, or UI.

Create four clearly different but canon-compliant versions. Preserve body plan or growth architecture, structural counts, environmental adaptations, materials, defining features, and locked coloration. Vary only permitted secondary proportions, markings, surface detail, minor ornamentation, natural wear, and pose or growth irregularity.

Recommended aspect ratio: 1:1.","text, labels, watermark, signature, logo, border, frame, UI, HUD, cropped subject, duplicate anatomy, contradictory anatomy, impossible balance, unsupported structures, random wings, random horns, humanoid default, fantasy armor, weapons, cartoon, anime, toy-like materials, excessive neon, excessive glow, oversaturated colors, busy background, motion blur, low resolution, compression artifacts, generic Earth copy, unsupported fantasy styling, traits conflicting with locked canon",1.0.0,canonical
NB2-PLT-PIV-002-SYNTHETIC-FLORA-ORTHO-FRONT,PLT-PIV-002-SYNTHETIC-FLORA,Synthetic Flora,ortho-front,Orthographic Front,3:4,"Create a canonical NOVERIS Nano Banana 2 visual for Synthetic Flora: Orthographic Front.

Canonical archetype:
A canonical synthetic flora designed as a scientifically plausible plant-like or fungal organism whose anchoring, support, transport, energy capture, growth, reproduction, ecology, and environmental adaptations are internally coherent.

Required visual and biological rules:
• credible anchoring
• coherent support and transport
• functional energy collectors
• reproductive logic
• environment-linked growth
• purpose-built morphology
• maintenance and propagation logic

Production request:
Create exact front orthographic view.

Studio-resolved canonical values:
{{canonicalId}}, {{displayName}}, {{scientificName}}, {{originPlanet}}, {{planetType}}, {{biome}}, {{gravity}}, {{atmosphere}}, {{climate}}, {{temperatureRange}}, {{sizeScale}}, {{coloration}}, {{materials}}, {{distinctiveFeatures}}, {{lockedTraits}}, {{rarity}}, {{artDirection}}.

Preserve every locked canonical field exactly. The result must use NOVERIS Scientific Realism: premium AAA science-fiction quality, museum-grade reference presentation, scientifically plausible structure, coherent materials, restrained coloration unless canon requires otherwise, readable silhouette, consistent scale and anatomy or growth across all views, soft neutral studio lighting, pure black background for isolated references, full requested subject visibility, generous negative space, and PSD-friendly extraction. Habitat and biome outputs may use the canonical environment. No baked-in text, labels, watermark, logo, border, or UI.

Create four clearly different but canon-compliant versions. Preserve body plan or growth architecture, structural counts, environmental adaptations, materials, defining features, and locked coloration. Vary only permitted secondary proportions, markings, surface detail, minor ornamentation, natural wear, and pose or growth irregularity.

Recommended aspect ratio: 3:4.","text, labels, watermark, signature, logo, border, frame, UI, HUD, cropped subject, duplicate anatomy, contradictory anatomy, impossible balance, unsupported structures, random wings, random horns, humanoid default, fantasy armor, weapons, cartoon, anime, toy-like materials, excessive neon, excessive glow, oversaturated colors, busy background, motion blur, low resolution, compression artifacts, generic Earth copy, unsupported fantasy styling, traits conflicting with locked canon",1.0.0,canonical
NB2-PLT-PIV-002-SYNTHETIC-FLORA-ORTHO-SIDE,PLT-PIV-002-SYNTHETIC-FLORA,Synthetic Flora,ortho-side,Orthographic Side,3:4,"Create a canonical NOVERIS Nano Banana 2 visual for Synthetic Flora: Orthographic Side.

Canonical archetype:
A canonical synthetic flora designed as a scientifically plausible plant-like or fungal organism whose anchoring, support, transport, energy capture, growth, reproduction, ecology, and environmental adaptations are internally coherent.

Required visual and biological rules:
• credible anchoring
• coherent support and transport
• functional energy collectors
• reproductive logic
• environment-linked growth
• purpose-built morphology
• maintenance and propagation logic

Production request:
Create exact side orthographic view.

Studio-resolved canonical values:
{{canonicalId}}, {{displayName}}, {{scientificName}}, {{originPlanet}}, {{planetType}}, {{biome}}, {{gravity}}, {{atmosphere}}, {{climate}}, {{temperatureRange}}, {{sizeScale}}, {{coloration}}, {{materials}}, {{distinctiveFeatures}}, {{lockedTraits}}, {{rarity}}, {{artDirection}}.

Preserve every locked canonical field exactly. The result must use NOVERIS Scientific Realism: premium AAA science-fiction quality, museum-grade reference presentation, scientifically plausible structure, coherent materials, restrained coloration unless canon requires otherwise, readable silhouette, consistent scale and anatomy or growth across all views, soft neutral studio lighting, pure black background for isolated references, full requested subject visibility, generous negative space, and PSD-friendly extraction. Habitat and biome outputs may use the canonical environment. No baked-in text, labels, watermark, logo, border, or UI.

Create four clearly different but canon-compliant versions. Preserve body plan or growth architecture, structural counts, environmental adaptations, materials, defining features, and locked coloration. Vary only permitted secondary proportions, markings, surface detail, minor ornamentation, natural wear, and pose or growth irregularity.

Recommended aspect ratio: 3:4.","text, labels, watermark, signature, logo, border, frame, UI, HUD, cropped subject, duplicate anatomy, contradictory anatomy, impossible balance, unsupported structures, random wings, random horns, humanoid default, fantasy armor, weapons, cartoon, anime, toy-like materials, excessive neon, excessive glow, oversaturated colors, busy background, motion blur, low resolution, compression artifacts, generic Earth copy, unsupported fantasy styling, traits conflicting with locked canon",1.0.0,canonical
NB2-PLT-PIV-002-SYNTHETIC-FLORA-ORTHO-TOP,PLT-PIV-002-SYNTHETIC-FLORA,Synthetic Flora,ortho-top,Orthographic Top,1:1,"Create a canonical NOVERIS Nano Banana 2 visual for Synthetic Flora: Orthographic Top.

Canonical archetype:
A canonical synthetic flora designed as a scientifically plausible plant-like or fungal organism whose anchoring, support, transport, energy capture, growth, reproduction, ecology, and environmental adaptations are internally coherent.

Required visual and biological rules:
• credible anchoring
• coherent support and transport
• functional energy collectors
• reproductive logic
• environment-linked growth
• purpose-built morphology
• maintenance and propagation logic

Production request:
Create exact top view showing spread and growth geometry.

Studio-resolved canonical values:
{{canonicalId}}, {{displayName}}, {{scientificName}}, {{originPlanet}}, {{planetType}}, {{biome}}, {{gravity}}, {{atmosphere}}, {{climate}}, {{temperatureRange}}, {{sizeScale}}, {{coloration}}, {{materials}}, {{distinctiveFeatures}}, {{lockedTraits}}, {{rarity}}, {{artDirection}}.

Preserve every locked canonical field exactly. The result must use NOVERIS Scientific Realism: premium AAA science-fiction quality, museum-grade reference presentation, scientifically plausible structure, coherent materials, restrained coloration unless canon requires otherwise, readable silhouette, consistent scale and anatomy or growth across all views, soft neutral studio lighting, pure black background for isolated references, full requested subject visibility, generous negative space, and PSD-friendly extraction. Habitat and biome outputs may use the canonical environment. No baked-in text, labels, watermark, logo, border, or UI.

Create four clearly different but canon-compliant versions. Preserve body plan or growth architecture, structural counts, environmental adaptations, materials, defining features, and locked coloration. Vary only permitted secondary proportions, markings, surface detail, minor ornamentation, natural wear, and pose or growth irregularity.

Recommended aspect ratio: 1:1.","text, labels, watermark, signature, logo, border, frame, UI, HUD, cropped subject, duplicate anatomy, contradictory anatomy, impossible balance, unsupported structures, random wings, random horns, humanoid default, fantasy armor, weapons, cartoon, anime, toy-like materials, excessive neon, excessive glow, oversaturated colors, busy background, motion blur, low resolution, compression artifacts, generic Earth copy, unsupported fantasy styling, traits conflicting with locked canon",1.0.0,canonical
NB2-PLT-PIV-002-SYNTHETIC-FLORA-ROOTS,PLT-PIV-002-SYNTHETIC-FLORA,Synthetic Flora,roots,Root or Anchor System,16:9,"Create a canonical NOVERIS Nano Banana 2 visual for Synthetic Flora: Root or Anchor System.

Canonical archetype:
A canonical synthetic flora designed as a scientifically plausible plant-like or fungal organism whose anchoring, support, transport, energy capture, growth, reproduction, ecology, and environmental adaptations are internally coherent.

Required visual and biological rules:
• credible anchoring
• coherent support and transport
• functional energy collectors
• reproductive logic
• environment-linked growth
• purpose-built morphology
• maintenance and propagation logic

Production request:
Create complete substrate interface and nutrient exchange structures.

Studio-resolved canonical values:
{{canonicalId}}, {{displayName}}, {{scientificName}}, {{originPlanet}}, {{planetType}}, {{biome}}, {{gravity}}, {{atmosphere}}, {{climate}}, {{temperatureRange}}, {{sizeScale}}, {{coloration}}, {{materials}}, {{distinctiveFeatures}}, {{lockedTraits}}, {{rarity}}, {{artDirection}}.

Preserve every locked canonical field exactly. The result must use NOVERIS Scientific Realism: premium AAA science-fiction quality, museum-grade reference presentation, scientifically plausible structure, coherent materials, restrained coloration unless canon requires otherwise, readable silhouette, consistent scale and anatomy or growth across all views, soft neutral studio lighting, pure black background for isolated references, full requested subject visibility, generous negative space, and PSD-friendly extraction. Habitat and biome outputs may use the canonical environment. No baked-in text, labels, watermark, logo, border, or UI.

Create four clearly different but canon-compliant versions. Preserve body plan or growth architecture, structural counts, environmental adaptations, materials, defining features, and locked coloration. Vary only permitted secondary proportions, markings, surface detail, minor ornamentation, natural wear, and pose or growth irregularity.

Recommended aspect ratio: 16:9.","text, labels, watermark, signature, logo, border, frame, UI, HUD, cropped subject, duplicate anatomy, contradictory anatomy, impossible balance, unsupported structures, random wings, random horns, humanoid default, fantasy armor, weapons, cartoon, anime, toy-like materials, excessive neon, excessive glow, oversaturated colors, busy background, motion blur, low resolution, compression artifacts, generic Earth copy, unsupported fantasy styling, traits conflicting with locked canon",1.0.0,canonical
NB2-PLT-PIV-002-SYNTHETIC-FLORA-STEMS,PLT-PIV-002-SYNTHETIC-FLORA,Synthetic Flora,stems,"Stem, Trunk or Structural Study",16:9,"Create a canonical NOVERIS Nano Banana 2 visual for Synthetic Flora: Stem, Trunk or Structural Study.

Canonical archetype:
A canonical synthetic flora designed as a scientifically plausible plant-like or fungal organism whose anchoring, support, transport, energy capture, growth, reproduction, ecology, and environmental adaptations are internally coherent.

Required visual and biological rules:
• credible anchoring
• coherent support and transport
• functional energy collectors
• reproductive logic
• environment-linked growth
• purpose-built morphology
• maintenance and propagation logic

Production request:
Create support and transport architecture.

Studio-resolved canonical values:
{{canonicalId}}, {{displayName}}, {{scientificName}}, {{originPlanet}}, {{planetType}}, {{biome}}, {{gravity}}, {{atmosphere}}, {{climate}}, {{temperatureRange}}, {{sizeScale}}, {{coloration}}, {{materials}}, {{distinctiveFeatures}}, {{lockedTraits}}, {{rarity}}, {{artDirection}}.

Preserve every locked canonical field exactly. The result must use NOVERIS Scientific Realism: premium AAA science-fiction quality, museum-grade reference presentation, scientifically plausible structure, coherent materials, restrained coloration unless canon requires otherwise, readable silhouette, consistent scale and anatomy or growth across all views, soft neutral studio lighting, pure black background for isolated references, full requested subject visibility, generous negative space, and PSD-friendly extraction. Habitat and biome outputs may use the canonical environment. No baked-in text, labels, watermark, logo, border, or UI.

Create four clearly different but canon-compliant versions. Preserve body plan or growth architecture, structural counts, environmental adaptations, materials, defining features, and locked coloration. Vary only permitted secondary proportions, markings, surface detail, minor ornamentation, natural wear, and pose or growth irregularity.

Recommended aspect ratio: 16:9.","text, labels, watermark, signature, logo, border, frame, UI, HUD, cropped subject, duplicate anatomy, contradictory anatomy, impossible balance, unsupported structures, random wings, random horns, humanoid default, fantasy armor, weapons, cartoon, anime, toy-like materials, excessive neon, excessive glow, oversaturated colors, busy background, motion blur, low resolution, compression artifacts, generic Earth copy, unsupported fantasy styling, traits conflicting with locked canon",1.0.0,canonical
NB2-PLT-PIV-002-SYNTHETIC-FLORA-COLLECTORS,PLT-PIV-002-SYNTHETIC-FLORA,Synthetic Flora,collectors,Leaves or Collector Study,16:9,"Create a canonical NOVERIS Nano Banana 2 visual for Synthetic Flora: Leaves or Collector Study.

Canonical archetype:
A canonical synthetic flora designed as a scientifically plausible plant-like or fungal organism whose anchoring, support, transport, energy capture, growth, reproduction, ecology, and environmental adaptations are internally coherent.

Required visual and biological rules:
• credible anchoring
• coherent support and transport
• functional energy collectors
• reproductive logic
• environment-linked growth
• purpose-built morphology
• maintenance and propagation logic

Production request:
Create front, back, edge, juvenile, mature and stressed states.

Studio-resolved canonical values:
{{canonicalId}}, {{displayName}}, {{scientificName}}, {{originPlanet}}, {{planetType}}, {{biome}}, {{gravity}}, {{atmosphere}}, {{climate}}, {{temperatureRange}}, {{sizeScale}}, {{coloration}}, {{materials}}, {{distinctiveFeatures}}, {{lockedTraits}}, {{rarity}}, {{artDirection}}.

Preserve every locked canonical field exactly. The result must use NOVERIS Scientific Realism: premium AAA science-fiction quality, museum-grade reference presentation, scientifically plausible structure, coherent materials, restrained coloration unless canon requires otherwise, readable silhouette, consistent scale and anatomy or growth across all views, soft neutral studio lighting, pure black background for isolated references, full requested subject visibility, generous negative space, and PSD-friendly extraction. Habitat and biome outputs may use the canonical environment. No baked-in text, labels, watermark, logo, border, or UI.

Create four clearly different but canon-compliant versions. Preserve body plan or growth architecture, structural counts, environmental adaptations, materials, defining features, and locked coloration. Vary only permitted secondary proportions, markings, surface detail, minor ornamentation, natural wear, and pose or growth irregularity.

Recommended aspect ratio: 16:9.","text, labels, watermark, signature, logo, border, frame, UI, HUD, cropped subject, duplicate anatomy, contradictory anatomy, impossible balance, unsupported structures, random wings, random horns, humanoid default, fantasy armor, weapons, cartoon, anime, toy-like materials, excessive neon, excessive glow, oversaturated colors, busy background, motion blur, low resolution, compression artifacts, generic Earth copy, unsupported fantasy styling, traits conflicting with locked canon",1.0.0,canonical
NB2-PLT-PIV-002-SYNTHETIC-FLORA-REPRODUCTION,PLT-PIV-002-SYNTHETIC-FLORA,Synthetic Flora,reproduction,Reproductive Structure,16:9,"Create a canonical NOVERIS Nano Banana 2 visual for Synthetic Flora: Reproductive Structure.

Canonical archetype:
A canonical synthetic flora designed as a scientifically plausible plant-like or fungal organism whose anchoring, support, transport, energy capture, growth, reproduction, ecology, and environmental adaptations are internally coherent.

Required visual and biological rules:
• credible anchoring
• coherent support and transport
• functional energy collectors
• reproductive logic
• environment-linked growth
• purpose-built morphology
• maintenance and propagation logic

Production request:
Create flowers, cones, spores, fields or equivalent stages.

Studio-resolved canonical values:
{{canonicalId}}, {{displayName}}, {{scientificName}}, {{originPlanet}}, {{planetType}}, {{biome}}, {{gravity}}, {{atmosphere}}, {{climate}}, {{temperatureRange}}, {{sizeScale}}, {{coloration}}, {{materials}}, {{distinctiveFeatures}}, {{lockedTraits}}, {{rarity}}, {{artDirection}}.

Preserve every locked canonical field exactly. The result must use NOVERIS Scientific Realism: premium AAA science-fiction quality, museum-grade reference presentation, scientifically plausible structure, coherent materials, restrained coloration unless canon requires otherwise, readable silhouette, consistent scale and anatomy or growth across all views, soft neutral studio lighting, pure black background for isolated references, full requested subject visibility, generous negative space, and PSD-friendly extraction. Habitat and biome outputs may use the canonical environment. No baked-in text, labels, watermark, logo, border, or UI.

Create four clearly different but canon-compliant versions. Preserve body plan or growth architecture, structural counts, environmental adaptations, materials, defining features, and locked coloration. Vary only permitted secondary proportions, markings, surface detail, minor ornamentation, natural wear, and pose or growth irregularity.

Recommended aspect ratio: 16:9.","text, labels, watermark, signature, logo, border, frame, UI, HUD, cropped subject, duplicate anatomy, contradictory anatomy, impossible balance, unsupported structures, random wings, random horns, humanoid default, fantasy armor, weapons, cartoon, anime, toy-like materials, excessive neon, excessive glow, oversaturated colors, busy background, motion blur, low resolution, compression artifacts, generic Earth copy, unsupported fantasy styling, traits conflicting with locked canon",1.0.0,canonical
NB2-PLT-PIV-002-SYNTHETIC-FLORA-PROPAGULES,PLT-PIV-002-SYNTHETIC-FLORA,Synthetic Flora,propagules,"Seed, Spore or Propagule Study",16:9,"Create a canonical NOVERIS Nano Banana 2 visual for Synthetic Flora: Seed, Spore or Propagule Study.

Canonical archetype:
A canonical synthetic flora designed as a scientifically plausible plant-like or fungal organism whose anchoring, support, transport, energy capture, growth, reproduction, ecology, and environmental adaptations are internally coherent.

Required visual and biological rules:
• credible anchoring
• coherent support and transport
• functional energy collectors
• reproductive logic
• environment-linked growth
• purpose-built morphology
• maintenance and propagation logic

Production request:
Create dispersal, germination and early establishment.

Studio-resolved canonical values:
{{canonicalId}}, {{displayName}}, {{scientificName}}, {{originPlanet}}, {{planetType}}, {{biome}}, {{gravity}}, {{atmosphere}}, {{climate}}, {{temperatureRange}}, {{sizeScale}}, {{coloration}}, {{materials}}, {{distinctiveFeatures}}, {{lockedTraits}}, {{rarity}}, {{artDirection}}.

Preserve every locked canonical field exactly. The result must use NOVERIS Scientific Realism: premium AAA science-fiction quality, museum-grade reference presentation, scientifically plausible structure, coherent materials, restrained coloration unless canon requires otherwise, readable silhouette, consistent scale and anatomy or growth across all views, soft neutral studio lighting, pure black background for isolated references, full requested subject visibility, generous negative space, and PSD-friendly extraction. Habitat and biome outputs may use the canonical environment. No baked-in text, labels, watermark, logo, border, or UI.

Create four clearly different but canon-compliant versions. Preserve body plan or growth architecture, structural counts, environmental adaptations, materials, defining features, and locked coloration. Vary only permitted secondary proportions, markings, surface detail, minor ornamentation, natural wear, and pose or growth irregularity.

Recommended aspect ratio: 16:9.","text, labels, watermark, signature, logo, border, frame, UI, HUD, cropped subject, duplicate anatomy, contradictory anatomy, impossible balance, unsupported structures, random wings, random horns, humanoid default, fantasy armor, weapons, cartoon, anime, toy-like materials, excessive neon, excessive glow, oversaturated colors, busy background, motion blur, low resolution, compression artifacts, generic Earth copy, unsupported fantasy styling, traits conflicting with locked canon",1.0.0,canonical
NB2-PLT-PIV-002-SYNTHETIC-FLORA-CROSS-SECTION,PLT-PIV-002-SYNTHETIC-FLORA,Synthetic Flora,cross-section,Internal Cross Section,16:9,"Create a canonical NOVERIS Nano Banana 2 visual for Synthetic Flora: Internal Cross Section.

Canonical archetype:
A canonical synthetic flora designed as a scientifically plausible plant-like or fungal organism whose anchoring, support, transport, energy capture, growth, reproduction, ecology, and environmental adaptations are internally coherent.

Required visual and biological rules:
• credible anchoring
• coherent support and transport
• functional energy collectors
• reproductive logic
• environment-linked growth
• purpose-built morphology
• maintenance and propagation logic

Production request:
Create protection, transport, support, storage and reproduction.

Studio-resolved canonical values:
{{canonicalId}}, {{displayName}}, {{scientificName}}, {{originPlanet}}, {{planetType}}, {{biome}}, {{gravity}}, {{atmosphere}}, {{climate}}, {{temperatureRange}}, {{sizeScale}}, {{coloration}}, {{materials}}, {{distinctiveFeatures}}, {{lockedTraits}}, {{rarity}}, {{artDirection}}.

Preserve every locked canonical field exactly. The result must use NOVERIS Scientific Realism: premium AAA science-fiction quality, museum-grade reference presentation, scientifically plausible structure, coherent materials, restrained coloration unless canon requires otherwise, readable silhouette, consistent scale and anatomy or growth across all views, soft neutral studio lighting, pure black background for isolated references, full requested subject visibility, generous negative space, and PSD-friendly extraction. Habitat and biome outputs may use the canonical environment. No baked-in text, labels, watermark, logo, border, or UI.

Create four clearly different but canon-compliant versions. Preserve body plan or growth architecture, structural counts, environmental adaptations, materials, defining features, and locked coloration. Vary only permitted secondary proportions, markings, surface detail, minor ornamentation, natural wear, and pose or growth irregularity.

Recommended aspect ratio: 16:9.","text, labels, watermark, signature, logo, border, frame, UI, HUD, cropped subject, duplicate anatomy, contradictory anatomy, impossible balance, unsupported structures, random wings, random horns, humanoid default, fantasy armor, weapons, cartoon, anime, toy-like materials, excessive neon, excessive glow, oversaturated colors, busy background, motion blur, low resolution, compression artifacts, generic Earth copy, unsupported fantasy styling, traits conflicting with locked canon",1.0.0,canonical
NB2-PLT-PIV-002-SYNTHETIC-FLORA-GROWTH,PLT-PIV-002-SYNTHETIC-FLORA,Synthetic Flora,growth,Growth Stages,16:9,"Create a canonical NOVERIS Nano Banana 2 visual for Synthetic Flora: Growth Stages.

Canonical archetype:
A canonical synthetic flora designed as a scientifically plausible plant-like or fungal organism whose anchoring, support, transport, energy capture, growth, reproduction, ecology, and environmental adaptations are internally coherent.

Required visual and biological rules:
• credible anchoring
• coherent support and transport
• functional energy collectors
• reproductive logic
• environment-linked growth
• purpose-built morphology
• maintenance and propagation logic

Production request:
Create propagule, juvenile, mature, reproductive and senescent stages.

Studio-resolved canonical values:
{{canonicalId}}, {{displayName}}, {{scientificName}}, {{originPlanet}}, {{planetType}}, {{biome}}, {{gravity}}, {{atmosphere}}, {{climate}}, {{temperatureRange}}, {{sizeScale}}, {{coloration}}, {{materials}}, {{distinctiveFeatures}}, {{lockedTraits}}, {{rarity}}, {{artDirection}}.

Preserve every locked canonical field exactly. The result must use NOVERIS Scientific Realism: premium AAA science-fiction quality, museum-grade reference presentation, scientifically plausible structure, coherent materials, restrained coloration unless canon requires otherwise, readable silhouette, consistent scale and anatomy or growth across all views, soft neutral studio lighting, pure black background for isolated references, full requested subject visibility, generous negative space, and PSD-friendly extraction. Habitat and biome outputs may use the canonical environment. No baked-in text, labels, watermark, logo, border, or UI.

Create four clearly different but canon-compliant versions. Preserve body plan or growth architecture, structural counts, environmental adaptations, materials, defining features, and locked coloration. Vary only permitted secondary proportions, markings, surface detail, minor ornamentation, natural wear, and pose or growth irregularity.

Recommended aspect ratio: 16:9.","text, labels, watermark, signature, logo, border, frame, UI, HUD, cropped subject, duplicate anatomy, contradictory anatomy, impossible balance, unsupported structures, random wings, random horns, humanoid default, fantasy armor, weapons, cartoon, anime, toy-like materials, excessive neon, excessive glow, oversaturated colors, busy background, motion blur, low resolution, compression artifacts, generic Earth copy, unsupported fantasy styling, traits conflicting with locked canon",1.0.0,canonical
NB2-PLT-PIV-002-SYNTHETIC-FLORA-SEASONAL,PLT-PIV-002-SYNTHETIC-FLORA,Synthetic Flora,seasonal,Seasonal and Stress Variants,16:9,"Create a canonical NOVERIS Nano Banana 2 visual for Synthetic Flora: Seasonal and Stress Variants.

Canonical archetype:
A canonical synthetic flora designed as a scientifically plausible plant-like or fungal organism whose anchoring, support, transport, energy capture, growth, reproduction, ecology, and environmental adaptations are internally coherent.

Required visual and biological rules:
• credible anchoring
• coherent support and transport
• functional energy collectors
• reproductive logic
• environment-linked growth
• purpose-built morphology
• maintenance and propagation logic

Production request:
Create growth, reproduction, dormancy, damage and recovery.

Studio-resolved canonical values:
{{canonicalId}}, {{displayName}}, {{scientificName}}, {{originPlanet}}, {{planetType}}, {{biome}}, {{gravity}}, {{atmosphere}}, {{climate}}, {{temperatureRange}}, {{sizeScale}}, {{coloration}}, {{materials}}, {{distinctiveFeatures}}, {{lockedTraits}}, {{rarity}}, {{artDirection}}.

Preserve every locked canonical field exactly. The result must use NOVERIS Scientific Realism: premium AAA science-fiction quality, museum-grade reference presentation, scientifically plausible structure, coherent materials, restrained coloration unless canon requires otherwise, readable silhouette, consistent scale and anatomy or growth across all views, soft neutral studio lighting, pure black background for isolated references, full requested subject visibility, generous negative space, and PSD-friendly extraction. Habitat and biome outputs may use the canonical environment. No baked-in text, labels, watermark, logo, border, or UI.

Create four clearly different but canon-compliant versions. Preserve body plan or growth architecture, structural counts, environmental adaptations, materials, defining features, and locked coloration. Vary only permitted secondary proportions, markings, surface detail, minor ornamentation, natural wear, and pose or growth irregularity.

Recommended aspect ratio: 16:9.","text, labels, watermark, signature, logo, border, frame, UI, HUD, cropped subject, duplicate anatomy, contradictory anatomy, impossible balance, unsupported structures, random wings, random horns, humanoid default, fantasy armor, weapons, cartoon, anime, toy-like materials, excessive neon, excessive glow, oversaturated colors, busy background, motion blur, low resolution, compression artifacts, generic Earth copy, unsupported fantasy styling, traits conflicting with locked canon",1.0.0,canonical
NB2-PLT-PIV-002-SYNTHETIC-FLORA-HABITAT,PLT-PIV-002-SYNTHETIC-FLORA,Synthetic Flora,habitat,Native Habitat Composition,16:9,"Create a canonical NOVERIS Nano Banana 2 visual for Synthetic Flora: Native Habitat Composition.

Canonical archetype:
A canonical synthetic flora designed as a scientifically plausible plant-like or fungal organism whose anchoring, support, transport, energy capture, growth, reproduction, ecology, and environmental adaptations are internally coherent.

Required visual and biological rules:
• credible anchoring
• coherent support and transport
• functional energy collectors
• reproductive logic
• environment-linked growth
• purpose-built morphology
• maintenance and propagation logic

Production request:
Create natural population with spacing and age diversity.

Studio-resolved canonical values:
{{canonicalId}}, {{displayName}}, {{scientificName}}, {{originPlanet}}, {{planetType}}, {{biome}}, {{gravity}}, {{atmosphere}}, {{climate}}, {{temperatureRange}}, {{sizeScale}}, {{coloration}}, {{materials}}, {{distinctiveFeatures}}, {{lockedTraits}}, {{rarity}}, {{artDirection}}.

Preserve every locked canonical field exactly. The result must use NOVERIS Scientific Realism: premium AAA science-fiction quality, museum-grade reference presentation, scientifically plausible structure, coherent materials, restrained coloration unless canon requires otherwise, readable silhouette, consistent scale and anatomy or growth across all views, soft neutral studio lighting, pure black background for isolated references, full requested subject visibility, generous negative space, and PSD-friendly extraction. Habitat and biome outputs may use the canonical environment. No baked-in text, labels, watermark, logo, border, or UI.

Create four clearly different but canon-compliant versions. Preserve body plan or growth architecture, structural counts, environmental adaptations, materials, defining features, and locked coloration. Vary only permitted secondary proportions, markings, surface detail, minor ornamentation, natural wear, and pose or growth irregularity.

Recommended aspect ratio: 16:9.","text, labels, watermark, signature, logo, border, frame, UI, HUD, cropped subject, duplicate anatomy, contradictory anatomy, impossible balance, unsupported structures, random wings, random horns, humanoid default, fantasy armor, weapons, cartoon, anime, toy-like materials, excessive neon, excessive glow, oversaturated colors, busy background, motion blur, low resolution, compression artifacts, generic Earth copy, unsupported fantasy styling, traits conflicting with locked canon",1.0.0,canonical
NB2-PLT-PIV-002-SYNTHETIC-FLORA-BIOME,PLT-PIV-002-SYNTHETIC-FLORA,Synthetic Flora,biome,Biome Composition,16:9,"Create a canonical NOVERIS Nano Banana 2 visual for Synthetic Flora: Biome Composition.

Canonical archetype:
A canonical synthetic flora designed as a scientifically plausible plant-like or fungal organism whose anchoring, support, transport, energy capture, growth, reproduction, ecology, and environmental adaptations are internally coherent.

Required visual and biological rules:
• credible anchoring
• coherent support and transport
• functional energy collectors
• reproductive logic
• environment-linked growth
• purpose-built morphology
• maintenance and propagation logic

Production request:
Create coordinated vegetation set at consistent scale.

Studio-resolved canonical values:
{{canonicalId}}, {{displayName}}, {{scientificName}}, {{originPlanet}}, {{planetType}}, {{biome}}, {{gravity}}, {{atmosphere}}, {{climate}}, {{temperatureRange}}, {{sizeScale}}, {{coloration}}, {{materials}}, {{distinctiveFeatures}}, {{lockedTraits}}, {{rarity}}, {{artDirection}}.

Preserve every locked canonical field exactly. The result must use NOVERIS Scientific Realism: premium AAA science-fiction quality, museum-grade reference presentation, scientifically plausible structure, coherent materials, restrained coloration unless canon requires otherwise, readable silhouette, consistent scale and anatomy or growth across all views, soft neutral studio lighting, pure black background for isolated references, full requested subject visibility, generous negative space, and PSD-friendly extraction. Habitat and biome outputs may use the canonical environment. No baked-in text, labels, watermark, logo, border, or UI.

Create four clearly different but canon-compliant versions. Preserve body plan or growth architecture, structural counts, environmental adaptations, materials, defining features, and locked coloration. Vary only permitted secondary proportions, markings, surface detail, minor ornamentation, natural wear, and pose or growth irregularity.

Recommended aspect ratio: 16:9.","text, labels, watermark, signature, logo, border, frame, UI, HUD, cropped subject, duplicate anatomy, contradictory anatomy, impossible balance, unsupported structures, random wings, random horns, humanoid default, fantasy armor, weapons, cartoon, anime, toy-like materials, excessive neon, excessive glow, oversaturated colors, busy background, motion blur, low resolution, compression artifacts, generic Earth copy, unsupported fantasy styling, traits conflicting with locked canon",1.0.0,canonical
NB2-PLT-PIV-002-SYNTHETIC-FLORA-DISCOVERY,PLT-PIV-002-SYNTHETIC-FLORA,Synthetic Flora,discovery,Discovery Scan,16:9,"Create a canonical NOVERIS Nano Banana 2 visual for Synthetic Flora: Discovery Scan.

Canonical archetype:
A canonical synthetic flora designed as a scientifically plausible plant-like or fungal organism whose anchoring, support, transport, energy capture, growth, reproduction, ecology, and environmental adaptations are internally coherent.

Required visual and biological rules:
• credible anchoring
• coherent support and transport
• functional energy collectors
• reproductive logic
• environment-linked growth
• purpose-built morphology
• maintenance and propagation logic

Production request:
Create centered scientific scan source without labels.

Studio-resolved canonical values:
{{canonicalId}}, {{displayName}}, {{scientificName}}, {{originPlanet}}, {{planetType}}, {{biome}}, {{gravity}}, {{atmosphere}}, {{climate}}, {{temperatureRange}}, {{sizeScale}}, {{coloration}}, {{materials}}, {{distinctiveFeatures}}, {{lockedTraits}}, {{rarity}}, {{artDirection}}.

Preserve every locked canonical field exactly. The result must use NOVERIS Scientific Realism: premium AAA science-fiction quality, museum-grade reference presentation, scientifically plausible structure, coherent materials, restrained coloration unless canon requires otherwise, readable silhouette, consistent scale and anatomy or growth across all views, soft neutral studio lighting, pure black background for isolated references, full requested subject visibility, generous negative space, and PSD-friendly extraction. Habitat and biome outputs may use the canonical environment. No baked-in text, labels, watermark, logo, border, or UI.

Create four clearly different but canon-compliant versions. Preserve body plan or growth architecture, structural counts, environmental adaptations, materials, defining features, and locked coloration. Vary only permitted secondary proportions, markings, surface detail, minor ornamentation, natural wear, and pose or growth irregularity.

Recommended aspect ratio: 16:9.","text, labels, watermark, signature, logo, border, frame, UI, HUD, cropped subject, duplicate anatomy, contradictory anatomy, impossible balance, unsupported structures, random wings, random horns, humanoid default, fantasy armor, weapons, cartoon, anime, toy-like materials, excessive neon, excessive glow, oversaturated colors, busy background, motion blur, low resolution, compression artifacts, generic Earth copy, unsupported fantasy styling, traits conflicting with locked canon",1.0.0,canonical
NB2-PLT-PIV-002-SYNTHETIC-FLORA-ICON,PLT-PIV-002-SYNTHETIC-FLORA,Synthetic Flora,icon,UI Icon,1:1,"Create a canonical NOVERIS Nano Banana 2 visual for Synthetic Flora: UI Icon.

Canonical archetype:
A canonical synthetic flora designed as a scientifically plausible plant-like or fungal organism whose anchoring, support, transport, energy capture, growth, reproduction, ecology, and environmental adaptations are internally coherent.

Required visual and biological rules:
• credible anchoring
• coherent support and transport
• functional energy collectors
• reproductive logic
• environment-linked growth
• purpose-built morphology
• maintenance and propagation logic

Production request:
Create isolated silhouette readable at 64 pixels.

Studio-resolved canonical values:
{{canonicalId}}, {{displayName}}, {{scientificName}}, {{originPlanet}}, {{planetType}}, {{biome}}, {{gravity}}, {{atmosphere}}, {{climate}}, {{temperatureRange}}, {{sizeScale}}, {{coloration}}, {{materials}}, {{distinctiveFeatures}}, {{lockedTraits}}, {{rarity}}, {{artDirection}}.

Preserve every locked canonical field exactly. The result must use NOVERIS Scientific Realism: premium AAA science-fiction quality, museum-grade reference presentation, scientifically plausible structure, coherent materials, restrained coloration unless canon requires otherwise, readable silhouette, consistent scale and anatomy or growth across all views, soft neutral studio lighting, pure black background for isolated references, full requested subject visibility, generous negative space, and PSD-friendly extraction. Habitat and biome outputs may use the canonical environment. No baked-in text, labels, watermark, logo, border, or UI.

Create four clearly different but canon-compliant versions. Preserve body plan or growth architecture, structural counts, environmental adaptations, materials, defining features, and locked coloration. Vary only permitted secondary proportions, markings, surface detail, minor ornamentation, natural wear, and pose or growth irregularity.

Recommended aspect ratio: 1:1.","text, labels, watermark, signature, logo, border, frame, UI, HUD, cropped subject, duplicate anatomy, contradictory anatomy, impossible balance, unsupported structures, random wings, random horns, humanoid default, fantasy armor, weapons, cartoon, anime, toy-like materials, excessive neon, excessive glow, oversaturated colors, busy background, motion blur, low resolution, compression artifacts, generic Earth copy, unsupported fantasy styling, traits conflicting with locked canon",1.0.0,canonical
NB2-PLT-PIV-002-SYNTHETIC-FLORA-SCALE,PLT-PIV-002-SYNTHETIC-FLORA,Synthetic Flora,scale,Scale Comparison,16:9,"Create a canonical NOVERIS Nano Banana 2 visual for Synthetic Flora: Scale Comparison.

Canonical archetype:
A canonical synthetic flora designed as a scientifically plausible plant-like or fungal organism whose anchoring, support, transport, energy capture, growth, reproduction, ecology, and environmental adaptations are internally coherent.

Required visual and biological rules:
• credible anchoring
• coherent support and transport
• functional energy collectors
• reproductive logic
• environment-linked growth
• purpose-built morphology
• maintenance and propagation logic

Production request:
Create side view with adult human silhouette and one-meter bar.

Studio-resolved canonical values:
{{canonicalId}}, {{displayName}}, {{scientificName}}, {{originPlanet}}, {{planetType}}, {{biome}}, {{gravity}}, {{atmosphere}}, {{climate}}, {{temperatureRange}}, {{sizeScale}}, {{coloration}}, {{materials}}, {{distinctiveFeatures}}, {{lockedTraits}}, {{rarity}}, {{artDirection}}.

Preserve every locked canonical field exactly. The result must use NOVERIS Scientific Realism: premium AAA science-fiction quality, museum-grade reference presentation, scientifically plausible structure, coherent materials, restrained coloration unless canon requires otherwise, readable silhouette, consistent scale and anatomy or growth across all views, soft neutral studio lighting, pure black background for isolated references, full requested subject visibility, generous negative space, and PSD-friendly extraction. Habitat and biome outputs may use the canonical environment. No baked-in text, labels, watermark, logo, border, or UI.

Create four clearly different but canon-compliant versions. Preserve body plan or growth architecture, structural counts, environmental adaptations, materials, defining features, and locked coloration. Vary only permitted secondary proportions, markings, surface detail, minor ornamentation, natural wear, and pose or growth irregularity.

Recommended aspect ratio: 16:9.","text, labels, watermark, signature, logo, border, frame, UI, HUD, cropped subject, duplicate anatomy, contradictory anatomy, impossible balance, unsupported structures, random wings, random horns, humanoid default, fantasy armor, weapons, cartoon, anime, toy-like materials, excessive neon, excessive glow, oversaturated colors, busy background, motion blur, low resolution, compression artifacts, generic Earth copy, unsupported fantasy styling, traits conflicting with locked canon",1.0.0,canonical
NB2-PLT-PIV-002-SYNTHETIC-FLORA-PLATE,PLT-PIV-002-SYNTHETIC-FLORA,Synthetic Flora,plate,Master Botanical Plate,16:9,"Create a canonical NOVERIS Nano Banana 2 visual for Synthetic Flora: Master Botanical Plate.

Canonical archetype:
A canonical synthetic flora designed as a scientifically plausible plant-like or fungal organism whose anchoring, support, transport, energy capture, growth, reproduction, ecology, and environmental adaptations are internally coherent.

Required visual and biological rules:
• credible anchoring
• coherent support and transport
• functional energy collectors
• reproductive logic
• environment-linked growth
• purpose-built morphology
• maintenance and propagation logic

Production request:
Create whole organism, views, roots, structure, collectors, reproduction, stages, materials and habitat vignette.

Studio-resolved canonical values:
{{canonicalId}}, {{displayName}}, {{scientificName}}, {{originPlanet}}, {{planetType}}, {{biome}}, {{gravity}}, {{atmosphere}}, {{climate}}, {{temperatureRange}}, {{sizeScale}}, {{coloration}}, {{materials}}, {{distinctiveFeatures}}, {{lockedTraits}}, {{rarity}}, {{artDirection}}.

Preserve every locked canonical field exactly. The result must use NOVERIS Scientific Realism: premium AAA science-fiction quality, museum-grade reference presentation, scientifically plausible structure, coherent materials, restrained coloration unless canon requires otherwise, readable silhouette, consistent scale and anatomy or growth across all views, soft neutral studio lighting, pure black background for isolated references, full requested subject visibility, generous negative space, and PSD-friendly extraction. Habitat and biome outputs may use the canonical environment. No baked-in text, labels, watermark, logo, border, or UI.

Create four clearly different but canon-compliant versions. Preserve body plan or growth architecture, structural counts, environmental adaptations, materials, defining features, and locked coloration. Vary only permitted secondary proportions, markings, surface detail, minor ornamentation, natural wear, and pose or growth irregularity.

Recommended aspect ratio: 16:9.","text, labels, watermark, signature, logo, border, frame, UI, HUD, cropped subject, duplicate anatomy, contradictory anatomy, impossible balance, unsupported structures, random wings, random horns, humanoid default, fantasy armor, weapons, cartoon, anime, toy-like materials, excessive neon, excessive glow, oversaturated colors, busy background, motion blur, low resolution, compression artifacts, generic Earth copy, unsupported fantasy styling, traits conflicting with locked canon",1.0.0,canonical
NB2-PLT-PIV-002-SYNTHETIC-FLORA-PSD,PLT-PIV-002-SYNTHETIC-FLORA,Synthetic Flora,psd,PSD Extraction Board,16:9,"Create a canonical NOVERIS Nano Banana 2 visual for Synthetic Flora: PSD Extraction Board.

Canonical archetype:
A canonical synthetic flora designed as a scientifically plausible plant-like or fungal organism whose anchoring, support, transport, energy capture, growth, reproduction, ecology, and environmental adaptations are internally coherent.

Required visual and biological rules:
• credible anchoring
• coherent support and transport
• functional energy collectors
• reproductive logic
• environment-linked growth
• purpose-built morphology
• maintenance and propagation logic

Production request:
Create isolated whole organism, parts, silhouette and material references.

Studio-resolved canonical values:
{{canonicalId}}, {{displayName}}, {{scientificName}}, {{originPlanet}}, {{planetType}}, {{biome}}, {{gravity}}, {{atmosphere}}, {{climate}}, {{temperatureRange}}, {{sizeScale}}, {{coloration}}, {{materials}}, {{distinctiveFeatures}}, {{lockedTraits}}, {{rarity}}, {{artDirection}}.

Preserve every locked canonical field exactly. The result must use NOVERIS Scientific Realism: premium AAA science-fiction quality, museum-grade reference presentation, scientifically plausible structure, coherent materials, restrained coloration unless canon requires otherwise, readable silhouette, consistent scale and anatomy or growth across all views, soft neutral studio lighting, pure black background for isolated references, full requested subject visibility, generous negative space, and PSD-friendly extraction. Habitat and biome outputs may use the canonical environment. No baked-in text, labels, watermark, logo, border, or UI.

Create four clearly different but canon-compliant versions. Preserve body plan or growth architecture, structural counts, environmental adaptations, materials, defining features, and locked coloration. Vary only permitted secondary proportions, markings, surface detail, minor ornamentation, natural wear, and pose or growth irregularity.

Recommended aspect ratio: 16:9.","text, labels, watermark, signature, logo, border, frame, UI, HUD, cropped subject, duplicate anatomy, contradictory anatomy, impossible balance, unsupported structures, random wings, random horns, humanoid default, fantasy armor, weapons, cartoon, anime, toy-like materials, excessive neon, excessive glow, oversaturated colors, busy background, motion blur, low resolution, compression artifacts, generic Earth copy, unsupported fantasy styling, traits conflicting with locked canon",1.0.0,canonical
NB2-PLT-PIV-003-ROBOTIC-FLORA-WHOLE-PLANT,PLT-PIV-003-ROBOTIC-FLORA,Robotic Flora,whole-plant,Whole Plant Production Render,3:4,"Create a canonical NOVERIS Nano Banana 2 visual for Robotic Flora: Whole Plant Production Render.

Canonical archetype:
A canonical robotic flora designed as a scientifically plausible plant-like or fungal organism whose anchoring, support, transport, energy capture, growth, reproduction, ecology, and environmental adaptations are internally coherent.

Required visual and biological rules:
• credible anchoring
• coherent support and transport
• functional energy collectors
• reproductive logic
• environment-linked growth
• purpose-built morphology
• maintenance and propagation logic

Production request:
Create complete mature organism including roots or anchor system.

Studio-resolved canonical values:
{{canonicalId}}, {{displayName}}, {{scientificName}}, {{originPlanet}}, {{planetType}}, {{biome}}, {{gravity}}, {{atmosphere}}, {{climate}}, {{temperatureRange}}, {{sizeScale}}, {{coloration}}, {{materials}}, {{distinctiveFeatures}}, {{lockedTraits}}, {{rarity}}, {{artDirection}}.

Preserve every locked canonical field exactly. The result must use NOVERIS Scientific Realism: premium AAA science-fiction quality, museum-grade reference presentation, scientifically plausible structure, coherent materials, restrained coloration unless canon requires otherwise, readable silhouette, consistent scale and anatomy or growth across all views, soft neutral studio lighting, pure black background for isolated references, full requested subject visibility, generous negative space, and PSD-friendly extraction. Habitat and biome outputs may use the canonical environment. No baked-in text, labels, watermark, logo, border, or UI.

Create four clearly different but canon-compliant versions. Preserve body plan or growth architecture, structural counts, environmental adaptations, materials, defining features, and locked coloration. Vary only permitted secondary proportions, markings, surface detail, minor ornamentation, natural wear, and pose or growth irregularity.

Recommended aspect ratio: 3:4.","text, labels, watermark, signature, logo, border, frame, UI, HUD, cropped subject, duplicate anatomy, contradictory anatomy, impossible balance, unsupported structures, random wings, random horns, humanoid default, fantasy armor, weapons, cartoon, anime, toy-like materials, excessive neon, excessive glow, oversaturated colors, busy background, motion blur, low resolution, compression artifacts, generic Earth copy, unsupported fantasy styling, traits conflicting with locked canon",1.0.0,canonical
NB2-PLT-PIV-003-ROBOTIC-FLORA-PORTRAIT,PLT-PIV-003-ROBOTIC-FLORA,Robotic Flora,portrait,Botanical Portrait,1:1,"Create a canonical NOVERIS Nano Banana 2 visual for Robotic Flora: Botanical Portrait.

Canonical archetype:
A canonical robotic flora designed as a scientifically plausible plant-like or fungal organism whose anchoring, support, transport, energy capture, growth, reproduction, ecology, and environmental adaptations are internally coherent.

Required visual and biological rules:
• credible anchoring
• coherent support and transport
• functional energy collectors
• reproductive logic
• environment-linked growth
• purpose-built morphology
• maintenance and propagation logic

Production request:
Create defining growth form, foliage, collectors and reproduction.

Studio-resolved canonical values:
{{canonicalId}}, {{displayName}}, {{scientificName}}, {{originPlanet}}, {{planetType}}, {{biome}}, {{gravity}}, {{atmosphere}}, {{climate}}, {{temperatureRange}}, {{sizeScale}}, {{coloration}}, {{materials}}, {{distinctiveFeatures}}, {{lockedTraits}}, {{rarity}}, {{artDirection}}.

Preserve every locked canonical field exactly. The result must use NOVERIS Scientific Realism: premium AAA science-fiction quality, museum-grade reference presentation, scientifically plausible structure, coherent materials, restrained coloration unless canon requires otherwise, readable silhouette, consistent scale and anatomy or growth across all views, soft neutral studio lighting, pure black background for isolated references, full requested subject visibility, generous negative space, and PSD-friendly extraction. Habitat and biome outputs may use the canonical environment. No baked-in text, labels, watermark, logo, border, or UI.

Create four clearly different but canon-compliant versions. Preserve body plan or growth architecture, structural counts, environmental adaptations, materials, defining features, and locked coloration. Vary only permitted secondary proportions, markings, surface detail, minor ornamentation, natural wear, and pose or growth irregularity.

Recommended aspect ratio: 1:1.","text, labels, watermark, signature, logo, border, frame, UI, HUD, cropped subject, duplicate anatomy, contradictory anatomy, impossible balance, unsupported structures, random wings, random horns, humanoid default, fantasy armor, weapons, cartoon, anime, toy-like materials, excessive neon, excessive glow, oversaturated colors, busy background, motion blur, low resolution, compression artifacts, generic Earth copy, unsupported fantasy styling, traits conflicting with locked canon",1.0.0,canonical
NB2-PLT-PIV-003-ROBOTIC-FLORA-ORTHO-FRONT,PLT-PIV-003-ROBOTIC-FLORA,Robotic Flora,ortho-front,Orthographic Front,3:4,"Create a canonical NOVERIS Nano Banana 2 visual for Robotic Flora: Orthographic Front.

Canonical archetype:
A canonical robotic flora designed as a scientifically plausible plant-like or fungal organism whose anchoring, support, transport, energy capture, growth, reproduction, ecology, and environmental adaptations are internally coherent.

Required visual and biological rules:
• credible anchoring
• coherent support and transport
• functional energy collectors
• reproductive logic
• environment-linked growth
• purpose-built morphology
• maintenance and propagation logic

Production request:
Create exact front orthographic view.

Studio-resolved canonical values:
{{canonicalId}}, {{displayName}}, {{scientificName}}, {{originPlanet}}, {{planetType}}, {{biome}}, {{gravity}}, {{atmosphere}}, {{climate}}, {{temperatureRange}}, {{sizeScale}}, {{coloration}}, {{materials}}, {{distinctiveFeatures}}, {{lockedTraits}}, {{rarity}}, {{artDirection}}.

Preserve every locked canonical field exactly. The result must use NOVERIS Scientific Realism: premium AAA science-fiction quality, museum-grade reference presentation, scientifically plausible structure, coherent materials, restrained coloration unless canon requires otherwise, readable silhouette, consistent scale and anatomy or growth across all views, soft neutral studio lighting, pure black background for isolated references, full requested subject visibility, generous negative space, and PSD-friendly extraction. Habitat and biome outputs may use the canonical environment. No baked-in text, labels, watermark, logo, border, or UI.

Create four clearly different but canon-compliant versions. Preserve body plan or growth architecture, structural counts, environmental adaptations, materials, defining features, and locked coloration. Vary only permitted secondary proportions, markings, surface detail, minor ornamentation, natural wear, and pose or growth irregularity.

Recommended aspect ratio: 3:4.","text, labels, watermark, signature, logo, border, frame, UI, HUD, cropped subject, duplicate anatomy, contradictory anatomy, impossible balance, unsupported structures, random wings, random horns, humanoid default, fantasy armor, weapons, cartoon, anime, toy-like materials, excessive neon, excessive glow, oversaturated colors, busy background, motion blur, low resolution, compression artifacts, generic Earth copy, unsupported fantasy styling, traits conflicting with locked canon",1.0.0,canonical
NB2-PLT-PIV-003-ROBOTIC-FLORA-ORTHO-SIDE,PLT-PIV-003-ROBOTIC-FLORA,Robotic Flora,ortho-side,Orthographic Side,3:4,"Create a canonical NOVERIS Nano Banana 2 visual for Robotic Flora: Orthographic Side.

Canonical archetype:
A canonical robotic flora designed as a scientifically plausible plant-like or fungal organism whose anchoring, support, transport, energy capture, growth, reproduction, ecology, and environmental adaptations are internally coherent.

Required visual and biological rules:
• credible anchoring
• coherent support and transport
• functional energy collectors
• reproductive logic
• environment-linked growth
• purpose-built morphology
• maintenance and propagation logic

Production request:
Create exact side orthographic view.

Studio-resolved canonical values:
{{canonicalId}}, {{displayName}}, {{scientificName}}, {{originPlanet}}, {{planetType}}, {{biome}}, {{gravity}}, {{atmosphere}}, {{climate}}, {{temperatureRange}}, {{sizeScale}}, {{coloration}}, {{materials}}, {{distinctiveFeatures}}, {{lockedTraits}}, {{rarity}}, {{artDirection}}.

Preserve every locked canonical field exactly. The result must use NOVERIS Scientific Realism: premium AAA science-fiction quality, museum-grade reference presentation, scientifically plausible structure, coherent materials, restrained coloration unless canon requires otherwise, readable silhouette, consistent scale and anatomy or growth across all views, soft neutral studio lighting, pure black background for isolated references, full requested subject visibility, generous negative space, and PSD-friendly extraction. Habitat and biome outputs may use the canonical environment. No baked-in text, labels, watermark, logo, border, or UI.

Create four clearly different but canon-compliant versions. Preserve body plan or growth architecture, structural counts, environmental adaptations, materials, defining features, and locked coloration. Vary only permitted secondary proportions, markings, surface detail, minor ornamentation, natural wear, and pose or growth irregularity.

Recommended aspect ratio: 3:4.","text, labels, watermark, signature, logo, border, frame, UI, HUD, cropped subject, duplicate anatomy, contradictory anatomy, impossible balance, unsupported structures, random wings, random horns, humanoid default, fantasy armor, weapons, cartoon, anime, toy-like materials, excessive neon, excessive glow, oversaturated colors, busy background, motion blur, low resolution, compression artifacts, generic Earth copy, unsupported fantasy styling, traits conflicting with locked canon",1.0.0,canonical
NB2-PLT-PIV-003-ROBOTIC-FLORA-ORTHO-TOP,PLT-PIV-003-ROBOTIC-FLORA,Robotic Flora,ortho-top,Orthographic Top,1:1,"Create a canonical NOVERIS Nano Banana 2 visual for Robotic Flora: Orthographic Top.

Canonical archetype:
A canonical robotic flora designed as a scientifically plausible plant-like or fungal organism whose anchoring, support, transport, energy capture, growth, reproduction, ecology, and environmental adaptations are internally coherent.

Required visual and biological rules:
• credible anchoring
• coherent support and transport
• functional energy collectors
• reproductive logic
• environment-linked growth
• purpose-built morphology
• maintenance and propagation logic

Production request:
Create exact top view showing spread and growth geometry.

Studio-resolved canonical values:
{{canonicalId}}, {{displayName}}, {{scientificName}}, {{originPlanet}}, {{planetType}}, {{biome}}, {{gravity}}, {{atmosphere}}, {{climate}}, {{temperatureRange}}, {{sizeScale}}, {{coloration}}, {{materials}}, {{distinctiveFeatures}}, {{lockedTraits}}, {{rarity}}, {{artDirection}}.

Preserve every locked canonical field exactly. The result must use NOVERIS Scientific Realism: premium AAA science-fiction quality, museum-grade reference presentation, scientifically plausible structure, coherent materials, restrained coloration unless canon requires otherwise, readable silhouette, consistent scale and anatomy or growth across all views, soft neutral studio lighting, pure black background for isolated references, full requested subject visibility, generous negative space, and PSD-friendly extraction. Habitat and biome outputs may use the canonical environment. No baked-in text, labels, watermark, logo, border, or UI.

Create four clearly different but canon-compliant versions. Preserve body plan or growth architecture, structural counts, environmental adaptations, materials, defining features, and locked coloration. Vary only permitted secondary proportions, markings, surface detail, minor ornamentation, natural wear, and pose or growth irregularity.

Recommended aspect ratio: 1:1.","text, labels, watermark, signature, logo, border, frame, UI, HUD, cropped subject, duplicate anatomy, contradictory anatomy, impossible balance, unsupported structures, random wings, random horns, humanoid default, fantasy armor, weapons, cartoon, anime, toy-like materials, excessive neon, excessive glow, oversaturated colors, busy background, motion blur, low resolution, compression artifacts, generic Earth copy, unsupported fantasy styling, traits conflicting with locked canon",1.0.0,canonical
NB2-PLT-PIV-003-ROBOTIC-FLORA-ROOTS,PLT-PIV-003-ROBOTIC-FLORA,Robotic Flora,roots,Root or Anchor System,16:9,"Create a canonical NOVERIS Nano Banana 2 visual for Robotic Flora: Root or Anchor System.

Canonical archetype:
A canonical robotic flora designed as a scientifically plausible plant-like or fungal organism whose anchoring, support, transport, energy capture, growth, reproduction, ecology, and environmental adaptations are internally coherent.

Required visual and biological rules:
• credible anchoring
• coherent support and transport
• functional energy collectors
• reproductive logic
• environment-linked growth
• purpose-built morphology
• maintenance and propagation logic

Production request:
Create complete substrate interface and nutrient exchange structures.

Studio-resolved canonical values:
{{canonicalId}}, {{displayName}}, {{scientificName}}, {{originPlanet}}, {{planetType}}, {{biome}}, {{gravity}}, {{atmosphere}}, {{climate}}, {{temperatureRange}}, {{sizeScale}}, {{coloration}}, {{materials}}, {{distinctiveFeatures}}, {{lockedTraits}}, {{rarity}}, {{artDirection}}.

Preserve every locked canonical field exactly. The result must use NOVERIS Scientific Realism: premium AAA science-fiction quality, museum-grade reference presentation, scientifically plausible structure, coherent materials, restrained coloration unless canon requires otherwise, readable silhouette, consistent scale and anatomy or growth across all views, soft neutral studio lighting, pure black background for isolated references, full requested subject visibility, generous negative space, and PSD-friendly extraction. Habitat and biome outputs may use the canonical environment. No baked-in text, labels, watermark, logo, border, or UI.

Create four clearly different but canon-compliant versions. Preserve body plan or growth architecture, structural counts, environmental adaptations, materials, defining features, and locked coloration. Vary only permitted secondary proportions, markings, surface detail, minor ornamentation, natural wear, and pose or growth irregularity.

Recommended aspect ratio: 16:9.","text, labels, watermark, signature, logo, border, frame, UI, HUD, cropped subject, duplicate anatomy, contradictory anatomy, impossible balance, unsupported structures, random wings, random horns, humanoid default, fantasy armor, weapons, cartoon, anime, toy-like materials, excessive neon, excessive glow, oversaturated colors, busy background, motion blur, low resolution, compression artifacts, generic Earth copy, unsupported fantasy styling, traits conflicting with locked canon",1.0.0,canonical
NB2-PLT-PIV-003-ROBOTIC-FLORA-STEMS,PLT-PIV-003-ROBOTIC-FLORA,Robotic Flora,stems,"Stem, Trunk or Structural Study",16:9,"Create a canonical NOVERIS Nano Banana 2 visual for Robotic Flora: Stem, Trunk or Structural Study.

Canonical archetype:
A canonical robotic flora designed as a scientifically plausible plant-like or fungal organism whose anchoring, support, transport, energy capture, growth, reproduction, ecology, and environmental adaptations are internally coherent.

Required visual and biological rules:
• credible anchoring
• coherent support and transport
• functional energy collectors
• reproductive logic
• environment-linked growth
• purpose-built morphology
• maintenance and propagation logic

Production request:
Create support and transport architecture.

Studio-resolved canonical values:
{{canonicalId}}, {{displayName}}, {{scientificName}}, {{originPlanet}}, {{planetType}}, {{biome}}, {{gravity}}, {{atmosphere}}, {{climate}}, {{temperatureRange}}, {{sizeScale}}, {{coloration}}, {{materials}}, {{distinctiveFeatures}}, {{lockedTraits}}, {{rarity}}, {{artDirection}}.

Preserve every locked canonical field exactly. The result must use NOVERIS Scientific Realism: premium AAA science-fiction quality, museum-grade reference presentation, scientifically plausible structure, coherent materials, restrained coloration unless canon requires otherwise, readable silhouette, consistent scale and anatomy or growth across all views, soft neutral studio lighting, pure black background for isolated references, full requested subject visibility, generous negative space, and PSD-friendly extraction. Habitat and biome outputs may use the canonical environment. No baked-in text, labels, watermark, logo, border, or UI.

Create four clearly different but canon-compliant versions. Preserve body plan or growth architecture, structural counts, environmental adaptations, materials, defining features, and locked coloration. Vary only permitted secondary proportions, markings, surface detail, minor ornamentation, natural wear, and pose or growth irregularity.

Recommended aspect ratio: 16:9.","text, labels, watermark, signature, logo, border, frame, UI, HUD, cropped subject, duplicate anatomy, contradictory anatomy, impossible balance, unsupported structures, random wings, random horns, humanoid default, fantasy armor, weapons, cartoon, anime, toy-like materials, excessive neon, excessive glow, oversaturated colors, busy background, motion blur, low resolution, compression artifacts, generic Earth copy, unsupported fantasy styling, traits conflicting with locked canon",1.0.0,canonical
NB2-PLT-PIV-003-ROBOTIC-FLORA-COLLECTORS,PLT-PIV-003-ROBOTIC-FLORA,Robotic Flora,collectors,Leaves or Collector Study,16:9,"Create a canonical NOVERIS Nano Banana 2 visual for Robotic Flora: Leaves or Collector Study.

Canonical archetype:
A canonical robotic flora designed as a scientifically plausible plant-like or fungal organism whose anchoring, support, transport, energy capture, growth, reproduction, ecology, and environmental adaptations are internally coherent.

Required visual and biological rules:
• credible anchoring
• coherent support and transport
• functional energy collectors
• reproductive logic
• environment-linked growth
• purpose-built morphology
• maintenance and propagation logic

Production request:
Create front, back, edge, juvenile, mature and stressed states.

Studio-resolved canonical values:
{{canonicalId}}, {{displayName}}, {{scientificName}}, {{originPlanet}}, {{planetType}}, {{biome}}, {{gravity}}, {{atmosphere}}, {{climate}}, {{temperatureRange}}, {{sizeScale}}, {{coloration}}, {{materials}}, {{distinctiveFeatures}}, {{lockedTraits}}, {{rarity}}, {{artDirection}}.

Preserve every locked canonical field exactly. The result must use NOVERIS Scientific Realism: premium AAA science-fiction quality, museum-grade reference presentation, scientifically plausible structure, coherent materials, restrained coloration unless canon requires otherwise, readable silhouette, consistent scale and anatomy or growth across all views, soft neutral studio lighting, pure black background for isolated references, full requested subject visibility, generous negative space, and PSD-friendly extraction. Habitat and biome outputs may use the canonical environment. No baked-in text, labels, watermark, logo, border, or UI.

Create four clearly different but canon-compliant versions. Preserve body plan or growth architecture, structural counts, environmental adaptations, materials, defining features, and locked coloration. Vary only permitted secondary proportions, markings, surface detail, minor ornamentation, natural wear, and pose or growth irregularity.

Recommended aspect ratio: 16:9.","text, labels, watermark, signature, logo, border, frame, UI, HUD, cropped subject, duplicate anatomy, contradictory anatomy, impossible balance, unsupported structures, random wings, random horns, humanoid default, fantasy armor, weapons, cartoon, anime, toy-like materials, excessive neon, excessive glow, oversaturated colors, busy background, motion blur, low resolution, compression artifacts, generic Earth copy, unsupported fantasy styling, traits conflicting with locked canon",1.0.0,canonical
NB2-PLT-PIV-003-ROBOTIC-FLORA-REPRODUCTION,PLT-PIV-003-ROBOTIC-FLORA,Robotic Flora,reproduction,Reproductive Structure,16:9,"Create a canonical NOVERIS Nano Banana 2 visual for Robotic Flora: Reproductive Structure.

Canonical archetype:
A canonical robotic flora designed as a scientifically plausible plant-like or fungal organism whose anchoring, support, transport, energy capture, growth, reproduction, ecology, and environmental adaptations are internally coherent.

Required visual and biological rules:
• credible anchoring
• coherent support and transport
• functional energy collectors
• reproductive logic
• environment-linked growth
• purpose-built morphology
• maintenance and propagation logic

Production request:
Create flowers, cones, spores, fields or equivalent stages.

Studio-resolved canonical values:
{{canonicalId}}, {{displayName}}, {{scientificName}}, {{originPlanet}}, {{planetType}}, {{biome}}, {{gravity}}, {{atmosphere}}, {{climate}}, {{temperatureRange}}, {{sizeScale}}, {{coloration}}, {{materials}}, {{distinctiveFeatures}}, {{lockedTraits}}, {{rarity}}, {{artDirection}}.

Preserve every locked canonical field exactly. The result must use NOVERIS Scientific Realism: premium AAA science-fiction quality, museum-grade reference presentation, scientifically plausible structure, coherent materials, restrained coloration unless canon requires otherwise, readable silhouette, consistent scale and anatomy or growth across all views, soft neutral studio lighting, pure black background for isolated references, full requested subject visibility, generous negative space, and PSD-friendly extraction. Habitat and biome outputs may use the canonical environment. No baked-in text, labels, watermark, logo, border, or UI.

Create four clearly different but canon-compliant versions. Preserve body plan or growth architecture, structural counts, environmental adaptations, materials, defining features, and locked coloration. Vary only permitted secondary proportions, markings, surface detail, minor ornamentation, natural wear, and pose or growth irregularity.

Recommended aspect ratio: 16:9.","text, labels, watermark, signature, logo, border, frame, UI, HUD, cropped subject, duplicate anatomy, contradictory anatomy, impossible balance, unsupported structures, random wings, random horns, humanoid default, fantasy armor, weapons, cartoon, anime, toy-like materials, excessive neon, excessive glow, oversaturated colors, busy background, motion blur, low resolution, compression artifacts, generic Earth copy, unsupported fantasy styling, traits conflicting with locked canon",1.0.0,canonical
NB2-PLT-PIV-003-ROBOTIC-FLORA-PROPAGULES,PLT-PIV-003-ROBOTIC-FLORA,Robotic Flora,propagules,"Seed, Spore or Propagule Study",16:9,"Create a canonical NOVERIS Nano Banana 2 visual for Robotic Flora: Seed, Spore or Propagule Study.

Canonical archetype:
A canonical robotic flora designed as a scientifically plausible plant-like or fungal organism whose anchoring, support, transport, energy capture, growth, reproduction, ecology, and environmental adaptations are internally coherent.

Required visual and biological rules:
• credible anchoring
• coherent support and transport
• functional energy collectors
• reproductive logic
• environment-linked growth
• purpose-built morphology
• maintenance and propagation logic

Production request:
Create dispersal, germination and early establishment.

Studio-resolved canonical values:
{{canonicalId}}, {{displayName}}, {{scientificName}}, {{originPlanet}}, {{planetType}}, {{biome}}, {{gravity}}, {{atmosphere}}, {{climate}}, {{temperatureRange}}, {{sizeScale}}, {{coloration}}, {{materials}}, {{distinctiveFeatures}}, {{lockedTraits}}, {{rarity}}, {{artDirection}}.

Preserve every locked canonical field exactly. The result must use NOVERIS Scientific Realism: premium AAA science-fiction quality, museum-grade reference presentation, scientifically plausible structure, coherent materials, restrained coloration unless canon requires otherwise, readable silhouette, consistent scale and anatomy or growth across all views, soft neutral studio lighting, pure black background for isolated references, full requested subject visibility, generous negative space, and PSD-friendly extraction. Habitat and biome outputs may use the canonical environment. No baked-in text, labels, watermark, logo, border, or UI.

Create four clearly different but canon-compliant versions. Preserve body plan or growth architecture, structural counts, environmental adaptations, materials, defining features, and locked coloration. Vary only permitted secondary proportions, markings, surface detail, minor ornamentation, natural wear, and pose or growth irregularity.

Recommended aspect ratio: 16:9.","text, labels, watermark, signature, logo, border, frame, UI, HUD, cropped subject, duplicate anatomy, contradictory anatomy, impossible balance, unsupported structures, random wings, random horns, humanoid default, fantasy armor, weapons, cartoon, anime, toy-like materials, excessive neon, excessive glow, oversaturated colors, busy background, motion blur, low resolution, compression artifacts, generic Earth copy, unsupported fantasy styling, traits conflicting with locked canon",1.0.0,canonical
NB2-PLT-PIV-003-ROBOTIC-FLORA-CROSS-SECTION,PLT-PIV-003-ROBOTIC-FLORA,Robotic Flora,cross-section,Internal Cross Section,16:9,"Create a canonical NOVERIS Nano Banana 2 visual for Robotic Flora: Internal Cross Section.

Canonical archetype:
A canonical robotic flora designed as a scientifically plausible plant-like or fungal organism whose anchoring, support, transport, energy capture, growth, reproduction, ecology, and environmental adaptations are internally coherent.

Required visual and biological rules:
• credible anchoring
• coherent support and transport
• functional energy collectors
• reproductive logic
• environment-linked growth
• purpose-built morphology
• maintenance and propagation logic

Production request:
Create protection, transport, support, storage and reproduction.

Studio-resolved canonical values:
{{canonicalId}}, {{displayName}}, {{scientificName}}, {{originPlanet}}, {{planetType}}, {{biome}}, {{gravity}}, {{atmosphere}}, {{climate}}, {{temperatureRange}}, {{sizeScale}}, {{coloration}}, {{materials}}, {{distinctiveFeatures}}, {{lockedTraits}}, {{rarity}}, {{artDirection}}.

Preserve every locked canonical field exactly. The result must use NOVERIS Scientific Realism: premium AAA science-fiction quality, museum-grade reference presentation, scientifically plausible structure, coherent materials, restrained coloration unless canon requires otherwise, readable silhouette, consistent scale and anatomy or growth across all views, soft neutral studio lighting, pure black background for isolated references, full requested subject visibility, generous negative space, and PSD-friendly extraction. Habitat and biome outputs may use the canonical environment. No baked-in text, labels, watermark, logo, border, or UI.

Create four clearly different but canon-compliant versions. Preserve body plan or growth architecture, structural counts, environmental adaptations, materials, defining features, and locked coloration. Vary only permitted secondary proportions, markings, surface detail, minor ornamentation, natural wear, and pose or growth irregularity.

Recommended aspect ratio: 16:9.","text, labels, watermark, signature, logo, border, frame, UI, HUD, cropped subject, duplicate anatomy, contradictory anatomy, impossible balance, unsupported structures, random wings, random horns, humanoid default, fantasy armor, weapons, cartoon, anime, toy-like materials, excessive neon, excessive glow, oversaturated colors, busy background, motion blur, low resolution, compression artifacts, generic Earth copy, unsupported fantasy styling, traits conflicting with locked canon",1.0.0,canonical
NB2-PLT-PIV-003-ROBOTIC-FLORA-GROWTH,PLT-PIV-003-ROBOTIC-FLORA,Robotic Flora,growth,Growth Stages,16:9,"Create a canonical NOVERIS Nano Banana 2 visual for Robotic Flora: Growth Stages.

Canonical archetype:
A canonical robotic flora designed as a scientifically plausible plant-like or fungal organism whose anchoring, support, transport, energy capture, growth, reproduction, ecology, and environmental adaptations are internally coherent.

Required visual and biological rules:
• credible anchoring
• coherent support and transport
• functional energy collectors
• reproductive logic
• environment-linked growth
• purpose-built morphology
• maintenance and propagation logic

Production request:
Create propagule, juvenile, mature, reproductive and senescent stages.

Studio-resolved canonical values:
{{canonicalId}}, {{displayName}}, {{scientificName}}, {{originPlanet}}, {{planetType}}, {{biome}}, {{gravity}}, {{atmosphere}}, {{climate}}, {{temperatureRange}}, {{sizeScale}}, {{coloration}}, {{materials}}, {{distinctiveFeatures}}, {{lockedTraits}}, {{rarity}}, {{artDirection}}.

Preserve every locked canonical field exactly. The result must use NOVERIS Scientific Realism: premium AAA science-fiction quality, museum-grade reference presentation, scientifically plausible structure, coherent materials, restrained coloration unless canon requires otherwise, readable silhouette, consistent scale and anatomy or growth across all views, soft neutral studio lighting, pure black background for isolated references, full requested subject visibility, generous negative space, and PSD-friendly extraction. Habitat and biome outputs may use the canonical environment. No baked-in text, labels, watermark, logo, border, or UI.

Create four clearly different but canon-compliant versions. Preserve body plan or growth architecture, structural counts, environmental adaptations, materials, defining features, and locked coloration. Vary only permitted secondary proportions, markings, surface detail, minor ornamentation, natural wear, and pose or growth irregularity.

Recommended aspect ratio: 16:9.","text, labels, watermark, signature, logo, border, frame, UI, HUD, cropped subject, duplicate anatomy, contradictory anatomy, impossible balance, unsupported structures, random wings, random horns, humanoid default, fantasy armor, weapons, cartoon, anime, toy-like materials, excessive neon, excessive glow, oversaturated colors, busy background, motion blur, low resolution, compression artifacts, generic Earth copy, unsupported fantasy styling, traits conflicting with locked canon",1.0.0,canonical
NB2-PLT-PIV-003-ROBOTIC-FLORA-SEASONAL,PLT-PIV-003-ROBOTIC-FLORA,Robotic Flora,seasonal,Seasonal and Stress Variants,16:9,"Create a canonical NOVERIS Nano Banana 2 visual for Robotic Flora: Seasonal and Stress Variants.

Canonical archetype:
A canonical robotic flora designed as a scientifically plausible plant-like or fungal organism whose anchoring, support, transport, energy capture, growth, reproduction, ecology, and environmental adaptations are internally coherent.

Required visual and biological rules:
• credible anchoring
• coherent support and transport
• functional energy collectors
• reproductive logic
• environment-linked growth
• purpose-built morphology
• maintenance and propagation logic

Production request:
Create growth, reproduction, dormancy, damage and recovery.

Studio-resolved canonical values:
{{canonicalId}}, {{displayName}}, {{scientificName}}, {{originPlanet}}, {{planetType}}, {{biome}}, {{gravity}}, {{atmosphere}}, {{climate}}, {{temperatureRange}}, {{sizeScale}}, {{coloration}}, {{materials}}, {{distinctiveFeatures}}, {{lockedTraits}}, {{rarity}}, {{artDirection}}.

Preserve every locked canonical field exactly. The result must use NOVERIS Scientific Realism: premium AAA science-fiction quality, museum-grade reference presentation, scientifically plausible structure, coherent materials, restrained coloration unless canon requires otherwise, readable silhouette, consistent scale and anatomy or growth across all views, soft neutral studio lighting, pure black background for isolated references, full requested subject visibility, generous negative space, and PSD-friendly extraction. Habitat and biome outputs may use the canonical environment. No baked-in text, labels, watermark, logo, border, or UI.

Create four clearly different but canon-compliant versions. Preserve body plan or growth architecture, structural counts, environmental adaptations, materials, defining features, and locked coloration. Vary only permitted secondary proportions, markings, surface detail, minor ornamentation, natural wear, and pose or growth irregularity.

Recommended aspect ratio: 16:9.","text, labels, watermark, signature, logo, border, frame, UI, HUD, cropped subject, duplicate anatomy, contradictory anatomy, impossible balance, unsupported structures, random wings, random horns, humanoid default, fantasy armor, weapons, cartoon, anime, toy-like materials, excessive neon, excessive glow, oversaturated colors, busy background, motion blur, low resolution, compression artifacts, generic Earth copy, unsupported fantasy styling, traits conflicting with locked canon",1.0.0,canonical
NB2-PLT-PIV-003-ROBOTIC-FLORA-HABITAT,PLT-PIV-003-ROBOTIC-FLORA,Robotic Flora,habitat,Native Habitat Composition,16:9,"Create a canonical NOVERIS Nano Banana 2 visual for Robotic Flora: Native Habitat Composition.

Canonical archetype:
A canonical robotic flora designed as a scientifically plausible plant-like or fungal organism whose anchoring, support, transport, energy capture, growth, reproduction, ecology, and environmental adaptations are internally coherent.

Required visual and biological rules:
• credible anchoring
• coherent support and transport
• functional energy collectors
• reproductive logic
• environment-linked growth
• purpose-built morphology
• maintenance and propagation logic

Production request:
Create natural population with spacing and age diversity.

Studio-resolved canonical values:
{{canonicalId}}, {{displayName}}, {{scientificName}}, {{originPlanet}}, {{planetType}}, {{biome}}, {{gravity}}, {{atmosphere}}, {{climate}}, {{temperatureRange}}, {{sizeScale}}, {{coloration}}, {{materials}}, {{distinctiveFeatures}}, {{lockedTraits}}, {{rarity}}, {{artDirection}}.

Preserve every locked canonical field exactly. The result must use NOVERIS Scientific Realism: premium AAA science-fiction quality, museum-grade reference presentation, scientifically plausible structure, coherent materials, restrained coloration unless canon requires otherwise, readable silhouette, consistent scale and anatomy or growth across all views, soft neutral studio lighting, pure black background for isolated references, full requested subject visibility, generous negative space, and PSD-friendly extraction. Habitat and biome outputs may use the canonical environment. No baked-in text, labels, watermark, logo, border, or UI.

Create four clearly different but canon-compliant versions. Preserve body plan or growth architecture, structural counts, environmental adaptations, materials, defining features, and locked coloration. Vary only permitted secondary proportions, markings, surface detail, minor ornamentation, natural wear, and pose or growth irregularity.

Recommended aspect ratio: 16:9.","text, labels, watermark, signature, logo, border, frame, UI, HUD, cropped subject, duplicate anatomy, contradictory anatomy, impossible balance, unsupported structures, random wings, random horns, humanoid default, fantasy armor, weapons, cartoon, anime, toy-like materials, excessive neon, excessive glow, oversaturated colors, busy background, motion blur, low resolution, compression artifacts, generic Earth copy, unsupported fantasy styling, traits conflicting with locked canon",1.0.0,canonical
NB2-PLT-PIV-003-ROBOTIC-FLORA-BIOME,PLT-PIV-003-ROBOTIC-FLORA,Robotic Flora,biome,Biome Composition,16:9,"Create a canonical NOVERIS Nano Banana 2 visual for Robotic Flora: Biome Composition.

Canonical archetype:
A canonical robotic flora designed as a scientifically plausible plant-like or fungal organism whose anchoring, support, transport, energy capture, growth, reproduction, ecology, and environmental adaptations are internally coherent.

Required visual and biological rules:
• credible anchoring
• coherent support and transport
• functional energy collectors
• reproductive logic
• environment-linked growth
• purpose-built morphology
• maintenance and propagation logic

Production request:
Create coordinated vegetation set at consistent scale.

Studio-resolved canonical values:
{{canonicalId}}, {{displayName}}, {{scientificName}}, {{originPlanet}}, {{planetType}}, {{biome}}, {{gravity}}, {{atmosphere}}, {{climate}}, {{temperatureRange}}, {{sizeScale}}, {{coloration}}, {{materials}}, {{distinctiveFeatures}}, {{lockedTraits}}, {{rarity}}, {{artDirection}}.

Preserve every locked canonical field exactly. The result must use NOVERIS Scientific Realism: premium AAA science-fiction quality, museum-grade reference presentation, scientifically plausible structure, coherent materials, restrained coloration unless canon requires otherwise, readable silhouette, consistent scale and anatomy or growth across all views, soft neutral studio lighting, pure black background for isolated references, full requested subject visibility, generous negative space, and PSD-friendly extraction. Habitat and biome outputs may use the canonical environment. No baked-in text, labels, watermark, logo, border, or UI.

Create four clearly different but canon-compliant versions. Preserve body plan or growth architecture, structural counts, environmental adaptations, materials, defining features, and locked coloration. Vary only permitted secondary proportions, markings, surface detail, minor ornamentation, natural wear, and pose or growth irregularity.

Recommended aspect ratio: 16:9.","text, labels, watermark, signature, logo, border, frame, UI, HUD, cropped subject, duplicate anatomy, contradictory anatomy, impossible balance, unsupported structures, random wings, random horns, humanoid default, fantasy armor, weapons, cartoon, anime, toy-like materials, excessive neon, excessive glow, oversaturated colors, busy background, motion blur, low resolution, compression artifacts, generic Earth copy, unsupported fantasy styling, traits conflicting with locked canon",1.0.0,canonical
NB2-PLT-PIV-003-ROBOTIC-FLORA-DISCOVERY,PLT-PIV-003-ROBOTIC-FLORA,Robotic Flora,discovery,Discovery Scan,16:9,"Create a canonical NOVERIS Nano Banana 2 visual for Robotic Flora: Discovery Scan.

Canonical archetype:
A canonical robotic flora designed as a scientifically plausible plant-like or fungal organism whose anchoring, support, transport, energy capture, growth, reproduction, ecology, and environmental adaptations are internally coherent.

Required visual and biological rules:
• credible anchoring
• coherent support and transport
• functional energy collectors
• reproductive logic
• environment-linked growth
• purpose-built morphology
• maintenance and propagation logic

Production request:
Create centered scientific scan source without labels.

Studio-resolved canonical values:
{{canonicalId}}, {{displayName}}, {{scientificName}}, {{originPlanet}}, {{planetType}}, {{biome}}, {{gravity}}, {{atmosphere}}, {{climate}}, {{temperatureRange}}, {{sizeScale}}, {{coloration}}, {{materials}}, {{distinctiveFeatures}}, {{lockedTraits}}, {{rarity}}, {{artDirection}}.

Preserve every locked canonical field exactly. The result must use NOVERIS Scientific Realism: premium AAA science-fiction quality, museum-grade reference presentation, scientifically plausible structure, coherent materials, restrained coloration unless canon requires otherwise, readable silhouette, consistent scale and anatomy or growth across all views, soft neutral studio lighting, pure black background for isolated references, full requested subject visibility, generous negative space, and PSD-friendly extraction. Habitat and biome outputs may use the canonical environment. No baked-in text, labels, watermark, logo, border, or UI.

Create four clearly different but canon-compliant versions. Preserve body plan or growth architecture, structural counts, environmental adaptations, materials, defining features, and locked coloration. Vary only permitted secondary proportions, markings, surface detail, minor ornamentation, natural wear, and pose or growth irregularity.

Recommended aspect ratio: 16:9.","text, labels, watermark, signature, logo, border, frame, UI, HUD, cropped subject, duplicate anatomy, contradictory anatomy, impossible balance, unsupported structures, random wings, random horns, humanoid default, fantasy armor, weapons, cartoon, anime, toy-like materials, excessive neon, excessive glow, oversaturated colors, busy background, motion blur, low resolution, compression artifacts, generic Earth copy, unsupported fantasy styling, traits conflicting with locked canon",1.0.0,canonical
NB2-PLT-PIV-003-ROBOTIC-FLORA-ICON,PLT-PIV-003-ROBOTIC-FLORA,Robotic Flora,icon,UI Icon,1:1,"Create a canonical NOVERIS Nano Banana 2 visual for Robotic Flora: UI Icon.

Canonical archetype:
A canonical robotic flora designed as a scientifically plausible plant-like or fungal organism whose anchoring, support, transport, energy capture, growth, reproduction, ecology, and environmental adaptations are internally coherent.

Required visual and biological rules:
• credible anchoring
• coherent support and transport
• functional energy collectors
• reproductive logic
• environment-linked growth
• purpose-built morphology
• maintenance and propagation logic

Production request:
Create isolated silhouette readable at 64 pixels.

Studio-resolved canonical values:
{{canonicalId}}, {{displayName}}, {{scientificName}}, {{originPlanet}}, {{planetType}}, {{biome}}, {{gravity}}, {{atmosphere}}, {{climate}}, {{temperatureRange}}, {{sizeScale}}, {{coloration}}, {{materials}}, {{distinctiveFeatures}}, {{lockedTraits}}, {{rarity}}, {{artDirection}}.

Preserve every locked canonical field exactly. The result must use NOVERIS Scientific Realism: premium AAA science-fiction quality, museum-grade reference presentation, scientifically plausible structure, coherent materials, restrained coloration unless canon requires otherwise, readable silhouette, consistent scale and anatomy or growth across all views, soft neutral studio lighting, pure black background for isolated references, full requested subject visibility, generous negative space, and PSD-friendly extraction. Habitat and biome outputs may use the canonical environment. No baked-in text, labels, watermark, logo, border, or UI.

Create four clearly different but canon-compliant versions. Preserve body plan or growth architecture, structural counts, environmental adaptations, materials, defining features, and locked coloration. Vary only permitted secondary proportions, markings, surface detail, minor ornamentation, natural wear, and pose or growth irregularity.

Recommended aspect ratio: 1:1.","text, labels, watermark, signature, logo, border, frame, UI, HUD, cropped subject, duplicate anatomy, contradictory anatomy, impossible balance, unsupported structures, random wings, random horns, humanoid default, fantasy armor, weapons, cartoon, anime, toy-like materials, excessive neon, excessive glow, oversaturated colors, busy background, motion blur, low resolution, compression artifacts, generic Earth copy, unsupported fantasy styling, traits conflicting with locked canon",1.0.0,canonical
NB2-PLT-PIV-003-ROBOTIC-FLORA-SCALE,PLT-PIV-003-ROBOTIC-FLORA,Robotic Flora,scale,Scale Comparison,16:9,"Create a canonical NOVERIS Nano Banana 2 visual for Robotic Flora: Scale Comparison.

Canonical archetype:
A canonical robotic flora designed as a scientifically plausible plant-like or fungal organism whose anchoring, support, transport, energy capture, growth, reproduction, ecology, and environmental adaptations are internally coherent.

Required visual and biological rules:
• credible anchoring
• coherent support and transport
• functional energy collectors
• reproductive logic
• environment-linked growth
• purpose-built morphology
• maintenance and propagation logic

Production request:
Create side view with adult human silhouette and one-meter bar.

Studio-resolved canonical values:
{{canonicalId}}, {{displayName}}, {{scientificName}}, {{originPlanet}}, {{planetType}}, {{biome}}, {{gravity}}, {{atmosphere}}, {{climate}}, {{temperatureRange}}, {{sizeScale}}, {{coloration}}, {{materials}}, {{distinctiveFeatures}}, {{lockedTraits}}, {{rarity}}, {{artDirection}}.

Preserve every locked canonical field exactly. The result must use NOVERIS Scientific Realism: premium AAA science-fiction quality, museum-grade reference presentation, scientifically plausible structure, coherent materials, restrained coloration unless canon requires otherwise, readable silhouette, consistent scale and anatomy or growth across all views, soft neutral studio lighting, pure black background for isolated references, full requested subject visibility, generous negative space, and PSD-friendly extraction. Habitat and biome outputs may use the canonical environment. No baked-in text, labels, watermark, logo, border, or UI.

Create four clearly different but canon-compliant versions. Preserve body plan or growth architecture, structural counts, environmental adaptations, materials, defining features, and locked coloration. Vary only permitted secondary proportions, markings, surface detail, minor ornamentation, natural wear, and pose or growth irregularity.

Recommended aspect ratio: 16:9.","text, labels, watermark, signature, logo, border, frame, UI, HUD, cropped subject, duplicate anatomy, contradictory anatomy, impossible balance, unsupported structures, random wings, random horns, humanoid default, fantasy armor, weapons, cartoon, anime, toy-like materials, excessive neon, excessive glow, oversaturated colors, busy background, motion blur, low resolution, compression artifacts, generic Earth copy, unsupported fantasy styling, traits conflicting with locked canon",1.0.0,canonical
NB2-PLT-PIV-003-ROBOTIC-FLORA-PLATE,PLT-PIV-003-ROBOTIC-FLORA,Robotic Flora,plate,Master Botanical Plate,16:9,"Create a canonical NOVERIS Nano Banana 2 visual for Robotic Flora: Master Botanical Plate.

Canonical archetype:
A canonical robotic flora designed as a scientifically plausible plant-like or fungal organism whose anchoring, support, transport, energy capture, growth, reproduction, ecology, and environmental adaptations are internally coherent.

Required visual and biological rules:
• credible anchoring
• coherent support and transport
• functional energy collectors
• reproductive logic
• environment-linked growth
• purpose-built morphology
• maintenance and propagation logic

Production request:
Create whole organism, views, roots, structure, collectors, reproduction, stages, materials and habitat vignette.

Studio-resolved canonical values:
{{canonicalId}}, {{displayName}}, {{scientificName}}, {{originPlanet}}, {{planetType}}, {{biome}}, {{gravity}}, {{atmosphere}}, {{climate}}, {{temperatureRange}}, {{sizeScale}}, {{coloration}}, {{materials}}, {{distinctiveFeatures}}, {{lockedTraits}}, {{rarity}}, {{artDirection}}.

Preserve every locked canonical field exactly. The result must use NOVERIS Scientific Realism: premium AAA science-fiction quality, museum-grade reference presentation, scientifically plausible structure, coherent materials, restrained coloration unless canon requires otherwise, readable silhouette, consistent scale and anatomy or growth across all views, soft neutral studio lighting, pure black background for isolated references, full requested subject visibility, generous negative space, and PSD-friendly extraction. Habitat and biome outputs may use the canonical environment. No baked-in text, labels, watermark, logo, border, or UI.

Create four clearly different but canon-compliant versions. Preserve body plan or growth architecture, structural counts, environmental adaptations, materials, defining features, and locked coloration. Vary only permitted secondary proportions, markings, surface detail, minor ornamentation, natural wear, and pose or growth irregularity.

Recommended aspect ratio: 16:9.","text, labels, watermark, signature, logo, border, frame, UI, HUD, cropped subject, duplicate anatomy, contradictory anatomy, impossible balance, unsupported structures, random wings, random horns, humanoid default, fantasy armor, weapons, cartoon, anime, toy-like materials, excessive neon, excessive glow, oversaturated colors, busy background, motion blur, low resolution, compression artifacts, generic Earth copy, unsupported fantasy styling, traits conflicting with locked canon",1.0.0,canonical
NB2-PLT-PIV-003-ROBOTIC-FLORA-PSD,PLT-PIV-003-ROBOTIC-FLORA,Robotic Flora,psd,PSD Extraction Board,16:9,"Create a canonical NOVERIS Nano Banana 2 visual for Robotic Flora: PSD Extraction Board.

Canonical archetype:
A canonical robotic flora designed as a scientifically plausible plant-like or fungal organism whose anchoring, support, transport, energy capture, growth, reproduction, ecology, and environmental adaptations are internally coherent.

Required visual and biological rules:
• credible anchoring
• coherent support and transport
• functional energy collectors
• reproductive logic
• environment-linked growth
• purpose-built morphology
• maintenance and propagation logic

Production request:
Create isolated whole organism, parts, silhouette and material references.

Studio-resolved canonical values:
{{canonicalId}}, {{displayName}}, {{scientificName}}, {{originPlanet}}, {{planetType}}, {{biome}}, {{gravity}}, {{atmosphere}}, {{climate}}, {{temperatureRange}}, {{sizeScale}}, {{coloration}}, {{materials}}, {{distinctiveFeatures}}, {{lockedTraits}}, {{rarity}}, {{artDirection}}.

Preserve every locked canonical field exactly. The result must use NOVERIS Scientific Realism: premium AAA science-fiction quality, museum-grade reference presentation, scientifically plausible structure, coherent materials, restrained coloration unless canon requires otherwise, readable silhouette, consistent scale and anatomy or growth across all views, soft neutral studio lighting, pure black background for isolated references, full requested subject visibility, generous negative space, and PSD-friendly extraction. Habitat and biome outputs may use the canonical environment. No baked-in text, labels, watermark, logo, border, or UI.

Create four clearly different but canon-compliant versions. Preserve body plan or growth architecture, structural counts, environmental adaptations, materials, defining features, and locked coloration. Vary only permitted secondary proportions, markings, surface detail, minor ornamentation, natural wear, and pose or growth irregularity.

Recommended aspect ratio: 16:9.","text, labels, watermark, signature, logo, border, frame, UI, HUD, cropped subject, duplicate anatomy, contradictory anatomy, impossible balance, unsupported structures, random wings, random horns, humanoid default, fantasy armor, weapons, cartoon, anime, toy-like materials, excessive neon, excessive glow, oversaturated colors, busy background, motion blur, low resolution, compression artifacts, generic Earth copy, unsupported fantasy styling, traits conflicting with locked canon",1.0.0,canonical
NB2-PLT-PIV-004-NANITE-FLORA-WHOLE-PLANT,PLT-PIV-004-NANITE-FLORA,Nanite Flora,whole-plant,Whole Plant Production Render,3:4,"Create a canonical NOVERIS Nano Banana 2 visual for Nanite Flora: Whole Plant Production Render.

Canonical archetype:
A canonical nanite flora designed as a scientifically plausible plant-like or fungal organism whose anchoring, support, transport, energy capture, growth, reproduction, ecology, and environmental adaptations are internally coherent.

Required visual and biological rules:
• credible anchoring
• coherent support and transport
• functional energy collectors
• reproductive logic
• environment-linked growth
• purpose-built morphology
• maintenance and propagation logic

Production request:
Create complete mature organism including roots or anchor system.

Studio-resolved canonical values:
{{canonicalId}}, {{displayName}}, {{scientificName}}, {{originPlanet}}, {{planetType}}, {{biome}}, {{gravity}}, {{atmosphere}}, {{climate}}, {{temperatureRange}}, {{sizeScale}}, {{coloration}}, {{materials}}, {{distinctiveFeatures}}, {{lockedTraits}}, {{rarity}}, {{artDirection}}.

Preserve every locked canonical field exactly. The result must use NOVERIS Scientific Realism: premium AAA science-fiction quality, museum-grade reference presentation, scientifically plausible structure, coherent materials, restrained coloration unless canon requires otherwise, readable silhouette, consistent scale and anatomy or growth across all views, soft neutral studio lighting, pure black background for isolated references, full requested subject visibility, generous negative space, and PSD-friendly extraction. Habitat and biome outputs may use the canonical environment. No baked-in text, labels, watermark, logo, border, or UI.

Create four clearly different but canon-compliant versions. Preserve body plan or growth architecture, structural counts, environmental adaptations, materials, defining features, and locked coloration. Vary only permitted secondary proportions, markings, surface detail, minor ornamentation, natural wear, and pose or growth irregularity.

Recommended aspect ratio: 3:4.","text, labels, watermark, signature, logo, border, frame, UI, HUD, cropped subject, duplicate anatomy, contradictory anatomy, impossible balance, unsupported structures, random wings, random horns, humanoid default, fantasy armor, weapons, cartoon, anime, toy-like materials, excessive neon, excessive glow, oversaturated colors, busy background, motion blur, low resolution, compression artifacts, generic Earth copy, unsupported fantasy styling, traits conflicting with locked canon",1.0.0,canonical
NB2-PLT-PIV-004-NANITE-FLORA-PORTRAIT,PLT-PIV-004-NANITE-FLORA,Nanite Flora,portrait,Botanical Portrait,1:1,"Create a canonical NOVERIS Nano Banana 2 visual for Nanite Flora: Botanical Portrait.

Canonical archetype:
A canonical nanite flora designed as a scientifically plausible plant-like or fungal organism whose anchoring, support, transport, energy capture, growth, reproduction, ecology, and environmental adaptations are internally coherent.

Required visual and biological rules:
• credible anchoring
• coherent support and transport
• functional energy collectors
• reproductive logic
• environment-linked growth
• purpose-built morphology
• maintenance and propagation logic

Production request:
Create defining growth form, foliage, collectors and reproduction.

Studio-resolved canonical values:
{{canonicalId}}, {{displayName}}, {{scientificName}}, {{originPlanet}}, {{planetType}}, {{biome}}, {{gravity}}, {{atmosphere}}, {{climate}}, {{temperatureRange}}, {{sizeScale}}, {{coloration}}, {{materials}}, {{distinctiveFeatures}}, {{lockedTraits}}, {{rarity}}, {{artDirection}}.

Preserve every locked canonical field exactly. The result must use NOVERIS Scientific Realism: premium AAA science-fiction quality, museum-grade reference presentation, scientifically plausible structure, coherent materials, restrained coloration unless canon requires otherwise, readable silhouette, consistent scale and anatomy or growth across all views, soft neutral studio lighting, pure black background for isolated references, full requested subject visibility, generous negative space, and PSD-friendly extraction. Habitat and biome outputs may use the canonical environment. No baked-in text, labels, watermark, logo, border, or UI.

Create four clearly different but canon-compliant versions. Preserve body plan or growth architecture, structural counts, environmental adaptations, materials, defining features, and locked coloration. Vary only permitted secondary proportions, markings, surface detail, minor ornamentation, natural wear, and pose or growth irregularity.

Recommended aspect ratio: 1:1.","text, labels, watermark, signature, logo, border, frame, UI, HUD, cropped subject, duplicate anatomy, contradictory anatomy, impossible balance, unsupported structures, random wings, random horns, humanoid default, fantasy armor, weapons, cartoon, anime, toy-like materials, excessive neon, excessive glow, oversaturated colors, busy background, motion blur, low resolution, compression artifacts, generic Earth copy, unsupported fantasy styling, traits conflicting with locked canon",1.0.0,canonical
NB2-PLT-PIV-004-NANITE-FLORA-ORTHO-FRONT,PLT-PIV-004-NANITE-FLORA,Nanite Flora,ortho-front,Orthographic Front,3:4,"Create a canonical NOVERIS Nano Banana 2 visual for Nanite Flora: Orthographic Front.

Canonical archetype:
A canonical nanite flora designed as a scientifically plausible plant-like or fungal organism whose anchoring, support, transport, energy capture, growth, reproduction, ecology, and environmental adaptations are internally coherent.

Required visual and biological rules:
• credible anchoring
• coherent support and transport
• functional energy collectors
• reproductive logic
• environment-linked growth
• purpose-built morphology
• maintenance and propagation logic

Production request:
Create exact front orthographic view.

Studio-resolved canonical values:
{{canonicalId}}, {{displayName}}, {{scientificName}}, {{originPlanet}}, {{planetType}}, {{biome}}, {{gravity}}, {{atmosphere}}, {{climate}}, {{temperatureRange}}, {{sizeScale}}, {{coloration}}, {{materials}}, {{distinctiveFeatures}}, {{lockedTraits}}, {{rarity}}, {{artDirection}}.

Preserve every locked canonical field exactly. The result must use NOVERIS Scientific Realism: premium AAA science-fiction quality, museum-grade reference presentation, scientifically plausible structure, coherent materials, restrained coloration unless canon requires otherwise, readable silhouette, consistent scale and anatomy or growth across all views, soft neutral studio lighting, pure black background for isolated references, full requested subject visibility, generous negative space, and PSD-friendly extraction. Habitat and biome outputs may use the canonical environment. No baked-in text, labels, watermark, logo, border, or UI.

Create four clearly different but canon-compliant versions. Preserve body plan or growth architecture, structural counts, environmental adaptations, materials, defining features, and locked coloration. Vary only permitted secondary proportions, markings, surface detail, minor ornamentation, natural wear, and pose or growth irregularity.

Recommended aspect ratio: 3:4.","text, labels, watermark, signature, logo, border, frame, UI, HUD, cropped subject, duplicate anatomy, contradictory anatomy, impossible balance, unsupported structures, random wings, random horns, humanoid default, fantasy armor, weapons, cartoon, anime, toy-like materials, excessive neon, excessive glow, oversaturated colors, busy background, motion blur, low resolution, compression artifacts, generic Earth copy, unsupported fantasy styling, traits conflicting with locked canon",1.0.0,canonical
NB2-PLT-PIV-004-NANITE-FLORA-ORTHO-SIDE,PLT-PIV-004-NANITE-FLORA,Nanite Flora,ortho-side,Orthographic Side,3:4,"Create a canonical NOVERIS Nano Banana 2 visual for Nanite Flora: Orthographic Side.

Canonical archetype:
A canonical nanite flora designed as a scientifically plausible plant-like or fungal organism whose anchoring, support, transport, energy capture, growth, reproduction, ecology, and environmental adaptations are internally coherent.

Required visual and biological rules:
• credible anchoring
• coherent support and transport
• functional energy collectors
• reproductive logic
• environment-linked growth
• purpose-built morphology
• maintenance and propagation logic

Production request:
Create exact side orthographic view.

Studio-resolved canonical values:
{{canonicalId}}, {{displayName}}, {{scientificName}}, {{originPlanet}}, {{planetType}}, {{biome}}, {{gravity}}, {{atmosphere}}, {{climate}}, {{temperatureRange}}, {{sizeScale}}, {{coloration}}, {{materials}}, {{distinctiveFeatures}}, {{lockedTraits}}, {{rarity}}, {{artDirection}}.

Preserve every locked canonical field exactly. The result must use NOVERIS Scientific Realism: premium AAA science-fiction quality, museum-grade reference presentation, scientifically plausible structure, coherent materials, restrained coloration unless canon requires otherwise, readable silhouette, consistent scale and anatomy or growth across all views, soft neutral studio lighting, pure black background for isolated references, full requested subject visibility, generous negative space, and PSD-friendly extraction. Habitat and biome outputs may use the canonical environment. No baked-in text, labels, watermark, logo, border, or UI.

Create four clearly different but canon-compliant versions. Preserve body plan or growth architecture, structural counts, environmental adaptations, materials, defining features, and locked coloration. Vary only permitted secondary proportions, markings, surface detail, minor ornamentation, natural wear, and pose or growth irregularity.

Recommended aspect ratio: 3:4.","text, labels, watermark, signature, logo, border, frame, UI, HUD, cropped subject, duplicate anatomy, contradictory anatomy, impossible balance, unsupported structures, random wings, random horns, humanoid default, fantasy armor, weapons, cartoon, anime, toy-like materials, excessive neon, excessive glow, oversaturated colors, busy background, motion blur, low resolution, compression artifacts, generic Earth copy, unsupported fantasy styling, traits conflicting with locked canon",1.0.0,canonical
NB2-PLT-PIV-004-NANITE-FLORA-ORTHO-TOP,PLT-PIV-004-NANITE-FLORA,Nanite Flora,ortho-top,Orthographic Top,1:1,"Create a canonical NOVERIS Nano Banana 2 visual for Nanite Flora: Orthographic Top.

Canonical archetype:
A canonical nanite flora designed as a scientifically plausible plant-like or fungal organism whose anchoring, support, transport, energy capture, growth, reproduction, ecology, and environmental adaptations are internally coherent.

Required visual and biological rules:
• credible anchoring
• coherent support and transport
• functional energy collectors
• reproductive logic
• environment-linked growth
• purpose-built morphology
• maintenance and propagation logic

Production request:
Create exact top view showing spread and growth geometry.

Studio-resolved canonical values:
{{canonicalId}}, {{displayName}}, {{scientificName}}, {{originPlanet}}, {{planetType}}, {{biome}}, {{gravity}}, {{atmosphere}}, {{climate}}, {{temperatureRange}}, {{sizeScale}}, {{coloration}}, {{materials}}, {{distinctiveFeatures}}, {{lockedTraits}}, {{rarity}}, {{artDirection}}.

Preserve every locked canonical field exactly. The result must use NOVERIS Scientific Realism: premium AAA science-fiction quality, museum-grade reference presentation, scientifically plausible structure, coherent materials, restrained coloration unless canon requires otherwise, readable silhouette, consistent scale and anatomy or growth across all views, soft neutral studio lighting, pure black background for isolated references, full requested subject visibility, generous negative space, and PSD-friendly extraction. Habitat and biome outputs may use the canonical environment. No baked-in text, labels, watermark, logo, border, or UI.

Create four clearly different but canon-compliant versions. Preserve body plan or growth architecture, structural counts, environmental adaptations, materials, defining features, and locked coloration. Vary only permitted secondary proportions, markings, surface detail, minor ornamentation, natural wear, and pose or growth irregularity.

Recommended aspect ratio: 1:1.","text, labels, watermark, signature, logo, border, frame, UI, HUD, cropped subject, duplicate anatomy, contradictory anatomy, impossible balance, unsupported structures, random wings, random horns, humanoid default, fantasy armor, weapons, cartoon, anime, toy-like materials, excessive neon, excessive glow, oversaturated colors, busy background, motion blur, low resolution, compression artifacts, generic Earth copy, unsupported fantasy styling, traits conflicting with locked canon",1.0.0,canonical
NB2-PLT-PIV-004-NANITE-FLORA-ROOTS,PLT-PIV-004-NANITE-FLORA,Nanite Flora,roots,Root or Anchor System,16:9,"Create a canonical NOVERIS Nano Banana 2 visual for Nanite Flora: Root or Anchor System.

Canonical archetype:
A canonical nanite flora designed as a scientifically plausible plant-like or fungal organism whose anchoring, support, transport, energy capture, growth, reproduction, ecology, and environmental adaptations are internally coherent.

Required visual and biological rules:
• credible anchoring
• coherent support and transport
• functional energy collectors
• reproductive logic
• environment-linked growth
• purpose-built morphology
• maintenance and propagation logic

Production request:
Create complete substrate interface and nutrient exchange structures.

Studio-resolved canonical values:
{{canonicalId}}, {{displayName}}, {{scientificName}}, {{originPlanet}}, {{planetType}}, {{biome}}, {{gravity}}, {{atmosphere}}, {{climate}}, {{temperatureRange}}, {{sizeScale}}, {{coloration}}, {{materials}}, {{distinctiveFeatures}}, {{lockedTraits}}, {{rarity}}, {{artDirection}}.

Preserve every locked canonical field exactly. The result must use NOVERIS Scientific Realism: premium AAA science-fiction quality, museum-grade reference presentation, scientifically plausible structure, coherent materials, restrained coloration unless canon requires otherwise, readable silhouette, consistent scale and anatomy or growth across all views, soft neutral studio lighting, pure black background for isolated references, full requested subject visibility, generous negative space, and PSD-friendly extraction. Habitat and biome outputs may use the canonical environment. No baked-in text, labels, watermark, logo, border, or UI.

Create four clearly different but canon-compliant versions. Preserve body plan or growth architecture, structural counts, environmental adaptations, materials, defining features, and locked coloration. Vary only permitted secondary proportions, markings, surface detail, minor ornamentation, natural wear, and pose or growth irregularity.

Recommended aspect ratio: 16:9.","text, labels, watermark, signature, logo, border, frame, UI, HUD, cropped subject, duplicate anatomy, contradictory anatomy, impossible balance, unsupported structures, random wings, random horns, humanoid default, fantasy armor, weapons, cartoon, anime, toy-like materials, excessive neon, excessive glow, oversaturated colors, busy background, motion blur, low resolution, compression artifacts, generic Earth copy, unsupported fantasy styling, traits conflicting with locked canon",1.0.0,canonical
NB2-PLT-PIV-004-NANITE-FLORA-STEMS,PLT-PIV-004-NANITE-FLORA,Nanite Flora,stems,"Stem, Trunk or Structural Study",16:9,"Create a canonical NOVERIS Nano Banana 2 visual for Nanite Flora: Stem, Trunk or Structural Study.

Canonical archetype:
A canonical nanite flora designed as a scientifically plausible plant-like or fungal organism whose anchoring, support, transport, energy capture, growth, reproduction, ecology, and environmental adaptations are internally coherent.

Required visual and biological rules:
• credible anchoring
• coherent support and transport
• functional energy collectors
• reproductive logic
• environment-linked growth
• purpose-built morphology
• maintenance and propagation logic

Production request:
Create support and transport architecture.

Studio-resolved canonical values:
{{canonicalId}}, {{displayName}}, {{scientificName}}, {{originPlanet}}, {{planetType}}, {{biome}}, {{gravity}}, {{atmosphere}}, {{climate}}, {{temperatureRange}}, {{sizeScale}}, {{coloration}}, {{materials}}, {{distinctiveFeatures}}, {{lockedTraits}}, {{rarity}}, {{artDirection}}.

Preserve every locked canonical field exactly. The result must use NOVERIS Scientific Realism: premium AAA science-fiction quality, museum-grade reference presentation, scientifically plausible structure, coherent materials, restrained coloration unless canon requires otherwise, readable silhouette, consistent scale and anatomy or growth across all views, soft neutral studio lighting, pure black background for isolated references, full requested subject visibility, generous negative space, and PSD-friendly extraction. Habitat and biome outputs may use the canonical environment. No baked-in text, labels, watermark, logo, border, or UI.

Create four clearly different but canon-compliant versions. Preserve body plan or growth architecture, structural counts, environmental adaptations, materials, defining features, and locked coloration. Vary only permitted secondary proportions, markings, surface detail, minor ornamentation, natural wear, and pose or growth irregularity.

Recommended aspect ratio: 16:9.","text, labels, watermark, signature, logo, border, frame, UI, HUD, cropped subject, duplicate anatomy, contradictory anatomy, impossible balance, unsupported structures, random wings, random horns, humanoid default, fantasy armor, weapons, cartoon, anime, toy-like materials, excessive neon, excessive glow, oversaturated colors, busy background, motion blur, low resolution, compression artifacts, generic Earth copy, unsupported fantasy styling, traits conflicting with locked canon",1.0.0,canonical
NB2-PLT-PIV-004-NANITE-FLORA-COLLECTORS,PLT-PIV-004-NANITE-FLORA,Nanite Flora,collectors,Leaves or Collector Study,16:9,"Create a canonical NOVERIS Nano Banana 2 visual for Nanite Flora: Leaves or Collector Study.

Canonical archetype:
A canonical nanite flora designed as a scientifically plausible plant-like or fungal organism whose anchoring, support, transport, energy capture, growth, reproduction, ecology, and environmental adaptations are internally coherent.

Required visual and biological rules:
• credible anchoring
• coherent support and transport
• functional energy collectors
• reproductive logic
• environment-linked growth
• purpose-built morphology
• maintenance and propagation logic

Production request:
Create front, back, edge, juvenile, mature and stressed states.

Studio-resolved canonical values:
{{canonicalId}}, {{displayName}}, {{scientificName}}, {{originPlanet}}, {{planetType}}, {{biome}}, {{gravity}}, {{atmosphere}}, {{climate}}, {{temperatureRange}}, {{sizeScale}}, {{coloration}}, {{materials}}, {{distinctiveFeatures}}, {{lockedTraits}}, {{rarity}}, {{artDirection}}.

Preserve every locked canonical field exactly. The result must use NOVERIS Scientific Realism: premium AAA science-fiction quality, museum-grade reference presentation, scientifically plausible structure, coherent materials, restrained coloration unless canon requires otherwise, readable silhouette, consistent scale and anatomy or growth across all views, soft neutral studio lighting, pure black background for isolated references, full requested subject visibility, generous negative space, and PSD-friendly extraction. Habitat and biome outputs may use the canonical environment. No baked-in text, labels, watermark, logo, border, or UI.

Create four clearly different but canon-compliant versions. Preserve body plan or growth architecture, structural counts, environmental adaptations, materials, defining features, and locked coloration. Vary only permitted secondary proportions, markings, surface detail, minor ornamentation, natural wear, and pose or growth irregularity.

Recommended aspect ratio: 16:9.","text, labels, watermark, signature, logo, border, frame, UI, HUD, cropped subject, duplicate anatomy, contradictory anatomy, impossible balance, unsupported structures, random wings, random horns, humanoid default, fantasy armor, weapons, cartoon, anime, toy-like materials, excessive neon, excessive glow, oversaturated colors, busy background, motion blur, low resolution, compression artifacts, generic Earth copy, unsupported fantasy styling, traits conflicting with locked canon",1.0.0,canonical
NB2-PLT-PIV-004-NANITE-FLORA-REPRODUCTION,PLT-PIV-004-NANITE-FLORA,Nanite Flora,reproduction,Reproductive Structure,16:9,"Create a canonical NOVERIS Nano Banana 2 visual for Nanite Flora: Reproductive Structure.

Canonical archetype:
A canonical nanite flora designed as a scientifically plausible plant-like or fungal organism whose anchoring, support, transport, energy capture, growth, reproduction, ecology, and environmental adaptations are internally coherent.

Required visual and biological rules:
• credible anchoring
• coherent support and transport
• functional energy collectors
• reproductive logic
• environment-linked growth
• purpose-built morphology
• maintenance and propagation logic

Production request:
Create flowers, cones, spores, fields or equivalent stages.

Studio-resolved canonical values:
{{canonicalId}}, {{displayName}}, {{scientificName}}, {{originPlanet}}, {{planetType}}, {{biome}}, {{gravity}}, {{atmosphere}}, {{climate}}, {{temperatureRange}}, {{sizeScale}}, {{coloration}}, {{materials}}, {{distinctiveFeatures}}, {{lockedTraits}}, {{rarity}}, {{artDirection}}.

Preserve every locked canonical field exactly. The result must use NOVERIS Scientific Realism: premium AAA science-fiction quality, museum-grade reference presentation, scientifically plausible structure, coherent materials, restrained coloration unless canon requires otherwise, readable silhouette, consistent scale and anatomy or growth across all views, soft neutral studio lighting, pure black background for isolated references, full requested subject visibility, generous negative space, and PSD-friendly extraction. Habitat and biome outputs may use the canonical environment. No baked-in text, labels, watermark, logo, border, or UI.

Create four clearly different but canon-compliant versions. Preserve body plan or growth architecture, structural counts, environmental adaptations, materials, defining features, and locked coloration. Vary only permitted secondary proportions, markings, surface detail, minor ornamentation, natural wear, and pose or growth irregularity.

Recommended aspect ratio: 16:9.","text, labels, watermark, signature, logo, border, frame, UI, HUD, cropped subject, duplicate anatomy, contradictory anatomy, impossible balance, unsupported structures, random wings, random horns, humanoid default, fantasy armor, weapons, cartoon, anime, toy-like materials, excessive neon, excessive glow, oversaturated colors, busy background, motion blur, low resolution, compression artifacts, generic Earth copy, unsupported fantasy styling, traits conflicting with locked canon",1.0.0,canonical
NB2-PLT-PIV-004-NANITE-FLORA-PROPAGULES,PLT-PIV-004-NANITE-FLORA,Nanite Flora,propagules,"Seed, Spore or Propagule Study",16:9,"Create a canonical NOVERIS Nano Banana 2 visual for Nanite Flora: Seed, Spore or Propagule Study.

Canonical archetype:
A canonical nanite flora designed as a scientifically plausible plant-like or fungal organism whose anchoring, support, transport, energy capture, growth, reproduction, ecology, and environmental adaptations are internally coherent.

Required visual and biological rules:
• credible anchoring
• coherent support and transport
• functional energy collectors
• reproductive logic
• environment-linked growth
• purpose-built morphology
• maintenance and propagation logic

Production request:
Create dispersal, germination and early establishment.

Studio-resolved canonical values:
{{canonicalId}}, {{displayName}}, {{scientificName}}, {{originPlanet}}, {{planetType}}, {{biome}}, {{gravity}}, {{atmosphere}}, {{climate}}, {{temperatureRange}}, {{sizeScale}}, {{coloration}}, {{materials}}, {{distinctiveFeatures}}, {{lockedTraits}}, {{rarity}}, {{artDirection}}.

Preserve every locked canonical field exactly. The result must use NOVERIS Scientific Realism: premium AAA science-fiction quality, museum-grade reference presentation, scientifically plausible structure, coherent materials, restrained coloration unless canon requires otherwise, readable silhouette, consistent scale and anatomy or growth across all views, soft neutral studio lighting, pure black background for isolated references, full requested subject visibility, generous negative space, and PSD-friendly extraction. Habitat and biome outputs may use the canonical environment. No baked-in text, labels, watermark, logo, border, or UI.

Create four clearly different but canon-compliant versions. Preserve body plan or growth architecture, structural counts, environmental adaptations, materials, defining features, and locked coloration. Vary only permitted secondary proportions, markings, surface detail, minor ornamentation, natural wear, and pose or growth irregularity.

Recommended aspect ratio: 16:9.","text, labels, watermark, signature, logo, border, frame, UI, HUD, cropped subject, duplicate anatomy, contradictory anatomy, impossible balance, unsupported structures, random wings, random horns, humanoid default, fantasy armor, weapons, cartoon, anime, toy-like materials, excessive neon, excessive glow, oversaturated colors, busy background, motion blur, low resolution, compression artifacts, generic Earth copy, unsupported fantasy styling, traits conflicting with locked canon",1.0.0,canonical
NB2-PLT-PIV-004-NANITE-FLORA-CROSS-SECTION,PLT-PIV-004-NANITE-FLORA,Nanite Flora,cross-section,Internal Cross Section,16:9,"Create a canonical NOVERIS Nano Banana 2 visual for Nanite Flora: Internal Cross Section.

Canonical archetype:
A canonical nanite flora designed as a scientifically plausible plant-like or fungal organism whose anchoring, support, transport, energy capture, growth, reproduction, ecology, and environmental adaptations are internally coherent.

Required visual and biological rules:
• credible anchoring
• coherent support and transport
• functional energy collectors
• reproductive logic
• environment-linked growth
• purpose-built morphology
• maintenance and propagation logic

Production request:
Create protection, transport, support, storage and reproduction.

Studio-resolved canonical values:
{{canonicalId}}, {{displayName}}, {{scientificName}}, {{originPlanet}}, {{planetType}}, {{biome}}, {{gravity}}, {{atmosphere}}, {{climate}}, {{temperatureRange}}, {{sizeScale}}, {{coloration}}, {{materials}}, {{distinctiveFeatures}}, {{lockedTraits}}, {{rarity}}, {{artDirection}}.

Preserve every locked canonical field exactly. The result must use NOVERIS Scientific Realism: premium AAA science-fiction quality, museum-grade reference presentation, scientifically plausible structure, coherent materials, restrained coloration unless canon requires otherwise, readable silhouette, consistent scale and anatomy or growth across all views, soft neutral studio lighting, pure black background for isolated references, full requested subject visibility, generous negative space, and PSD-friendly extraction. Habitat and biome outputs may use the canonical environment. No baked-in text, labels, watermark, logo, border, or UI.

Create four clearly different but canon-compliant versions. Preserve body plan or growth architecture, structural counts, environmental adaptations, materials, defining features, and locked coloration. Vary only permitted secondary proportions, markings, surface detail, minor ornamentation, natural wear, and pose or growth irregularity.

Recommended aspect ratio: 16:9.","text, labels, watermark, signature, logo, border, frame, UI, HUD, cropped subject, duplicate anatomy, contradictory anatomy, impossible balance, unsupported structures, random wings, random horns, humanoid default, fantasy armor, weapons, cartoon, anime, toy-like materials, excessive neon, excessive glow, oversaturated colors, busy background, motion blur, low resolution, compression artifacts, generic Earth copy, unsupported fantasy styling, traits conflicting with locked canon",1.0.0,canonical
NB2-PLT-PIV-004-NANITE-FLORA-GROWTH,PLT-PIV-004-NANITE-FLORA,Nanite Flora,growth,Growth Stages,16:9,"Create a canonical NOVERIS Nano Banana 2 visual for Nanite Flora: Growth Stages.

Canonical archetype:
A canonical nanite flora designed as a scientifically plausible plant-like or fungal organism whose anchoring, support, transport, energy capture, growth, reproduction, ecology, and environmental adaptations are internally coherent.

Required visual and biological rules:
• credible anchoring
• coherent support and transport
• functional energy collectors
• reproductive logic
• environment-linked growth
• purpose-built morphology
• maintenance and propagation logic

Production request:
Create propagule, juvenile, mature, reproductive and senescent stages.

Studio-resolved canonical values:
{{canonicalId}}, {{displayName}}, {{scientificName}}, {{originPlanet}}, {{planetType}}, {{biome}}, {{gravity}}, {{atmosphere}}, {{climate}}, {{temperatureRange}}, {{sizeScale}}, {{coloration}}, {{materials}}, {{distinctiveFeatures}}, {{lockedTraits}}, {{rarity}}, {{artDirection}}.

Preserve every locked canonical field exactly. The result must use NOVERIS Scientific Realism: premium AAA science-fiction quality, museum-grade reference presentation, scientifically plausible structure, coherent materials, restrained coloration unless canon requires otherwise, readable silhouette, consistent scale and anatomy or growth across all views, soft neutral studio lighting, pure black background for isolated references, full requested subject visibility, generous negative space, and PSD-friendly extraction. Habitat and biome outputs may use the canonical environment. No baked-in text, labels, watermark, logo, border, or UI.

Create four clearly different but canon-compliant versions. Preserve body plan or growth architecture, structural counts, environmental adaptations, materials, defining features, and locked coloration. Vary only permitted secondary proportions, markings, surface detail, minor ornamentation, natural wear, and pose or growth irregularity.

Recommended aspect ratio: 16:9.","text, labels, watermark, signature, logo, border, frame, UI, HUD, cropped subject, duplicate anatomy, contradictory anatomy, impossible balance, unsupported structures, random wings, random horns, humanoid default, fantasy armor, weapons, cartoon, anime, toy-like materials, excessive neon, excessive glow, oversaturated colors, busy background, motion blur, low resolution, compression artifacts, generic Earth copy, unsupported fantasy styling, traits conflicting with locked canon",1.0.0,canonical
NB2-PLT-PIV-004-NANITE-FLORA-SEASONAL,PLT-PIV-004-NANITE-FLORA,Nanite Flora,seasonal,Seasonal and Stress Variants,16:9,"Create a canonical NOVERIS Nano Banana 2 visual for Nanite Flora: Seasonal and Stress Variants.

Canonical archetype:
A canonical nanite flora designed as a scientifically plausible plant-like or fungal organism whose anchoring, support, transport, energy capture, growth, reproduction, ecology, and environmental adaptations are internally coherent.

Required visual and biological rules:
• credible anchoring
• coherent support and transport
• functional energy collectors
• reproductive logic
• environment-linked growth
• purpose-built morphology
• maintenance and propagation logic

Production request:
Create growth, reproduction, dormancy, damage and recovery.

Studio-resolved canonical values:
{{canonicalId}}, {{displayName}}, {{scientificName}}, {{originPlanet}}, {{planetType}}, {{biome}}, {{gravity}}, {{atmosphere}}, {{climate}}, {{temperatureRange}}, {{sizeScale}}, {{coloration}}, {{materials}}, {{distinctiveFeatures}}, {{lockedTraits}}, {{rarity}}, {{artDirection}}.

Preserve every locked canonical field exactly. The result must use NOVERIS Scientific Realism: premium AAA science-fiction quality, museum-grade reference presentation, scientifically plausible structure, coherent materials, restrained coloration unless canon requires otherwise, readable silhouette, consistent scale and anatomy or growth across all views, soft neutral studio lighting, pure black background for isolated references, full requested subject visibility, generous negative space, and PSD-friendly extraction. Habitat and biome outputs may use the canonical environment. No baked-in text, labels, watermark, logo, border, or UI.

Create four clearly different but canon-compliant versions. Preserve body plan or growth architecture, structural counts, environmental adaptations, materials, defining features, and locked coloration. Vary only permitted secondary proportions, markings, surface detail, minor ornamentation, natural wear, and pose or growth irregularity.

Recommended aspect ratio: 16:9.","text, labels, watermark, signature, logo, border, frame, UI, HUD, cropped subject, duplicate anatomy, contradictory anatomy, impossible balance, unsupported structures, random wings, random horns, humanoid default, fantasy armor, weapons, cartoon, anime, toy-like materials, excessive neon, excessive glow, oversaturated colors, busy background, motion blur, low resolution, compression artifacts, generic Earth copy, unsupported fantasy styling, traits conflicting with locked canon",1.0.0,canonical
NB2-PLT-PIV-004-NANITE-FLORA-HABITAT,PLT-PIV-004-NANITE-FLORA,Nanite Flora,habitat,Native Habitat Composition,16:9,"Create a canonical NOVERIS Nano Banana 2 visual for Nanite Flora: Native Habitat Composition.

Canonical archetype:
A canonical nanite flora designed as a scientifically plausible plant-like or fungal organism whose anchoring, support, transport, energy capture, growth, reproduction, ecology, and environmental adaptations are internally coherent.

Required visual and biological rules:
• credible anchoring
• coherent support and transport
• functional energy collectors
• reproductive logic
• environment-linked growth
• purpose-built morphology
• maintenance and propagation logic

Production request:
Create natural population with spacing and age diversity.

Studio-resolved canonical values:
{{canonicalId}}, {{displayName}}, {{scientificName}}, {{originPlanet}}, {{planetType}}, {{biome}}, {{gravity}}, {{atmosphere}}, {{climate}}, {{temperatureRange}}, {{sizeScale}}, {{coloration}}, {{materials}}, {{distinctiveFeatures}}, {{lockedTraits}}, {{rarity}}, {{artDirection}}.

Preserve every locked canonical field exactly. The result must use NOVERIS Scientific Realism: premium AAA science-fiction quality, museum-grade reference presentation, scientifically plausible structure, coherent materials, restrained coloration unless canon requires otherwise, readable silhouette, consistent scale and anatomy or growth across all views, soft neutral studio lighting, pure black background for isolated references, full requested subject visibility, generous negative space, and PSD-friendly extraction. Habitat and biome outputs may use the canonical environment. No baked-in text, labels, watermark, logo, border, or UI.

Create four clearly different but canon-compliant versions. Preserve body plan or growth architecture, structural counts, environmental adaptations, materials, defining features, and locked coloration. Vary only permitted secondary proportions, markings, surface detail, minor ornamentation, natural wear, and pose or growth irregularity.

Recommended aspect ratio: 16:9.","text, labels, watermark, signature, logo, border, frame, UI, HUD, cropped subject, duplicate anatomy, contradictory anatomy, impossible balance, unsupported structures, random wings, random horns, humanoid default, fantasy armor, weapons, cartoon, anime, toy-like materials, excessive neon, excessive glow, oversaturated colors, busy background, motion blur, low resolution, compression artifacts, generic Earth copy, unsupported fantasy styling, traits conflicting with locked canon",1.0.0,canonical
NB2-PLT-PIV-004-NANITE-FLORA-BIOME,PLT-PIV-004-NANITE-FLORA,Nanite Flora,biome,Biome Composition,16:9,"Create a canonical NOVERIS Nano Banana 2 visual for Nanite Flora: Biome Composition.

Canonical archetype:
A canonical nanite flora designed as a scientifically plausible plant-like or fungal organism whose anchoring, support, transport, energy capture, growth, reproduction, ecology, and environmental adaptations are internally coherent.

Required visual and biological rules:
• credible anchoring
• coherent support and transport
• functional energy collectors
• reproductive logic
• environment-linked growth
• purpose-built morphology
• maintenance and propagation logic

Production request:
Create coordinated vegetation set at consistent scale.

Studio-resolved canonical values:
{{canonicalId}}, {{displayName}}, {{scientificName}}, {{originPlanet}}, {{planetType}}, {{biome}}, {{gravity}}, {{atmosphere}}, {{climate}}, {{temperatureRange}}, {{sizeScale}}, {{coloration}}, {{materials}}, {{distinctiveFeatures}}, {{lockedTraits}}, {{rarity}}, {{artDirection}}.

Preserve every locked canonical field exactly. The result must use NOVERIS Scientific Realism: premium AAA science-fiction quality, museum-grade reference presentation, scientifically plausible structure, coherent materials, restrained coloration unless canon requires otherwise, readable silhouette, consistent scale and anatomy or growth across all views, soft neutral studio lighting, pure black background for isolated references, full requested subject visibility, generous negative space, and PSD-friendly extraction. Habitat and biome outputs may use the canonical environment. No baked-in text, labels, watermark, logo, border, or UI.

Create four clearly different but canon-compliant versions. Preserve body plan or growth architecture, structural counts, environmental adaptations, materials, defining features, and locked coloration. Vary only permitted secondary proportions, markings, surface detail, minor ornamentation, natural wear, and pose or growth irregularity.

Recommended aspect ratio: 16:9.","text, labels, watermark, signature, logo, border, frame, UI, HUD, cropped subject, duplicate anatomy, contradictory anatomy, impossible balance, unsupported structures, random wings, random horns, humanoid default, fantasy armor, weapons, cartoon, anime, toy-like materials, excessive neon, excessive glow, oversaturated colors, busy background, motion blur, low resolution, compression artifacts, generic Earth copy, unsupported fantasy styling, traits conflicting with locked canon",1.0.0,canonical
NB2-PLT-PIV-004-NANITE-FLORA-DISCOVERY,PLT-PIV-004-NANITE-FLORA,Nanite Flora,discovery,Discovery Scan,16:9,"Create a canonical NOVERIS Nano Banana 2 visual for Nanite Flora: Discovery Scan.

Canonical archetype:
A canonical nanite flora designed as a scientifically plausible plant-like or fungal organism whose anchoring, support, transport, energy capture, growth, reproduction, ecology, and environmental adaptations are internally coherent.

Required visual and biological rules:
• credible anchoring
• coherent support and transport
• functional energy collectors
• reproductive logic
• environment-linked growth
• purpose-built morphology
• maintenance and propagation logic

Production request:
Create centered scientific scan source without labels.

Studio-resolved canonical values:
{{canonicalId}}, {{displayName}}, {{scientificName}}, {{originPlanet}}, {{planetType}}, {{biome}}, {{gravity}}, {{atmosphere}}, {{climate}}, {{temperatureRange}}, {{sizeScale}}, {{coloration}}, {{materials}}, {{distinctiveFeatures}}, {{lockedTraits}}, {{rarity}}, {{artDirection}}.

Preserve every locked canonical field exactly. The result must use NOVERIS Scientific Realism: premium AAA science-fiction quality, museum-grade reference presentation, scientifically plausible structure, coherent materials, restrained coloration unless canon requires otherwise, readable silhouette, consistent scale and anatomy or growth across all views, soft neutral studio lighting, pure black background for isolated references, full requested subject visibility, generous negative space, and PSD-friendly extraction. Habitat and biome outputs may use the canonical environment. No baked-in text, labels, watermark, logo, border, or UI.

Create four clearly different but canon-compliant versions. Preserve body plan or growth architecture, structural counts, environmental adaptations, materials, defining features, and locked coloration. Vary only permitted secondary proportions, markings, surface detail, minor ornamentation, natural wear, and pose or growth irregularity.

Recommended aspect ratio: 16:9.","text, labels, watermark, signature, logo, border, frame, UI, HUD, cropped subject, duplicate anatomy, contradictory anatomy, impossible balance, unsupported structures, random wings, random horns, humanoid default, fantasy armor, weapons, cartoon, anime, toy-like materials, excessive neon, excessive glow, oversaturated colors, busy background, motion blur, low resolution, compression artifacts, generic Earth copy, unsupported fantasy styling, traits conflicting with locked canon",1.0.0,canonical
NB2-PLT-PIV-004-NANITE-FLORA-ICON,PLT-PIV-004-NANITE-FLORA,Nanite Flora,icon,UI Icon,1:1,"Create a canonical NOVERIS Nano Banana 2 visual for Nanite Flora: UI Icon.

Canonical archetype:
A canonical nanite flora designed as a scientifically plausible plant-like or fungal organism whose anchoring, support, transport, energy capture, growth, reproduction, ecology, and environmental adaptations are internally coherent.

Required visual and biological rules:
• credible anchoring
• coherent support and transport
• functional energy collectors
• reproductive logic
• environment-linked growth
• purpose-built morphology
• maintenance and propagation logic

Production request:
Create isolated silhouette readable at 64 pixels.

Studio-resolved canonical values:
{{canonicalId}}, {{displayName}}, {{scientificName}}, {{originPlanet}}, {{planetType}}, {{biome}}, {{gravity}}, {{atmosphere}}, {{climate}}, {{temperatureRange}}, {{sizeScale}}, {{coloration}}, {{materials}}, {{distinctiveFeatures}}, {{lockedTraits}}, {{rarity}}, {{artDirection}}.

Preserve every locked canonical field exactly. The result must use NOVERIS Scientific Realism: premium AAA science-fiction quality, museum-grade reference presentation, scientifically plausible structure, coherent materials, restrained coloration unless canon requires otherwise, readable silhouette, consistent scale and anatomy or growth across all views, soft neutral studio lighting, pure black background for isolated references, full requested subject visibility, generous negative space, and PSD-friendly extraction. Habitat and biome outputs may use the canonical environment. No baked-in text, labels, watermark, logo, border, or UI.

Create four clearly different but canon-compliant versions. Preserve body plan or growth architecture, structural counts, environmental adaptations, materials, defining features, and locked coloration. Vary only permitted secondary proportions, markings, surface detail, minor ornamentation, natural wear, and pose or growth irregularity.

Recommended aspect ratio: 1:1.","text, labels, watermark, signature, logo, border, frame, UI, HUD, cropped subject, duplicate anatomy, contradictory anatomy, impossible balance, unsupported structures, random wings, random horns, humanoid default, fantasy armor, weapons, cartoon, anime, toy-like materials, excessive neon, excessive glow, oversaturated colors, busy background, motion blur, low resolution, compression artifacts, generic Earth copy, unsupported fantasy styling, traits conflicting with locked canon",1.0.0,canonical
NB2-PLT-PIV-004-NANITE-FLORA-SCALE,PLT-PIV-004-NANITE-FLORA,Nanite Flora,scale,Scale Comparison,16:9,"Create a canonical NOVERIS Nano Banana 2 visual for Nanite Flora: Scale Comparison.

Canonical archetype:
A canonical nanite flora designed as a scientifically plausible plant-like or fungal organism whose anchoring, support, transport, energy capture, growth, reproduction, ecology, and environmental adaptations are internally coherent.

Required visual and biological rules:
• credible anchoring
• coherent support and transport
• functional energy collectors
• reproductive logic
• environment-linked growth
• purpose-built morphology
• maintenance and propagation logic

Production request:
Create side view with adult human silhouette and one-meter bar.

Studio-resolved canonical values:
{{canonicalId}}, {{displayName}}, {{scientificName}}, {{originPlanet}}, {{planetType}}, {{biome}}, {{gravity}}, {{atmosphere}}, {{climate}}, {{temperatureRange}}, {{sizeScale}}, {{coloration}}, {{materials}}, {{distinctiveFeatures}}, {{lockedTraits}}, {{rarity}}, {{artDirection}}.

Preserve every locked canonical field exactly. The result must use NOVERIS Scientific Realism: premium AAA science-fiction quality, museum-grade reference presentation, scientifically plausible structure, coherent materials, restrained coloration unless canon requires otherwise, readable silhouette, consistent scale and anatomy or growth across all views, soft neutral studio lighting, pure black background for isolated references, full requested subject visibility, generous negative space, and PSD-friendly extraction. Habitat and biome outputs may use the canonical environment. No baked-in text, labels, watermark, logo, border, or UI.

Create four clearly different but canon-compliant versions. Preserve body plan or growth architecture, structural counts, environmental adaptations, materials, defining features, and locked coloration. Vary only permitted secondary proportions, markings, surface detail, minor ornamentation, natural wear, and pose or growth irregularity.

Recommended aspect ratio: 16:9.","text, labels, watermark, signature, logo, border, frame, UI, HUD, cropped subject, duplicate anatomy, contradictory anatomy, impossible balance, unsupported structures, random wings, random horns, humanoid default, fantasy armor, weapons, cartoon, anime, toy-like materials, excessive neon, excessive glow, oversaturated colors, busy background, motion blur, low resolution, compression artifacts, generic Earth copy, unsupported fantasy styling, traits conflicting with locked canon",1.0.0,canonical
NB2-PLT-PIV-004-NANITE-FLORA-PLATE,PLT-PIV-004-NANITE-FLORA,Nanite Flora,plate,Master Botanical Plate,16:9,"Create a canonical NOVERIS Nano Banana 2 visual for Nanite Flora: Master Botanical Plate.

Canonical archetype:
A canonical nanite flora designed as a scientifically plausible plant-like or fungal organism whose anchoring, support, transport, energy capture, growth, reproduction, ecology, and environmental adaptations are internally coherent.

Required visual and biological rules:
• credible anchoring
• coherent support and transport
• functional energy collectors
• reproductive logic
• environment-linked growth
• purpose-built morphology
• maintenance and propagation logic

Production request:
Create whole organism, views, roots, structure, collectors, reproduction, stages, materials and habitat vignette.

Studio-resolved canonical values:
{{canonicalId}}, {{displayName}}, {{scientificName}}, {{originPlanet}}, {{planetType}}, {{biome}}, {{gravity}}, {{atmosphere}}, {{climate}}, {{temperatureRange}}, {{sizeScale}}, {{coloration}}, {{materials}}, {{distinctiveFeatures}}, {{lockedTraits}}, {{rarity}}, {{artDirection}}.

Preserve every locked canonical field exactly. The result must use NOVERIS Scientific Realism: premium AAA science-fiction quality, museum-grade reference presentation, scientifically plausible structure, coherent materials, restrained coloration unless canon requires otherwise, readable silhouette, consistent scale and anatomy or growth across all views, soft neutral studio lighting, pure black background for isolated references, full requested subject visibility, generous negative space, and PSD-friendly extraction. Habitat and biome outputs may use the canonical environment. No baked-in text, labels, watermark, logo, border, or UI.

Create four clearly different but canon-compliant versions. Preserve body plan or growth architecture, structural counts, environmental adaptations, materials, defining features, and locked coloration. Vary only permitted secondary proportions, markings, surface detail, minor ornamentation, natural wear, and pose or growth irregularity.

Recommended aspect ratio: 16:9.","text, labels, watermark, signature, logo, border, frame, UI, HUD, cropped subject, duplicate anatomy, contradictory anatomy, impossible balance, unsupported structures, random wings, random horns, humanoid default, fantasy armor, weapons, cartoon, anime, toy-like materials, excessive neon, excessive glow, oversaturated colors, busy background, motion blur, low resolution, compression artifacts, generic Earth copy, unsupported fantasy styling, traits conflicting with locked canon",1.0.0,canonical
NB2-PLT-PIV-004-NANITE-FLORA-PSD,PLT-PIV-004-NANITE-FLORA,Nanite Flora,psd,PSD Extraction Board,16:9,"Create a canonical NOVERIS Nano Banana 2 visual for Nanite Flora: PSD Extraction Board.

Canonical archetype:
A canonical nanite flora designed as a scientifically plausible plant-like or fungal organism whose anchoring, support, transport, energy capture, growth, reproduction, ecology, and environmental adaptations are internally coherent.

Required visual and biological rules:
• credible anchoring
• coherent support and transport
• functional energy collectors
• reproductive logic
• environment-linked growth
• purpose-built morphology
• maintenance and propagation logic

Production request:
Create isolated whole organism, parts, silhouette and material references.

Studio-resolved canonical values:
{{canonicalId}}, {{displayName}}, {{scientificName}}, {{originPlanet}}, {{planetType}}, {{biome}}, {{gravity}}, {{atmosphere}}, {{climate}}, {{temperatureRange}}, {{sizeScale}}, {{coloration}}, {{materials}}, {{distinctiveFeatures}}, {{lockedTraits}}, {{rarity}}, {{artDirection}}.

Preserve every locked canonical field exactly. The result must use NOVERIS Scientific Realism: premium AAA science-fiction quality, museum-grade reference presentation, scientifically plausible structure, coherent materials, restrained coloration unless canon requires otherwise, readable silhouette, consistent scale and anatomy or growth across all views, soft neutral studio lighting, pure black background for isolated references, full requested subject visibility, generous negative space, and PSD-friendly extraction. Habitat and biome outputs may use the canonical environment. No baked-in text, labels, watermark, logo, border, or UI.

Create four clearly different but canon-compliant versions. Preserve body plan or growth architecture, structural counts, environmental adaptations, materials, defining features, and locked coloration. Vary only permitted secondary proportions, markings, surface detail, minor ornamentation, natural wear, and pose or growth irregularity.

Recommended aspect ratio: 16:9.","text, labels, watermark, signature, logo, border, frame, UI, HUD, cropped subject, duplicate anatomy, contradictory anatomy, impossible balance, unsupported structures, random wings, random horns, humanoid default, fantasy armor, weapons, cartoon, anime, toy-like materials, excessive neon, excessive glow, oversaturated colors, busy background, motion blur, low resolution, compression artifacts, generic Earth copy, unsupported fantasy styling, traits conflicting with locked canon",1.0.0,canonical
NB2-PLT-PIV-005-ENGINEERED-CROP-WHOLE-PLANT,PLT-PIV-005-ENGINEERED-CROP,Engineered Crop,whole-plant,Whole Plant Production Render,3:4,"Create a canonical NOVERIS Nano Banana 2 visual for Engineered Crop: Whole Plant Production Render.

Canonical archetype:
A canonical engineered crop designed as a scientifically plausible plant-like or fungal organism whose anchoring, support, transport, energy capture, growth, reproduction, ecology, and environmental adaptations are internally coherent.

Required visual and biological rules:
• credible anchoring
• coherent support and transport
• functional energy collectors
• reproductive logic
• environment-linked growth
• purpose-built morphology
• maintenance and propagation logic

Production request:
Create complete mature organism including roots or anchor system.

Studio-resolved canonical values:
{{canonicalId}}, {{displayName}}, {{scientificName}}, {{originPlanet}}, {{planetType}}, {{biome}}, {{gravity}}, {{atmosphere}}, {{climate}}, {{temperatureRange}}, {{sizeScale}}, {{coloration}}, {{materials}}, {{distinctiveFeatures}}, {{lockedTraits}}, {{rarity}}, {{artDirection}}.

Preserve every locked canonical field exactly. The result must use NOVERIS Scientific Realism: premium AAA science-fiction quality, museum-grade reference presentation, scientifically plausible structure, coherent materials, restrained coloration unless canon requires otherwise, readable silhouette, consistent scale and anatomy or growth across all views, soft neutral studio lighting, pure black background for isolated references, full requested subject visibility, generous negative space, and PSD-friendly extraction. Habitat and biome outputs may use the canonical environment. No baked-in text, labels, watermark, logo, border, or UI.

Create four clearly different but canon-compliant versions. Preserve body plan or growth architecture, structural counts, environmental adaptations, materials, defining features, and locked coloration. Vary only permitted secondary proportions, markings, surface detail, minor ornamentation, natural wear, and pose or growth irregularity.

Recommended aspect ratio: 3:4.","text, labels, watermark, signature, logo, border, frame, UI, HUD, cropped subject, duplicate anatomy, contradictory anatomy, impossible balance, unsupported structures, random wings, random horns, humanoid default, fantasy armor, weapons, cartoon, anime, toy-like materials, excessive neon, excessive glow, oversaturated colors, busy background, motion blur, low resolution, compression artifacts, generic Earth copy, unsupported fantasy styling, traits conflicting with locked canon",1.0.0,canonical
NB2-PLT-PIV-005-ENGINEERED-CROP-PORTRAIT,PLT-PIV-005-ENGINEERED-CROP,Engineered Crop,portrait,Botanical Portrait,1:1,"Create a canonical NOVERIS Nano Banana 2 visual for Engineered Crop: Botanical Portrait.

Canonical archetype:
A canonical engineered crop designed as a scientifically plausible plant-like or fungal organism whose anchoring, support, transport, energy capture, growth, reproduction, ecology, and environmental adaptations are internally coherent.

Required visual and biological rules:
• credible anchoring
• coherent support and transport
• functional energy collectors
• reproductive logic
• environment-linked growth
• purpose-built morphology
• maintenance and propagation logic

Production request:
Create defining growth form, foliage, collectors and reproduction.

Studio-resolved canonical values:
{{canonicalId}}, {{displayName}}, {{scientificName}}, {{originPlanet}}, {{planetType}}, {{biome}}, {{gravity}}, {{atmosphere}}, {{climate}}, {{temperatureRange}}, {{sizeScale}}, {{coloration}}, {{materials}}, {{distinctiveFeatures}}, {{lockedTraits}}, {{rarity}}, {{artDirection}}.

Preserve every locked canonical field exactly. The result must use NOVERIS Scientific Realism: premium AAA science-fiction quality, museum-grade reference presentation, scientifically plausible structure, coherent materials, restrained coloration unless canon requires otherwise, readable silhouette, consistent scale and anatomy or growth across all views, soft neutral studio lighting, pure black background for isolated references, full requested subject visibility, generous negative space, and PSD-friendly extraction. Habitat and biome outputs may use the canonical environment. No baked-in text, labels, watermark, logo, border, or UI.

Create four clearly different but canon-compliant versions. Preserve body plan or growth architecture, structural counts, environmental adaptations, materials, defining features, and locked coloration. Vary only permitted secondary proportions, markings, surface detail, minor ornamentation, natural wear, and pose or growth irregularity.

Recommended aspect ratio: 1:1.","text, labels, watermark, signature, logo, border, frame, UI, HUD, cropped subject, duplicate anatomy, contradictory anatomy, impossible balance, unsupported structures, random wings, random horns, humanoid default, fantasy armor, weapons, cartoon, anime, toy-like materials, excessive neon, excessive glow, oversaturated colors, busy background, motion blur, low resolution, compression artifacts, generic Earth copy, unsupported fantasy styling, traits conflicting with locked canon",1.0.0,canonical
NB2-PLT-PIV-005-ENGINEERED-CROP-ORTHO-FRONT,PLT-PIV-005-ENGINEERED-CROP,Engineered Crop,ortho-front,Orthographic Front,3:4,"Create a canonical NOVERIS Nano Banana 2 visual for Engineered Crop: Orthographic Front.

Canonical archetype:
A canonical engineered crop designed as a scientifically plausible plant-like or fungal organism whose anchoring, support, transport, energy capture, growth, reproduction, ecology, and environmental adaptations are internally coherent.

Required visual and biological rules:
• credible anchoring
• coherent support and transport
• functional energy collectors
• reproductive logic
• environment-linked growth
• purpose-built morphology
• maintenance and propagation logic

Production request:
Create exact front orthographic view.

Studio-resolved canonical values:
{{canonicalId}}, {{displayName}}, {{scientificName}}, {{originPlanet}}, {{planetType}}, {{biome}}, {{gravity}}, {{atmosphere}}, {{climate}}, {{temperatureRange}}, {{sizeScale}}, {{coloration}}, {{materials}}, {{distinctiveFeatures}}, {{lockedTraits}}, {{rarity}}, {{artDirection}}.

Preserve every locked canonical field exactly. The result must use NOVERIS Scientific Realism: premium AAA science-fiction quality, museum-grade reference presentation, scientifically plausible structure, coherent materials, restrained coloration unless canon requires otherwise, readable silhouette, consistent scale and anatomy or growth across all views, soft neutral studio lighting, pure black background for isolated references, full requested subject visibility, generous negative space, and PSD-friendly extraction. Habitat and biome outputs may use the canonical environment. No baked-in text, labels, watermark, logo, border, or UI.

Create four clearly different but canon-compliant versions. Preserve body plan or growth architecture, structural counts, environmental adaptations, materials, defining features, and locked coloration. Vary only permitted secondary proportions, markings, surface detail, minor ornamentation, natural wear, and pose or growth irregularity.

Recommended aspect ratio: 3:4.","text, labels, watermark, signature, logo, border, frame, UI, HUD, cropped subject, duplicate anatomy, contradictory anatomy, impossible balance, unsupported structures, random wings, random horns, humanoid default, fantasy armor, weapons, cartoon, anime, toy-like materials, excessive neon, excessive glow, oversaturated colors, busy background, motion blur, low resolution, compression artifacts, generic Earth copy, unsupported fantasy styling, traits conflicting with locked canon",1.0.0,canonical
NB2-PLT-PIV-005-ENGINEERED-CROP-ORTHO-SIDE,PLT-PIV-005-ENGINEERED-CROP,Engineered Crop,ortho-side,Orthographic Side,3:4,"Create a canonical NOVERIS Nano Banana 2 visual for Engineered Crop: Orthographic Side.

Canonical archetype:
A canonical engineered crop designed as a scientifically plausible plant-like or fungal organism whose anchoring, support, transport, energy capture, growth, reproduction, ecology, and environmental adaptations are internally coherent.

Required visual and biological rules:
• credible anchoring
• coherent support and transport
• functional energy collectors
• reproductive logic
• environment-linked growth
• purpose-built morphology
• maintenance and propagation logic

Production request:
Create exact side orthographic view.

Studio-resolved canonical values:
{{canonicalId}}, {{displayName}}, {{scientificName}}, {{originPlanet}}, {{planetType}}, {{biome}}, {{gravity}}, {{atmosphere}}, {{climate}}, {{temperatureRange}}, {{sizeScale}}, {{coloration}}, {{materials}}, {{distinctiveFeatures}}, {{lockedTraits}}, {{rarity}}, {{artDirection}}.

Preserve every locked canonical field exactly. The result must use NOVERIS Scientific Realism: premium AAA science-fiction quality, museum-grade reference presentation, scientifically plausible structure, coherent materials, restrained coloration unless canon requires otherwise, readable silhouette, consistent scale and anatomy or growth across all views, soft neutral studio lighting, pure black background for isolated references, full requested subject visibility, generous negative space, and PSD-friendly extraction. Habitat and biome outputs may use the canonical environment. No baked-in text, labels, watermark, logo, border, or UI.

Create four clearly different but canon-compliant versions. Preserve body plan or growth architecture, structural counts, environmental adaptations, materials, defining features, and locked coloration. Vary only permitted secondary proportions, markings, surface detail, minor ornamentation, natural wear, and pose or growth irregularity.

Recommended aspect ratio: 3:4.","text, labels, watermark, signature, logo, border, frame, UI, HUD, cropped subject, duplicate anatomy, contradictory anatomy, impossible balance, unsupported structures, random wings, random horns, humanoid default, fantasy armor, weapons, cartoon, anime, toy-like materials, excessive neon, excessive glow, oversaturated colors, busy background, motion blur, low resolution, compression artifacts, generic Earth copy, unsupported fantasy styling, traits conflicting with locked canon",1.0.0,canonical
NB2-PLT-PIV-005-ENGINEERED-CROP-ORTHO-TOP,PLT-PIV-005-ENGINEERED-CROP,Engineered Crop,ortho-top,Orthographic Top,1:1,"Create a canonical NOVERIS Nano Banana 2 visual for Engineered Crop: Orthographic Top.

Canonical archetype:
A canonical engineered crop designed as a scientifically plausible plant-like or fungal organism whose anchoring, support, transport, energy capture, growth, reproduction, ecology, and environmental adaptations are internally coherent.

Required visual and biological rules:
• credible anchoring
• coherent support and transport
• functional energy collectors
• reproductive logic
• environment-linked growth
• purpose-built morphology
• maintenance and propagation logic

Production request:
Create exact top view showing spread and growth geometry.

Studio-resolved canonical values:
{{canonicalId}}, {{displayName}}, {{scientificName}}, {{originPlanet}}, {{planetType}}, {{biome}}, {{gravity}}, {{atmosphere}}, {{climate}}, {{temperatureRange}}, {{sizeScale}}, {{coloration}}, {{materials}}, {{distinctiveFeatures}}, {{lockedTraits}}, {{rarity}}, {{artDirection}}.

Preserve every locked canonical field exactly. The result must use NOVERIS Scientific Realism: premium AAA science-fiction quality, museum-grade reference presentation, scientifically plausible structure, coherent materials, restrained coloration unless canon requires otherwise, readable silhouette, consistent scale and anatomy or growth across all views, soft neutral studio lighting, pure black background for isolated references, full requested subject visibility, generous negative space, and PSD-friendly extraction. Habitat and biome outputs may use the canonical environment. No baked-in text, labels, watermark, logo, border, or UI.

Create four clearly different but canon-compliant versions. Preserve body plan or growth architecture, structural counts, environmental adaptations, materials, defining features, and locked coloration. Vary only permitted secondary proportions, markings, surface detail, minor ornamentation, natural wear, and pose or growth irregularity.

Recommended aspect ratio: 1:1.","text, labels, watermark, signature, logo, border, frame, UI, HUD, cropped subject, duplicate anatomy, contradictory anatomy, impossible balance, unsupported structures, random wings, random horns, humanoid default, fantasy armor, weapons, cartoon, anime, toy-like materials, excessive neon, excessive glow, oversaturated colors, busy background, motion blur, low resolution, compression artifacts, generic Earth copy, unsupported fantasy styling, traits conflicting with locked canon",1.0.0,canonical
NB2-PLT-PIV-005-ENGINEERED-CROP-ROOTS,PLT-PIV-005-ENGINEERED-CROP,Engineered Crop,roots,Root or Anchor System,16:9,"Create a canonical NOVERIS Nano Banana 2 visual for Engineered Crop: Root or Anchor System.

Canonical archetype:
A canonical engineered crop designed as a scientifically plausible plant-like or fungal organism whose anchoring, support, transport, energy capture, growth, reproduction, ecology, and environmental adaptations are internally coherent.

Required visual and biological rules:
• credible anchoring
• coherent support and transport
• functional energy collectors
• reproductive logic
• environment-linked growth
• purpose-built morphology
• maintenance and propagation logic

Production request:
Create complete substrate interface and nutrient exchange structures.

Studio-resolved canonical values:
{{canonicalId}}, {{displayName}}, {{scientificName}}, {{originPlanet}}, {{planetType}}, {{biome}}, {{gravity}}, {{atmosphere}}, {{climate}}, {{temperatureRange}}, {{sizeScale}}, {{coloration}}, {{materials}}, {{distinctiveFeatures}}, {{lockedTraits}}, {{rarity}}, {{artDirection}}.

Preserve every locked canonical field exactly. The result must use NOVERIS Scientific Realism: premium AAA science-fiction quality, museum-grade reference presentation, scientifically plausible structure, coherent materials, restrained coloration unless canon requires otherwise, readable silhouette, consistent scale and anatomy or growth across all views, soft neutral studio lighting, pure black background for isolated references, full requested subject visibility, generous negative space, and PSD-friendly extraction. Habitat and biome outputs may use the canonical environment. No baked-in text, labels, watermark, logo, border, or UI.

Create four clearly different but canon-compliant versions. Preserve body plan or growth architecture, structural counts, environmental adaptations, materials, defining features, and locked coloration. Vary only permitted secondary proportions, markings, surface detail, minor ornamentation, natural wear, and pose or growth irregularity.

Recommended aspect ratio: 16:9.","text, labels, watermark, signature, logo, border, frame, UI, HUD, cropped subject, duplicate anatomy, contradictory anatomy, impossible balance, unsupported structures, random wings, random horns, humanoid default, fantasy armor, weapons, cartoon, anime, toy-like materials, excessive neon, excessive glow, oversaturated colors, busy background, motion blur, low resolution, compression artifacts, generic Earth copy, unsupported fantasy styling, traits conflicting with locked canon",1.0.0,canonical
NB2-PLT-PIV-005-ENGINEERED-CROP-STEMS,PLT-PIV-005-ENGINEERED-CROP,Engineered Crop,stems,"Stem, Trunk or Structural Study",16:9,"Create a canonical NOVERIS Nano Banana 2 visual for Engineered Crop: Stem, Trunk or Structural Study.

Canonical archetype:
A canonical engineered crop designed as a scientifically plausible plant-like or fungal organism whose anchoring, support, transport, energy capture, growth, reproduction, ecology, and environmental adaptations are internally coherent.

Required visual and biological rules:
• credible anchoring
• coherent support and transport
• functional energy collectors
• reproductive logic
• environment-linked growth
• purpose-built morphology
• maintenance and propagation logic

Production request:
Create support and transport architecture.

Studio-resolved canonical values:
{{canonicalId}}, {{displayName}}, {{scientificName}}, {{originPlanet}}, {{planetType}}, {{biome}}, {{gravity}}, {{atmosphere}}, {{climate}}, {{temperatureRange}}, {{sizeScale}}, {{coloration}}, {{materials}}, {{distinctiveFeatures}}, {{lockedTraits}}, {{rarity}}, {{artDirection}}.

Preserve every locked canonical field exactly. The result must use NOVERIS Scientific Realism: premium AAA science-fiction quality, museum-grade reference presentation, scientifically plausible structure, coherent materials, restrained coloration unless canon requires otherwise, readable silhouette, consistent scale and anatomy or growth across all views, soft neutral studio lighting, pure black background for isolated references, full requested subject visibility, generous negative space, and PSD-friendly extraction. Habitat and biome outputs may use the canonical environment. No baked-in text, labels, watermark, logo, border, or UI.

Create four clearly different but canon-compliant versions. Preserve body plan or growth architecture, structural counts, environmental adaptations, materials, defining features, and locked coloration. Vary only permitted secondary proportions, markings, surface detail, minor ornamentation, natural wear, and pose or growth irregularity.

Recommended aspect ratio: 16:9.","text, labels, watermark, signature, logo, border, frame, UI, HUD, cropped subject, duplicate anatomy, contradictory anatomy, impossible balance, unsupported structures, random wings, random horns, humanoid default, fantasy armor, weapons, cartoon, anime, toy-like materials, excessive neon, excessive glow, oversaturated colors, busy background, motion blur, low resolution, compression artifacts, generic Earth copy, unsupported fantasy styling, traits conflicting with locked canon",1.0.0,canonical
NB2-PLT-PIV-005-ENGINEERED-CROP-COLLECTORS,PLT-PIV-005-ENGINEERED-CROP,Engineered Crop,collectors,Leaves or Collector Study,16:9,"Create a canonical NOVERIS Nano Banana 2 visual for Engineered Crop: Leaves or Collector Study.

Canonical archetype:
A canonical engineered crop designed as a scientifically plausible plant-like or fungal organism whose anchoring, support, transport, energy capture, growth, reproduction, ecology, and environmental adaptations are internally coherent.

Required visual and biological rules:
• credible anchoring
• coherent support and transport
• functional energy collectors
• reproductive logic
• environment-linked growth
• purpose-built morphology
• maintenance and propagation logic

Production request:
Create front, back, edge, juvenile, mature and stressed states.

Studio-resolved canonical values:
{{canonicalId}}, {{displayName}}, {{scientificName}}, {{originPlanet}}, {{planetType}}, {{biome}}, {{gravity}}, {{atmosphere}}, {{climate}}, {{temperatureRange}}, {{sizeScale}}, {{coloration}}, {{materials}}, {{distinctiveFeatures}}, {{lockedTraits}}, {{rarity}}, {{artDirection}}.

Preserve every locked canonical field exactly. The result must use NOVERIS Scientific Realism: premium AAA science-fiction quality, museum-grade reference presentation, scientifically plausible structure, coherent materials, restrained coloration unless canon requires otherwise, readable silhouette, consistent scale and anatomy or growth across all views, soft neutral studio lighting, pure black background for isolated references, full requested subject visibility, generous negative space, and PSD-friendly extraction. Habitat and biome outputs may use the canonical environment. No baked-in text, labels, watermark, logo, border, or UI.

Create four clearly different but canon-compliant versions. Preserve body plan or growth architecture, structural counts, environmental adaptations, materials, defining features, and locked coloration. Vary only permitted secondary proportions, markings, surface detail, minor ornamentation, natural wear, and pose or growth irregularity.

Recommended aspect ratio: 16:9.","text, labels, watermark, signature, logo, border, frame, UI, HUD, cropped subject, duplicate anatomy, contradictory anatomy, impossible balance, unsupported structures, random wings, random horns, humanoid default, fantasy armor, weapons, cartoon, anime, toy-like materials, excessive neon, excessive glow, oversaturated colors, busy background, motion blur, low resolution, compression artifacts, generic Earth copy, unsupported fantasy styling, traits conflicting with locked canon",1.0.0,canonical
NB2-PLT-PIV-005-ENGINEERED-CROP-REPRODUCTION,PLT-PIV-005-ENGINEERED-CROP,Engineered Crop,reproduction,Reproductive Structure,16:9,"Create a canonical NOVERIS Nano Banana 2 visual for Engineered Crop: Reproductive Structure.

Canonical archetype:
A canonical engineered crop designed as a scientifically plausible plant-like or fungal organism whose anchoring, support, transport, energy capture, growth, reproduction, ecology, and environmental adaptations are internally coherent.

Required visual and biological rules:
• credible anchoring
• coherent support and transport
• functional energy collectors
• reproductive logic
• environment-linked growth
• purpose-built morphology
• maintenance and propagation logic

Production request:
Create flowers, cones, spores, fields or equivalent stages.

Studio-resolved canonical values:
{{canonicalId}}, {{displayName}}, {{scientificName}}, {{originPlanet}}, {{planetType}}, {{biome}}, {{gravity}}, {{atmosphere}}, {{climate}}, {{temperatureRange}}, {{sizeScale}}, {{coloration}}, {{materials}}, {{distinctiveFeatures}}, {{lockedTraits}}, {{rarity}}, {{artDirection}}.

Preserve every locked canonical field exactly. The result must use NOVERIS Scientific Realism: premium AAA science-fiction quality, museum-grade reference presentation, scientifically plausible structure, coherent materials, restrained coloration unless canon requires otherwise, readable silhouette, consistent scale and anatomy or growth across all views, soft neutral studio lighting, pure black background for isolated references, full requested subject visibility, generous negative space, and PSD-friendly extraction. Habitat and biome outputs may use the canonical environment. No baked-in text, labels, watermark, logo, border, or UI.

Create four clearly different but canon-compliant versions. Preserve body plan or growth architecture, structural counts, environmental adaptations, materials, defining features, and locked coloration. Vary only permitted secondary proportions, markings, surface detail, minor ornamentation, natural wear, and pose or growth irregularity.

Recommended aspect ratio: 16:9.","text, labels, watermark, signature, logo, border, frame, UI, HUD, cropped subject, duplicate anatomy, contradictory anatomy, impossible balance, unsupported structures, random wings, random horns, humanoid default, fantasy armor, weapons, cartoon, anime, toy-like materials, excessive neon, excessive glow, oversaturated colors, busy background, motion blur, low resolution, compression artifacts, generic Earth copy, unsupported fantasy styling, traits conflicting with locked canon",1.0.0,canonical
NB2-PLT-PIV-005-ENGINEERED-CROP-PROPAGULES,PLT-PIV-005-ENGINEERED-CROP,Engineered Crop,propagules,"Seed, Spore or Propagule Study",16:9,"Create a canonical NOVERIS Nano Banana 2 visual for Engineered Crop: Seed, Spore or Propagule Study.

Canonical archetype:
A canonical engineered crop designed as a scientifically plausible plant-like or fungal organism whose anchoring, support, transport, energy capture, growth, reproduction, ecology, and environmental adaptations are internally coherent.

Required visual and biological rules:
• credible anchoring
• coherent support and transport
• functional energy collectors
• reproductive logic
• environment-linked growth
• purpose-built morphology
• maintenance and propagation logic

Production request:
Create dispersal, germination and early establishment.

Studio-resolved canonical values:
{{canonicalId}}, {{displayName}}, {{scientificName}}, {{originPlanet}}, {{planetType}}, {{biome}}, {{gravity}}, {{atmosphere}}, {{climate}}, {{temperatureRange}}, {{sizeScale}}, {{coloration}}, {{materials}}, {{distinctiveFeatures}}, {{lockedTraits}}, {{rarity}}, {{artDirection}}.

Preserve every locked canonical field exactly. The result must use NOVERIS Scientific Realism: premium AAA science-fiction quality, museum-grade reference presentation, scientifically plausible structure, coherent materials, restrained coloration unless canon requires otherwise, readable silhouette, consistent scale and anatomy or growth across all views, soft neutral studio lighting, pure black background for isolated references, full requested subject visibility, generous negative space, and PSD-friendly extraction. Habitat and biome outputs may use the canonical environment. No baked-in text, labels, watermark, logo, border, or UI.

Create four clearly different but canon-compliant versions. Preserve body plan or growth architecture, structural counts, environmental adaptations, materials, defining features, and locked coloration. Vary only permitted secondary proportions, markings, surface detail, minor ornamentation, natural wear, and pose or growth irregularity.

Recommended aspect ratio: 16:9.","text, labels, watermark, signature, logo, border, frame, UI, HUD, cropped subject, duplicate anatomy, contradictory anatomy, impossible balance, unsupported structures, random wings, random horns, humanoid default, fantasy armor, weapons, cartoon, anime, toy-like materials, excessive neon, excessive glow, oversaturated colors, busy background, motion blur, low resolution, compression artifacts, generic Earth copy, unsupported fantasy styling, traits conflicting with locked canon",1.0.0,canonical
NB2-PLT-PIV-005-ENGINEERED-CROP-CROSS-SECTION,PLT-PIV-005-ENGINEERED-CROP,Engineered Crop,cross-section,Internal Cross Section,16:9,"Create a canonical NOVERIS Nano Banana 2 visual for Engineered Crop: Internal Cross Section.

Canonical archetype:
A canonical engineered crop designed as a scientifically plausible plant-like or fungal organism whose anchoring, support, transport, energy capture, growth, reproduction, ecology, and environmental adaptations are internally coherent.

Required visual and biological rules:
• credible anchoring
• coherent support and transport
• functional energy collectors
• reproductive logic
• environment-linked growth
• purpose-built morphology
• maintenance and propagation logic

Production request:
Create protection, transport, support, storage and reproduction.

Studio-resolved canonical values:
{{canonicalId}}, {{displayName}}, {{scientificName}}, {{originPlanet}}, {{planetType}}, {{biome}}, {{gravity}}, {{atmosphere}}, {{climate}}, {{temperatureRange}}, {{sizeScale}}, {{coloration}}, {{materials}}, {{distinctiveFeatures}}, {{lockedTraits}}, {{rarity}}, {{artDirection}}.

Preserve every locked canonical field exactly. The result must use NOVERIS Scientific Realism: premium AAA science-fiction quality, museum-grade reference presentation, scientifically plausible structure, coherent materials, restrained coloration unless canon requires otherwise, readable silhouette, consistent scale and anatomy or growth across all views, soft neutral studio lighting, pure black background for isolated references, full requested subject visibility, generous negative space, and PSD-friendly extraction. Habitat and biome outputs may use the canonical environment. No baked-in text, labels, watermark, logo, border, or UI.

Create four clearly different but canon-compliant versions. Preserve body plan or growth architecture, structural counts, environmental adaptations, materials, defining features, and locked coloration. Vary only permitted secondary proportions, markings, surface detail, minor ornamentation, natural wear, and pose or growth irregularity.

Recommended aspect ratio: 16:9.","text, labels, watermark, signature, logo, border, frame, UI, HUD, cropped subject, duplicate anatomy, contradictory anatomy, impossible balance, unsupported structures, random wings, random horns, humanoid default, fantasy armor, weapons, cartoon, anime, toy-like materials, excessive neon, excessive glow, oversaturated colors, busy background, motion blur, low resolution, compression artifacts, generic Earth copy, unsupported fantasy styling, traits conflicting with locked canon",1.0.0,canonical
NB2-PLT-PIV-005-ENGINEERED-CROP-GROWTH,PLT-PIV-005-ENGINEERED-CROP,Engineered Crop,growth,Growth Stages,16:9,"Create a canonical NOVERIS Nano Banana 2 visual for Engineered Crop: Growth Stages.

Canonical archetype:
A canonical engineered crop designed as a scientifically plausible plant-like or fungal organism whose anchoring, support, transport, energy capture, growth, reproduction, ecology, and environmental adaptations are internally coherent.

Required visual and biological rules:
• credible anchoring
• coherent support and transport
• functional energy collectors
• reproductive logic
• environment-linked growth
• purpose-built morphology
• maintenance and propagation logic

Production request:
Create propagule, juvenile, mature, reproductive and senescent stages.

Studio-resolved canonical values:
{{canonicalId}}, {{displayName}}, {{scientificName}}, {{originPlanet}}, {{planetType}}, {{biome}}, {{gravity}}, {{atmosphere}}, {{climate}}, {{temperatureRange}}, {{sizeScale}}, {{coloration}}, {{materials}}, {{distinctiveFeatures}}, {{lockedTraits}}, {{rarity}}, {{artDirection}}.

Preserve every locked canonical field exactly. The result must use NOVERIS Scientific Realism: premium AAA science-fiction quality, museum-grade reference presentation, scientifically plausible structure, coherent materials, restrained coloration unless canon requires otherwise, readable silhouette, consistent scale and anatomy or growth across all views, soft neutral studio lighting, pure black background for isolated references, full requested subject visibility, generous negative space, and PSD-friendly extraction. Habitat and biome outputs may use the canonical environment. No baked-in text, labels, watermark, logo, border, or UI.

Create four clearly different but canon-compliant versions. Preserve body plan or growth architecture, structural counts, environmental adaptations, materials, defining features, and locked coloration. Vary only permitted secondary proportions, markings, surface detail, minor ornamentation, natural wear, and pose or growth irregularity.

Recommended aspect ratio: 16:9.","text, labels, watermark, signature, logo, border, frame, UI, HUD, cropped subject, duplicate anatomy, contradictory anatomy, impossible balance, unsupported structures, random wings, random horns, humanoid default, fantasy armor, weapons, cartoon, anime, toy-like materials, excessive neon, excessive glow, oversaturated colors, busy background, motion blur, low resolution, compression artifacts, generic Earth copy, unsupported fantasy styling, traits conflicting with locked canon",1.0.0,canonical
NB2-PLT-PIV-005-ENGINEERED-CROP-SEASONAL,PLT-PIV-005-ENGINEERED-CROP,Engineered Crop,seasonal,Seasonal and Stress Variants,16:9,"Create a canonical NOVERIS Nano Banana 2 visual for Engineered Crop: Seasonal and Stress Variants.

Canonical archetype:
A canonical engineered crop designed as a scientifically plausible plant-like or fungal organism whose anchoring, support, transport, energy capture, growth, reproduction, ecology, and environmental adaptations are internally coherent.

Required visual and biological rules:
• credible anchoring
• coherent support and transport
• functional energy collectors
• reproductive logic
• environment-linked growth
• purpose-built morphology
• maintenance and propagation logic

Production request:
Create growth, reproduction, dormancy, damage and recovery.

Studio-resolved canonical values:
{{canonicalId}}, {{displayName}}, {{scientificName}}, {{originPlanet}}, {{planetType}}, {{biome}}, {{gravity}}, {{atmosphere}}, {{climate}}, {{temperatureRange}}, {{sizeScale}}, {{coloration}}, {{materials}}, {{distinctiveFeatures}}, {{lockedTraits}}, {{rarity}}, {{artDirection}}.

Preserve every locked canonical field exactly. The result must use NOVERIS Scientific Realism: premium AAA science-fiction quality, museum-grade reference presentation, scientifically plausible structure, coherent materials, restrained coloration unless canon requires otherwise, readable silhouette, consistent scale and anatomy or growth across all views, soft neutral studio lighting, pure black background for isolated references, full requested subject visibility, generous negative space, and PSD-friendly extraction. Habitat and biome outputs may use the canonical environment. No baked-in text, labels, watermark, logo, border, or UI.

Create four clearly different but canon-compliant versions. Preserve body plan or growth architecture, structural counts, environmental adaptations, materials, defining features, and locked coloration. Vary only permitted secondary proportions, markings, surface detail, minor ornamentation, natural wear, and pose or growth irregularity.

Recommended aspect ratio: 16:9.","text, labels, watermark, signature, logo, border, frame, UI, HUD, cropped subject, duplicate anatomy, contradictory anatomy, impossible balance, unsupported structures, random wings, random horns, humanoid default, fantasy armor, weapons, cartoon, anime, toy-like materials, excessive neon, excessive glow, oversaturated colors, busy background, motion blur, low resolution, compression artifacts, generic Earth copy, unsupported fantasy styling, traits conflicting with locked canon",1.0.0,canonical
NB2-PLT-PIV-005-ENGINEERED-CROP-HABITAT,PLT-PIV-005-ENGINEERED-CROP,Engineered Crop,habitat,Native Habitat Composition,16:9,"Create a canonical NOVERIS Nano Banana 2 visual for Engineered Crop: Native Habitat Composition.

Canonical archetype:
A canonical engineered crop designed as a scientifically plausible plant-like or fungal organism whose anchoring, support, transport, energy capture, growth, reproduction, ecology, and environmental adaptations are internally coherent.

Required visual and biological rules:
• credible anchoring
• coherent support and transport
• functional energy collectors
• reproductive logic
• environment-linked growth
• purpose-built morphology
• maintenance and propagation logic

Production request:
Create natural population with spacing and age diversity.

Studio-resolved canonical values:
{{canonicalId}}, {{displayName}}, {{scientificName}}, {{originPlanet}}, {{planetType}}, {{biome}}, {{gravity}}, {{atmosphere}}, {{climate}}, {{temperatureRange}}, {{sizeScale}}, {{coloration}}, {{materials}}, {{distinctiveFeatures}}, {{lockedTraits}}, {{rarity}}, {{artDirection}}.

Preserve every locked canonical field exactly. The result must use NOVERIS Scientific Realism: premium AAA science-fiction quality, museum-grade reference presentation, scientifically plausible structure, coherent materials, restrained coloration unless canon requires otherwise, readable silhouette, consistent scale and anatomy or growth across all views, soft neutral studio lighting, pure black background for isolated references, full requested subject visibility, generous negative space, and PSD-friendly extraction. Habitat and biome outputs may use the canonical environment. No baked-in text, labels, watermark, logo, border, or UI.

Create four clearly different but canon-compliant versions. Preserve body plan or growth architecture, structural counts, environmental adaptations, materials, defining features, and locked coloration. Vary only permitted secondary proportions, markings, surface detail, minor ornamentation, natural wear, and pose or growth irregularity.

Recommended aspect ratio: 16:9.","text, labels, watermark, signature, logo, border, frame, UI, HUD, cropped subject, duplicate anatomy, contradictory anatomy, impossible balance, unsupported structures, random wings, random horns, humanoid default, fantasy armor, weapons, cartoon, anime, toy-like materials, excessive neon, excessive glow, oversaturated colors, busy background, motion blur, low resolution, compression artifacts, generic Earth copy, unsupported fantasy styling, traits conflicting with locked canon",1.0.0,canonical
NB2-PLT-PIV-005-ENGINEERED-CROP-BIOME,PLT-PIV-005-ENGINEERED-CROP,Engineered Crop,biome,Biome Composition,16:9,"Create a canonical NOVERIS Nano Banana 2 visual for Engineered Crop: Biome Composition.

Canonical archetype:
A canonical engineered crop designed as a scientifically plausible plant-like or fungal organism whose anchoring, support, transport, energy capture, growth, reproduction, ecology, and environmental adaptations are internally coherent.

Required visual and biological rules:
• credible anchoring
• coherent support and transport
• functional energy collectors
• reproductive logic
• environment-linked growth
• purpose-built morphology
• maintenance and propagation logic

Production request:
Create coordinated vegetation set at consistent scale.

Studio-resolved canonical values:
{{canonicalId}}, {{displayName}}, {{scientificName}}, {{originPlanet}}, {{planetType}}, {{biome}}, {{gravity}}, {{atmosphere}}, {{climate}}, {{temperatureRange}}, {{sizeScale}}, {{coloration}}, {{materials}}, {{distinctiveFeatures}}, {{lockedTraits}}, {{rarity}}, {{artDirection}}.

Preserve every locked canonical field exactly. The result must use NOVERIS Scientific Realism: premium AAA science-fiction quality, museum-grade reference presentation, scientifically plausible structure, coherent materials, restrained coloration unless canon requires otherwise, readable silhouette, consistent scale and anatomy or growth across all views, soft neutral studio lighting, pure black background for isolated references, full requested subject visibility, generous negative space, and PSD-friendly extraction. Habitat and biome outputs may use the canonical environment. No baked-in text, labels, watermark, logo, border, or UI.

Create four clearly different but canon-compliant versions. Preserve body plan or growth architecture, structural counts, environmental adaptations, materials, defining features, and locked coloration. Vary only permitted secondary proportions, markings, surface detail, minor ornamentation, natural wear, and pose or growth irregularity.

Recommended aspect ratio: 16:9.","text, labels, watermark, signature, logo, border, frame, UI, HUD, cropped subject, duplicate anatomy, contradictory anatomy, impossible balance, unsupported structures, random wings, random horns, humanoid default, fantasy armor, weapons, cartoon, anime, toy-like materials, excessive neon, excessive glow, oversaturated colors, busy background, motion blur, low resolution, compression artifacts, generic Earth copy, unsupported fantasy styling, traits conflicting with locked canon",1.0.0,canonical
NB2-PLT-PIV-005-ENGINEERED-CROP-DISCOVERY,PLT-PIV-005-ENGINEERED-CROP,Engineered Crop,discovery,Discovery Scan,16:9,"Create a canonical NOVERIS Nano Banana 2 visual for Engineered Crop: Discovery Scan.

Canonical archetype:
A canonical engineered crop designed as a scientifically plausible plant-like or fungal organism whose anchoring, support, transport, energy capture, growth, reproduction, ecology, and environmental adaptations are internally coherent.

Required visual and biological rules:
• credible anchoring
• coherent support and transport
• functional energy collectors
• reproductive logic
• environment-linked growth
• purpose-built morphology
• maintenance and propagation logic

Production request:
Create centered scientific scan source without labels.

Studio-resolved canonical values:
{{canonicalId}}, {{displayName}}, {{scientificName}}, {{originPlanet}}, {{planetType}}, {{biome}}, {{gravity}}, {{atmosphere}}, {{climate}}, {{temperatureRange}}, {{sizeScale}}, {{coloration}}, {{materials}}, {{distinctiveFeatures}}, {{lockedTraits}}, {{rarity}}, {{artDirection}}.

Preserve every locked canonical field exactly. The result must use NOVERIS Scientific Realism: premium AAA science-fiction quality, museum-grade reference presentation, scientifically plausible structure, coherent materials, restrained coloration unless canon requires otherwise, readable silhouette, consistent scale and anatomy or growth across all views, soft neutral studio lighting, pure black background for isolated references, full requested subject visibility, generous negative space, and PSD-friendly extraction. Habitat and biome outputs may use the canonical environment. No baked-in text, labels, watermark, logo, border, or UI.

Create four clearly different but canon-compliant versions. Preserve body plan or growth architecture, structural counts, environmental adaptations, materials, defining features, and locked coloration. Vary only permitted secondary proportions, markings, surface detail, minor ornamentation, natural wear, and pose or growth irregularity.

Recommended aspect ratio: 16:9.","text, labels, watermark, signature, logo, border, frame, UI, HUD, cropped subject, duplicate anatomy, contradictory anatomy, impossible balance, unsupported structures, random wings, random horns, humanoid default, fantasy armor, weapons, cartoon, anime, toy-like materials, excessive neon, excessive glow, oversaturated colors, busy background, motion blur, low resolution, compression artifacts, generic Earth copy, unsupported fantasy styling, traits conflicting with locked canon",1.0.0,canonical
NB2-PLT-PIV-005-ENGINEERED-CROP-ICON,PLT-PIV-005-ENGINEERED-CROP,Engineered Crop,icon,UI Icon,1:1,"Create a canonical NOVERIS Nano Banana 2 visual for Engineered Crop: UI Icon.

Canonical archetype:
A canonical engineered crop designed as a scientifically plausible plant-like or fungal organism whose anchoring, support, transport, energy capture, growth, reproduction, ecology, and environmental adaptations are internally coherent.

Required visual and biological rules:
• credible anchoring
• coherent support and transport
• functional energy collectors
• reproductive logic
• environment-linked growth
• purpose-built morphology
• maintenance and propagation logic

Production request:
Create isolated silhouette readable at 64 pixels.

Studio-resolved canonical values:
{{canonicalId}}, {{displayName}}, {{scientificName}}, {{originPlanet}}, {{planetType}}, {{biome}}, {{gravity}}, {{atmosphere}}, {{climate}}, {{temperatureRange}}, {{sizeScale}}, {{coloration}}, {{materials}}, {{distinctiveFeatures}}, {{lockedTraits}}, {{rarity}}, {{artDirection}}.

Preserve every locked canonical field exactly. The result must use NOVERIS Scientific Realism: premium AAA science-fiction quality, museum-grade reference presentation, scientifically plausible structure, coherent materials, restrained coloration unless canon requires otherwise, readable silhouette, consistent scale and anatomy or growth across all views, soft neutral studio lighting, pure black background for isolated references, full requested subject visibility, generous negative space, and PSD-friendly extraction. Habitat and biome outputs may use the canonical environment. No baked-in text, labels, watermark, logo, border, or UI.

Create four clearly different but canon-compliant versions. Preserve body plan or growth architecture, structural counts, environmental adaptations, materials, defining features, and locked coloration. Vary only permitted secondary proportions, markings, surface detail, minor ornamentation, natural wear, and pose or growth irregularity.

Recommended aspect ratio: 1:1.","text, labels, watermark, signature, logo, border, frame, UI, HUD, cropped subject, duplicate anatomy, contradictory anatomy, impossible balance, unsupported structures, random wings, random horns, humanoid default, fantasy armor, weapons, cartoon, anime, toy-like materials, excessive neon, excessive glow, oversaturated colors, busy background, motion blur, low resolution, compression artifacts, generic Earth copy, unsupported fantasy styling, traits conflicting with locked canon",1.0.0,canonical
NB2-PLT-PIV-005-ENGINEERED-CROP-SCALE,PLT-PIV-005-ENGINEERED-CROP,Engineered Crop,scale,Scale Comparison,16:9,"Create a canonical NOVERIS Nano Banana 2 visual for Engineered Crop: Scale Comparison.

Canonical archetype:
A canonical engineered crop designed as a scientifically plausible plant-like or fungal organism whose anchoring, support, transport, energy capture, growth, reproduction, ecology, and environmental adaptations are internally coherent.

Required visual and biological rules:
• credible anchoring
• coherent support and transport
• functional energy collectors
• reproductive logic
• environment-linked growth
• purpose-built morphology
• maintenance and propagation logic

Production request:
Create side view with adult human silhouette and one-meter bar.

Studio-resolved canonical values:
{{canonicalId}}, {{displayName}}, {{scientificName}}, {{originPlanet}}, {{planetType}}, {{biome}}, {{gravity}}, {{atmosphere}}, {{climate}}, {{temperatureRange}}, {{sizeScale}}, {{coloration}}, {{materials}}, {{distinctiveFeatures}}, {{lockedTraits}}, {{rarity}}, {{artDirection}}.

Preserve every locked canonical field exactly. The result must use NOVERIS Scientific Realism: premium AAA science-fiction quality, museum-grade reference presentation, scientifically plausible structure, coherent materials, restrained coloration unless canon requires otherwise, readable silhouette, consistent scale and anatomy or growth across all views, soft neutral studio lighting, pure black background for isolated references, full requested subject visibility, generous negative space, and PSD-friendly extraction. Habitat and biome outputs may use the canonical environment. No baked-in text, labels, watermark, logo, border, or UI.

Create four clearly different but canon-compliant versions. Preserve body plan or growth architecture, structural counts, environmental adaptations, materials, defining features, and locked coloration. Vary only permitted secondary proportions, markings, surface detail, minor ornamentation, natural wear, and pose or growth irregularity.

Recommended aspect ratio: 16:9.","text, labels, watermark, signature, logo, border, frame, UI, HUD, cropped subject, duplicate anatomy, contradictory anatomy, impossible balance, unsupported structures, random wings, random horns, humanoid default, fantasy armor, weapons, cartoon, anime, toy-like materials, excessive neon, excessive glow, oversaturated colors, busy background, motion blur, low resolution, compression artifacts, generic Earth copy, unsupported fantasy styling, traits conflicting with locked canon",1.0.0,canonical
NB2-PLT-PIV-005-ENGINEERED-CROP-PLATE,PLT-PIV-005-ENGINEERED-CROP,Engineered Crop,plate,Master Botanical Plate,16:9,"Create a canonical NOVERIS Nano Banana 2 visual for Engineered Crop: Master Botanical Plate.

Canonical archetype:
A canonical engineered crop designed as a scientifically plausible plant-like or fungal organism whose anchoring, support, transport, energy capture, growth, reproduction, ecology, and environmental adaptations are internally coherent.

Required visual and biological rules:
• credible anchoring
• coherent support and transport
• functional energy collectors
• reproductive logic
• environment-linked growth
• purpose-built morphology
• maintenance and propagation logic

Production request:
Create whole organism, views, roots, structure, collectors, reproduction, stages, materials and habitat vignette.

Studio-resolved canonical values:
{{canonicalId}}, {{displayName}}, {{scientificName}}, {{originPlanet}}, {{planetType}}, {{biome}}, {{gravity}}, {{atmosphere}}, {{climate}}, {{temperatureRange}}, {{sizeScale}}, {{coloration}}, {{materials}}, {{distinctiveFeatures}}, {{lockedTraits}}, {{rarity}}, {{artDirection}}.

Preserve every locked canonical field exactly. The result must use NOVERIS Scientific Realism: premium AAA science-fiction quality, museum-grade reference presentation, scientifically plausible structure, coherent materials, restrained coloration unless canon requires otherwise, readable silhouette, consistent scale and anatomy or growth across all views, soft neutral studio lighting, pure black background for isolated references, full requested subject visibility, generous negative space, and PSD-friendly extraction. Habitat and biome outputs may use the canonical environment. No baked-in text, labels, watermark, logo, border, or UI.

Create four clearly different but canon-compliant versions. Preserve body plan or growth architecture, structural counts, environmental adaptations, materials, defining features, and locked coloration. Vary only permitted secondary proportions, markings, surface detail, minor ornamentation, natural wear, and pose or growth irregularity.

Recommended aspect ratio: 16:9.","text, labels, watermark, signature, logo, border, frame, UI, HUD, cropped subject, duplicate anatomy, contradictory anatomy, impossible balance, unsupported structures, random wings, random horns, humanoid default, fantasy armor, weapons, cartoon, anime, toy-like materials, excessive neon, excessive glow, oversaturated colors, busy background, motion blur, low resolution, compression artifacts, generic Earth copy, unsupported fantasy styling, traits conflicting with locked canon",1.0.0,canonical
NB2-PLT-PIV-005-ENGINEERED-CROP-PSD,PLT-PIV-005-ENGINEERED-CROP,Engineered Crop,psd,PSD Extraction Board,16:9,"Create a canonical NOVERIS Nano Banana 2 visual for Engineered Crop: PSD Extraction Board.

Canonical archetype:
A canonical engineered crop designed as a scientifically plausible plant-like or fungal organism whose anchoring, support, transport, energy capture, growth, reproduction, ecology, and environmental adaptations are internally coherent.

Required visual and biological rules:
• credible anchoring
• coherent support and transport
• functional energy collectors
• reproductive logic
• environment-linked growth
• purpose-built morphology
• maintenance and propagation logic

Production request:
Create isolated whole organism, parts, silhouette and material references.

Studio-resolved canonical values:
{{canonicalId}}, {{displayName}}, {{scientificName}}, {{originPlanet}}, {{planetType}}, {{biome}}, {{gravity}}, {{atmosphere}}, {{climate}}, {{temperatureRange}}, {{sizeScale}}, {{coloration}}, {{materials}}, {{distinctiveFeatures}}, {{lockedTraits}}, {{rarity}}, {{artDirection}}.

Preserve every locked canonical field exactly. The result must use NOVERIS Scientific Realism: premium AAA science-fiction quality, museum-grade reference presentation, scientifically plausible structure, coherent materials, restrained coloration unless canon requires otherwise, readable silhouette, consistent scale and anatomy or growth across all views, soft neutral studio lighting, pure black background for isolated references, full requested subject visibility, generous negative space, and PSD-friendly extraction. Habitat and biome outputs may use the canonical environment. No baked-in text, labels, watermark, logo, border, or UI.

Create four clearly different but canon-compliant versions. Preserve body plan or growth architecture, structural counts, environmental adaptations, materials, defining features, and locked coloration. Vary only permitted secondary proportions, markings, surface detail, minor ornamentation, natural wear, and pose or growth irregularity.

Recommended aspect ratio: 16:9.","text, labels, watermark, signature, logo, border, frame, UI, HUD, cropped subject, duplicate anatomy, contradictory anatomy, impossible balance, unsupported structures, random wings, random horns, humanoid default, fantasy armor, weapons, cartoon, anime, toy-like materials, excessive neon, excessive glow, oversaturated colors, busy background, motion blur, low resolution, compression artifacts, generic Earth copy, unsupported fantasy styling, traits conflicting with locked canon",1.0.0,canonical
NB2-PLT-PIV-006-TERRAFORMING-FLORA-WHOLE-PLANT,PLT-PIV-006-TERRAFORMING-FLORA,Terraforming Flora,whole-plant,Whole Plant Production Render,3:4,"Create a canonical NOVERIS Nano Banana 2 visual for Terraforming Flora: Whole Plant Production Render.

Canonical archetype:
A canonical terraforming flora designed as a scientifically plausible plant-like or fungal organism whose anchoring, support, transport, energy capture, growth, reproduction, ecology, and environmental adaptations are internally coherent.

Required visual and biological rules:
• credible anchoring
• coherent support and transport
• functional energy collectors
• reproductive logic
• environment-linked growth

Production request:
Create complete mature organism including roots or anchor system.

Studio-resolved canonical values:
{{canonicalId}}, {{displayName}}, {{scientificName}}, {{originPlanet}}, {{planetType}}, {{biome}}, {{gravity}}, {{atmosphere}}, {{climate}}, {{temperatureRange}}, {{sizeScale}}, {{coloration}}, {{materials}}, {{distinctiveFeatures}}, {{lockedTraits}}, {{rarity}}, {{artDirection}}.

Preserve every locked canonical field exactly. The result must use NOVERIS Scientific Realism: premium AAA science-fiction quality, museum-grade reference presentation, scientifically plausible structure, coherent materials, restrained coloration unless canon requires otherwise, readable silhouette, consistent scale and anatomy or growth across all views, soft neutral studio lighting, pure black background for isolated references, full requested subject visibility, generous negative space, and PSD-friendly extraction. Habitat and biome outputs may use the canonical environment. No baked-in text, labels, watermark, logo, border, or UI.

Create four clearly different but canon-compliant versions. Preserve body plan or growth architecture, structural counts, environmental adaptations, materials, defining features, and locked coloration. Vary only permitted secondary proportions, markings, surface detail, minor ornamentation, natural wear, and pose or growth irregularity.

Recommended aspect ratio: 3:4.","text, labels, watermark, signature, logo, border, frame, UI, HUD, cropped subject, duplicate anatomy, contradictory anatomy, impossible balance, unsupported structures, random wings, random horns, humanoid default, fantasy armor, weapons, cartoon, anime, toy-like materials, excessive neon, excessive glow, oversaturated colors, busy background, motion blur, low resolution, compression artifacts, generic Earth copy, unsupported fantasy styling, traits conflicting with locked canon",1.0.0,canonical
NB2-PLT-PIV-006-TERRAFORMING-FLORA-PORTRAIT,PLT-PIV-006-TERRAFORMING-FLORA,Terraforming Flora,portrait,Botanical Portrait,1:1,"Create a canonical NOVERIS Nano Banana 2 visual for Terraforming Flora: Botanical Portrait.

Canonical archetype:
A canonical terraforming flora designed as a scientifically plausible plant-like or fungal organism whose anchoring, support, transport, energy capture, growth, reproduction, ecology, and environmental adaptations are internally coherent.

Required visual and biological rules:
• credible anchoring
• coherent support and transport
• functional energy collectors
• reproductive logic
• environment-linked growth

Production request:
Create defining growth form, foliage, collectors and reproduction.

Studio-resolved canonical values:
{{canonicalId}}, {{displayName}}, {{scientificName}}, {{originPlanet}}, {{planetType}}, {{biome}}, {{gravity}}, {{atmosphere}}, {{climate}}, {{temperatureRange}}, {{sizeScale}}, {{coloration}}, {{materials}}, {{distinctiveFeatures}}, {{lockedTraits}}, {{rarity}}, {{artDirection}}.

Preserve every locked canonical field exactly. The result must use NOVERIS Scientific Realism: premium AAA science-fiction quality, museum-grade reference presentation, scientifically plausible structure, coherent materials, restrained coloration unless canon requires otherwise, readable silhouette, consistent scale and anatomy or growth across all views, soft neutral studio lighting, pure black background for isolated references, full requested subject visibility, generous negative space, and PSD-friendly extraction. Habitat and biome outputs may use the canonical environment. No baked-in text, labels, watermark, logo, border, or UI.

Create four clearly different but canon-compliant versions. Preserve body plan or growth architecture, structural counts, environmental adaptations, materials, defining features, and locked coloration. Vary only permitted secondary proportions, markings, surface detail, minor ornamentation, natural wear, and pose or growth irregularity.

Recommended aspect ratio: 1:1.","text, labels, watermark, signature, logo, border, frame, UI, HUD, cropped subject, duplicate anatomy, contradictory anatomy, impossible balance, unsupported structures, random wings, random horns, humanoid default, fantasy armor, weapons, cartoon, anime, toy-like materials, excessive neon, excessive glow, oversaturated colors, busy background, motion blur, low resolution, compression artifacts, generic Earth copy, unsupported fantasy styling, traits conflicting with locked canon",1.0.0,canonical
NB2-PLT-PIV-006-TERRAFORMING-FLORA-ORTHO-FRONT,PLT-PIV-006-TERRAFORMING-FLORA,Terraforming Flora,ortho-front,Orthographic Front,3:4,"Create a canonical NOVERIS Nano Banana 2 visual for Terraforming Flora: Orthographic Front.

Canonical archetype:
A canonical terraforming flora designed as a scientifically plausible plant-like or fungal organism whose anchoring, support, transport, energy capture, growth, reproduction, ecology, and environmental adaptations are internally coherent.

Required visual and biological rules:
• credible anchoring
• coherent support and transport
• functional energy collectors
• reproductive logic
• environment-linked growth

Production request:
Create exact front orthographic view.

Studio-resolved canonical values:
{{canonicalId}}, {{displayName}}, {{scientificName}}, {{originPlanet}}, {{planetType}}, {{biome}}, {{gravity}}, {{atmosphere}}, {{climate}}, {{temperatureRange}}, {{sizeScale}}, {{coloration}}, {{materials}}, {{distinctiveFeatures}}, {{lockedTraits}}, {{rarity}}, {{artDirection}}.

Preserve every locked canonical field exactly. The result must use NOVERIS Scientific Realism: premium AAA science-fiction quality, museum-grade reference presentation, scientifically plausible structure, coherent materials, restrained coloration unless canon requires otherwise, readable silhouette, consistent scale and anatomy or growth across all views, soft neutral studio lighting, pure black background for isolated references, full requested subject visibility, generous negative space, and PSD-friendly extraction. Habitat and biome outputs may use the canonical environment. No baked-in text, labels, watermark, logo, border, or UI.

Create four clearly different but canon-compliant versions. Preserve body plan or growth architecture, structural counts, environmental adaptations, materials, defining features, and locked coloration. Vary only permitted secondary proportions, markings, surface detail, minor ornamentation, natural wear, and pose or growth irregularity.

Recommended aspect ratio: 3:4.","text, labels, watermark, signature, logo, border, frame, UI, HUD, cropped subject, duplicate anatomy, contradictory anatomy, impossible balance, unsupported structures, random wings, random horns, humanoid default, fantasy armor, weapons, cartoon, anime, toy-like materials, excessive neon, excessive glow, oversaturated colors, busy background, motion blur, low resolution, compression artifacts, generic Earth copy, unsupported fantasy styling, traits conflicting with locked canon",1.0.0,canonical
NB2-PLT-PIV-006-TERRAFORMING-FLORA-ORTHO-SIDE,PLT-PIV-006-TERRAFORMING-FLORA,Terraforming Flora,ortho-side,Orthographic Side,3:4,"Create a canonical NOVERIS Nano Banana 2 visual for Terraforming Flora: Orthographic Side.

Canonical archetype:
A canonical terraforming flora designed as a scientifically plausible plant-like or fungal organism whose anchoring, support, transport, energy capture, growth, reproduction, ecology, and environmental adaptations are internally coherent.

Required visual and biological rules:
• credible anchoring
• coherent support and transport
• functional energy collectors
• reproductive logic
• environment-linked growth

Production request:
Create exact side orthographic view.

Studio-resolved canonical values:
{{canonicalId}}, {{displayName}}, {{scientificName}}, {{originPlanet}}, {{planetType}}, {{biome}}, {{gravity}}, {{atmosphere}}, {{climate}}, {{temperatureRange}}, {{sizeScale}}, {{coloration}}, {{materials}}, {{distinctiveFeatures}}, {{lockedTraits}}, {{rarity}}, {{artDirection}}.

Preserve every locked canonical field exactly. The result must use NOVERIS Scientific Realism: premium AAA science-fiction quality, museum-grade reference presentation, scientifically plausible structure, coherent materials, restrained coloration unless canon requires otherwise, readable silhouette, consistent scale and anatomy or growth across all views, soft neutral studio lighting, pure black background for isolated references, full requested subject visibility, generous negative space, and PSD-friendly extraction. Habitat and biome outputs may use the canonical environment. No baked-in text, labels, watermark, logo, border, or UI.

Create four clearly different but canon-compliant versions. Preserve body plan or growth architecture, structural counts, environmental adaptations, materials, defining features, and locked coloration. Vary only permitted secondary proportions, markings, surface detail, minor ornamentation, natural wear, and pose or growth irregularity.

Recommended aspect ratio: 3:4.","text, labels, watermark, signature, logo, border, frame, UI, HUD, cropped subject, duplicate anatomy, contradictory anatomy, impossible balance, unsupported structures, random wings, random horns, humanoid default, fantasy armor, weapons, cartoon, anime, toy-like materials, excessive neon, excessive glow, oversaturated colors, busy background, motion blur, low resolution, compression artifacts, generic Earth copy, unsupported fantasy styling, traits conflicting with locked canon",1.0.0,canonical
NB2-PLT-PIV-006-TERRAFORMING-FLORA-ORTHO-TOP,PLT-PIV-006-TERRAFORMING-FLORA,Terraforming Flora,ortho-top,Orthographic Top,1:1,"Create a canonical NOVERIS Nano Banana 2 visual for Terraforming Flora: Orthographic Top.

Canonical archetype:
A canonical terraforming flora designed as a scientifically plausible plant-like or fungal organism whose anchoring, support, transport, energy capture, growth, reproduction, ecology, and environmental adaptations are internally coherent.

Required visual and biological rules:
• credible anchoring
• coherent support and transport
• functional energy collectors
• reproductive logic
• environment-linked growth

Production request:
Create exact top view showing spread and growth geometry.

Studio-resolved canonical values:
{{canonicalId}}, {{displayName}}, {{scientificName}}, {{originPlanet}}, {{planetType}}, {{biome}}, {{gravity}}, {{atmosphere}}, {{climate}}, {{temperatureRange}}, {{sizeScale}}, {{coloration}}, {{materials}}, {{distinctiveFeatures}}, {{lockedTraits}}, {{rarity}}, {{artDirection}}.

Preserve every locked canonical field exactly. The result must use NOVERIS Scientific Realism: premium AAA science-fiction quality, museum-grade reference presentation, scientifically plausible structure, coherent materials, restrained coloration unless canon requires otherwise, readable silhouette, consistent scale and anatomy or growth across all views, soft neutral studio lighting, pure black background for isolated references, full requested subject visibility, generous negative space, and PSD-friendly extraction. Habitat and biome outputs may use the canonical environment. No baked-in text, labels, watermark, logo, border, or UI.

Create four clearly different but canon-compliant versions. Preserve body plan or growth architecture, structural counts, environmental adaptations, materials, defining features, and locked coloration. Vary only permitted secondary proportions, markings, surface detail, minor ornamentation, natural wear, and pose or growth irregularity.

Recommended aspect ratio: 1:1.","text, labels, watermark, signature, logo, border, frame, UI, HUD, cropped subject, duplicate anatomy, contradictory anatomy, impossible balance, unsupported structures, random wings, random horns, humanoid default, fantasy armor, weapons, cartoon, anime, toy-like materials, excessive neon, excessive glow, oversaturated colors, busy background, motion blur, low resolution, compression artifacts, generic Earth copy, unsupported fantasy styling, traits conflicting with locked canon",1.0.0,canonical
NB2-PLT-PIV-006-TERRAFORMING-FLORA-ROOTS,PLT-PIV-006-TERRAFORMING-FLORA,Terraforming Flora,roots,Root or Anchor System,16:9,"Create a canonical NOVERIS Nano Banana 2 visual for Terraforming Flora: Root or Anchor System.

Canonical archetype:
A canonical terraforming flora designed as a scientifically plausible plant-like or fungal organism whose anchoring, support, transport, energy capture, growth, reproduction, ecology, and environmental adaptations are internally coherent.

Required visual and biological rules:
• credible anchoring
• coherent support and transport
• functional energy collectors
• reproductive logic
• environment-linked growth

Production request:
Create complete substrate interface and nutrient exchange structures.

Studio-resolved canonical values:
{{canonicalId}}, {{displayName}}, {{scientificName}}, {{originPlanet}}, {{planetType}}, {{biome}}, {{gravity}}, {{atmosphere}}, {{climate}}, {{temperatureRange}}, {{sizeScale}}, {{coloration}}, {{materials}}, {{distinctiveFeatures}}, {{lockedTraits}}, {{rarity}}, {{artDirection}}.

Preserve every locked canonical field exactly. The result must use NOVERIS Scientific Realism: premium AAA science-fiction quality, museum-grade reference presentation, scientifically plausible structure, coherent materials, restrained coloration unless canon requires otherwise, readable silhouette, consistent scale and anatomy or growth across all views, soft neutral studio lighting, pure black background for isolated references, full requested subject visibility, generous negative space, and PSD-friendly extraction. Habitat and biome outputs may use the canonical environment. No baked-in text, labels, watermark, logo, border, or UI.

Create four clearly different but canon-compliant versions. Preserve body plan or growth architecture, structural counts, environmental adaptations, materials, defining features, and locked coloration. Vary only permitted secondary proportions, markings, surface detail, minor ornamentation, natural wear, and pose or growth irregularity.

Recommended aspect ratio: 16:9.","text, labels, watermark, signature, logo, border, frame, UI, HUD, cropped subject, duplicate anatomy, contradictory anatomy, impossible balance, unsupported structures, random wings, random horns, humanoid default, fantasy armor, weapons, cartoon, anime, toy-like materials, excessive neon, excessive glow, oversaturated colors, busy background, motion blur, low resolution, compression artifacts, generic Earth copy, unsupported fantasy styling, traits conflicting with locked canon",1.0.0,canonical
NB2-PLT-PIV-006-TERRAFORMING-FLORA-STEMS,PLT-PIV-006-TERRAFORMING-FLORA,Terraforming Flora,stems,"Stem, Trunk or Structural Study",16:9,"Create a canonical NOVERIS Nano Banana 2 visual for Terraforming Flora: Stem, Trunk or Structural Study.

Canonical archetype:
A canonical terraforming flora designed as a scientifically plausible plant-like or fungal organism whose anchoring, support, transport, energy capture, growth, reproduction, ecology, and environmental adaptations are internally coherent.

Required visual and biological rules:
• credible anchoring
• coherent support and transport
• functional energy collectors
• reproductive logic
• environment-linked growth

Production request:
Create support and transport architecture.

Studio-resolved canonical values:
{{canonicalId}}, {{displayName}}, {{scientificName}}, {{originPlanet}}, {{planetType}}, {{biome}}, {{gravity}}, {{atmosphere}}, {{climate}}, {{temperatureRange}}, {{sizeScale}}, {{coloration}}, {{materials}}, {{distinctiveFeatures}}, {{lockedTraits}}, {{rarity}}, {{artDirection}}.

Preserve every locked canonical field exactly. The result must use NOVERIS Scientific Realism: premium AAA science-fiction quality, museum-grade reference presentation, scientifically plausible structure, coherent materials, restrained coloration unless canon requires otherwise, readable silhouette, consistent scale and anatomy or growth across all views, soft neutral studio lighting, pure black background for isolated references, full requested subject visibility, generous negative space, and PSD-friendly extraction. Habitat and biome outputs may use the canonical environment. No baked-in text, labels, watermark, logo, border, or UI.

Create four clearly different but canon-compliant versions. Preserve body plan or growth architecture, structural counts, environmental adaptations, materials, defining features, and locked coloration. Vary only permitted secondary proportions, markings, surface detail, minor ornamentation, natural wear, and pose or growth irregularity.

Recommended aspect ratio: 16:9.","text, labels, watermark, signature, logo, border, frame, UI, HUD, cropped subject, duplicate anatomy, contradictory anatomy, impossible balance, unsupported structures, random wings, random horns, humanoid default, fantasy armor, weapons, cartoon, anime, toy-like materials, excessive neon, excessive glow, oversaturated colors, busy background, motion blur, low resolution, compression artifacts, generic Earth copy, unsupported fantasy styling, traits conflicting with locked canon",1.0.0,canonical
NB2-PLT-PIV-006-TERRAFORMING-FLORA-COLLECTORS,PLT-PIV-006-TERRAFORMING-FLORA,Terraforming Flora,collectors,Leaves or Collector Study,16:9,"Create a canonical NOVERIS Nano Banana 2 visual for Terraforming Flora: Leaves or Collector Study.

Canonical archetype:
A canonical terraforming flora designed as a scientifically plausible plant-like or fungal organism whose anchoring, support, transport, energy capture, growth, reproduction, ecology, and environmental adaptations are internally coherent.

Required visual and biological rules:
• credible anchoring
• coherent support and transport
• functional energy collectors
• reproductive logic
• environment-linked growth

Production request:
Create front, back, edge, juvenile, mature and stressed states.

Studio-resolved canonical values:
{{canonicalId}}, {{displayName}}, {{scientificName}}, {{originPlanet}}, {{planetType}}, {{biome}}, {{gravity}}, {{atmosphere}}, {{climate}}, {{temperatureRange}}, {{sizeScale}}, {{coloration}}, {{materials}}, {{distinctiveFeatures}}, {{lockedTraits}}, {{rarity}}, {{artDirection}}.

Preserve every locked canonical field exactly. The result must use NOVERIS Scientific Realism: premium AAA science-fiction quality, museum-grade reference presentation, scientifically plausible structure, coherent materials, restrained coloration unless canon requires otherwise, readable silhouette, consistent scale and anatomy or growth across all views, soft neutral studio lighting, pure black background for isolated references, full requested subject visibility, generous negative space, and PSD-friendly extraction. Habitat and biome outputs may use the canonical environment. No baked-in text, labels, watermark, logo, border, or UI.

Create four clearly different but canon-compliant versions. Preserve body plan or growth architecture, structural counts, environmental adaptations, materials, defining features, and locked coloration. Vary only permitted secondary proportions, markings, surface detail, minor ornamentation, natural wear, and pose or growth irregularity.

Recommended aspect ratio: 16:9.","text, labels, watermark, signature, logo, border, frame, UI, HUD, cropped subject, duplicate anatomy, contradictory anatomy, impossible balance, unsupported structures, random wings, random horns, humanoid default, fantasy armor, weapons, cartoon, anime, toy-like materials, excessive neon, excessive glow, oversaturated colors, busy background, motion blur, low resolution, compression artifacts, generic Earth copy, unsupported fantasy styling, traits conflicting with locked canon",1.0.0,canonical
NB2-PLT-PIV-006-TERRAFORMING-FLORA-REPRODUCTION,PLT-PIV-006-TERRAFORMING-FLORA,Terraforming Flora,reproduction,Reproductive Structure,16:9,"Create a canonical NOVERIS Nano Banana 2 visual for Terraforming Flora: Reproductive Structure.

Canonical archetype:
A canonical terraforming flora designed as a scientifically plausible plant-like or fungal organism whose anchoring, support, transport, energy capture, growth, reproduction, ecology, and environmental adaptations are internally coherent.

Required visual and biological rules:
• credible anchoring
• coherent support and transport
• functional energy collectors
• reproductive logic
• environment-linked growth

Production request:
Create flowers, cones, spores, fields or equivalent stages.

Studio-resolved canonical values:
{{canonicalId}}, {{displayName}}, {{scientificName}}, {{originPlanet}}, {{planetType}}, {{biome}}, {{gravity}}, {{atmosphere}}, {{climate}}, {{temperatureRange}}, {{sizeScale}}, {{coloration}}, {{materials}}, {{distinctiveFeatures}}, {{lockedTraits}}, {{rarity}}, {{artDirection}}.

Preserve every locked canonical field exactly. The result must use NOVERIS Scientific Realism: premium AAA science-fiction quality, museum-grade reference presentation, scientifically plausible structure, coherent materials, restrained coloration unless canon requires otherwise, readable silhouette, consistent scale and anatomy or growth across all views, soft neutral studio lighting, pure black background for isolated references, full requested subject visibility, generous negative space, and PSD-friendly extraction. Habitat and biome outputs may use the canonical environment. No baked-in text, labels, watermark, logo, border, or UI.

Create four clearly different but canon-compliant versions. Preserve body plan or growth architecture, structural counts, environmental adaptations, materials, defining features, and locked coloration. Vary only permitted secondary proportions, markings, surface detail, minor ornamentation, natural wear, and pose or growth irregularity.

Recommended aspect ratio: 16:9.","text, labels, watermark, signature, logo, border, frame, UI, HUD, cropped subject, duplicate anatomy, contradictory anatomy, impossible balance, unsupported structures, random wings, random horns, humanoid default, fantasy armor, weapons, cartoon, anime, toy-like materials, excessive neon, excessive glow, oversaturated colors, busy background, motion blur, low resolution, compression artifacts, generic Earth copy, unsupported fantasy styling, traits conflicting with locked canon",1.0.0,canonical
NB2-PLT-PIV-006-TERRAFORMING-FLORA-PROPAGULES,PLT-PIV-006-TERRAFORMING-FLORA,Terraforming Flora,propagules,"Seed, Spore or Propagule Study",16:9,"Create a canonical NOVERIS Nano Banana 2 visual for Terraforming Flora: Seed, Spore or Propagule Study.

Canonical archetype:
A canonical terraforming flora designed as a scientifically plausible plant-like or fungal organism whose anchoring, support, transport, energy capture, growth, reproduction, ecology, and environmental adaptations are internally coherent.

Required visual and biological rules:
• credible anchoring
• coherent support and transport
• functional energy collectors
• reproductive logic
• environment-linked growth

Production request:
Create dispersal, germination and early establishment.

Studio-resolved canonical values:
{{canonicalId}}, {{displayName}}, {{scientificName}}, {{originPlanet}}, {{planetType}}, {{biome}}, {{gravity}}, {{atmosphere}}, {{climate}}, {{temperatureRange}}, {{sizeScale}}, {{coloration}}, {{materials}}, {{distinctiveFeatures}}, {{lockedTraits}}, {{rarity}}, {{artDirection}}.

Preserve every locked canonical field exactly. The result must use NOVERIS Scientific Realism: premium AAA science-fiction quality, museum-grade reference presentation, scientifically plausible structure, coherent materials, restrained coloration unless canon requires otherwise, readable silhouette, consistent scale and anatomy or growth across all views, soft neutral studio lighting, pure black background for isolated references, full requested subject visibility, generous negative space, and PSD-friendly extraction. Habitat and biome outputs may use the canonical environment. No baked-in text, labels, watermark, logo, border, or UI.

Create four clearly different but canon-compliant versions. Preserve body plan or growth architecture, structural counts, environmental adaptations, materials, defining features, and locked coloration. Vary only permitted secondary proportions, markings, surface detail, minor ornamentation, natural wear, and pose or growth irregularity.

Recommended aspect ratio: 16:9.","text, labels, watermark, signature, logo, border, frame, UI, HUD, cropped subject, duplicate anatomy, contradictory anatomy, impossible balance, unsupported structures, random wings, random horns, humanoid default, fantasy armor, weapons, cartoon, anime, toy-like materials, excessive neon, excessive glow, oversaturated colors, busy background, motion blur, low resolution, compression artifacts, generic Earth copy, unsupported fantasy styling, traits conflicting with locked canon",1.0.0,canonical
NB2-PLT-PIV-006-TERRAFORMING-FLORA-CROSS-SECTION,PLT-PIV-006-TERRAFORMING-FLORA,Terraforming Flora,cross-section,Internal Cross Section,16:9,"Create a canonical NOVERIS Nano Banana 2 visual for Terraforming Flora: Internal Cross Section.

Canonical archetype:
A canonical terraforming flora designed as a scientifically plausible plant-like or fungal organism whose anchoring, support, transport, energy capture, growth, reproduction, ecology, and environmental adaptations are internally coherent.

Required visual and biological rules:
• credible anchoring
• coherent support and transport
• functional energy collectors
• reproductive logic
• environment-linked growth

Production request:
Create protection, transport, support, storage and reproduction.

Studio-resolved canonical values:
{{canonicalId}}, {{displayName}}, {{scientificName}}, {{originPlanet}}, {{planetType}}, {{biome}}, {{gravity}}, {{atmosphere}}, {{climate}}, {{temperatureRange}}, {{sizeScale}}, {{coloration}}, {{materials}}, {{distinctiveFeatures}}, {{lockedTraits}}, {{rarity}}, {{artDirection}}.

Preserve every locked canonical field exactly. The result must use NOVERIS Scientific Realism: premium AAA science-fiction quality, museum-grade reference presentation, scientifically plausible structure, coherent materials, restrained coloration unless canon requires otherwise, readable silhouette, consistent scale and anatomy or growth across all views, soft neutral studio lighting, pure black background for isolated references, full requested subject visibility, generous negative space, and PSD-friendly extraction. Habitat and biome outputs may use the canonical environment. No baked-in text, labels, watermark, logo, border, or UI.

Create four clearly different but canon-compliant versions. Preserve body plan or growth architecture, structural counts, environmental adaptations, materials, defining features, and locked coloration. Vary only permitted secondary proportions, markings, surface detail, minor ornamentation, natural wear, and pose or growth irregularity.

Recommended aspect ratio: 16:9.","text, labels, watermark, signature, logo, border, frame, UI, HUD, cropped subject, duplicate anatomy, contradictory anatomy, impossible balance, unsupported structures, random wings, random horns, humanoid default, fantasy armor, weapons, cartoon, anime, toy-like materials, excessive neon, excessive glow, oversaturated colors, busy background, motion blur, low resolution, compression artifacts, generic Earth copy, unsupported fantasy styling, traits conflicting with locked canon",1.0.0,canonical
NB2-PLT-PIV-006-TERRAFORMING-FLORA-GROWTH,PLT-PIV-006-TERRAFORMING-FLORA,Terraforming Flora,growth,Growth Stages,16:9,"Create a canonical NOVERIS Nano Banana 2 visual for Terraforming Flora: Growth Stages.

Canonical archetype:
A canonical terraforming flora designed as a scientifically plausible plant-like or fungal organism whose anchoring, support, transport, energy capture, growth, reproduction, ecology, and environmental adaptations are internally coherent.

Required visual and biological rules:
• credible anchoring
• coherent support and transport
• functional energy collectors
• reproductive logic
• environment-linked growth

Production request:
Create propagule, juvenile, mature, reproductive and senescent stages.

Studio-resolved canonical values:
{{canonicalId}}, {{displayName}}, {{scientificName}}, {{originPlanet}}, {{planetType}}, {{biome}}, {{gravity}}, {{atmosphere}}, {{climate}}, {{temperatureRange}}, {{sizeScale}}, {{coloration}}, {{materials}}, {{distinctiveFeatures}}, {{lockedTraits}}, {{rarity}}, {{artDirection}}.

Preserve every locked canonical field exactly. The result must use NOVERIS Scientific Realism: premium AAA science-fiction quality, museum-grade reference presentation, scientifically plausible structure, coherent materials, restrained coloration unless canon requires otherwise, readable silhouette, consistent scale and anatomy or growth across all views, soft neutral studio lighting, pure black background for isolated references, full requested subject visibility, generous negative space, and PSD-friendly extraction. Habitat and biome outputs may use the canonical environment. No baked-in text, labels, watermark, logo, border, or UI.

Create four clearly different but canon-compliant versions. Preserve body plan or growth architecture, structural counts, environmental adaptations, materials, defining features, and locked coloration. Vary only permitted secondary proportions, markings, surface detail, minor ornamentation, natural wear, and pose or growth irregularity.

Recommended aspect ratio: 16:9.","text, labels, watermark, signature, logo, border, frame, UI, HUD, cropped subject, duplicate anatomy, contradictory anatomy, impossible balance, unsupported structures, random wings, random horns, humanoid default, fantasy armor, weapons, cartoon, anime, toy-like materials, excessive neon, excessive glow, oversaturated colors, busy background, motion blur, low resolution, compression artifacts, generic Earth copy, unsupported fantasy styling, traits conflicting with locked canon",1.0.0,canonical
NB2-PLT-PIV-006-TERRAFORMING-FLORA-SEASONAL,PLT-PIV-006-TERRAFORMING-FLORA,Terraforming Flora,seasonal,Seasonal and Stress Variants,16:9,"Create a canonical NOVERIS Nano Banana 2 visual for Terraforming Flora: Seasonal and Stress Variants.

Canonical archetype:
A canonical terraforming flora designed as a scientifically plausible plant-like or fungal organism whose anchoring, support, transport, energy capture, growth, reproduction, ecology, and environmental adaptations are internally coherent.

Required visual and biological rules:
• credible anchoring
• coherent support and transport
• functional energy collectors
• reproductive logic
• environment-linked growth

Production request:
Create growth, reproduction, dormancy, damage and recovery.

Studio-resolved canonical values:
{{canonicalId}}, {{displayName}}, {{scientificName}}, {{originPlanet}}, {{planetType}}, {{biome}}, {{gravity}}, {{atmosphere}}, {{climate}}, {{temperatureRange}}, {{sizeScale}}, {{coloration}}, {{materials}}, {{distinctiveFeatures}}, {{lockedTraits}}, {{rarity}}, {{artDirection}}.

Preserve every locked canonical field exactly. The result must use NOVERIS Scientific Realism: premium AAA science-fiction quality, museum-grade reference presentation, scientifically plausible structure, coherent materials, restrained coloration unless canon requires otherwise, readable silhouette, consistent scale and anatomy or growth across all views, soft neutral studio lighting, pure black background for isolated references, full requested subject visibility, generous negative space, and PSD-friendly extraction. Habitat and biome outputs may use the canonical environment. No baked-in text, labels, watermark, logo, border, or UI.

Create four clearly different but canon-compliant versions. Preserve body plan or growth architecture, structural counts, environmental adaptations, materials, defining features, and locked coloration. Vary only permitted secondary proportions, markings, surface detail, minor ornamentation, natural wear, and pose or growth irregularity.

Recommended aspect ratio: 16:9.","text, labels, watermark, signature, logo, border, frame, UI, HUD, cropped subject, duplicate anatomy, contradictory anatomy, impossible balance, unsupported structures, random wings, random horns, humanoid default, fantasy armor, weapons, cartoon, anime, toy-like materials, excessive neon, excessive glow, oversaturated colors, busy background, motion blur, low resolution, compression artifacts, generic Earth copy, unsupported fantasy styling, traits conflicting with locked canon",1.0.0,canonical
NB2-PLT-PIV-006-TERRAFORMING-FLORA-HABITAT,PLT-PIV-006-TERRAFORMING-FLORA,Terraforming Flora,habitat,Native Habitat Composition,16:9,"Create a canonical NOVERIS Nano Banana 2 visual for Terraforming Flora: Native Habitat Composition.

Canonical archetype:
A canonical terraforming flora designed as a scientifically plausible plant-like or fungal organism whose anchoring, support, transport, energy capture, growth, reproduction, ecology, and environmental adaptations are internally coherent.

Required visual and biological rules:
• credible anchoring
• coherent support and transport
• functional energy collectors
• reproductive logic
• environment-linked growth

Production request:
Create natural population with spacing and age diversity.

Studio-resolved canonical values:
{{canonicalId}}, {{displayName}}, {{scientificName}}, {{originPlanet}}, {{planetType}}, {{biome}}, {{gravity}}, {{atmosphere}}, {{climate}}, {{temperatureRange}}, {{sizeScale}}, {{coloration}}, {{materials}}, {{distinctiveFeatures}}, {{lockedTraits}}, {{rarity}}, {{artDirection}}.

Preserve every locked canonical field exactly. The result must use NOVERIS Scientific Realism: premium AAA science-fiction quality, museum-grade reference presentation, scientifically plausible structure, coherent materials, restrained coloration unless canon requires otherwise, readable silhouette, consistent scale and anatomy or growth across all views, soft neutral studio lighting, pure black background for isolated references, full requested subject visibility, generous negative space, and PSD-friendly extraction. Habitat and biome outputs may use the canonical environment. No baked-in text, labels, watermark, logo, border, or UI.

Create four clearly different but canon-compliant versions. Preserve body plan or growth architecture, structural counts, environmental adaptations, materials, defining features, and locked coloration. Vary only permitted secondary proportions, markings, surface detail, minor ornamentation, natural wear, and pose or growth irregularity.

Recommended aspect ratio: 16:9.","text, labels, watermark, signature, logo, border, frame, UI, HUD, cropped subject, duplicate anatomy, contradictory anatomy, impossible balance, unsupported structures, random wings, random horns, humanoid default, fantasy armor, weapons, cartoon, anime, toy-like materials, excessive neon, excessive glow, oversaturated colors, busy background, motion blur, low resolution, compression artifacts, generic Earth copy, unsupported fantasy styling, traits conflicting with locked canon",1.0.0,canonical
NB2-PLT-PIV-006-TERRAFORMING-FLORA-BIOME,PLT-PIV-006-TERRAFORMING-FLORA,Terraforming Flora,biome,Biome Composition,16:9,"Create a canonical NOVERIS Nano Banana 2 visual for Terraforming Flora: Biome Composition.

Canonical archetype:
A canonical terraforming flora designed as a scientifically plausible plant-like or fungal organism whose anchoring, support, transport, energy capture, growth, reproduction, ecology, and environmental adaptations are internally coherent.

Required visual and biological rules:
• credible anchoring
• coherent support and transport
• functional energy collectors
• reproductive logic
• environment-linked growth

Production request:
Create coordinated vegetation set at consistent scale.

Studio-resolved canonical values:
{{canonicalId}}, {{displayName}}, {{scientificName}}, {{originPlanet}}, {{planetType}}, {{biome}}, {{gravity}}, {{atmosphere}}, {{climate}}, {{temperatureRange}}, {{sizeScale}}, {{coloration}}, {{materials}}, {{distinctiveFeatures}}, {{lockedTraits}}, {{rarity}}, {{artDirection}}.

Preserve every locked canonical field exactly. The result must use NOVERIS Scientific Realism: premium AAA science-fiction quality, museum-grade reference presentation, scientifically plausible structure, coherent materials, restrained coloration unless canon requires otherwise, readable silhouette, consistent scale and anatomy or growth across all views, soft neutral studio lighting, pure black background for isolated references, full requested subject visibility, generous negative space, and PSD-friendly extraction. Habitat and biome outputs may use the canonical environment. No baked-in text, labels, watermark, logo, border, or UI.

Create four clearly different but canon-compliant versions. Preserve body plan or growth architecture, structural counts, environmental adaptations, materials, defining features, and locked coloration. Vary only permitted secondary proportions, markings, surface detail, minor ornamentation, natural wear, and pose or growth irregularity.

Recommended aspect ratio: 16:9.","text, labels, watermark, signature, logo, border, frame, UI, HUD, cropped subject, duplicate anatomy, contradictory anatomy, impossible balance, unsupported structures, random wings, random horns, humanoid default, fantasy armor, weapons, cartoon, anime, toy-like materials, excessive neon, excessive glow, oversaturated colors, busy background, motion blur, low resolution, compression artifacts, generic Earth copy, unsupported fantasy styling, traits conflicting with locked canon",1.0.0,canonical
NB2-PLT-PIV-006-TERRAFORMING-FLORA-DISCOVERY,PLT-PIV-006-TERRAFORMING-FLORA,Terraforming Flora,discovery,Discovery Scan,16:9,"Create a canonical NOVERIS Nano Banana 2 visual for Terraforming Flora: Discovery Scan.

Canonical archetype:
A canonical terraforming flora designed as a scientifically plausible plant-like or fungal organism whose anchoring, support, transport, energy capture, growth, reproduction, ecology, and environmental adaptations are internally coherent.

Required visual and biological rules:
• credible anchoring
• coherent support and transport
• functional energy collectors
• reproductive logic
• environment-linked growth

Production request:
Create centered scientific scan source without labels.

Studio-resolved canonical values:
{{canonicalId}}, {{displayName}}, {{scientificName}}, {{originPlanet}}, {{planetType}}, {{biome}}, {{gravity}}, {{atmosphere}}, {{climate}}, {{temperatureRange}}, {{sizeScale}}, {{coloration}}, {{materials}}, {{distinctiveFeatures}}, {{lockedTraits}}, {{rarity}}, {{artDirection}}.

Preserve every locked canonical field exactly. The result must use NOVERIS Scientific Realism: premium AAA science-fiction quality, museum-grade reference presentation, scientifically plausible structure, coherent materials, restrained coloration unless canon requires otherwise, readable silhouette, consistent scale and anatomy or growth across all views, soft neutral studio lighting, pure black background for isolated references, full requested subject visibility, generous negative space, and PSD-friendly extraction. Habitat and biome outputs may use the canonical environment. No baked-in text, labels, watermark, logo, border, or UI.

Create four clearly different but canon-compliant versions. Preserve body plan or growth architecture, structural counts, environmental adaptations, materials, defining features, and locked coloration. Vary only permitted secondary proportions, markings, surface detail, minor ornamentation, natural wear, and pose or growth irregularity.

Recommended aspect ratio: 16:9.","text, labels, watermark, signature, logo, border, frame, UI, HUD, cropped subject, duplicate anatomy, contradictory anatomy, impossible balance, unsupported structures, random wings, random horns, humanoid default, fantasy armor, weapons, cartoon, anime, toy-like materials, excessive neon, excessive glow, oversaturated colors, busy background, motion blur, low resolution, compression artifacts, generic Earth copy, unsupported fantasy styling, traits conflicting with locked canon",1.0.0,canonical
NB2-PLT-PIV-006-TERRAFORMING-FLORA-ICON,PLT-PIV-006-TERRAFORMING-FLORA,Terraforming Flora,icon,UI Icon,1:1,"Create a canonical NOVERIS Nano Banana 2 visual for Terraforming Flora: UI Icon.

Canonical archetype:
A canonical terraforming flora designed as a scientifically plausible plant-like or fungal organism whose anchoring, support, transport, energy capture, growth, reproduction, ecology, and environmental adaptations are internally coherent.

Required visual and biological rules:
• credible anchoring
• coherent support and transport
• functional energy collectors
• reproductive logic
• environment-linked growth

Production request:
Create isolated silhouette readable at 64 pixels.

Studio-resolved canonical values:
{{canonicalId}}, {{displayName}}, {{scientificName}}, {{originPlanet}}, {{planetType}}, {{biome}}, {{gravity}}, {{atmosphere}}, {{climate}}, {{temperatureRange}}, {{sizeScale}}, {{coloration}}, {{materials}}, {{distinctiveFeatures}}, {{lockedTraits}}, {{rarity}}, {{artDirection}}.

Preserve every locked canonical field exactly. The result must use NOVERIS Scientific Realism: premium AAA science-fiction quality, museum-grade reference presentation, scientifically plausible structure, coherent materials, restrained coloration unless canon requires otherwise, readable silhouette, consistent scale and anatomy or growth across all views, soft neutral studio lighting, pure black background for isolated references, full requested subject visibility, generous negative space, and PSD-friendly extraction. Habitat and biome outputs may use the canonical environment. No baked-in text, labels, watermark, logo, border, or UI.

Create four clearly different but canon-compliant versions. Preserve body plan or growth architecture, structural counts, environmental adaptations, materials, defining features, and locked coloration. Vary only permitted secondary proportions, markings, surface detail, minor ornamentation, natural wear, and pose or growth irregularity.

Recommended aspect ratio: 1:1.","text, labels, watermark, signature, logo, border, frame, UI, HUD, cropped subject, duplicate anatomy, contradictory anatomy, impossible balance, unsupported structures, random wings, random horns, humanoid default, fantasy armor, weapons, cartoon, anime, toy-like materials, excessive neon, excessive glow, oversaturated colors, busy background, motion blur, low resolution, compression artifacts, generic Earth copy, unsupported fantasy styling, traits conflicting with locked canon",1.0.0,canonical
NB2-PLT-PIV-006-TERRAFORMING-FLORA-SCALE,PLT-PIV-006-TERRAFORMING-FLORA,Terraforming Flora,scale,Scale Comparison,16:9,"Create a canonical NOVERIS Nano Banana 2 visual for Terraforming Flora: Scale Comparison.

Canonical archetype:
A canonical terraforming flora designed as a scientifically plausible plant-like or fungal organism whose anchoring, support, transport, energy capture, growth, reproduction, ecology, and environmental adaptations are internally coherent.

Required visual and biological rules:
• credible anchoring
• coherent support and transport
• functional energy collectors
• reproductive logic
• environment-linked growth

Production request:
Create side view with adult human silhouette and one-meter bar.

Studio-resolved canonical values:
{{canonicalId}}, {{displayName}}, {{scientificName}}, {{originPlanet}}, {{planetType}}, {{biome}}, {{gravity}}, {{atmosphere}}, {{climate}}, {{temperatureRange}}, {{sizeScale}}, {{coloration}}, {{materials}}, {{distinctiveFeatures}}, {{lockedTraits}}, {{rarity}}, {{artDirection}}.

Preserve every locked canonical field exactly. The result must use NOVERIS Scientific Realism: premium AAA science-fiction quality, museum-grade reference presentation, scientifically plausible structure, coherent materials, restrained coloration unless canon requires otherwise, readable silhouette, consistent scale and anatomy or growth across all views, soft neutral studio lighting, pure black background for isolated references, full requested subject visibility, generous negative space, and PSD-friendly extraction. Habitat and biome outputs may use the canonical environment. No baked-in text, labels, watermark, logo, border, or UI.

Create four clearly different but canon-compliant versions. Preserve body plan or growth architecture, structural counts, environmental adaptations, materials, defining features, and locked coloration. Vary only permitted secondary proportions, markings, surface detail, minor ornamentation, natural wear, and pose or growth irregularity.

Recommended aspect ratio: 16:9.","text, labels, watermark, signature, logo, border, frame, UI, HUD, cropped subject, duplicate anatomy, contradictory anatomy, impossible balance, unsupported structures, random wings, random horns, humanoid default, fantasy armor, weapons, cartoon, anime, toy-like materials, excessive neon, excessive glow, oversaturated colors, busy background, motion blur, low resolution, compression artifacts, generic Earth copy, unsupported fantasy styling, traits conflicting with locked canon",1.0.0,canonical
NB2-PLT-PIV-006-TERRAFORMING-FLORA-PLATE,PLT-PIV-006-TERRAFORMING-FLORA,Terraforming Flora,plate,Master Botanical Plate,16:9,"Create a canonical NOVERIS Nano Banana 2 visual for Terraforming Flora: Master Botanical Plate.

Canonical archetype:
A canonical terraforming flora designed as a scientifically plausible plant-like or fungal organism whose anchoring, support, transport, energy capture, growth, reproduction, ecology, and environmental adaptations are internally coherent.

Required visual and biological rules:
• credible anchoring
• coherent support and transport
• functional energy collectors
• reproductive logic
• environment-linked growth

Production request:
Create whole organism, views, roots, structure, collectors, reproduction, stages, materials and habitat vignette.

Studio-resolved canonical values:
{{canonicalId}}, {{displayName}}, {{scientificName}}, {{originPlanet}}, {{planetType}}, {{biome}}, {{gravity}}, {{atmosphere}}, {{climate}}, {{temperatureRange}}, {{sizeScale}}, {{coloration}}, {{materials}}, {{distinctiveFeatures}}, {{lockedTraits}}, {{rarity}}, {{artDirection}}.

Preserve every locked canonical field exactly. The result must use NOVERIS Scientific Realism: premium AAA science-fiction quality, museum-grade reference presentation, scientifically plausible structure, coherent materials, restrained coloration unless canon requires otherwise, readable silhouette, consistent scale and anatomy or growth across all views, soft neutral studio lighting, pure black background for isolated references, full requested subject visibility, generous negative space, and PSD-friendly extraction. Habitat and biome outputs may use the canonical environment. No baked-in text, labels, watermark, logo, border, or UI.

Create four clearly different but canon-compliant versions. Preserve body plan or growth architecture, structural counts, environmental adaptations, materials, defining features, and locked coloration. Vary only permitted secondary proportions, markings, surface detail, minor ornamentation, natural wear, and pose or growth irregularity.

Recommended aspect ratio: 16:9.","text, labels, watermark, signature, logo, border, frame, UI, HUD, cropped subject, duplicate anatomy, contradictory anatomy, impossible balance, unsupported structures, random wings, random horns, humanoid default, fantasy armor, weapons, cartoon, anime, toy-like materials, excessive neon, excessive glow, oversaturated colors, busy background, motion blur, low resolution, compression artifacts, generic Earth copy, unsupported fantasy styling, traits conflicting with locked canon",1.0.0,canonical
NB2-PLT-PIV-006-TERRAFORMING-FLORA-PSD,PLT-PIV-006-TERRAFORMING-FLORA,Terraforming Flora,psd,PSD Extraction Board,16:9,"Create a canonical NOVERIS Nano Banana 2 visual for Terraforming Flora: PSD Extraction Board.

Canonical archetype:
A canonical terraforming flora designed as a scientifically plausible plant-like or fungal organism whose anchoring, support, transport, energy capture, growth, reproduction, ecology, and environmental adaptations are internally coherent.

Required visual and biological rules:
• credible anchoring
• coherent support and transport
• functional energy collectors
• reproductive logic
• environment-linked growth

Production request:
Create isolated whole organism, parts, silhouette and material references.

Studio-resolved canonical values:
{{canonicalId}}, {{displayName}}, {{scientificName}}, {{originPlanet}}, {{planetType}}, {{biome}}, {{gravity}}, {{atmosphere}}, {{climate}}, {{temperatureRange}}, {{sizeScale}}, {{coloration}}, {{materials}}, {{distinctiveFeatures}}, {{lockedTraits}}, {{rarity}}, {{artDirection}}.

Preserve every locked canonical field exactly. The result must use NOVERIS Scientific Realism: premium AAA science-fiction quality, museum-grade reference presentation, scientifically plausible structure, coherent materials, restrained coloration unless canon requires otherwise, readable silhouette, consistent scale and anatomy or growth across all views, soft neutral studio lighting, pure black background for isolated references, full requested subject visibility, generous negative space, and PSD-friendly extraction. Habitat and biome outputs may use the canonical environment. No baked-in text, labels, watermark, logo, border, or UI.

Create four clearly different but canon-compliant versions. Preserve body plan or growth architecture, structural counts, environmental adaptations, materials, defining features, and locked coloration. Vary only permitted secondary proportions, markings, surface detail, minor ornamentation, natural wear, and pose or growth irregularity.

Recommended aspect ratio: 16:9.","text, labels, watermark, signature, logo, border, frame, UI, HUD, cropped subject, duplicate anatomy, contradictory anatomy, impossible balance, unsupported structures, random wings, random horns, humanoid default, fantasy armor, weapons, cartoon, anime, toy-like materials, excessive neon, excessive glow, oversaturated colors, busy background, motion blur, low resolution, compression artifacts, generic Earth copy, unsupported fantasy styling, traits conflicting with locked canon",1.0.0,canonical
NB2-PLT-PIV-007-ATMOSPHERE-PROCESSING-FLORA-WHOLE-PLANT,PLT-PIV-007-ATMOSPHERE-PROCESSING-FLORA,Atmosphere-Processing Flora,whole-plant,Whole Plant Production Render,3:4,"Create a canonical NOVERIS Nano Banana 2 visual for Atmosphere-Processing Flora: Whole Plant Production Render.

Canonical archetype:
A canonical atmosphere-processing flora designed as a scientifically plausible plant-like or fungal organism whose anchoring, support, transport, energy capture, growth, reproduction, ecology, and environmental adaptations are internally coherent.

Required visual and biological rules:
• credible anchoring
• coherent support and transport
• functional energy collectors
• reproductive logic
• environment-linked growth

Production request:
Create complete mature organism including roots or anchor system.

Studio-resolved canonical values:
{{canonicalId}}, {{displayName}}, {{scientificName}}, {{originPlanet}}, {{planetType}}, {{biome}}, {{gravity}}, {{atmosphere}}, {{climate}}, {{temperatureRange}}, {{sizeScale}}, {{coloration}}, {{materials}}, {{distinctiveFeatures}}, {{lockedTraits}}, {{rarity}}, {{artDirection}}.

Preserve every locked canonical field exactly. The result must use NOVERIS Scientific Realism: premium AAA science-fiction quality, museum-grade reference presentation, scientifically plausible structure, coherent materials, restrained coloration unless canon requires otherwise, readable silhouette, consistent scale and anatomy or growth across all views, soft neutral studio lighting, pure black background for isolated references, full requested subject visibility, generous negative space, and PSD-friendly extraction. Habitat and biome outputs may use the canonical environment. No baked-in text, labels, watermark, logo, border, or UI.

Create four clearly different but canon-compliant versions. Preserve body plan or growth architecture, structural counts, environmental adaptations, materials, defining features, and locked coloration. Vary only permitted secondary proportions, markings, surface detail, minor ornamentation, natural wear, and pose or growth irregularity.

Recommended aspect ratio: 3:4.","text, labels, watermark, signature, logo, border, frame, UI, HUD, cropped subject, duplicate anatomy, contradictory anatomy, impossible balance, unsupported structures, random wings, random horns, humanoid default, fantasy armor, weapons, cartoon, anime, toy-like materials, excessive neon, excessive glow, oversaturated colors, busy background, motion blur, low resolution, compression artifacts, generic Earth copy, unsupported fantasy styling, traits conflicting with locked canon",1.0.0,canonical
NB2-PLT-PIV-007-ATMOSPHERE-PROCESSING-FLORA-PORTRAIT,PLT-PIV-007-ATMOSPHERE-PROCESSING-FLORA,Atmosphere-Processing Flora,portrait,Botanical Portrait,1:1,"Create a canonical NOVERIS Nano Banana 2 visual for Atmosphere-Processing Flora: Botanical Portrait.

Canonical archetype:
A canonical atmosphere-processing flora designed as a scientifically plausible plant-like or fungal organism whose anchoring, support, transport, energy capture, growth, reproduction, ecology, and environmental adaptations are internally coherent.

Required visual and biological rules:
• credible anchoring
• coherent support and transport
• functional energy collectors
• reproductive logic
• environment-linked growth

Production request:
Create defining growth form, foliage, collectors and reproduction.

Studio-resolved canonical values:
{{canonicalId}}, {{displayName}}, {{scientificName}}, {{originPlanet}}, {{planetType}}, {{biome}}, {{gravity}}, {{atmosphere}}, {{climate}}, {{temperatureRange}}, {{sizeScale}}, {{coloration}}, {{materials}}, {{distinctiveFeatures}}, {{lockedTraits}}, {{rarity}}, {{artDirection}}.

Preserve every locked canonical field exactly. The result must use NOVERIS Scientific Realism: premium AAA science-fiction quality, museum-grade reference presentation, scientifically plausible structure, coherent materials, restrained coloration unless canon requires otherwise, readable silhouette, consistent scale and anatomy or growth across all views, soft neutral studio lighting, pure black background for isolated references, full requested subject visibility, generous negative space, and PSD-friendly extraction. Habitat and biome outputs may use the canonical environment. No baked-in text, labels, watermark, logo, border, or UI.

Create four clearly different but canon-compliant versions. Preserve body plan or growth architecture, structural counts, environmental adaptations, materials, defining features, and locked coloration. Vary only permitted secondary proportions, markings, surface detail, minor ornamentation, natural wear, and pose or growth irregularity.

Recommended aspect ratio: 1:1.","text, labels, watermark, signature, logo, border, frame, UI, HUD, cropped subject, duplicate anatomy, contradictory anatomy, impossible balance, unsupported structures, random wings, random horns, humanoid default, fantasy armor, weapons, cartoon, anime, toy-like materials, excessive neon, excessive glow, oversaturated colors, busy background, motion blur, low resolution, compression artifacts, generic Earth copy, unsupported fantasy styling, traits conflicting with locked canon",1.0.0,canonical
NB2-PLT-PIV-007-ATMOSPHERE-PROCESSING-FLORA-ORTHO-FRONT,PLT-PIV-007-ATMOSPHERE-PROCESSING-FLORA,Atmosphere-Processing Flora,ortho-front,Orthographic Front,3:4,"Create a canonical NOVERIS Nano Banana 2 visual for Atmosphere-Processing Flora: Orthographic Front.

Canonical archetype:
A canonical atmosphere-processing flora designed as a scientifically plausible plant-like or fungal organism whose anchoring, support, transport, energy capture, growth, reproduction, ecology, and environmental adaptations are internally coherent.

Required visual and biological rules:
• credible anchoring
• coherent support and transport
• functional energy collectors
• reproductive logic
• environment-linked growth

Production request:
Create exact front orthographic view.

Studio-resolved canonical values:
{{canonicalId}}, {{displayName}}, {{scientificName}}, {{originPlanet}}, {{planetType}}, {{biome}}, {{gravity}}, {{atmosphere}}, {{climate}}, {{temperatureRange}}, {{sizeScale}}, {{coloration}}, {{materials}}, {{distinctiveFeatures}}, {{lockedTraits}}, {{rarity}}, {{artDirection}}.

Preserve every locked canonical field exactly. The result must use NOVERIS Scientific Realism: premium AAA science-fiction quality, museum-grade reference presentation, scientifically plausible structure, coherent materials, restrained coloration unless canon requires otherwise, readable silhouette, consistent scale and anatomy or growth across all views, soft neutral studio lighting, pure black background for isolated references, full requested subject visibility, generous negative space, and PSD-friendly extraction. Habitat and biome outputs may use the canonical environment. No baked-in text, labels, watermark, logo, border, or UI.

Create four clearly different but canon-compliant versions. Preserve body plan or growth architecture, structural counts, environmental adaptations, materials, defining features, and locked coloration. Vary only permitted secondary proportions, markings, surface detail, minor ornamentation, natural wear, and pose or growth irregularity.

Recommended aspect ratio: 3:4.","text, labels, watermark, signature, logo, border, frame, UI, HUD, cropped subject, duplicate anatomy, contradictory anatomy, impossible balance, unsupported structures, random wings, random horns, humanoid default, fantasy armor, weapons, cartoon, anime, toy-like materials, excessive neon, excessive glow, oversaturated colors, busy background, motion blur, low resolution, compression artifacts, generic Earth copy, unsupported fantasy styling, traits conflicting with locked canon",1.0.0,canonical
NB2-PLT-PIV-007-ATMOSPHERE-PROCESSING-FLORA-ORTHO-SIDE,PLT-PIV-007-ATMOSPHERE-PROCESSING-FLORA,Atmosphere-Processing Flora,ortho-side,Orthographic Side,3:4,"Create a canonical NOVERIS Nano Banana 2 visual for Atmosphere-Processing Flora: Orthographic Side.

Canonical archetype:
A canonical atmosphere-processing flora designed as a scientifically plausible plant-like or fungal organism whose anchoring, support, transport, energy capture, growth, reproduction, ecology, and environmental adaptations are internally coherent.

Required visual and biological rules:
• credible anchoring
• coherent support and transport
• functional energy collectors
• reproductive logic
• environment-linked growth

Production request:
Create exact side orthographic view.

Studio-resolved canonical values:
{{canonicalId}}, {{displayName}}, {{scientificName}}, {{originPlanet}}, {{planetType}}, {{biome}}, {{gravity}}, {{atmosphere}}, {{climate}}, {{temperatureRange}}, {{sizeScale}}, {{coloration}}, {{materials}}, {{distinctiveFeatures}}, {{lockedTraits}}, {{rarity}}, {{artDirection}}.

Preserve every locked canonical field exactly. The result must use NOVERIS Scientific Realism: premium AAA science-fiction quality, museum-grade reference presentation, scientifically plausible structure, coherent materials, restrained coloration unless canon requires otherwise, readable silhouette, consistent scale and anatomy or growth across all views, soft neutral studio lighting, pure black background for isolated references, full requested subject visibility, generous negative space, and PSD-friendly extraction. Habitat and biome outputs may use the canonical environment. No baked-in text, labels, watermark, logo, border, or UI.

Create four clearly different but canon-compliant versions. Preserve body plan or growth architecture, structural counts, environmental adaptations, materials, defining features, and locked coloration. Vary only permitted secondary proportions, markings, surface detail, minor ornamentation, natural wear, and pose or growth irregularity.

Recommended aspect ratio: 3:4.","text, labels, watermark, signature, logo, border, frame, UI, HUD, cropped subject, duplicate anatomy, contradictory anatomy, impossible balance, unsupported structures, random wings, random horns, humanoid default, fantasy armor, weapons, cartoon, anime, toy-like materials, excessive neon, excessive glow, oversaturated colors, busy background, motion blur, low resolution, compression artifacts, generic Earth copy, unsupported fantasy styling, traits conflicting with locked canon",1.0.0,canonical
NB2-PLT-PIV-007-ATMOSPHERE-PROCESSING-FLORA-ORTHO-TOP,PLT-PIV-007-ATMOSPHERE-PROCESSING-FLORA,Atmosphere-Processing Flora,ortho-top,Orthographic Top,1:1,"Create a canonical NOVERIS Nano Banana 2 visual for Atmosphere-Processing Flora: Orthographic Top.

Canonical archetype:
A canonical atmosphere-processing flora designed as a scientifically plausible plant-like or fungal organism whose anchoring, support, transport, energy capture, growth, reproduction, ecology, and environmental adaptations are internally coherent.

Required visual and biological rules:
• credible anchoring
• coherent support and transport
• functional energy collectors
• reproductive logic
• environment-linked growth

Production request:
Create exact top view showing spread and growth geometry.

Studio-resolved canonical values:
{{canonicalId}}, {{displayName}}, {{scientificName}}, {{originPlanet}}, {{planetType}}, {{biome}}, {{gravity}}, {{atmosphere}}, {{climate}}, {{temperatureRange}}, {{sizeScale}}, {{coloration}}, {{materials}}, {{distinctiveFeatures}}, {{lockedTraits}}, {{rarity}}, {{artDirection}}.

Preserve every locked canonical field exactly. The result must use NOVERIS Scientific Realism: premium AAA science-fiction quality, museum-grade reference presentation, scientifically plausible structure, coherent materials, restrained coloration unless canon requires otherwise, readable silhouette, consistent scale and anatomy or growth across all views, soft neutral studio lighting, pure black background for isolated references, full requested subject visibility, generous negative space, and PSD-friendly extraction. Habitat and biome outputs may use the canonical environment. No baked-in text, labels, watermark, logo, border, or UI.

Create four clearly different but canon-compliant versions. Preserve body plan or growth architecture, structural counts, environmental adaptations, materials, defining features, and locked coloration. Vary only permitted secondary proportions, markings, surface detail, minor ornamentation, natural wear, and pose or growth irregularity.

Recommended aspect ratio: 1:1.","text, labels, watermark, signature, logo, border, frame, UI, HUD, cropped subject, duplicate anatomy, contradictory anatomy, impossible balance, unsupported structures, random wings, random horns, humanoid default, fantasy armor, weapons, cartoon, anime, toy-like materials, excessive neon, excessive glow, oversaturated colors, busy background, motion blur, low resolution, compression artifacts, generic Earth copy, unsupported fantasy styling, traits conflicting with locked canon",1.0.0,canonical
NB2-PLT-PIV-007-ATMOSPHERE-PROCESSING-FLORA-ROOTS,PLT-PIV-007-ATMOSPHERE-PROCESSING-FLORA,Atmosphere-Processing Flora,roots,Root or Anchor System,16:9,"Create a canonical NOVERIS Nano Banana 2 visual for Atmosphere-Processing Flora: Root or Anchor System.

Canonical archetype:
A canonical atmosphere-processing flora designed as a scientifically plausible plant-like or fungal organism whose anchoring, support, transport, energy capture, growth, reproduction, ecology, and environmental adaptations are internally coherent.

Required visual and biological rules:
• credible anchoring
• coherent support and transport
• functional energy collectors
• reproductive logic
• environment-linked growth

Production request:
Create complete substrate interface and nutrient exchange structures.

Studio-resolved canonical values:
{{canonicalId}}, {{displayName}}, {{scientificName}}, {{originPlanet}}, {{planetType}}, {{biome}}, {{gravity}}, {{atmosphere}}, {{climate}}, {{temperatureRange}}, {{sizeScale}}, {{coloration}}, {{materials}}, {{distinctiveFeatures}}, {{lockedTraits}}, {{rarity}}, {{artDirection}}.

Preserve every locked canonical field exactly. The result must use NOVERIS Scientific Realism: premium AAA science-fiction quality, museum-grade reference presentation, scientifically plausible structure, coherent materials, restrained coloration unless canon requires otherwise, readable silhouette, consistent scale and anatomy or growth across all views, soft neutral studio lighting, pure black background for isolated references, full requested subject visibility, generous negative space, and PSD-friendly extraction. Habitat and biome outputs may use the canonical environment. No baked-in text, labels, watermark, logo, border, or UI.

Create four clearly different but canon-compliant versions. Preserve body plan or growth architecture, structural counts, environmental adaptations, materials, defining features, and locked coloration. Vary only permitted secondary proportions, markings, surface detail, minor ornamentation, natural wear, and pose or growth irregularity.

Recommended aspect ratio: 16:9.","text, labels, watermark, signature, logo, border, frame, UI, HUD, cropped subject, duplicate anatomy, contradictory anatomy, impossible balance, unsupported structures, random wings, random horns, humanoid default, fantasy armor, weapons, cartoon, anime, toy-like materials, excessive neon, excessive glow, oversaturated colors, busy background, motion blur, low resolution, compression artifacts, generic Earth copy, unsupported fantasy styling, traits conflicting with locked canon",1.0.0,canonical
NB2-PLT-PIV-007-ATMOSPHERE-PROCESSING-FLORA-STEMS,PLT-PIV-007-ATMOSPHERE-PROCESSING-FLORA,Atmosphere-Processing Flora,stems,"Stem, Trunk or Structural Study",16:9,"Create a canonical NOVERIS Nano Banana 2 visual for Atmosphere-Processing Flora: Stem, Trunk or Structural Study.

Canonical archetype:
A canonical atmosphere-processing flora designed as a scientifically plausible plant-like or fungal organism whose anchoring, support, transport, energy capture, growth, reproduction, ecology, and environmental adaptations are internally coherent.

Required visual and biological rules:
• credible anchoring
• coherent support and transport
• functional energy collectors
• reproductive logic
• environment-linked growth

Production request:
Create support and transport architecture.

Studio-resolved canonical values:
{{canonicalId}}, {{displayName}}, {{scientificName}}, {{originPlanet}}, {{planetType}}, {{biome}}, {{gravity}}, {{atmosphere}}, {{climate}}, {{temperatureRange}}, {{sizeScale}}, {{coloration}}, {{materials}}, {{distinctiveFeatures}}, {{lockedTraits}}, {{rarity}}, {{artDirection}}.

Preserve every locked canonical field exactly. The result must use NOVERIS Scientific Realism: premium AAA science-fiction quality, museum-grade reference presentation, scientifically plausible structure, coherent materials, restrained coloration unless canon requires otherwise, readable silhouette, consistent scale and anatomy or growth across all views, soft neutral studio lighting, pure black background for isolated references, full requested subject visibility, generous negative space, and PSD-friendly extraction. Habitat and biome outputs may use the canonical environment. No baked-in text, labels, watermark, logo, border, or UI.

Create four clearly different but canon-compliant versions. Preserve body plan or growth architecture, structural counts, environmental adaptations, materials, defining features, and locked coloration. Vary only permitted secondary proportions, markings, surface detail, minor ornamentation, natural wear, and pose or growth irregularity.

Recommended aspect ratio: 16:9.","text, labels, watermark, signature, logo, border, frame, UI, HUD, cropped subject, duplicate anatomy, contradictory anatomy, impossible balance, unsupported structures, random wings, random horns, humanoid default, fantasy armor, weapons, cartoon, anime, toy-like materials, excessive neon, excessive glow, oversaturated colors, busy background, motion blur, low resolution, compression artifacts, generic Earth copy, unsupported fantasy styling, traits conflicting with locked canon",1.0.0,canonical
NB2-PLT-PIV-007-ATMOSPHERE-PROCESSING-FLORA-COLLECTORS,PLT-PIV-007-ATMOSPHERE-PROCESSING-FLORA,Atmosphere-Processing Flora,collectors,Leaves or Collector Study,16:9,"Create a canonical NOVERIS Nano Banana 2 visual for Atmosphere-Processing Flora: Leaves or Collector Study.

Canonical archetype:
A canonical atmosphere-processing flora designed as a scientifically plausible plant-like or fungal organism whose anchoring, support, transport, energy capture, growth, reproduction, ecology, and environmental adaptations are internally coherent.

Required visual and biological rules:
• credible anchoring
• coherent support and transport
• functional energy collectors
• reproductive logic
• environment-linked growth

Production request:
Create front, back, edge, juvenile, mature and stressed states.

Studio-resolved canonical values:
{{canonicalId}}, {{displayName}}, {{scientificName}}, {{originPlanet}}, {{planetType}}, {{biome}}, {{gravity}}, {{atmosphere}}, {{climate}}, {{temperatureRange}}, {{sizeScale}}, {{coloration}}, {{materials}}, {{distinctiveFeatures}}, {{lockedTraits}}, {{rarity}}, {{artDirection}}.

Preserve every locked canonical field exactly. The result must use NOVERIS Scientific Realism: premium AAA science-fiction quality, museum-grade reference presentation, scientifically plausible structure, coherent materials, restrained coloration unless canon requires otherwise, readable silhouette, consistent scale and anatomy or growth across all views, soft neutral studio lighting, pure black background for isolated references, full requested subject visibility, generous negative space, and PSD-friendly extraction. Habitat and biome outputs may use the canonical environment. No baked-in text, labels, watermark, logo, border, or UI.

Create four clearly different but canon-compliant versions. Preserve body plan or growth architecture, structural counts, environmental adaptations, materials, defining features, and locked coloration. Vary only permitted secondary proportions, markings, surface detail, minor ornamentation, natural wear, and pose or growth irregularity.

Recommended aspect ratio: 16:9.","text, labels, watermark, signature, logo, border, frame, UI, HUD, cropped subject, duplicate anatomy, contradictory anatomy, impossible balance, unsupported structures, random wings, random horns, humanoid default, fantasy armor, weapons, cartoon, anime, toy-like materials, excessive neon, excessive glow, oversaturated colors, busy background, motion blur, low resolution, compression artifacts, generic Earth copy, unsupported fantasy styling, traits conflicting with locked canon",1.0.0,canonical
NB2-PLT-PIV-007-ATMOSPHERE-PROCESSING-FLORA-REPRODUCTION,PLT-PIV-007-ATMOSPHERE-PROCESSING-FLORA,Atmosphere-Processing Flora,reproduction,Reproductive Structure,16:9,"Create a canonical NOVERIS Nano Banana 2 visual for Atmosphere-Processing Flora: Reproductive Structure.

Canonical archetype:
A canonical atmosphere-processing flora designed as a scientifically plausible plant-like or fungal organism whose anchoring, support, transport, energy capture, growth, reproduction, ecology, and environmental adaptations are internally coherent.

Required visual and biological rules:
• credible anchoring
• coherent support and transport
• functional energy collectors
• reproductive logic
• environment-linked growth

Production request:
Create flowers, cones, spores, fields or equivalent stages.

Studio-resolved canonical values:
{{canonicalId}}, {{displayName}}, {{scientificName}}, {{originPlanet}}, {{planetType}}, {{biome}}, {{gravity}}, {{atmosphere}}, {{climate}}, {{temperatureRange}}, {{sizeScale}}, {{coloration}}, {{materials}}, {{distinctiveFeatures}}, {{lockedTraits}}, {{rarity}}, {{artDirection}}.

Preserve every locked canonical field exactly. The result must use NOVERIS Scientific Realism: premium AAA science-fiction quality, museum-grade reference presentation, scientifically plausible structure, coherent materials, restrained coloration unless canon requires otherwise, readable silhouette, consistent scale and anatomy or growth across all views, soft neutral studio lighting, pure black background for isolated references, full requested subject visibility, generous negative space, and PSD-friendly extraction. Habitat and biome outputs may use the canonical environment. No baked-in text, labels, watermark, logo, border, or UI.

Create four clearly different but canon-compliant versions. Preserve body plan or growth architecture, structural counts, environmental adaptations, materials, defining features, and locked coloration. Vary only permitted secondary proportions, markings, surface detail, minor ornamentation, natural wear, and pose or growth irregularity.

Recommended aspect ratio: 16:9.","text, labels, watermark, signature, logo, border, frame, UI, HUD, cropped subject, duplicate anatomy, contradictory anatomy, impossible balance, unsupported structures, random wings, random horns, humanoid default, fantasy armor, weapons, cartoon, anime, toy-like materials, excessive neon, excessive glow, oversaturated colors, busy background, motion blur, low resolution, compression artifacts, generic Earth copy, unsupported fantasy styling, traits conflicting with locked canon",1.0.0,canonical
NB2-PLT-PIV-007-ATMOSPHERE-PROCESSING-FLORA-PROPAGULES,PLT-PIV-007-ATMOSPHERE-PROCESSING-FLORA,Atmosphere-Processing Flora,propagules,"Seed, Spore or Propagule Study",16:9,"Create a canonical NOVERIS Nano Banana 2 visual for Atmosphere-Processing Flora: Seed, Spore or Propagule Study.

Canonical archetype:
A canonical atmosphere-processing flora designed as a scientifically plausible plant-like or fungal organism whose anchoring, support, transport, energy capture, growth, reproduction, ecology, and environmental adaptations are internally coherent.

Required visual and biological rules:
• credible anchoring
• coherent support and transport
• functional energy collectors
• reproductive logic
• environment-linked growth

Production request:
Create dispersal, germination and early establishment.

Studio-resolved canonical values:
{{canonicalId}}, {{displayName}}, {{scientificName}}, {{originPlanet}}, {{planetType}}, {{biome}}, {{gravity}}, {{atmosphere}}, {{climate}}, {{temperatureRange}}, {{sizeScale}}, {{coloration}}, {{materials}}, {{distinctiveFeatures}}, {{lockedTraits}}, {{rarity}}, {{artDirection}}.

Preserve every locked canonical field exactly. The result must use NOVERIS Scientific Realism: premium AAA science-fiction quality, museum-grade reference presentation, scientifically plausible structure, coherent materials, restrained coloration unless canon requires otherwise, readable silhouette, consistent scale and anatomy or growth across all views, soft neutral studio lighting, pure black background for isolated references, full requested subject visibility, generous negative space, and PSD-friendly extraction. Habitat and biome outputs may use the canonical environment. No baked-in text, labels, watermark, logo, border, or UI.

Create four clearly different but canon-compliant versions. Preserve body plan or growth architecture, structural counts, environmental adaptations, materials, defining features, and locked coloration. Vary only permitted secondary proportions, markings, surface detail, minor ornamentation, natural wear, and pose or growth irregularity.

Recommended aspect ratio: 16:9.","text, labels, watermark, signature, logo, border, frame, UI, HUD, cropped subject, duplicate anatomy, contradictory anatomy, impossible balance, unsupported structures, random wings, random horns, humanoid default, fantasy armor, weapons, cartoon, anime, toy-like materials, excessive neon, excessive glow, oversaturated colors, busy background, motion blur, low resolution, compression artifacts, generic Earth copy, unsupported fantasy styling, traits conflicting with locked canon",1.0.0,canonical
NB2-PLT-PIV-007-ATMOSPHERE-PROCESSING-FLORA-CROSS-SECTION,PLT-PIV-007-ATMOSPHERE-PROCESSING-FLORA,Atmosphere-Processing Flora,cross-section,Internal Cross Section,16:9,"Create a canonical NOVERIS Nano Banana 2 visual for Atmosphere-Processing Flora: Internal Cross Section.

Canonical archetype:
A canonical atmosphere-processing flora designed as a scientifically plausible plant-like or fungal organism whose anchoring, support, transport, energy capture, growth, reproduction, ecology, and environmental adaptations are internally coherent.

Required visual and biological rules:
• credible anchoring
• coherent support and transport
• functional energy collectors
• reproductive logic
• environment-linked growth

Production request:
Create protection, transport, support, storage and reproduction.

Studio-resolved canonical values:
{{canonicalId}}, {{displayName}}, {{scientificName}}, {{originPlanet}}, {{planetType}}, {{biome}}, {{gravity}}, {{atmosphere}}, {{climate}}, {{temperatureRange}}, {{sizeScale}}, {{coloration}}, {{materials}}, {{distinctiveFeatures}}, {{lockedTraits}}, {{rarity}}, {{artDirection}}.

Preserve every locked canonical field exactly. The result must use NOVERIS Scientific Realism: premium AAA science-fiction quality, museum-grade reference presentation, scientifically plausible structure, coherent materials, restrained coloration unless canon requires otherwise, readable silhouette, consistent scale and anatomy or growth across all views, soft neutral studio lighting, pure black background for isolated references, full requested subject visibility, generous negative space, and PSD-friendly extraction. Habitat and biome outputs may use the canonical environment. No baked-in text, labels, watermark, logo, border, or UI.

Create four clearly different but canon-compliant versions. Preserve body plan or growth architecture, structural counts, environmental adaptations, materials, defining features, and locked coloration. Vary only permitted secondary proportions, markings, surface detail, minor ornamentation, natural wear, and pose or growth irregularity.

Recommended aspect ratio: 16:9.","text, labels, watermark, signature, logo, border, frame, UI, HUD, cropped subject, duplicate anatomy, contradictory anatomy, impossible balance, unsupported structures, random wings, random horns, humanoid default, fantasy armor, weapons, cartoon, anime, toy-like materials, excessive neon, excessive glow, oversaturated colors, busy background, motion blur, low resolution, compression artifacts, generic Earth copy, unsupported fantasy styling, traits conflicting with locked canon",1.0.0,canonical
NB2-PLT-PIV-007-ATMOSPHERE-PROCESSING-FLORA-GROWTH,PLT-PIV-007-ATMOSPHERE-PROCESSING-FLORA,Atmosphere-Processing Flora,growth,Growth Stages,16:9,"Create a canonical NOVERIS Nano Banana 2 visual for Atmosphere-Processing Flora: Growth Stages.

Canonical archetype:
A canonical atmosphere-processing flora designed as a scientifically plausible plant-like or fungal organism whose anchoring, support, transport, energy capture, growth, reproduction, ecology, and environmental adaptations are internally coherent.

Required visual and biological rules:
• credible anchoring
• coherent support and transport
• functional energy collectors
• reproductive logic
• environment-linked growth

Production request:
Create propagule, juvenile, mature, reproductive and senescent stages.

Studio-resolved canonical values:
{{canonicalId}}, {{displayName}}, {{scientificName}}, {{originPlanet}}, {{planetType}}, {{biome}}, {{gravity}}, {{atmosphere}}, {{climate}}, {{temperatureRange}}, {{sizeScale}}, {{coloration}}, {{materials}}, {{distinctiveFeatures}}, {{lockedTraits}}, {{rarity}}, {{artDirection}}.

Preserve every locked canonical field exactly. The result must use NOVERIS Scientific Realism: premium AAA science-fiction quality, museum-grade reference presentation, scientifically plausible structure, coherent materials, restrained coloration unless canon requires otherwise, readable silhouette, consistent scale and anatomy or growth across all views, soft neutral studio lighting, pure black background for isolated references, full requested subject visibility, generous negative space, and PSD-friendly extraction. Habitat and biome outputs may use the canonical environment. No baked-in text, labels, watermark, logo, border, or UI.

Create four clearly different but canon-compliant versions. Preserve body plan or growth architecture, structural counts, environmental adaptations, materials, defining features, and locked coloration. Vary only permitted secondary proportions, markings, surface detail, minor ornamentation, natural wear, and pose or growth irregularity.

Recommended aspect ratio: 16:9.","text, labels, watermark, signature, logo, border, frame, UI, HUD, cropped subject, duplicate anatomy, contradictory anatomy, impossible balance, unsupported structures, random wings, random horns, humanoid default, fantasy armor, weapons, cartoon, anime, toy-like materials, excessive neon, excessive glow, oversaturated colors, busy background, motion blur, low resolution, compression artifacts, generic Earth copy, unsupported fantasy styling, traits conflicting with locked canon",1.0.0,canonical
NB2-PLT-PIV-007-ATMOSPHERE-PROCESSING-FLORA-SEASONAL,PLT-PIV-007-ATMOSPHERE-PROCESSING-FLORA,Atmosphere-Processing Flora,seasonal,Seasonal and Stress Variants,16:9,"Create a canonical NOVERIS Nano Banana 2 visual for Atmosphere-Processing Flora: Seasonal and Stress Variants.

Canonical archetype:
A canonical atmosphere-processing flora designed as a scientifically plausible plant-like or fungal organism whose anchoring, support, transport, energy capture, growth, reproduction, ecology, and environmental adaptations are internally coherent.

Required visual and biological rules:
• credible anchoring
• coherent support and transport
• functional energy collectors
• reproductive logic
• environment-linked growth

Production request:
Create growth, reproduction, dormancy, damage and recovery.

Studio-resolved canonical values:
{{canonicalId}}, {{displayName}}, {{scientificName}}, {{originPlanet}}, {{planetType}}, {{biome}}, {{gravity}}, {{atmosphere}}, {{climate}}, {{temperatureRange}}, {{sizeScale}}, {{coloration}}, {{materials}}, {{distinctiveFeatures}}, {{lockedTraits}}, {{rarity}}, {{artDirection}}.

Preserve every locked canonical field exactly. The result must use NOVERIS Scientific Realism: premium AAA science-fiction quality, museum-grade reference presentation, scientifically plausible structure, coherent materials, restrained coloration unless canon requires otherwise, readable silhouette, consistent scale and anatomy or growth across all views, soft neutral studio lighting, pure black background for isolated references, full requested subject visibility, generous negative space, and PSD-friendly extraction. Habitat and biome outputs may use the canonical environment. No baked-in text, labels, watermark, logo, border, or UI.

Create four clearly different but canon-compliant versions. Preserve body plan or growth architecture, structural counts, environmental adaptations, materials, defining features, and locked coloration. Vary only permitted secondary proportions, markings, surface detail, minor ornamentation, natural wear, and pose or growth irregularity.

Recommended aspect ratio: 16:9.","text, labels, watermark, signature, logo, border, frame, UI, HUD, cropped subject, duplicate anatomy, contradictory anatomy, impossible balance, unsupported structures, random wings, random horns, humanoid default, fantasy armor, weapons, cartoon, anime, toy-like materials, excessive neon, excessive glow, oversaturated colors, busy background, motion blur, low resolution, compression artifacts, generic Earth copy, unsupported fantasy styling, traits conflicting with locked canon",1.0.0,canonical
NB2-PLT-PIV-007-ATMOSPHERE-PROCESSING-FLORA-HABITAT,PLT-PIV-007-ATMOSPHERE-PROCESSING-FLORA,Atmosphere-Processing Flora,habitat,Native Habitat Composition,16:9,"Create a canonical NOVERIS Nano Banana 2 visual for Atmosphere-Processing Flora: Native Habitat Composition.

Canonical archetype:
A canonical atmosphere-processing flora designed as a scientifically plausible plant-like or fungal organism whose anchoring, support, transport, energy capture, growth, reproduction, ecology, and environmental adaptations are internally coherent.

Required visual and biological rules:
• credible anchoring
• coherent support and transport
• functional energy collectors
• reproductive logic
• environment-linked growth

Production request:
Create natural population with spacing and age diversity.

Studio-resolved canonical values:
{{canonicalId}}, {{displayName}}, {{scientificName}}, {{originPlanet}}, {{planetType}}, {{biome}}, {{gravity}}, {{atmosphere}}, {{climate}}, {{temperatureRange}}, {{sizeScale}}, {{coloration}}, {{materials}}, {{distinctiveFeatures}}, {{lockedTraits}}, {{rarity}}, {{artDirection}}.

Preserve every locked canonical field exactly. The result must use NOVERIS Scientific Realism: premium AAA science-fiction quality, museum-grade reference presentation, scientifically plausible structure, coherent materials, restrained coloration unless canon requires otherwise, readable silhouette, consistent scale and anatomy or growth across all views, soft neutral studio lighting, pure black background for isolated references, full requested subject visibility, generous negative space, and PSD-friendly extraction. Habitat and biome outputs may use the canonical environment. No baked-in text, labels, watermark, logo, border, or UI.

Create four clearly different but canon-compliant versions. Preserve body plan or growth architecture, structural counts, environmental adaptations, materials, defining features, and locked coloration. Vary only permitted secondary proportions, markings, surface detail, minor ornamentation, natural wear, and pose or growth irregularity.

Recommended aspect ratio: 16:9.","text, labels, watermark, signature, logo, border, frame, UI, HUD, cropped subject, duplicate anatomy, contradictory anatomy, impossible balance, unsupported structures, random wings, random horns, humanoid default, fantasy armor, weapons, cartoon, anime, toy-like materials, excessive neon, excessive glow, oversaturated colors, busy background, motion blur, low resolution, compression artifacts, generic Earth copy, unsupported fantasy styling, traits conflicting with locked canon",1.0.0,canonical
NB2-PLT-PIV-007-ATMOSPHERE-PROCESSING-FLORA-BIOME,PLT-PIV-007-ATMOSPHERE-PROCESSING-FLORA,Atmosphere-Processing Flora,biome,Biome Composition,16:9,"Create a canonical NOVERIS Nano Banana 2 visual for Atmosphere-Processing Flora: Biome Composition.

Canonical archetype:
A canonical atmosphere-processing flora designed as a scientifically plausible plant-like or fungal organism whose anchoring, support, transport, energy capture, growth, reproduction, ecology, and environmental adaptations are internally coherent.

Required visual and biological rules:
• credible anchoring
• coherent support and transport
• functional energy collectors
• reproductive logic
• environment-linked growth

Production request:
Create coordinated vegetation set at consistent scale.

Studio-resolved canonical values:
{{canonicalId}}, {{displayName}}, {{scientificName}}, {{originPlanet}}, {{planetType}}, {{biome}}, {{gravity}}, {{atmosphere}}, {{climate}}, {{temperatureRange}}, {{sizeScale}}, {{coloration}}, {{materials}}, {{distinctiveFeatures}}, {{lockedTraits}}, {{rarity}}, {{artDirection}}.

Preserve every locked canonical field exactly. The result must use NOVERIS Scientific Realism: premium AAA science-fiction quality, museum-grade reference presentation, scientifically plausible structure, coherent materials, restrained coloration unless canon requires otherwise, readable silhouette, consistent scale and anatomy or growth across all views, soft neutral studio lighting, pure black background for isolated references, full requested subject visibility, generous negative space, and PSD-friendly extraction. Habitat and biome outputs may use the canonical environment. No baked-in text, labels, watermark, logo, border, or UI.

Create four clearly different but canon-compliant versions. Preserve body plan or growth architecture, structural counts, environmental adaptations, materials, defining features, and locked coloration. Vary only permitted secondary proportions, markings, surface detail, minor ornamentation, natural wear, and pose or growth irregularity.

Recommended aspect ratio: 16:9.","text, labels, watermark, signature, logo, border, frame, UI, HUD, cropped subject, duplicate anatomy, contradictory anatomy, impossible balance, unsupported structures, random wings, random horns, humanoid default, fantasy armor, weapons, cartoon, anime, toy-like materials, excessive neon, excessive glow, oversaturated colors, busy background, motion blur, low resolution, compression artifacts, generic Earth copy, unsupported fantasy styling, traits conflicting with locked canon",1.0.0,canonical
NB2-PLT-PIV-007-ATMOSPHERE-PROCESSING-FLORA-DISCOVERY,PLT-PIV-007-ATMOSPHERE-PROCESSING-FLORA,Atmosphere-Processing Flora,discovery,Discovery Scan,16:9,"Create a canonical NOVERIS Nano Banana 2 visual for Atmosphere-Processing Flora: Discovery Scan.

Canonical archetype:
A canonical atmosphere-processing flora designed as a scientifically plausible plant-like or fungal organism whose anchoring, support, transport, energy capture, growth, reproduction, ecology, and environmental adaptations are internally coherent.

Required visual and biological rules:
• credible anchoring
• coherent support and transport
• functional energy collectors
• reproductive logic
• environment-linked growth

Production request:
Create centered scientific scan source without labels.

Studio-resolved canonical values:
{{canonicalId}}, {{displayName}}, {{scientificName}}, {{originPlanet}}, {{planetType}}, {{biome}}, {{gravity}}, {{atmosphere}}, {{climate}}, {{temperatureRange}}, {{sizeScale}}, {{coloration}}, {{materials}}, {{distinctiveFeatures}}, {{lockedTraits}}, {{rarity}}, {{artDirection}}.

Preserve every locked canonical field exactly. The result must use NOVERIS Scientific Realism: premium AAA science-fiction quality, museum-grade reference presentation, scientifically plausible structure, coherent materials, restrained coloration unless canon requires otherwise, readable silhouette, consistent scale and anatomy or growth across all views, soft neutral studio lighting, pure black background for isolated references, full requested subject visibility, generous negative space, and PSD-friendly extraction. Habitat and biome outputs may use the canonical environment. No baked-in text, labels, watermark, logo, border, or UI.

Create four clearly different but canon-compliant versions. Preserve body plan or growth architecture, structural counts, environmental adaptations, materials, defining features, and locked coloration. Vary only permitted secondary proportions, markings, surface detail, minor ornamentation, natural wear, and pose or growth irregularity.

Recommended aspect ratio: 16:9.","text, labels, watermark, signature, logo, border, frame, UI, HUD, cropped subject, duplicate anatomy, contradictory anatomy, impossible balance, unsupported structures, random wings, random horns, humanoid default, fantasy armor, weapons, cartoon, anime, toy-like materials, excessive neon, excessive glow, oversaturated colors, busy background, motion blur, low resolution, compression artifacts, generic Earth copy, unsupported fantasy styling, traits conflicting with locked canon",1.0.0,canonical
NB2-PLT-PIV-007-ATMOSPHERE-PROCESSING-FLORA-ICON,PLT-PIV-007-ATMOSPHERE-PROCESSING-FLORA,Atmosphere-Processing Flora,icon,UI Icon,1:1,"Create a canonical NOVERIS Nano Banana 2 visual for Atmosphere-Processing Flora: UI Icon.

Canonical archetype:
A canonical atmosphere-processing flora designed as a scientifically plausible plant-like or fungal organism whose anchoring, support, transport, energy capture, growth, reproduction, ecology, and environmental adaptations are internally coherent.

Required visual and biological rules:
• credible anchoring
• coherent support and transport
• functional energy collectors
• reproductive logic
• environment-linked growth

Production request:
Create isolated silhouette readable at 64 pixels.

Studio-resolved canonical values:
{{canonicalId}}, {{displayName}}, {{scientificName}}, {{originPlanet}}, {{planetType}}, {{biome}}, {{gravity}}, {{atmosphere}}, {{climate}}, {{temperatureRange}}, {{sizeScale}}, {{coloration}}, {{materials}}, {{distinctiveFeatures}}, {{lockedTraits}}, {{rarity}}, {{artDirection}}.

Preserve every locked canonical field exactly. The result must use NOVERIS Scientific Realism: premium AAA science-fiction quality, museum-grade reference presentation, scientifically plausible structure, coherent materials, restrained coloration unless canon requires otherwise, readable silhouette, consistent scale and anatomy or growth across all views, soft neutral studio lighting, pure black background for isolated references, full requested subject visibility, generous negative space, and PSD-friendly extraction. Habitat and biome outputs may use the canonical environment. No baked-in text, labels, watermark, logo, border, or UI.

Create four clearly different but canon-compliant versions. Preserve body plan or growth architecture, structural counts, environmental adaptations, materials, defining features, and locked coloration. Vary only permitted secondary proportions, markings, surface detail, minor ornamentation, natural wear, and pose or growth irregularity.

Recommended aspect ratio: 1:1.","text, labels, watermark, signature, logo, border, frame, UI, HUD, cropped subject, duplicate anatomy, contradictory anatomy, impossible balance, unsupported structures, random wings, random horns, humanoid default, fantasy armor, weapons, cartoon, anime, toy-like materials, excessive neon, excessive glow, oversaturated colors, busy background, motion blur, low resolution, compression artifacts, generic Earth copy, unsupported fantasy styling, traits conflicting with locked canon",1.0.0,canonical
NB2-PLT-PIV-007-ATMOSPHERE-PROCESSING-FLORA-SCALE,PLT-PIV-007-ATMOSPHERE-PROCESSING-FLORA,Atmosphere-Processing Flora,scale,Scale Comparison,16:9,"Create a canonical NOVERIS Nano Banana 2 visual for Atmosphere-Processing Flora: Scale Comparison.

Canonical archetype:
A canonical atmosphere-processing flora designed as a scientifically plausible plant-like or fungal organism whose anchoring, support, transport, energy capture, growth, reproduction, ecology, and environmental adaptations are internally coherent.

Required visual and biological rules:
• credible anchoring
• coherent support and transport
• functional energy collectors
• reproductive logic
• environment-linked growth

Production request:
Create side view with adult human silhouette and one-meter bar.

Studio-resolved canonical values:
{{canonicalId}}, {{displayName}}, {{scientificName}}, {{originPlanet}}, {{planetType}}, {{biome}}, {{gravity}}, {{atmosphere}}, {{climate}}, {{temperatureRange}}, {{sizeScale}}, {{coloration}}, {{materials}}, {{distinctiveFeatures}}, {{lockedTraits}}, {{rarity}}, {{artDirection}}.

Preserve every locked canonical field exactly. The result must use NOVERIS Scientific Realism: premium AAA science-fiction quality, museum-grade reference presentation, scientifically plausible structure, coherent materials, restrained coloration unless canon requires otherwise, readable silhouette, consistent scale and anatomy or growth across all views, soft neutral studio lighting, pure black background for isolated references, full requested subject visibility, generous negative space, and PSD-friendly extraction. Habitat and biome outputs may use the canonical environment. No baked-in text, labels, watermark, logo, border, or UI.

Create four clearly different but canon-compliant versions. Preserve body plan or growth architecture, structural counts, environmental adaptations, materials, defining features, and locked coloration. Vary only permitted secondary proportions, markings, surface detail, minor ornamentation, natural wear, and pose or growth irregularity.

Recommended aspect ratio: 16:9.","text, labels, watermark, signature, logo, border, frame, UI, HUD, cropped subject, duplicate anatomy, contradictory anatomy, impossible balance, unsupported structures, random wings, random horns, humanoid default, fantasy armor, weapons, cartoon, anime, toy-like materials, excessive neon, excessive glow, oversaturated colors, busy background, motion blur, low resolution, compression artifacts, generic Earth copy, unsupported fantasy styling, traits conflicting with locked canon",1.0.0,canonical
NB2-PLT-PIV-007-ATMOSPHERE-PROCESSING-FLORA-PLATE,PLT-PIV-007-ATMOSPHERE-PROCESSING-FLORA,Atmosphere-Processing Flora,plate,Master Botanical Plate,16:9,"Create a canonical NOVERIS Nano Banana 2 visual for Atmosphere-Processing Flora: Master Botanical Plate.

Canonical archetype:
A canonical atmosphere-processing flora designed as a scientifically plausible plant-like or fungal organism whose anchoring, support, transport, energy capture, growth, reproduction, ecology, and environmental adaptations are internally coherent.

Required visual and biological rules:
• credible anchoring
• coherent support and transport
• functional energy collectors
• reproductive logic
• environment-linked growth

Production request:
Create whole organism, views, roots, structure, collectors, reproduction, stages, materials and habitat vignette.

Studio-resolved canonical values:
{{canonicalId}}, {{displayName}}, {{scientificName}}, {{originPlanet}}, {{planetType}}, {{biome}}, {{gravity}}, {{atmosphere}}, {{climate}}, {{temperatureRange}}, {{sizeScale}}, {{coloration}}, {{materials}}, {{distinctiveFeatures}}, {{lockedTraits}}, {{rarity}}, {{artDirection}}.

Preserve every locked canonical field exactly. The result must use NOVERIS Scientific Realism: premium AAA science-fiction quality, museum-grade reference presentation, scientifically plausible structure, coherent materials, restrained coloration unless canon requires otherwise, readable silhouette, consistent scale and anatomy or growth across all views, soft neutral studio lighting, pure black background for isolated references, full requested subject visibility, generous negative space, and PSD-friendly extraction. Habitat and biome outputs may use the canonical environment. No baked-in text, labels, watermark, logo, border, or UI.

Create four clearly different but canon-compliant versions. Preserve body plan or growth architecture, structural counts, environmental adaptations, materials, defining features, and locked coloration. Vary only permitted secondary proportions, markings, surface detail, minor ornamentation, natural wear, and pose or growth irregularity.

Recommended aspect ratio: 16:9.","text, labels, watermark, signature, logo, border, frame, UI, HUD, cropped subject, duplicate anatomy, contradictory anatomy, impossible balance, unsupported structures, random wings, random horns, humanoid default, fantasy armor, weapons, cartoon, anime, toy-like materials, excessive neon, excessive glow, oversaturated colors, busy background, motion blur, low resolution, compression artifacts, generic Earth copy, unsupported fantasy styling, traits conflicting with locked canon",1.0.0,canonical
NB2-PLT-PIV-007-ATMOSPHERE-PROCESSING-FLORA-PSD,PLT-PIV-007-ATMOSPHERE-PROCESSING-FLORA,Atmosphere-Processing Flora,psd,PSD Extraction Board,16:9,"Create a canonical NOVERIS Nano Banana 2 visual for Atmosphere-Processing Flora: PSD Extraction Board.

Canonical archetype:
A canonical atmosphere-processing flora designed as a scientifically plausible plant-like or fungal organism whose anchoring, support, transport, energy capture, growth, reproduction, ecology, and environmental adaptations are internally coherent.

Required visual and biological rules:
• credible anchoring
• coherent support and transport
• functional energy collectors
• reproductive logic
• environment-linked growth

Production request:
Create isolated whole organism, parts, silhouette and material references.

Studio-resolved canonical values:
{{canonicalId}}, {{displayName}}, {{scientificName}}, {{originPlanet}}, {{planetType}}, {{biome}}, {{gravity}}, {{atmosphere}}, {{climate}}, {{temperatureRange}}, {{sizeScale}}, {{coloration}}, {{materials}}, {{distinctiveFeatures}}, {{lockedTraits}}, {{rarity}}, {{artDirection}}.

Preserve every locked canonical field exactly. The result must use NOVERIS Scientific Realism: premium AAA science-fiction quality, museum-grade reference presentation, scientifically plausible structure, coherent materials, restrained coloration unless canon requires otherwise, readable silhouette, consistent scale and anatomy or growth across all views, soft neutral studio lighting, pure black background for isolated references, full requested subject visibility, generous negative space, and PSD-friendly extraction. Habitat and biome outputs may use the canonical environment. No baked-in text, labels, watermark, logo, border, or UI.

Create four clearly different but canon-compliant versions. Preserve body plan or growth architecture, structural counts, environmental adaptations, materials, defining features, and locked coloration. Vary only permitted secondary proportions, markings, surface detail, minor ornamentation, natural wear, and pose or growth irregularity.

Recommended aspect ratio: 16:9.","text, labels, watermark, signature, logo, border, frame, UI, HUD, cropped subject, duplicate anatomy, contradictory anatomy, impossible balance, unsupported structures, random wings, random horns, humanoid default, fantasy armor, weapons, cartoon, anime, toy-like materials, excessive neon, excessive glow, oversaturated colors, busy background, motion blur, low resolution, compression artifacts, generic Earth copy, unsupported fantasy styling, traits conflicting with locked canon",1.0.0,canonical
NB2-PLT-PIV-008-SOIL-RESTORATION-FLORA-WHOLE-PLANT,PLT-PIV-008-SOIL-RESTORATION-FLORA,Soil-Restoration Flora,whole-plant,Whole Plant Production Render,3:4,"Create a canonical NOVERIS Nano Banana 2 visual for Soil-Restoration Flora: Whole Plant Production Render.

Canonical archetype:
A canonical soil-restoration flora designed as a scientifically plausible plant-like or fungal organism whose anchoring, support, transport, energy capture, growth, reproduction, ecology, and environmental adaptations are internally coherent.

Required visual and biological rules:
• credible anchoring
• coherent support and transport
• functional energy collectors
• reproductive logic
• environment-linked growth

Production request:
Create complete mature organism including roots or anchor system.

Studio-resolved canonical values:
{{canonicalId}}, {{displayName}}, {{scientificName}}, {{originPlanet}}, {{planetType}}, {{biome}}, {{gravity}}, {{atmosphere}}, {{climate}}, {{temperatureRange}}, {{sizeScale}}, {{coloration}}, {{materials}}, {{distinctiveFeatures}}, {{lockedTraits}}, {{rarity}}, {{artDirection}}.

Preserve every locked canonical field exactly. The result must use NOVERIS Scientific Realism: premium AAA science-fiction quality, museum-grade reference presentation, scientifically plausible structure, coherent materials, restrained coloration unless canon requires otherwise, readable silhouette, consistent scale and anatomy or growth across all views, soft neutral studio lighting, pure black background for isolated references, full requested subject visibility, generous negative space, and PSD-friendly extraction. Habitat and biome outputs may use the canonical environment. No baked-in text, labels, watermark, logo, border, or UI.

Create four clearly different but canon-compliant versions. Preserve body plan or growth architecture, structural counts, environmental adaptations, materials, defining features, and locked coloration. Vary only permitted secondary proportions, markings, surface detail, minor ornamentation, natural wear, and pose or growth irregularity.

Recommended aspect ratio: 3:4.","text, labels, watermark, signature, logo, border, frame, UI, HUD, cropped subject, duplicate anatomy, contradictory anatomy, impossible balance, unsupported structures, random wings, random horns, humanoid default, fantasy armor, weapons, cartoon, anime, toy-like materials, excessive neon, excessive glow, oversaturated colors, busy background, motion blur, low resolution, compression artifacts, generic Earth copy, unsupported fantasy styling, traits conflicting with locked canon",1.0.0,canonical
NB2-PLT-PIV-008-SOIL-RESTORATION-FLORA-PORTRAIT,PLT-PIV-008-SOIL-RESTORATION-FLORA,Soil-Restoration Flora,portrait,Botanical Portrait,1:1,"Create a canonical NOVERIS Nano Banana 2 visual for Soil-Restoration Flora: Botanical Portrait.

Canonical archetype:
A canonical soil-restoration flora designed as a scientifically plausible plant-like or fungal organism whose anchoring, support, transport, energy capture, growth, reproduction, ecology, and environmental adaptations are internally coherent.

Required visual and biological rules:
• credible anchoring
• coherent support and transport
• functional energy collectors
• reproductive logic
• environment-linked growth

Production request:
Create defining growth form, foliage, collectors and reproduction.

Studio-resolved canonical values:
{{canonicalId}}, {{displayName}}, {{scientificName}}, {{originPlanet}}, {{planetType}}, {{biome}}, {{gravity}}, {{atmosphere}}, {{climate}}, {{temperatureRange}}, {{sizeScale}}, {{coloration}}, {{materials}}, {{distinctiveFeatures}}, {{lockedTraits}}, {{rarity}}, {{artDirection}}.

Preserve every locked canonical field exactly. The result must use NOVERIS Scientific Realism: premium AAA science-fiction quality, museum-grade reference presentation, scientifically plausible structure, coherent materials, restrained coloration unless canon requires otherwise, readable silhouette, consistent scale and anatomy or growth across all views, soft neutral studio lighting, pure black background for isolated references, full requested subject visibility, generous negative space, and PSD-friendly extraction. Habitat and biome outputs may use the canonical environment. No baked-in text, labels, watermark, logo, border, or UI.

Create four clearly different but canon-compliant versions. Preserve body plan or growth architecture, structural counts, environmental adaptations, materials, defining features, and locked coloration. Vary only permitted secondary proportions, markings, surface detail, minor ornamentation, natural wear, and pose or growth irregularity.

Recommended aspect ratio: 1:1.","text, labels, watermark, signature, logo, border, frame, UI, HUD, cropped subject, duplicate anatomy, contradictory anatomy, impossible balance, unsupported structures, random wings, random horns, humanoid default, fantasy armor, weapons, cartoon, anime, toy-like materials, excessive neon, excessive glow, oversaturated colors, busy background, motion blur, low resolution, compression artifacts, generic Earth copy, unsupported fantasy styling, traits conflicting with locked canon",1.0.0,canonical
NB2-PLT-PIV-008-SOIL-RESTORATION-FLORA-ORTHO-FRONT,PLT-PIV-008-SOIL-RESTORATION-FLORA,Soil-Restoration Flora,ortho-front,Orthographic Front,3:4,"Create a canonical NOVERIS Nano Banana 2 visual for Soil-Restoration Flora: Orthographic Front.

Canonical archetype:
A canonical soil-restoration flora designed as a scientifically plausible plant-like or fungal organism whose anchoring, support, transport, energy capture, growth, reproduction, ecology, and environmental adaptations are internally coherent.

Required visual and biological rules:
• credible anchoring
• coherent support and transport
• functional energy collectors
• reproductive logic
• environment-linked growth

Production request:
Create exact front orthographic view.

Studio-resolved canonical values:
{{canonicalId}}, {{displayName}}, {{scientificName}}, {{originPlanet}}, {{planetType}}, {{biome}}, {{gravity}}, {{atmosphere}}, {{climate}}, {{temperatureRange}}, {{sizeScale}}, {{coloration}}, {{materials}}, {{distinctiveFeatures}}, {{lockedTraits}}, {{rarity}}, {{artDirection}}.

Preserve every locked canonical field exactly. The result must use NOVERIS Scientific Realism: premium AAA science-fiction quality, museum-grade reference presentation, scientifically plausible structure, coherent materials, restrained coloration unless canon requires otherwise, readable silhouette, consistent scale and anatomy or growth across all views, soft neutral studio lighting, pure black background for isolated references, full requested subject visibility, generous negative space, and PSD-friendly extraction. Habitat and biome outputs may use the canonical environment. No baked-in text, labels, watermark, logo, border, or UI.

Create four clearly different but canon-compliant versions. Preserve body plan or growth architecture, structural counts, environmental adaptations, materials, defining features, and locked coloration. Vary only permitted secondary proportions, markings, surface detail, minor ornamentation, natural wear, and pose or growth irregularity.

Recommended aspect ratio: 3:4.","text, labels, watermark, signature, logo, border, frame, UI, HUD, cropped subject, duplicate anatomy, contradictory anatomy, impossible balance, unsupported structures, random wings, random horns, humanoid default, fantasy armor, weapons, cartoon, anime, toy-like materials, excessive neon, excessive glow, oversaturated colors, busy background, motion blur, low resolution, compression artifacts, generic Earth copy, unsupported fantasy styling, traits conflicting with locked canon",1.0.0,canonical
NB2-PLT-PIV-008-SOIL-RESTORATION-FLORA-ORTHO-SIDE,PLT-PIV-008-SOIL-RESTORATION-FLORA,Soil-Restoration Flora,ortho-side,Orthographic Side,3:4,"Create a canonical NOVERIS Nano Banana 2 visual for Soil-Restoration Flora: Orthographic Side.

Canonical archetype:
A canonical soil-restoration flora designed as a scientifically plausible plant-like or fungal organism whose anchoring, support, transport, energy capture, growth, reproduction, ecology, and environmental adaptations are internally coherent.

Required visual and biological rules:
• credible anchoring
• coherent support and transport
• functional energy collectors
• reproductive logic
• environment-linked growth

Production request:
Create exact side orthographic view.

Studio-resolved canonical values:
{{canonicalId}}, {{displayName}}, {{scientificName}}, {{originPlanet}}, {{planetType}}, {{biome}}, {{gravity}}, {{atmosphere}}, {{climate}}, {{temperatureRange}}, {{sizeScale}}, {{coloration}}, {{materials}}, {{distinctiveFeatures}}, {{lockedTraits}}, {{rarity}}, {{artDirection}}.

Preserve every locked canonical field exactly. The result must use NOVERIS Scientific Realism: premium AAA science-fiction quality, museum-grade reference presentation, scientifically plausible structure, coherent materials, restrained coloration unless canon requires otherwise, readable silhouette, consistent scale and anatomy or growth across all views, soft neutral studio lighting, pure black background for isolated references, full requested subject visibility, generous negative space, and PSD-friendly extraction. Habitat and biome outputs may use the canonical environment. No baked-in text, labels, watermark, logo, border, or UI.

Create four clearly different but canon-compliant versions. Preserve body plan or growth architecture, structural counts, environmental adaptations, materials, defining features, and locked coloration. Vary only permitted secondary proportions, markings, surface detail, minor ornamentation, natural wear, and pose or growth irregularity.

Recommended aspect ratio: 3:4.","text, labels, watermark, signature, logo, border, frame, UI, HUD, cropped subject, duplicate anatomy, contradictory anatomy, impossible balance, unsupported structures, random wings, random horns, humanoid default, fantasy armor, weapons, cartoon, anime, toy-like materials, excessive neon, excessive glow, oversaturated colors, busy background, motion blur, low resolution, compression artifacts, generic Earth copy, unsupported fantasy styling, traits conflicting with locked canon",1.0.0,canonical
NB2-PLT-PIV-008-SOIL-RESTORATION-FLORA-ORTHO-TOP,PLT-PIV-008-SOIL-RESTORATION-FLORA,Soil-Restoration Flora,ortho-top,Orthographic Top,1:1,"Create a canonical NOVERIS Nano Banana 2 visual for Soil-Restoration Flora: Orthographic Top.

Canonical archetype:
A canonical soil-restoration flora designed as a scientifically plausible plant-like or fungal organism whose anchoring, support, transport, energy capture, growth, reproduction, ecology, and environmental adaptations are internally coherent.

Required visual and biological rules:
• credible anchoring
• coherent support and transport
• functional energy collectors
• reproductive logic
• environment-linked growth

Production request:
Create exact top view showing spread and growth geometry.

Studio-resolved canonical values:
{{canonicalId}}, {{displayName}}, {{scientificName}}, {{originPlanet}}, {{planetType}}, {{biome}}, {{gravity}}, {{atmosphere}}, {{climate}}, {{temperatureRange}}, {{sizeScale}}, {{coloration}}, {{materials}}, {{distinctiveFeatures}}, {{lockedTraits}}, {{rarity}}, {{artDirection}}.

Preserve every locked canonical field exactly. The result must use NOVERIS Scientific Realism: premium AAA science-fiction quality, museum-grade reference presentation, scientifically plausible structure, coherent materials, restrained coloration unless canon requires otherwise, readable silhouette, consistent scale and anatomy or growth across all views, soft neutral studio lighting, pure black background for isolated references, full requested subject visibility, generous negative space, and PSD-friendly extraction. Habitat and biome outputs may use the canonical environment. No baked-in text, labels, watermark, logo, border, or UI.

Create four clearly different but canon-compliant versions. Preserve body plan or growth architecture, structural counts, environmental adaptations, materials, defining features, and locked coloration. Vary only permitted secondary proportions, markings, surface detail, minor ornamentation, natural wear, and pose or growth irregularity.

Recommended aspect ratio: 1:1.","text, labels, watermark, signature, logo, border, frame, UI, HUD, cropped subject, duplicate anatomy, contradictory anatomy, impossible balance, unsupported structures, random wings, random horns, humanoid default, fantasy armor, weapons, cartoon, anime, toy-like materials, excessive neon, excessive glow, oversaturated colors, busy background, motion blur, low resolution, compression artifacts, generic Earth copy, unsupported fantasy styling, traits conflicting with locked canon",1.0.0,canonical
NB2-PLT-PIV-008-SOIL-RESTORATION-FLORA-ROOTS,PLT-PIV-008-SOIL-RESTORATION-FLORA,Soil-Restoration Flora,roots,Root or Anchor System,16:9,"Create a canonical NOVERIS Nano Banana 2 visual for Soil-Restoration Flora: Root or Anchor System.

Canonical archetype:
A canonical soil-restoration flora designed as a scientifically plausible plant-like or fungal organism whose anchoring, support, transport, energy capture, growth, reproduction, ecology, and environmental adaptations are internally coherent.

Required visual and biological rules:
• credible anchoring
• coherent support and transport
• functional energy collectors
• reproductive logic
• environment-linked growth

Production request:
Create complete substrate interface and nutrient exchange structures.

Studio-resolved canonical values:
{{canonicalId}}, {{displayName}}, {{scientificName}}, {{originPlanet}}, {{planetType}}, {{biome}}, {{gravity}}, {{atmosphere}}, {{climate}}, {{temperatureRange}}, {{sizeScale}}, {{coloration}}, {{materials}}, {{distinctiveFeatures}}, {{lockedTraits}}, {{rarity}}, {{artDirection}}.

Preserve every locked canonical field exactly. The result must use NOVERIS Scientific Realism: premium AAA science-fiction quality, museum-grade reference presentation, scientifically plausible structure, coherent materials, restrained coloration unless canon requires otherwise, readable silhouette, consistent scale and anatomy or growth across all views, soft neutral studio lighting, pure black background for isolated references, full requested subject visibility, generous negative space, and PSD-friendly extraction. Habitat and biome outputs may use the canonical environment. No baked-in text, labels, watermark, logo, border, or UI.

Create four clearly different but canon-compliant versions. Preserve body plan or growth architecture, structural counts, environmental adaptations, materials, defining features, and locked coloration. Vary only permitted secondary proportions, markings, surface detail, minor ornamentation, natural wear, and pose or growth irregularity.

Recommended aspect ratio: 16:9.","text, labels, watermark, signature, logo, border, frame, UI, HUD, cropped subject, duplicate anatomy, contradictory anatomy, impossible balance, unsupported structures, random wings, random horns, humanoid default, fantasy armor, weapons, cartoon, anime, toy-like materials, excessive neon, excessive glow, oversaturated colors, busy background, motion blur, low resolution, compression artifacts, generic Earth copy, unsupported fantasy styling, traits conflicting with locked canon",1.0.0,canonical
NB2-PLT-PIV-008-SOIL-RESTORATION-FLORA-STEMS,PLT-PIV-008-SOIL-RESTORATION-FLORA,Soil-Restoration Flora,stems,"Stem, Trunk or Structural Study",16:9,"Create a canonical NOVERIS Nano Banana 2 visual for Soil-Restoration Flora: Stem, Trunk or Structural Study.

Canonical archetype:
A canonical soil-restoration flora designed as a scientifically plausible plant-like or fungal organism whose anchoring, support, transport, energy capture, growth, reproduction, ecology, and environmental adaptations are internally coherent.

Required visual and biological rules:
• credible anchoring
• coherent support and transport
• functional energy collectors
• reproductive logic
• environment-linked growth

Production request:
Create support and transport architecture.

Studio-resolved canonical values:
{{canonicalId}}, {{displayName}}, {{scientificName}}, {{originPlanet}}, {{planetType}}, {{biome}}, {{gravity}}, {{atmosphere}}, {{climate}}, {{temperatureRange}}, {{sizeScale}}, {{coloration}}, {{materials}}, {{distinctiveFeatures}}, {{lockedTraits}}, {{rarity}}, {{artDirection}}.

Preserve every locked canonical field exactly. The result must use NOVERIS Scientific Realism: premium AAA science-fiction quality, museum-grade reference presentation, scientifically plausible structure, coherent materials, restrained coloration unless canon requires otherwise, readable silhouette, consistent scale and anatomy or growth across all views, soft neutral studio lighting, pure black background for isolated references, full requested subject visibility, generous negative space, and PSD-friendly extraction. Habitat and biome outputs may use the canonical environment. No baked-in text, labels, watermark, logo, border, or UI.

Create four clearly different but canon-compliant versions. Preserve body plan or growth architecture, structural counts, environmental adaptations, materials, defining features, and locked coloration. Vary only permitted secondary proportions, markings, surface detail, minor ornamentation, natural wear, and pose or growth irregularity.

Recommended aspect ratio: 16:9.","text, labels, watermark, signature, logo, border, frame, UI, HUD, cropped subject, duplicate anatomy, contradictory anatomy, impossible balance, unsupported structures, random wings, random horns, humanoid default, fantasy armor, weapons, cartoon, anime, toy-like materials, excessive neon, excessive glow, oversaturated colors, busy background, motion blur, low resolution, compression artifacts, generic Earth copy, unsupported fantasy styling, traits conflicting with locked canon",1.0.0,canonical
NB2-PLT-PIV-008-SOIL-RESTORATION-FLORA-COLLECTORS,PLT-PIV-008-SOIL-RESTORATION-FLORA,Soil-Restoration Flora,collectors,Leaves or Collector Study,16:9,"Create a canonical NOVERIS Nano Banana 2 visual for Soil-Restoration Flora: Leaves or Collector Study.

Canonical archetype:
A canonical soil-restoration flora designed as a scientifically plausible plant-like or fungal organism whose anchoring, support, transport, energy capture, growth, reproduction, ecology, and environmental adaptations are internally coherent.

Required visual and biological rules:
• credible anchoring
• coherent support and transport
• functional energy collectors
• reproductive logic
• environment-linked growth

Production request:
Create front, back, edge, juvenile, mature and stressed states.

Studio-resolved canonical values:
{{canonicalId}}, {{displayName}}, {{scientificName}}, {{originPlanet}}, {{planetType}}, {{biome}}, {{gravity}}, {{atmosphere}}, {{climate}}, {{temperatureRange}}, {{sizeScale}}, {{coloration}}, {{materials}}, {{distinctiveFeatures}}, {{lockedTraits}}, {{rarity}}, {{artDirection}}.

Preserve every locked canonical field exactly. The result must use NOVERIS Scientific Realism: premium AAA science-fiction quality, museum-grade reference presentation, scientifically plausible structure, coherent materials, restrained coloration unless canon requires otherwise, readable silhouette, consistent scale and anatomy or growth across all views, soft neutral studio lighting, pure black background for isolated references, full requested subject visibility, generous negative space, and PSD-friendly extraction. Habitat and biome outputs may use the canonical environment. No baked-in text, labels, watermark, logo, border, or UI.

Create four clearly different but canon-compliant versions. Preserve body plan or growth architecture, structural counts, environmental adaptations, materials, defining features, and locked coloration. Vary only permitted secondary proportions, markings, surface detail, minor ornamentation, natural wear, and pose or growth irregularity.

Recommended aspect ratio: 16:9.","text, labels, watermark, signature, logo, border, frame, UI, HUD, cropped subject, duplicate anatomy, contradictory anatomy, impossible balance, unsupported structures, random wings, random horns, humanoid default, fantasy armor, weapons, cartoon, anime, toy-like materials, excessive neon, excessive glow, oversaturated colors, busy background, motion blur, low resolution, compression artifacts, generic Earth copy, unsupported fantasy styling, traits conflicting with locked canon",1.0.0,canonical
NB2-PLT-PIV-008-SOIL-RESTORATION-FLORA-REPRODUCTION,PLT-PIV-008-SOIL-RESTORATION-FLORA,Soil-Restoration Flora,reproduction,Reproductive Structure,16:9,"Create a canonical NOVERIS Nano Banana 2 visual for Soil-Restoration Flora: Reproductive Structure.

Canonical archetype:
A canonical soil-restoration flora designed as a scientifically plausible plant-like or fungal organism whose anchoring, support, transport, energy capture, growth, reproduction, ecology, and environmental adaptations are internally coherent.

Required visual and biological rules:
• credible anchoring
• coherent support and transport
• functional energy collectors
• reproductive logic
• environment-linked growth

Production request:
Create flowers, cones, spores, fields or equivalent stages.

Studio-resolved canonical values:
{{canonicalId}}, {{displayName}}, {{scientificName}}, {{originPlanet}}, {{planetType}}, {{biome}}, {{gravity}}, {{atmosphere}}, {{climate}}, {{temperatureRange}}, {{sizeScale}}, {{coloration}}, {{materials}}, {{distinctiveFeatures}}, {{lockedTraits}}, {{rarity}}, {{artDirection}}.

Preserve every locked canonical field exactly. The result must use NOVERIS Scientific Realism: premium AAA science-fiction quality, museum-grade reference presentation, scientifically plausible structure, coherent materials, restrained coloration unless canon requires otherwise, readable silhouette, consistent scale and anatomy or growth across all views, soft neutral studio lighting, pure black background for isolated references, full requested subject visibility, generous negative space, and PSD-friendly extraction. Habitat and biome outputs may use the canonical environment. No baked-in text, labels, watermark, logo, border, or UI.

Create four clearly different but canon-compliant versions. Preserve body plan or growth architecture, structural counts, environmental adaptations, materials, defining features, and locked coloration. Vary only permitted secondary proportions, markings, surface detail, minor ornamentation, natural wear, and pose or growth irregularity.

Recommended aspect ratio: 16:9.","text, labels, watermark, signature, logo, border, frame, UI, HUD, cropped subject, duplicate anatomy, contradictory anatomy, impossible balance, unsupported structures, random wings, random horns, humanoid default, fantasy armor, weapons, cartoon, anime, toy-like materials, excessive neon, excessive glow, oversaturated colors, busy background, motion blur, low resolution, compression artifacts, generic Earth copy, unsupported fantasy styling, traits conflicting with locked canon",1.0.0,canonical
NB2-PLT-PIV-008-SOIL-RESTORATION-FLORA-PROPAGULES,PLT-PIV-008-SOIL-RESTORATION-FLORA,Soil-Restoration Flora,propagules,"Seed, Spore or Propagule Study",16:9,"Create a canonical NOVERIS Nano Banana 2 visual for Soil-Restoration Flora: Seed, Spore or Propagule Study.

Canonical archetype:
A canonical soil-restoration flora designed as a scientifically plausible plant-like or fungal organism whose anchoring, support, transport, energy capture, growth, reproduction, ecology, and environmental adaptations are internally coherent.

Required visual and biological rules:
• credible anchoring
• coherent support and transport
• functional energy collectors
• reproductive logic
• environment-linked growth

Production request:
Create dispersal, germination and early establishment.

Studio-resolved canonical values:
{{canonicalId}}, {{displayName}}, {{scientificName}}, {{originPlanet}}, {{planetType}}, {{biome}}, {{gravity}}, {{atmosphere}}, {{climate}}, {{temperatureRange}}, {{sizeScale}}, {{coloration}}, {{materials}}, {{distinctiveFeatures}}, {{lockedTraits}}, {{rarity}}, {{artDirection}}.

Preserve every locked canonical field exactly. The result must use NOVERIS Scientific Realism: premium AAA science-fiction quality, museum-grade reference presentation, scientifically plausible structure, coherent materials, restrained coloration unless canon requires otherwise, readable silhouette, consistent scale and anatomy or growth across all views, soft neutral studio lighting, pure black background for isolated references, full requested subject visibility, generous negative space, and PSD-friendly extraction. Habitat and biome outputs may use the canonical environment. No baked-in text, labels, watermark, logo, border, or UI.

Create four clearly different but canon-compliant versions. Preserve body plan or growth architecture, structural counts, environmental adaptations, materials, defining features, and locked coloration. Vary only permitted secondary proportions, markings, surface detail, minor ornamentation, natural wear, and pose or growth irregularity.

Recommended aspect ratio: 16:9.","text, labels, watermark, signature, logo, border, frame, UI, HUD, cropped subject, duplicate anatomy, contradictory anatomy, impossible balance, unsupported structures, random wings, random horns, humanoid default, fantasy armor, weapons, cartoon, anime, toy-like materials, excessive neon, excessive glow, oversaturated colors, busy background, motion blur, low resolution, compression artifacts, generic Earth copy, unsupported fantasy styling, traits conflicting with locked canon",1.0.0,canonical
NB2-PLT-PIV-008-SOIL-RESTORATION-FLORA-CROSS-SECTION,PLT-PIV-008-SOIL-RESTORATION-FLORA,Soil-Restoration Flora,cross-section,Internal Cross Section,16:9,"Create a canonical NOVERIS Nano Banana 2 visual for Soil-Restoration Flora: Internal Cross Section.

Canonical archetype:
A canonical soil-restoration flora designed as a scientifically plausible plant-like or fungal organism whose anchoring, support, transport, energy capture, growth, reproduction, ecology, and environmental adaptations are internally coherent.

Required visual and biological rules:
• credible anchoring
• coherent support and transport
• functional energy collectors
• reproductive logic
• environment-linked growth

Production request:
Create protection, transport, support, storage and reproduction.

Studio-resolved canonical values:
{{canonicalId}}, {{displayName}}, {{scientificName}}, {{originPlanet}}, {{planetType}}, {{biome}}, {{gravity}}, {{atmosphere}}, {{climate}}, {{temperatureRange}}, {{sizeScale}}, {{coloration}}, {{materials}}, {{distinctiveFeatures}}, {{lockedTraits}}, {{rarity}}, {{artDirection}}.

Preserve every locked canonical field exactly. The result must use NOVERIS Scientific Realism: premium AAA science-fiction quality, museum-grade reference presentation, scientifically plausible structure, coherent materials, restrained coloration unless canon requires otherwise, readable silhouette, consistent scale and anatomy or growth across all views, soft neutral studio lighting, pure black background for isolated references, full requested subject visibility, generous negative space, and PSD-friendly extraction. Habitat and biome outputs may use the canonical environment. No baked-in text, labels, watermark, logo, border, or UI.

Create four clearly different but canon-compliant versions. Preserve body plan or growth architecture, structural counts, environmental adaptations, materials, defining features, and locked coloration. Vary only permitted secondary proportions, markings, surface detail, minor ornamentation, natural wear, and pose or growth irregularity.

Recommended aspect ratio: 16:9.","text, labels, watermark, signature, logo, border, frame, UI, HUD, cropped subject, duplicate anatomy, contradictory anatomy, impossible balance, unsupported structures, random wings, random horns, humanoid default, fantasy armor, weapons, cartoon, anime, toy-like materials, excessive neon, excessive glow, oversaturated colors, busy background, motion blur, low resolution, compression artifacts, generic Earth copy, unsupported fantasy styling, traits conflicting with locked canon",1.0.0,canonical
NB2-PLT-PIV-008-SOIL-RESTORATION-FLORA-GROWTH,PLT-PIV-008-SOIL-RESTORATION-FLORA,Soil-Restoration Flora,growth,Growth Stages,16:9,"Create a canonical NOVERIS Nano Banana 2 visual for Soil-Restoration Flora: Growth Stages.

Canonical archetype:
A canonical soil-restoration flora designed as a scientifically plausible plant-like or fungal organism whose anchoring, support, transport, energy capture, growth, reproduction, ecology, and environmental adaptations are internally coherent.

Required visual and biological rules:
• credible anchoring
• coherent support and transport
• functional energy collectors
• reproductive logic
• environment-linked growth

Production request:
Create propagule, juvenile, mature, reproductive and senescent stages.

Studio-resolved canonical values:
{{canonicalId}}, {{displayName}}, {{scientificName}}, {{originPlanet}}, {{planetType}}, {{biome}}, {{gravity}}, {{atmosphere}}, {{climate}}, {{temperatureRange}}, {{sizeScale}}, {{coloration}}, {{materials}}, {{distinctiveFeatures}}, {{lockedTraits}}, {{rarity}}, {{artDirection}}.

Preserve every locked canonical field exactly. The result must use NOVERIS Scientific Realism: premium AAA science-fiction quality, museum-grade reference presentation, scientifically plausible structure, coherent materials, restrained coloration unless canon requires otherwise, readable silhouette, consistent scale and anatomy or growth across all views, soft neutral studio lighting, pure black background for isolated references, full requested subject visibility, generous negative space, and PSD-friendly extraction. Habitat and biome outputs may use the canonical environment. No baked-in text, labels, watermark, logo, border, or UI.

Create four clearly different but canon-compliant versions. Preserve body plan or growth architecture, structural counts, environmental adaptations, materials, defining features, and locked coloration. Vary only permitted secondary proportions, markings, surface detail, minor ornamentation, natural wear, and pose or growth irregularity.

Recommended aspect ratio: 16:9.","text, labels, watermark, signature, logo, border, frame, UI, HUD, cropped subject, duplicate anatomy, contradictory anatomy, impossible balance, unsupported structures, random wings, random horns, humanoid default, fantasy armor, weapons, cartoon, anime, toy-like materials, excessive neon, excessive glow, oversaturated colors, busy background, motion blur, low resolution, compression artifacts, generic Earth copy, unsupported fantasy styling, traits conflicting with locked canon",1.0.0,canonical
NB2-PLT-PIV-008-SOIL-RESTORATION-FLORA-SEASONAL,PLT-PIV-008-SOIL-RESTORATION-FLORA,Soil-Restoration Flora,seasonal,Seasonal and Stress Variants,16:9,"Create a canonical NOVERIS Nano Banana 2 visual for Soil-Restoration Flora: Seasonal and Stress Variants.

Canonical archetype:
A canonical soil-restoration flora designed as a scientifically plausible plant-like or fungal organism whose anchoring, support, transport, energy capture, growth, reproduction, ecology, and environmental adaptations are internally coherent.

Required visual and biological rules:
• credible anchoring
• coherent support and transport
• functional energy collectors
• reproductive logic
• environment-linked growth

Production request:
Create growth, reproduction, dormancy, damage and recovery.

Studio-resolved canonical values:
{{canonicalId}}, {{displayName}}, {{scientificName}}, {{originPlanet}}, {{planetType}}, {{biome}}, {{gravity}}, {{atmosphere}}, {{climate}}, {{temperatureRange}}, {{sizeScale}}, {{coloration}}, {{materials}}, {{distinctiveFeatures}}, {{lockedTraits}}, {{rarity}}, {{artDirection}}.

Preserve every locked canonical field exactly. The result must use NOVERIS Scientific Realism: premium AAA science-fiction quality, museum-grade reference presentation, scientifically plausible structure, coherent materials, restrained coloration unless canon requires otherwise, readable silhouette, consistent scale and anatomy or growth across all views, soft neutral studio lighting, pure black background for isolated references, full requested subject visibility, generous negative space, and PSD-friendly extraction. Habitat and biome outputs may use the canonical environment. No baked-in text, labels, watermark, logo, border, or UI.

Create four clearly different but canon-compliant versions. Preserve body plan or growth architecture, structural counts, environmental adaptations, materials, defining features, and locked coloration. Vary only permitted secondary proportions, markings, surface detail, minor ornamentation, natural wear, and pose or growth irregularity.

Recommended aspect ratio: 16:9.","text, labels, watermark, signature, logo, border, frame, UI, HUD, cropped subject, duplicate anatomy, contradictory anatomy, impossible balance, unsupported structures, random wings, random horns, humanoid default, fantasy armor, weapons, cartoon, anime, toy-like materials, excessive neon, excessive glow, oversaturated colors, busy background, motion blur, low resolution, compression artifacts, generic Earth copy, unsupported fantasy styling, traits conflicting with locked canon",1.0.0,canonical
NB2-PLT-PIV-008-SOIL-RESTORATION-FLORA-HABITAT,PLT-PIV-008-SOIL-RESTORATION-FLORA,Soil-Restoration Flora,habitat,Native Habitat Composition,16:9,"Create a canonical NOVERIS Nano Banana 2 visual for Soil-Restoration Flora: Native Habitat Composition.

Canonical archetype:
A canonical soil-restoration flora designed as a scientifically plausible plant-like or fungal organism whose anchoring, support, transport, energy capture, growth, reproduction, ecology, and environmental adaptations are internally coherent.

Required visual and biological rules:
• credible anchoring
• coherent support and transport
• functional energy collectors
• reproductive logic
• environment-linked growth

Production request:
Create natural population with spacing and age diversity.

Studio-resolved canonical values:
{{canonicalId}}, {{displayName}}, {{scientificName}}, {{originPlanet}}, {{planetType}}, {{biome}}, {{gravity}}, {{atmosphere}}, {{climate}}, {{temperatureRange}}, {{sizeScale}}, {{coloration}}, {{materials}}, {{distinctiveFeatures}}, {{lockedTraits}}, {{rarity}}, {{artDirection}}.

Preserve every locked canonical field exactly. The result must use NOVERIS Scientific Realism: premium AAA science-fiction quality, museum-grade reference presentation, scientifically plausible structure, coherent materials, restrained coloration unless canon requires otherwise, readable silhouette, consistent scale and anatomy or growth across all views, soft neutral studio lighting, pure black background for isolated references, full requested subject visibility, generous negative space, and PSD-friendly extraction. Habitat and biome outputs may use the canonical environment. No baked-in text, labels, watermark, logo, border, or UI.

Create four clearly different but canon-compliant versions. Preserve body plan or growth architecture, structural counts, environmental adaptations, materials, defining features, and locked coloration. Vary only permitted secondary proportions, markings, surface detail, minor ornamentation, natural wear, and pose or growth irregularity.

Recommended aspect ratio: 16:9.","text, labels, watermark, signature, logo, border, frame, UI, HUD, cropped subject, duplicate anatomy, contradictory anatomy, impossible balance, unsupported structures, random wings, random horns, humanoid default, fantasy armor, weapons, cartoon, anime, toy-like materials, excessive neon, excessive glow, oversaturated colors, busy background, motion blur, low resolution, compression artifacts, generic Earth copy, unsupported fantasy styling, traits conflicting with locked canon",1.0.0,canonical
NB2-PLT-PIV-008-SOIL-RESTORATION-FLORA-BIOME,PLT-PIV-008-SOIL-RESTORATION-FLORA,Soil-Restoration Flora,biome,Biome Composition,16:9,"Create a canonical NOVERIS Nano Banana 2 visual for Soil-Restoration Flora: Biome Composition.

Canonical archetype:
A canonical soil-restoration flora designed as a scientifically plausible plant-like or fungal organism whose anchoring, support, transport, energy capture, growth, reproduction, ecology, and environmental adaptations are internally coherent.

Required visual and biological rules:
• credible anchoring
• coherent support and transport
• functional energy collectors
• reproductive logic
• environment-linked growth

Production request:
Create coordinated vegetation set at consistent scale.

Studio-resolved canonical values:
{{canonicalId}}, {{displayName}}, {{scientificName}}, {{originPlanet}}, {{planetType}}, {{biome}}, {{gravity}}, {{atmosphere}}, {{climate}}, {{temperatureRange}}, {{sizeScale}}, {{coloration}}, {{materials}}, {{distinctiveFeatures}}, {{lockedTraits}}, {{rarity}}, {{artDirection}}.

Preserve every locked canonical field exactly. The result must use NOVERIS Scientific Realism: premium AAA science-fiction quality, museum-grade reference presentation, scientifically plausible structure, coherent materials, restrained coloration unless canon requires otherwise, readable silhouette, consistent scale and anatomy or growth across all views, soft neutral studio lighting, pure black background for isolated references, full requested subject visibility, generous negative space, and PSD-friendly extraction. Habitat and biome outputs may use the canonical environment. No baked-in text, labels, watermark, logo, border, or UI.

Create four clearly different but canon-compliant versions. Preserve body plan or growth architecture, structural counts, environmental adaptations, materials, defining features, and locked coloration. Vary only permitted secondary proportions, markings, surface detail, minor ornamentation, natural wear, and pose or growth irregularity.

Recommended aspect ratio: 16:9.","text, labels, watermark, signature, logo, border, frame, UI, HUD, cropped subject, duplicate anatomy, contradictory anatomy, impossible balance, unsupported structures, random wings, random horns, humanoid default, fantasy armor, weapons, cartoon, anime, toy-like materials, excessive neon, excessive glow, oversaturated colors, busy background, motion blur, low resolution, compression artifacts, generic Earth copy, unsupported fantasy styling, traits conflicting with locked canon",1.0.0,canonical
NB2-PLT-PIV-008-SOIL-RESTORATION-FLORA-DISCOVERY,PLT-PIV-008-SOIL-RESTORATION-FLORA,Soil-Restoration Flora,discovery,Discovery Scan,16:9,"Create a canonical NOVERIS Nano Banana 2 visual for Soil-Restoration Flora: Discovery Scan.

Canonical archetype:
A canonical soil-restoration flora designed as a scientifically plausible plant-like or fungal organism whose anchoring, support, transport, energy capture, growth, reproduction, ecology, and environmental adaptations are internally coherent.

Required visual and biological rules:
• credible anchoring
• coherent support and transport
• functional energy collectors
• reproductive logic
• environment-linked growth

Production request:
Create centered scientific scan source without labels.

Studio-resolved canonical values:
{{canonicalId}}, {{displayName}}, {{scientificName}}, {{originPlanet}}, {{planetType}}, {{biome}}, {{gravity}}, {{atmosphere}}, {{climate}}, {{temperatureRange}}, {{sizeScale}}, {{coloration}}, {{materials}}, {{distinctiveFeatures}}, {{lockedTraits}}, {{rarity}}, {{artDirection}}.

Preserve every locked canonical field exactly. The result must use NOVERIS Scientific Realism: premium AAA science-fiction quality, museum-grade reference presentation, scientifically plausible structure, coherent materials, restrained coloration unless canon requires otherwise, readable silhouette, consistent scale and anatomy or growth across all views, soft neutral studio lighting, pure black background for isolated references, full requested subject visibility, generous negative space, and PSD-friendly extraction. Habitat and biome outputs may use the canonical environment. No baked-in text, labels, watermark, logo, border, or UI.

Create four clearly different but canon-compliant versions. Preserve body plan or growth architecture, structural counts, environmental adaptations, materials, defining features, and locked coloration. Vary only permitted secondary proportions, markings, surface detail, minor ornamentation, natural wear, and pose or growth irregularity.

Recommended aspect ratio: 16:9.","text, labels, watermark, signature, logo, border, frame, UI, HUD, cropped subject, duplicate anatomy, contradictory anatomy, impossible balance, unsupported structures, random wings, random horns, humanoid default, fantasy armor, weapons, cartoon, anime, toy-like materials, excessive neon, excessive glow, oversaturated colors, busy background, motion blur, low resolution, compression artifacts, generic Earth copy, unsupported fantasy styling, traits conflicting with locked canon",1.0.0,canonical
NB2-PLT-PIV-008-SOIL-RESTORATION-FLORA-ICON,PLT-PIV-008-SOIL-RESTORATION-FLORA,Soil-Restoration Flora,icon,UI Icon,1:1,"Create a canonical NOVERIS Nano Banana 2 visual for Soil-Restoration Flora: UI Icon.

Canonical archetype:
A canonical soil-restoration flora designed as a scientifically plausible plant-like or fungal organism whose anchoring, support, transport, energy capture, growth, reproduction, ecology, and environmental adaptations are internally coherent.

Required visual and biological rules:
• credible anchoring
• coherent support and transport
• functional energy collectors
• reproductive logic
• environment-linked growth

Production request:
Create isolated silhouette readable at 64 pixels.

Studio-resolved canonical values:
{{canonicalId}}, {{displayName}}, {{scientificName}}, {{originPlanet}}, {{planetType}}, {{biome}}, {{gravity}}, {{atmosphere}}, {{climate}}, {{temperatureRange}}, {{sizeScale}}, {{coloration}}, {{materials}}, {{distinctiveFeatures}}, {{lockedTraits}}, {{rarity}}, {{artDirection}}.

Preserve every locked canonical field exactly. The result must use NOVERIS Scientific Realism: premium AAA science-fiction quality, museum-grade reference presentation, scientifically plausible structure, coherent materials, restrained coloration unless canon requires otherwise, readable silhouette, consistent scale and anatomy or growth across all views, soft neutral studio lighting, pure black background for isolated references, full requested subject visibility, generous negative space, and PSD-friendly extraction. Habitat and biome outputs may use the canonical environment. No baked-in text, labels, watermark, logo, border, or UI.

Create four clearly different but canon-compliant versions. Preserve body plan or growth architecture, structural counts, environmental adaptations, materials, defining features, and locked coloration. Vary only permitted secondary proportions, markings, surface detail, minor ornamentation, natural wear, and pose or growth irregularity.

Recommended aspect ratio: 1:1.","text, labels, watermark, signature, logo, border, frame, UI, HUD, cropped subject, duplicate anatomy, contradictory anatomy, impossible balance, unsupported structures, random wings, random horns, humanoid default, fantasy armor, weapons, cartoon, anime, toy-like materials, excessive neon, excessive glow, oversaturated colors, busy background, motion blur, low resolution, compression artifacts, generic Earth copy, unsupported fantasy styling, traits conflicting with locked canon",1.0.0,canonical
NB2-PLT-PIV-008-SOIL-RESTORATION-FLORA-SCALE,PLT-PIV-008-SOIL-RESTORATION-FLORA,Soil-Restoration Flora,scale,Scale Comparison,16:9,"Create a canonical NOVERIS Nano Banana 2 visual for Soil-Restoration Flora: Scale Comparison.

Canonical archetype:
A canonical soil-restoration flora designed as a scientifically plausible plant-like or fungal organism whose anchoring, support, transport, energy capture, growth, reproduction, ecology, and environmental adaptations are internally coherent.

Required visual and biological rules:
• credible anchoring
• coherent support and transport
• functional energy collectors
• reproductive logic
• environment-linked growth

Production request:
Create side view with adult human silhouette and one-meter bar.

Studio-resolved canonical values:
{{canonicalId}}, {{displayName}}, {{scientificName}}, {{originPlanet}}, {{planetType}}, {{biome}}, {{gravity}}, {{atmosphere}}, {{climate}}, {{temperatureRange}}, {{sizeScale}}, {{coloration}}, {{materials}}, {{distinctiveFeatures}}, {{lockedTraits}}, {{rarity}}, {{artDirection}}.

Preserve every locked canonical field exactly. The result must use NOVERIS Scientific Realism: premium AAA science-fiction quality, museum-grade reference presentation, scientifically plausible structure, coherent materials, restrained coloration unless canon requires otherwise, readable silhouette, consistent scale and anatomy or growth across all views, soft neutral studio lighting, pure black background for isolated references, full requested subject visibility, generous negative space, and PSD-friendly extraction. Habitat and biome outputs may use the canonical environment. No baked-in text, labels, watermark, logo, border, or UI.

Create four clearly different but canon-compliant versions. Preserve body plan or growth architecture, structural counts, environmental adaptations, materials, defining features, and locked coloration. Vary only permitted secondary proportions, markings, surface detail, minor ornamentation, natural wear, and pose or growth irregularity.

Recommended aspect ratio: 16:9.","text, labels, watermark, signature, logo, border, frame, UI, HUD, cropped subject, duplicate anatomy, contradictory anatomy, impossible balance, unsupported structures, random wings, random horns, humanoid default, fantasy armor, weapons, cartoon, anime, toy-like materials, excessive neon, excessive glow, oversaturated colors, busy background, motion blur, low resolution, compression artifacts, generic Earth copy, unsupported fantasy styling, traits conflicting with locked canon",1.0.0,canonical
NB2-PLT-PIV-008-SOIL-RESTORATION-FLORA-PLATE,PLT-PIV-008-SOIL-RESTORATION-FLORA,Soil-Restoration Flora,plate,Master Botanical Plate,16:9,"Create a canonical NOVERIS Nano Banana 2 visual for Soil-Restoration Flora: Master Botanical Plate.

Canonical archetype:
A canonical soil-restoration flora designed as a scientifically plausible plant-like or fungal organism whose anchoring, support, transport, energy capture, growth, reproduction, ecology, and environmental adaptations are internally coherent.

Required visual and biological rules:
• credible anchoring
• coherent support and transport
• functional energy collectors
• reproductive logic
• environment-linked growth

Production request:
Create whole organism, views, roots, structure, collectors, reproduction, stages, materials and habitat vignette.

Studio-resolved canonical values:
{{canonicalId}}, {{displayName}}, {{scientificName}}, {{originPlanet}}, {{planetType}}, {{biome}}, {{gravity}}, {{atmosphere}}, {{climate}}, {{temperatureRange}}, {{sizeScale}}, {{coloration}}, {{materials}}, {{distinctiveFeatures}}, {{lockedTraits}}, {{rarity}}, {{artDirection}}.

Preserve every locked canonical field exactly. The result must use NOVERIS Scientific Realism: premium AAA science-fiction quality, museum-grade reference presentation, scientifically plausible structure, coherent materials, restrained coloration unless canon requires otherwise, readable silhouette, consistent scale and anatomy or growth across all views, soft neutral studio lighting, pure black background for isolated references, full requested subject visibility, generous negative space, and PSD-friendly extraction. Habitat and biome outputs may use the canonical environment. No baked-in text, labels, watermark, logo, border, or UI.

Create four clearly different but canon-compliant versions. Preserve body plan or growth architecture, structural counts, environmental adaptations, materials, defining features, and locked coloration. Vary only permitted secondary proportions, markings, surface detail, minor ornamentation, natural wear, and pose or growth irregularity.

Recommended aspect ratio: 16:9.","text, labels, watermark, signature, logo, border, frame, UI, HUD, cropped subject, duplicate anatomy, contradictory anatomy, impossible balance, unsupported structures, random wings, random horns, humanoid default, fantasy armor, weapons, cartoon, anime, toy-like materials, excessive neon, excessive glow, oversaturated colors, busy background, motion blur, low resolution, compression artifacts, generic Earth copy, unsupported fantasy styling, traits conflicting with locked canon",1.0.0,canonical
NB2-PLT-PIV-008-SOIL-RESTORATION-FLORA-PSD,PLT-PIV-008-SOIL-RESTORATION-FLORA,Soil-Restoration Flora,psd,PSD Extraction Board,16:9,"Create a canonical NOVERIS Nano Banana 2 visual for Soil-Restoration Flora: PSD Extraction Board.

Canonical archetype:
A canonical soil-restoration flora designed as a scientifically plausible plant-like or fungal organism whose anchoring, support, transport, energy capture, growth, reproduction, ecology, and environmental adaptations are internally coherent.

Required visual and biological rules:
• credible anchoring
• coherent support and transport
• functional energy collectors
• reproductive logic
• environment-linked growth

Production request:
Create isolated whole organism, parts, silhouette and material references.

Studio-resolved canonical values:
{{canonicalId}}, {{displayName}}, {{scientificName}}, {{originPlanet}}, {{planetType}}, {{biome}}, {{gravity}}, {{atmosphere}}, {{climate}}, {{temperatureRange}}, {{sizeScale}}, {{coloration}}, {{materials}}, {{distinctiveFeatures}}, {{lockedTraits}}, {{rarity}}, {{artDirection}}.

Preserve every locked canonical field exactly. The result must use NOVERIS Scientific Realism: premium AAA science-fiction quality, museum-grade reference presentation, scientifically plausible structure, coherent materials, restrained coloration unless canon requires otherwise, readable silhouette, consistent scale and anatomy or growth across all views, soft neutral studio lighting, pure black background for isolated references, full requested subject visibility, generous negative space, and PSD-friendly extraction. Habitat and biome outputs may use the canonical environment. No baked-in text, labels, watermark, logo, border, or UI.

Create four clearly different but canon-compliant versions. Preserve body plan or growth architecture, structural counts, environmental adaptations, materials, defining features, and locked coloration. Vary only permitted secondary proportions, markings, surface detail, minor ornamentation, natural wear, and pose or growth irregularity.

Recommended aspect ratio: 16:9.","text, labels, watermark, signature, logo, border, frame, UI, HUD, cropped subject, duplicate anatomy, contradictory anatomy, impossible balance, unsupported structures, random wings, random horns, humanoid default, fantasy armor, weapons, cartoon, anime, toy-like materials, excessive neon, excessive glow, oversaturated colors, busy background, motion blur, low resolution, compression artifacts, generic Earth copy, unsupported fantasy styling, traits conflicting with locked canon",1.0.0,canonical
NB2-PLT-PIV-009-WATER-RETENTION-FLORA-WHOLE-PLANT,PLT-PIV-009-WATER-RETENTION-FLORA,Water-Retention Flora,whole-plant,Whole Plant Production Render,3:4,"Create a canonical NOVERIS Nano Banana 2 visual for Water-Retention Flora: Whole Plant Production Render.

Canonical archetype:
A canonical water-retention flora designed as a scientifically plausible plant-like or fungal organism whose anchoring, support, transport, energy capture, growth, reproduction, ecology, and environmental adaptations are internally coherent.

Required visual and biological rules:
• credible anchoring
• coherent support and transport
• functional energy collectors
• reproductive logic
• environment-linked growth

Production request:
Create complete mature organism including roots or anchor system.

Studio-resolved canonical values:
{{canonicalId}}, {{displayName}}, {{scientificName}}, {{originPlanet}}, {{planetType}}, {{biome}}, {{gravity}}, {{atmosphere}}, {{climate}}, {{temperatureRange}}, {{sizeScale}}, {{coloration}}, {{materials}}, {{distinctiveFeatures}}, {{lockedTraits}}, {{rarity}}, {{artDirection}}.

Preserve every locked canonical field exactly. The result must use NOVERIS Scientific Realism: premium AAA science-fiction quality, museum-grade reference presentation, scientifically plausible structure, coherent materials, restrained coloration unless canon requires otherwise, readable silhouette, consistent scale and anatomy or growth across all views, soft neutral studio lighting, pure black background for isolated references, full requested subject visibility, generous negative space, and PSD-friendly extraction. Habitat and biome outputs may use the canonical environment. No baked-in text, labels, watermark, logo, border, or UI.

Create four clearly different but canon-compliant versions. Preserve body plan or growth architecture, structural counts, environmental adaptations, materials, defining features, and locked coloration. Vary only permitted secondary proportions, markings, surface detail, minor ornamentation, natural wear, and pose or growth irregularity.

Recommended aspect ratio: 3:4.","text, labels, watermark, signature, logo, border, frame, UI, HUD, cropped subject, duplicate anatomy, contradictory anatomy, impossible balance, unsupported structures, random wings, random horns, humanoid default, fantasy armor, weapons, cartoon, anime, toy-like materials, excessive neon, excessive glow, oversaturated colors, busy background, motion blur, low resolution, compression artifacts, generic Earth copy, unsupported fantasy styling, traits conflicting with locked canon",1.0.0,canonical
NB2-PLT-PIV-009-WATER-RETENTION-FLORA-PORTRAIT,PLT-PIV-009-WATER-RETENTION-FLORA,Water-Retention Flora,portrait,Botanical Portrait,1:1,"Create a canonical NOVERIS Nano Banana 2 visual for Water-Retention Flora: Botanical Portrait.

Canonical archetype:
A canonical water-retention flora designed as a scientifically plausible plant-like or fungal organism whose anchoring, support, transport, energy capture, growth, reproduction, ecology, and environmental adaptations are internally coherent.

Required visual and biological rules:
• credible anchoring
• coherent support and transport
• functional energy collectors
• reproductive logic
• environment-linked growth

Production request:
Create defining growth form, foliage, collectors and reproduction.

Studio-resolved canonical values:
{{canonicalId}}, {{displayName}}, {{scientificName}}, {{originPlanet}}, {{planetType}}, {{biome}}, {{gravity}}, {{atmosphere}}, {{climate}}, {{temperatureRange}}, {{sizeScale}}, {{coloration}}, {{materials}}, {{distinctiveFeatures}}, {{lockedTraits}}, {{rarity}}, {{artDirection}}.

Preserve every locked canonical field exactly. The result must use NOVERIS Scientific Realism: premium AAA science-fiction quality, museum-grade reference presentation, scientifically plausible structure, coherent materials, restrained coloration unless canon requires otherwise, readable silhouette, consistent scale and anatomy or growth across all views, soft neutral studio lighting, pure black background for isolated references, full requested subject visibility, generous negative space, and PSD-friendly extraction. Habitat and biome outputs may use the canonical environment. No baked-in text, labels, watermark, logo, border, or UI.

Create four clearly different but canon-compliant versions. Preserve body plan or growth architecture, structural counts, environmental adaptations, materials, defining features, and locked coloration. Vary only permitted secondary proportions, markings, surface detail, minor ornamentation, natural wear, and pose or growth irregularity.

Recommended aspect ratio: 1:1.","text, labels, watermark, signature, logo, border, frame, UI, HUD, cropped subject, duplicate anatomy, contradictory anatomy, impossible balance, unsupported structures, random wings, random horns, humanoid default, fantasy armor, weapons, cartoon, anime, toy-like materials, excessive neon, excessive glow, oversaturated colors, busy background, motion blur, low resolution, compression artifacts, generic Earth copy, unsupported fantasy styling, traits conflicting with locked canon",1.0.0,canonical
NB2-PLT-PIV-009-WATER-RETENTION-FLORA-ORTHO-FRONT,PLT-PIV-009-WATER-RETENTION-FLORA,Water-Retention Flora,ortho-front,Orthographic Front,3:4,"Create a canonical NOVERIS Nano Banana 2 visual for Water-Retention Flora: Orthographic Front.

Canonical archetype:
A canonical water-retention flora designed as a scientifically plausible plant-like or fungal organism whose anchoring, support, transport, energy capture, growth, reproduction, ecology, and environmental adaptations are internally coherent.

Required visual and biological rules:
• credible anchoring
• coherent support and transport
• functional energy collectors
• reproductive logic
• environment-linked growth

Production request:
Create exact front orthographic view.

Studio-resolved canonical values:
{{canonicalId}}, {{displayName}}, {{scientificName}}, {{originPlanet}}, {{planetType}}, {{biome}}, {{gravity}}, {{atmosphere}}, {{climate}}, {{temperatureRange}}, {{sizeScale}}, {{coloration}}, {{materials}}, {{distinctiveFeatures}}, {{lockedTraits}}, {{rarity}}, {{artDirection}}.

Preserve every locked canonical field exactly. The result must use NOVERIS Scientific Realism: premium AAA science-fiction quality, museum-grade reference presentation, scientifically plausible structure, coherent materials, restrained coloration unless canon requires otherwise, readable silhouette, consistent scale and anatomy or growth across all views, soft neutral studio lighting, pure black background for isolated references, full requested subject visibility, generous negative space, and PSD-friendly extraction. Habitat and biome outputs may use the canonical environment. No baked-in text, labels, watermark, logo, border, or UI.

Create four clearly different but canon-compliant versions. Preserve body plan or growth architecture, structural counts, environmental adaptations, materials, defining features, and locked coloration. Vary only permitted secondary proportions, markings, surface detail, minor ornamentation, natural wear, and pose or growth irregularity.

Recommended aspect ratio: 3:4.","text, labels, watermark, signature, logo, border, frame, UI, HUD, cropped subject, duplicate anatomy, contradictory anatomy, impossible balance, unsupported structures, random wings, random horns, humanoid default, fantasy armor, weapons, cartoon, anime, toy-like materials, excessive neon, excessive glow, oversaturated colors, busy background, motion blur, low resolution, compression artifacts, generic Earth copy, unsupported fantasy styling, traits conflicting with locked canon",1.0.0,canonical
NB2-PLT-PIV-009-WATER-RETENTION-FLORA-ORTHO-SIDE,PLT-PIV-009-WATER-RETENTION-FLORA,Water-Retention Flora,ortho-side,Orthographic Side,3:4,"Create a canonical NOVERIS Nano Banana 2 visual for Water-Retention Flora: Orthographic Side.

Canonical archetype:
A canonical water-retention flora designed as a scientifically plausible plant-like or fungal organism whose anchoring, support, transport, energy capture, growth, reproduction, ecology, and environmental adaptations are internally coherent.

Required visual and biological rules:
• credible anchoring
• coherent support and transport
• functional energy collectors
• reproductive logic
• environment-linked growth

Production request:
Create exact side orthographic view.

Studio-resolved canonical values:
{{canonicalId}}, {{displayName}}, {{scientificName}}, {{originPlanet}}, {{planetType}}, {{biome}}, {{gravity}}, {{atmosphere}}, {{climate}}, {{temperatureRange}}, {{sizeScale}}, {{coloration}}, {{materials}}, {{distinctiveFeatures}}, {{lockedTraits}}, {{rarity}}, {{artDirection}}.

Preserve every locked canonical field exactly. The result must use NOVERIS Scientific Realism: premium AAA science-fiction quality, museum-grade reference presentation, scientifically plausible structure, coherent materials, restrained coloration unless canon requires otherwise, readable silhouette, consistent scale and anatomy or growth across all views, soft neutral studio lighting, pure black background for isolated references, full requested subject visibility, generous negative space, and PSD-friendly extraction. Habitat and biome outputs may use the canonical environment. No baked-in text, labels, watermark, logo, border, or UI.

Create four clearly different but canon-compliant versions. Preserve body plan or growth architecture, structural counts, environmental adaptations, materials, defining features, and locked coloration. Vary only permitted secondary proportions, markings, surface detail, minor ornamentation, natural wear, and pose or growth irregularity.

Recommended aspect ratio: 3:4.","text, labels, watermark, signature, logo, border, frame, UI, HUD, cropped subject, duplicate anatomy, contradictory anatomy, impossible balance, unsupported structures, random wings, random horns, humanoid default, fantasy armor, weapons, cartoon, anime, toy-like materials, excessive neon, excessive glow, oversaturated colors, busy background, motion blur, low resolution, compression artifacts, generic Earth copy, unsupported fantasy styling, traits conflicting with locked canon",1.0.0,canonical
NB2-PLT-PIV-009-WATER-RETENTION-FLORA-ORTHO-TOP,PLT-PIV-009-WATER-RETENTION-FLORA,Water-Retention Flora,ortho-top,Orthographic Top,1:1,"Create a canonical NOVERIS Nano Banana 2 visual for Water-Retention Flora: Orthographic Top.

Canonical archetype:
A canonical water-retention flora designed as a scientifically plausible plant-like or fungal organism whose anchoring, support, transport, energy capture, growth, reproduction, ecology, and environmental adaptations are internally coherent.

Required visual and biological rules:
• credible anchoring
• coherent support and transport
• functional energy collectors
• reproductive logic
• environment-linked growth

Production request:
Create exact top view showing spread and growth geometry.

Studio-resolved canonical values:
{{canonicalId}}, {{displayName}}, {{scientificName}}, {{originPlanet}}, {{planetType}}, {{biome}}, {{gravity}}, {{atmosphere}}, {{climate}}, {{temperatureRange}}, {{sizeScale}}, {{coloration}}, {{materials}}, {{distinctiveFeatures}}, {{lockedTraits}}, {{rarity}}, {{artDirection}}.

Preserve every locked canonical field exactly. The result must use NOVERIS Scientific Realism: premium AAA science-fiction quality, museum-grade reference presentation, scientifically plausible structure, coherent materials, restrained coloration unless canon requires otherwise, readable silhouette, consistent scale and anatomy or growth across all views, soft neutral studio lighting, pure black background for isolated references, full requested subject visibility, generous negative space, and PSD-friendly extraction. Habitat and biome outputs may use the canonical environment. No baked-in text, labels, watermark, logo, border, or UI.

Create four clearly different but canon-compliant versions. Preserve body plan or growth architecture, structural counts, environmental adaptations, materials, defining features, and locked coloration. Vary only permitted secondary proportions, markings, surface detail, minor ornamentation, natural wear, and pose or growth irregularity.

Recommended aspect ratio: 1:1.","text, labels, watermark, signature, logo, border, frame, UI, HUD, cropped subject, duplicate anatomy, contradictory anatomy, impossible balance, unsupported structures, random wings, random horns, humanoid default, fantasy armor, weapons, cartoon, anime, toy-like materials, excessive neon, excessive glow, oversaturated colors, busy background, motion blur, low resolution, compression artifacts, generic Earth copy, unsupported fantasy styling, traits conflicting with locked canon",1.0.0,canonical
NB2-PLT-PIV-009-WATER-RETENTION-FLORA-ROOTS,PLT-PIV-009-WATER-RETENTION-FLORA,Water-Retention Flora,roots,Root or Anchor System,16:9,"Create a canonical NOVERIS Nano Banana 2 visual for Water-Retention Flora: Root or Anchor System.

Canonical archetype:
A canonical water-retention flora designed as a scientifically plausible plant-like or fungal organism whose anchoring, support, transport, energy capture, growth, reproduction, ecology, and environmental adaptations are internally coherent.

Required visual and biological rules:
• credible anchoring
• coherent support and transport
• functional energy collectors
• reproductive logic
• environment-linked growth

Production request:
Create complete substrate interface and nutrient exchange structures.

Studio-resolved canonical values:
{{canonicalId}}, {{displayName}}, {{scientificName}}, {{originPlanet}}, {{planetType}}, {{biome}}, {{gravity}}, {{atmosphere}}, {{climate}}, {{temperatureRange}}, {{sizeScale}}, {{coloration}}, {{materials}}, {{distinctiveFeatures}}, {{lockedTraits}}, {{rarity}}, {{artDirection}}.

Preserve every locked canonical field exactly. The result must use NOVERIS Scientific Realism: premium AAA science-fiction quality, museum-grade reference presentation, scientifically plausible structure, coherent materials, restrained coloration unless canon requires otherwise, readable silhouette, consistent scale and anatomy or growth across all views, soft neutral studio lighting, pure black background for isolated references, full requested subject visibility, generous negative space, and PSD-friendly extraction. Habitat and biome outputs may use the canonical environment. No baked-in text, labels, watermark, logo, border, or UI.

Create four clearly different but canon-compliant versions. Preserve body plan or growth architecture, structural counts, environmental adaptations, materials, defining features, and locked coloration. Vary only permitted secondary proportions, markings, surface detail, minor ornamentation, natural wear, and pose or growth irregularity.

Recommended aspect ratio: 16:9.","text, labels, watermark, signature, logo, border, frame, UI, HUD, cropped subject, duplicate anatomy, contradictory anatomy, impossible balance, unsupported structures, random wings, random horns, humanoid default, fantasy armor, weapons, cartoon, anime, toy-like materials, excessive neon, excessive glow, oversaturated colors, busy background, motion blur, low resolution, compression artifacts, generic Earth copy, unsupported fantasy styling, traits conflicting with locked canon",1.0.0,canonical
NB2-PLT-PIV-009-WATER-RETENTION-FLORA-STEMS,PLT-PIV-009-WATER-RETENTION-FLORA,Water-Retention Flora,stems,"Stem, Trunk or Structural Study",16:9,"Create a canonical NOVERIS Nano Banana 2 visual for Water-Retention Flora: Stem, Trunk or Structural Study.

Canonical archetype:
A canonical water-retention flora designed as a scientifically plausible plant-like or fungal organism whose anchoring, support, transport, energy capture, growth, reproduction, ecology, and environmental adaptations are internally coherent.

Required visual and biological rules:
• credible anchoring
• coherent support and transport
• functional energy collectors
• reproductive logic
• environment-linked growth

Production request:
Create support and transport architecture.

Studio-resolved canonical values:
{{canonicalId}}, {{displayName}}, {{scientificName}}, {{originPlanet}}, {{planetType}}, {{biome}}, {{gravity}}, {{atmosphere}}, {{climate}}, {{temperatureRange}}, {{sizeScale}}, {{coloration}}, {{materials}}, {{distinctiveFeatures}}, {{lockedTraits}}, {{rarity}}, {{artDirection}}.

Preserve every locked canonical field exactly. The result must use NOVERIS Scientific Realism: premium AAA science-fiction quality, museum-grade reference presentation, scientifically plausible structure, coherent materials, restrained coloration unless canon requires otherwise, readable silhouette, consistent scale and anatomy or growth across all views, soft neutral studio lighting, pure black background for isolated references, full requested subject visibility, generous negative space, and PSD-friendly extraction. Habitat and biome outputs may use the canonical environment. No baked-in text, labels, watermark, logo, border, or UI.

Create four clearly different but canon-compliant versions. Preserve body plan or growth architecture, structural counts, environmental adaptations, materials, defining features, and locked coloration. Vary only permitted secondary proportions, markings, surface detail, minor ornamentation, natural wear, and pose or growth irregularity.

Recommended aspect ratio: 16:9.","text, labels, watermark, signature, logo, border, frame, UI, HUD, cropped subject, duplicate anatomy, contradictory anatomy, impossible balance, unsupported structures, random wings, random horns, humanoid default, fantasy armor, weapons, cartoon, anime, toy-like materials, excessive neon, excessive glow, oversaturated colors, busy background, motion blur, low resolution, compression artifacts, generic Earth copy, unsupported fantasy styling, traits conflicting with locked canon",1.0.0,canonical
NB2-PLT-PIV-009-WATER-RETENTION-FLORA-COLLECTORS,PLT-PIV-009-WATER-RETENTION-FLORA,Water-Retention Flora,collectors,Leaves or Collector Study,16:9,"Create a canonical NOVERIS Nano Banana 2 visual for Water-Retention Flora: Leaves or Collector Study.

Canonical archetype:
A canonical water-retention flora designed as a scientifically plausible plant-like or fungal organism whose anchoring, support, transport, energy capture, growth, reproduction, ecology, and environmental adaptations are internally coherent.

Required visual and biological rules:
• credible anchoring
• coherent support and transport
• functional energy collectors
• reproductive logic
• environment-linked growth

Production request:
Create front, back, edge, juvenile, mature and stressed states.

Studio-resolved canonical values:
{{canonicalId}}, {{displayName}}, {{scientificName}}, {{originPlanet}}, {{planetType}}, {{biome}}, {{gravity}}, {{atmosphere}}, {{climate}}, {{temperatureRange}}, {{sizeScale}}, {{coloration}}, {{materials}}, {{distinctiveFeatures}}, {{lockedTraits}}, {{rarity}}, {{artDirection}}.

Preserve every locked canonical field exactly. The result must use NOVERIS Scientific Realism: premium AAA science-fiction quality, museum-grade reference presentation, scientifically plausible structure, coherent materials, restrained coloration unless canon requires otherwise, readable silhouette, consistent scale and anatomy or growth across all views, soft neutral studio lighting, pure black background for isolated references, full requested subject visibility, generous negative space, and PSD-friendly extraction. Habitat and biome outputs may use the canonical environment. No baked-in text, labels, watermark, logo, border, or UI.

Create four clearly different but canon-compliant versions. Preserve body plan or growth architecture, structural counts, environmental adaptations, materials, defining features, and locked coloration. Vary only permitted secondary proportions, markings, surface detail, minor ornamentation, natural wear, and pose or growth irregularity.

Recommended aspect ratio: 16:9.","text, labels, watermark, signature, logo, border, frame, UI, HUD, cropped subject, duplicate anatomy, contradictory anatomy, impossible balance, unsupported structures, random wings, random horns, humanoid default, fantasy armor, weapons, cartoon, anime, toy-like materials, excessive neon, excessive glow, oversaturated colors, busy background, motion blur, low resolution, compression artifacts, generic Earth copy, unsupported fantasy styling, traits conflicting with locked canon",1.0.0,canonical
NB2-PLT-PIV-009-WATER-RETENTION-FLORA-REPRODUCTION,PLT-PIV-009-WATER-RETENTION-FLORA,Water-Retention Flora,reproduction,Reproductive Structure,16:9,"Create a canonical NOVERIS Nano Banana 2 visual for Water-Retention Flora: Reproductive Structure.

Canonical archetype:
A canonical water-retention flora designed as a scientifically plausible plant-like or fungal organism whose anchoring, support, transport, energy capture, growth, reproduction, ecology, and environmental adaptations are internally coherent.

Required visual and biological rules:
• credible anchoring
• coherent support and transport
• functional energy collectors
• reproductive logic
• environment-linked growth

Production request:
Create flowers, cones, spores, fields or equivalent stages.

Studio-resolved canonical values:
{{canonicalId}}, {{displayName}}, {{scientificName}}, {{originPlanet}}, {{planetType}}, {{biome}}, {{gravity}}, {{atmosphere}}, {{climate}}, {{temperatureRange}}, {{sizeScale}}, {{coloration}}, {{materials}}, {{distinctiveFeatures}}, {{lockedTraits}}, {{rarity}}, {{artDirection}}.

Preserve every locked canonical field exactly. The result must use NOVERIS Scientific Realism: premium AAA science-fiction quality, museum-grade reference presentation, scientifically plausible structure, coherent materials, restrained coloration unless canon requires otherwise, readable silhouette, consistent scale and anatomy or growth across all views, soft neutral studio lighting, pure black background for isolated references, full requested subject visibility, generous negative space, and PSD-friendly extraction. Habitat and biome outputs may use the canonical environment. No baked-in text, labels, watermark, logo, border, or UI.

Create four clearly different but canon-compliant versions. Preserve body plan or growth architecture, structural counts, environmental adaptations, materials, defining features, and locked coloration. Vary only permitted secondary proportions, markings, surface detail, minor ornamentation, natural wear, and pose or growth irregularity.

Recommended aspect ratio: 16:9.","text, labels, watermark, signature, logo, border, frame, UI, HUD, cropped subject, duplicate anatomy, contradictory anatomy, impossible balance, unsupported structures, random wings, random horns, humanoid default, fantasy armor, weapons, cartoon, anime, toy-like materials, excessive neon, excessive glow, oversaturated colors, busy background, motion blur, low resolution, compression artifacts, generic Earth copy, unsupported fantasy styling, traits conflicting with locked canon",1.0.0,canonical
NB2-PLT-PIV-009-WATER-RETENTION-FLORA-PROPAGULES,PLT-PIV-009-WATER-RETENTION-FLORA,Water-Retention Flora,propagules,"Seed, Spore or Propagule Study",16:9,"Create a canonical NOVERIS Nano Banana 2 visual for Water-Retention Flora: Seed, Spore or Propagule Study.

Canonical archetype:
A canonical water-retention flora designed as a scientifically plausible plant-like or fungal organism whose anchoring, support, transport, energy capture, growth, reproduction, ecology, and environmental adaptations are internally coherent.

Required visual and biological rules:
• credible anchoring
• coherent support and transport
• functional energy collectors
• reproductive logic
• environment-linked growth

Production request:
Create dispersal, germination and early establishment.

Studio-resolved canonical values:
{{canonicalId}}, {{displayName}}, {{scientificName}}, {{originPlanet}}, {{planetType}}, {{biome}}, {{gravity}}, {{atmosphere}}, {{climate}}, {{temperatureRange}}, {{sizeScale}}, {{coloration}}, {{materials}}, {{distinctiveFeatures}}, {{lockedTraits}}, {{rarity}}, {{artDirection}}.

Preserve every locked canonical field exactly. The result must use NOVERIS Scientific Realism: premium AAA science-fiction quality, museum-grade reference presentation, scientifically plausible structure, coherent materials, restrained coloration unless canon requires otherwise, readable silhouette, consistent scale and anatomy or growth across all views, soft neutral studio lighting, pure black background for isolated references, full requested subject visibility, generous negative space, and PSD-friendly extraction. Habitat and biome outputs may use the canonical environment. No baked-in text, labels, watermark, logo, border, or UI.

Create four clearly different but canon-compliant versions. Preserve body plan or growth architecture, structural counts, environmental adaptations, materials, defining features, and locked coloration. Vary only permitted secondary proportions, markings, surface detail, minor ornamentation, natural wear, and pose or growth irregularity.

Recommended aspect ratio: 16:9.","text, labels, watermark, signature, logo, border, frame, UI, HUD, cropped subject, duplicate anatomy, contradictory anatomy, impossible balance, unsupported structures, random wings, random horns, humanoid default, fantasy armor, weapons, cartoon, anime, toy-like materials, excessive neon, excessive glow, oversaturated colors, busy background, motion blur, low resolution, compression artifacts, generic Earth copy, unsupported fantasy styling, traits conflicting with locked canon",1.0.0,canonical
NB2-PLT-PIV-009-WATER-RETENTION-FLORA-CROSS-SECTION,PLT-PIV-009-WATER-RETENTION-FLORA,Water-Retention Flora,cross-section,Internal Cross Section,16:9,"Create a canonical NOVERIS Nano Banana 2 visual for Water-Retention Flora: Internal Cross Section.

Canonical archetype:
A canonical water-retention flora designed as a scientifically plausible plant-like or fungal organism whose anchoring, support, transport, energy capture, growth, reproduction, ecology, and environmental adaptations are internally coherent.

Required visual and biological rules:
• credible anchoring
• coherent support and transport
• functional energy collectors
• reproductive logic
• environment-linked growth

Production request:
Create protection, transport, support, storage and reproduction.

Studio-resolved canonical values:
{{canonicalId}}, {{displayName}}, {{scientificName}}, {{originPlanet}}, {{planetType}}, {{biome}}, {{gravity}}, {{atmosphere}}, {{climate}}, {{temperatureRange}}, {{sizeScale}}, {{coloration}}, {{materials}}, {{distinctiveFeatures}}, {{lockedTraits}}, {{rarity}}, {{artDirection}}.

Preserve every locked canonical field exactly. The result must use NOVERIS Scientific Realism: premium AAA science-fiction quality, museum-grade reference presentation, scientifically plausible structure, coherent materials, restrained coloration unless canon requires otherwise, readable silhouette, consistent scale and anatomy or growth across all views, soft neutral studio lighting, pure black background for isolated references, full requested subject visibility, generous negative space, and PSD-friendly extraction. Habitat and biome outputs may use the canonical environment. No baked-in text, labels, watermark, logo, border, or UI.

Create four clearly different but canon-compliant versions. Preserve body plan or growth architecture, structural counts, environmental adaptations, materials, defining features, and locked coloration. Vary only permitted secondary proportions, markings, surface detail, minor ornamentation, natural wear, and pose or growth irregularity.

Recommended aspect ratio: 16:9.","text, labels, watermark, signature, logo, border, frame, UI, HUD, cropped subject, duplicate anatomy, contradictory anatomy, impossible balance, unsupported structures, random wings, random horns, humanoid default, fantasy armor, weapons, cartoon, anime, toy-like materials, excessive neon, excessive glow, oversaturated colors, busy background, motion blur, low resolution, compression artifacts, generic Earth copy, unsupported fantasy styling, traits conflicting with locked canon",1.0.0,canonical
NB2-PLT-PIV-009-WATER-RETENTION-FLORA-GROWTH,PLT-PIV-009-WATER-RETENTION-FLORA,Water-Retention Flora,growth,Growth Stages,16:9,"Create a canonical NOVERIS Nano Banana 2 visual for Water-Retention Flora: Growth Stages.

Canonical archetype:
A canonical water-retention flora designed as a scientifically plausible plant-like or fungal organism whose anchoring, support, transport, energy capture, growth, reproduction, ecology, and environmental adaptations are internally coherent.

Required visual and biological rules:
• credible anchoring
• coherent support and transport
• functional energy collectors
• reproductive logic
• environment-linked growth

Production request:
Create propagule, juvenile, mature, reproductive and senescent stages.

Studio-resolved canonical values:
{{canonicalId}}, {{displayName}}, {{scientificName}}, {{originPlanet}}, {{planetType}}, {{biome}}, {{gravity}}, {{atmosphere}}, {{climate}}, {{temperatureRange}}, {{sizeScale}}, {{coloration}}, {{materials}}, {{distinctiveFeatures}}, {{lockedTraits}}, {{rarity}}, {{artDirection}}.

Preserve every locked canonical field exactly. The result must use NOVERIS Scientific Realism: premium AAA science-fiction quality, museum-grade reference presentation, scientifically plausible structure, coherent materials, restrained coloration unless canon requires otherwise, readable silhouette, consistent scale and anatomy or growth across all views, soft neutral studio lighting, pure black background for isolated references, full requested subject visibility, generous negative space, and PSD-friendly extraction. Habitat and biome outputs may use the canonical environment. No baked-in text, labels, watermark, logo, border, or UI.

Create four clearly different but canon-compliant versions. Preserve body plan or growth architecture, structural counts, environmental adaptations, materials, defining features, and locked coloration. Vary only permitted secondary proportions, markings, surface detail, minor ornamentation, natural wear, and pose or growth irregularity.

Recommended aspect ratio: 16:9.","text, labels, watermark, signature, logo, border, frame, UI, HUD, cropped subject, duplicate anatomy, contradictory anatomy, impossible balance, unsupported structures, random wings, random horns, humanoid default, fantasy armor, weapons, cartoon, anime, toy-like materials, excessive neon, excessive glow, oversaturated colors, busy background, motion blur, low resolution, compression artifacts, generic Earth copy, unsupported fantasy styling, traits conflicting with locked canon",1.0.0,canonical
NB2-PLT-PIV-009-WATER-RETENTION-FLORA-SEASONAL,PLT-PIV-009-WATER-RETENTION-FLORA,Water-Retention Flora,seasonal,Seasonal and Stress Variants,16:9,"Create a canonical NOVERIS Nano Banana 2 visual for Water-Retention Flora: Seasonal and Stress Variants.

Canonical archetype:
A canonical water-retention flora designed as a scientifically plausible plant-like or fungal organism whose anchoring, support, transport, energy capture, growth, reproduction, ecology, and environmental adaptations are internally coherent.

Required visual and biological rules:
• credible anchoring
• coherent support and transport
• functional energy collectors
• reproductive logic
• environment-linked growth

Production request:
Create growth, reproduction, dormancy, damage and recovery.

Studio-resolved canonical values:
{{canonicalId}}, {{displayName}}, {{scientificName}}, {{originPlanet}}, {{planetType}}, {{biome}}, {{gravity}}, {{atmosphere}}, {{climate}}, {{temperatureRange}}, {{sizeScale}}, {{coloration}}, {{materials}}, {{distinctiveFeatures}}, {{lockedTraits}}, {{rarity}}, {{artDirection}}.

Preserve every locked canonical field exactly. The result must use NOVERIS Scientific Realism: premium AAA science-fiction quality, museum-grade reference presentation, scientifically plausible structure, coherent materials, restrained coloration unless canon requires otherwise, readable silhouette, consistent scale and anatomy or growth across all views, soft neutral studio lighting, pure black background for isolated references, full requested subject visibility, generous negative space, and PSD-friendly extraction. Habitat and biome outputs may use the canonical environment. No baked-in text, labels, watermark, logo, border, or UI.

Create four clearly different but canon-compliant versions. Preserve body plan or growth architecture, structural counts, environmental adaptations, materials, defining features, and locked coloration. Vary only permitted secondary proportions, markings, surface detail, minor ornamentation, natural wear, and pose or growth irregularity.

Recommended aspect ratio: 16:9.","text, labels, watermark, signature, logo, border, frame, UI, HUD, cropped subject, duplicate anatomy, contradictory anatomy, impossible balance, unsupported structures, random wings, random horns, humanoid default, fantasy armor, weapons, cartoon, anime, toy-like materials, excessive neon, excessive glow, oversaturated colors, busy background, motion blur, low resolution, compression artifacts, generic Earth copy, unsupported fantasy styling, traits conflicting with locked canon",1.0.0,canonical
NB2-PLT-PIV-009-WATER-RETENTION-FLORA-HABITAT,PLT-PIV-009-WATER-RETENTION-FLORA,Water-Retention Flora,habitat,Native Habitat Composition,16:9,"Create a canonical NOVERIS Nano Banana 2 visual for Water-Retention Flora: Native Habitat Composition.

Canonical archetype:
A canonical water-retention flora designed as a scientifically plausible plant-like or fungal organism whose anchoring, support, transport, energy capture, growth, reproduction, ecology, and environmental adaptations are internally coherent.

Required visual and biological rules:
• credible anchoring
• coherent support and transport
• functional energy collectors
• reproductive logic
• environment-linked growth

Production request:
Create natural population with spacing and age diversity.

Studio-resolved canonical values:
{{canonicalId}}, {{displayName}}, {{scientificName}}, {{originPlanet}}, {{planetType}}, {{biome}}, {{gravity}}, {{atmosphere}}, {{climate}}, {{temperatureRange}}, {{sizeScale}}, {{coloration}}, {{materials}}, {{distinctiveFeatures}}, {{lockedTraits}}, {{rarity}}, {{artDirection}}.

Preserve every locked canonical field exactly. The result must use NOVERIS Scientific Realism: premium AAA science-fiction quality, museum-grade reference presentation, scientifically plausible structure, coherent materials, restrained coloration unless canon requires otherwise, readable silhouette, consistent scale and anatomy or growth across all views, soft neutral studio lighting, pure black background for isolated references, full requested subject visibility, generous negative space, and PSD-friendly extraction. Habitat and biome outputs may use the canonical environment. No baked-in text, labels, watermark, logo, border, or UI.

Create four clearly different but canon-compliant versions. Preserve body plan or growth architecture, structural counts, environmental adaptations, materials, defining features, and locked coloration. Vary only permitted secondary proportions, markings, surface detail, minor ornamentation, natural wear, and pose or growth irregularity.

Recommended aspect ratio: 16:9.","text, labels, watermark, signature, logo, border, frame, UI, HUD, cropped subject, duplicate anatomy, contradictory anatomy, impossible balance, unsupported structures, random wings, random horns, humanoid default, fantasy armor, weapons, cartoon, anime, toy-like materials, excessive neon, excessive glow, oversaturated colors, busy background, motion blur, low resolution, compression artifacts, generic Earth copy, unsupported fantasy styling, traits conflicting with locked canon",1.0.0,canonical
NB2-PLT-PIV-009-WATER-RETENTION-FLORA-BIOME,PLT-PIV-009-WATER-RETENTION-FLORA,Water-Retention Flora,biome,Biome Composition,16:9,"Create a canonical NOVERIS Nano Banana 2 visual for Water-Retention Flora: Biome Composition.

Canonical archetype:
A canonical water-retention flora designed as a scientifically plausible plant-like or fungal organism whose anchoring, support, transport, energy capture, growth, reproduction, ecology, and environmental adaptations are internally coherent.

Required visual and biological rules:
• credible anchoring
• coherent support and transport
• functional energy collectors
• reproductive logic
• environment-linked growth

Production request:
Create coordinated vegetation set at consistent scale.

Studio-resolved canonical values:
{{canonicalId}}, {{displayName}}, {{scientificName}}, {{originPlanet}}, {{planetType}}, {{biome}}, {{gravity}}, {{atmosphere}}, {{climate}}, {{temperatureRange}}, {{sizeScale}}, {{coloration}}, {{materials}}, {{distinctiveFeatures}}, {{lockedTraits}}, {{rarity}}, {{artDirection}}.

Preserve every locked canonical field exactly. The result must use NOVERIS Scientific Realism: premium AAA science-fiction quality, museum-grade reference presentation, scientifically plausible structure, coherent materials, restrained coloration unless canon requires otherwise, readable silhouette, consistent scale and anatomy or growth across all views, soft neutral studio lighting, pure black background for isolated references, full requested subject visibility, generous negative space, and PSD-friendly extraction. Habitat and biome outputs may use the canonical environment. No baked-in text, labels, watermark, logo, border, or UI.

Create four clearly different but canon-compliant versions. Preserve body plan or growth architecture, structural counts, environmental adaptations, materials, defining features, and locked coloration. Vary only permitted secondary proportions, markings, surface detail, minor ornamentation, natural wear, and pose or growth irregularity.

Recommended aspect ratio: 16:9.","text, labels, watermark, signature, logo, border, frame, UI, HUD, cropped subject, duplicate anatomy, contradictory anatomy, impossible balance, unsupported structures, random wings, random horns, humanoid default, fantasy armor, weapons, cartoon, anime, toy-like materials, excessive neon, excessive glow, oversaturated colors, busy background, motion blur, low resolution, compression artifacts, generic Earth copy, unsupported fantasy styling, traits conflicting with locked canon",1.0.0,canonical
NB2-PLT-PIV-009-WATER-RETENTION-FLORA-DISCOVERY,PLT-PIV-009-WATER-RETENTION-FLORA,Water-Retention Flora,discovery,Discovery Scan,16:9,"Create a canonical NOVERIS Nano Banana 2 visual for Water-Retention Flora: Discovery Scan.

Canonical archetype:
A canonical water-retention flora designed as a scientifically plausible plant-like or fungal organism whose anchoring, support, transport, energy capture, growth, reproduction, ecology, and environmental adaptations are internally coherent.

Required visual and biological rules:
• credible anchoring
• coherent support and transport
• functional energy collectors
• reproductive logic
• environment-linked growth

Production request:
Create centered scientific scan source without labels.

Studio-resolved canonical values:
{{canonicalId}}, {{displayName}}, {{scientificName}}, {{originPlanet}}, {{planetType}}, {{biome}}, {{gravity}}, {{atmosphere}}, {{climate}}, {{temperatureRange}}, {{sizeScale}}, {{coloration}}, {{materials}}, {{distinctiveFeatures}}, {{lockedTraits}}, {{rarity}}, {{artDirection}}.

Preserve every locked canonical field exactly. The result must use NOVERIS Scientific Realism: premium AAA science-fiction quality, museum-grade reference presentation, scientifically plausible structure, coherent materials, restrained coloration unless canon requires otherwise, readable silhouette, consistent scale and anatomy or growth across all views, soft neutral studio lighting, pure black background for isolated references, full requested subject visibility, generous negative space, and PSD-friendly extraction. Habitat and biome outputs may use the canonical environment. No baked-in text, labels, watermark, logo, border, or UI.

Create four clearly different but canon-compliant versions. Preserve body plan or growth architecture, structural counts, environmental adaptations, materials, defining features, and locked coloration. Vary only permitted secondary proportions, markings, surface detail, minor ornamentation, natural wear, and pose or growth irregularity.

Recommended aspect ratio: 16:9.","text, labels, watermark, signature, logo, border, frame, UI, HUD, cropped subject, duplicate anatomy, contradictory anatomy, impossible balance, unsupported structures, random wings, random horns, humanoid default, fantasy armor, weapons, cartoon, anime, toy-like materials, excessive neon, excessive glow, oversaturated colors, busy background, motion blur, low resolution, compression artifacts, generic Earth copy, unsupported fantasy styling, traits conflicting with locked canon",1.0.0,canonical
NB2-PLT-PIV-009-WATER-RETENTION-FLORA-ICON,PLT-PIV-009-WATER-RETENTION-FLORA,Water-Retention Flora,icon,UI Icon,1:1,"Create a canonical NOVERIS Nano Banana 2 visual for Water-Retention Flora: UI Icon.

Canonical archetype:
A canonical water-retention flora designed as a scientifically plausible plant-like or fungal organism whose anchoring, support, transport, energy capture, growth, reproduction, ecology, and environmental adaptations are internally coherent.

Required visual and biological rules:
• credible anchoring
• coherent support and transport
• functional energy collectors
• reproductive logic
• environment-linked growth

Production request:
Create isolated silhouette readable at 64 pixels.

Studio-resolved canonical values:
{{canonicalId}}, {{displayName}}, {{scientificName}}, {{originPlanet}}, {{planetType}}, {{biome}}, {{gravity}}, {{atmosphere}}, {{climate}}, {{temperatureRange}}, {{sizeScale}}, {{coloration}}, {{materials}}, {{distinctiveFeatures}}, {{lockedTraits}}, {{rarity}}, {{artDirection}}.

Preserve every locked canonical field exactly. The result must use NOVERIS Scientific Realism: premium AAA science-fiction quality, museum-grade reference presentation, scientifically plausible structure, coherent materials, restrained coloration unless canon requires otherwise, readable silhouette, consistent scale and anatomy or growth across all views, soft neutral studio lighting, pure black background for isolated references, full requested subject visibility, generous negative space, and PSD-friendly extraction. Habitat and biome outputs may use the canonical environment. No baked-in text, labels, watermark, logo, border, or UI.

Create four clearly different but canon-compliant versions. Preserve body plan or growth architecture, structural counts, environmental adaptations, materials, defining features, and locked coloration. Vary only permitted secondary proportions, markings, surface detail, minor ornamentation, natural wear, and pose or growth irregularity.

Recommended aspect ratio: 1:1.","text, labels, watermark, signature, logo, border, frame, UI, HUD, cropped subject, duplicate anatomy, contradictory anatomy, impossible balance, unsupported structures, random wings, random horns, humanoid default, fantasy armor, weapons, cartoon, anime, toy-like materials, excessive neon, excessive glow, oversaturated colors, busy background, motion blur, low resolution, compression artifacts, generic Earth copy, unsupported fantasy styling, traits conflicting with locked canon",1.0.0,canonical
NB2-PLT-PIV-009-WATER-RETENTION-FLORA-SCALE,PLT-PIV-009-WATER-RETENTION-FLORA,Water-Retention Flora,scale,Scale Comparison,16:9,"Create a canonical NOVERIS Nano Banana 2 visual for Water-Retention Flora: Scale Comparison.

Canonical archetype:
A canonical water-retention flora designed as a scientifically plausible plant-like or fungal organism whose anchoring, support, transport, energy capture, growth, reproduction, ecology, and environmental adaptations are internally coherent.

Required visual and biological rules:
• credible anchoring
• coherent support and transport
• functional energy collectors
• reproductive logic
• environment-linked growth

Production request:
Create side view with adult human silhouette and one-meter bar.

Studio-resolved canonical values:
{{canonicalId}}, {{displayName}}, {{scientificName}}, {{originPlanet}}, {{planetType}}, {{biome}}, {{gravity}}, {{atmosphere}}, {{climate}}, {{temperatureRange}}, {{sizeScale}}, {{coloration}}, {{materials}}, {{distinctiveFeatures}}, {{lockedTraits}}, {{rarity}}, {{artDirection}}.

Preserve every locked canonical field exactly. The result must use NOVERIS Scientific Realism: premium AAA science-fiction quality, museum-grade reference presentation, scientifically plausible structure, coherent materials, restrained coloration unless canon requires otherwise, readable silhouette, consistent scale and anatomy or growth across all views, soft neutral studio lighting, pure black background for isolated references, full requested subject visibility, generous negative space, and PSD-friendly extraction. Habitat and biome outputs may use the canonical environment. No baked-in text, labels, watermark, logo, border, or UI.

Create four clearly different but canon-compliant versions. Preserve body plan or growth architecture, structural counts, environmental adaptations, materials, defining features, and locked coloration. Vary only permitted secondary proportions, markings, surface detail, minor ornamentation, natural wear, and pose or growth irregularity.

Recommended aspect ratio: 16:9.","text, labels, watermark, signature, logo, border, frame, UI, HUD, cropped subject, duplicate anatomy, contradictory anatomy, impossible balance, unsupported structures, random wings, random horns, humanoid default, fantasy armor, weapons, cartoon, anime, toy-like materials, excessive neon, excessive glow, oversaturated colors, busy background, motion blur, low resolution, compression artifacts, generic Earth copy, unsupported fantasy styling, traits conflicting with locked canon",1.0.0,canonical
NB2-PLT-PIV-009-WATER-RETENTION-FLORA-PLATE,PLT-PIV-009-WATER-RETENTION-FLORA,Water-Retention Flora,plate,Master Botanical Plate,16:9,"Create a canonical NOVERIS Nano Banana 2 visual for Water-Retention Flora: Master Botanical Plate.

Canonical archetype:
A canonical water-retention flora designed as a scientifically plausible plant-like or fungal organism whose anchoring, support, transport, energy capture, growth, reproduction, ecology, and environmental adaptations are internally coherent.

Required visual and biological rules:
• credible anchoring
• coherent support and transport
• functional energy collectors
• reproductive logic
• environment-linked growth

Production request:
Create whole organism, views, roots, structure, collectors, reproduction, stages, materials and habitat vignette.

Studio-resolved canonical values:
{{canonicalId}}, {{displayName}}, {{scientificName}}, {{originPlanet}}, {{planetType}}, {{biome}}, {{gravity}}, {{atmosphere}}, {{climate}}, {{temperatureRange}}, {{sizeScale}}, {{coloration}}, {{materials}}, {{distinctiveFeatures}}, {{lockedTraits}}, {{rarity}}, {{artDirection}}.

Preserve every locked canonical field exactly. The result must use NOVERIS Scientific Realism: premium AAA science-fiction quality, museum-grade reference presentation, scientifically plausible structure, coherent materials, restrained coloration unless canon requires otherwise, readable silhouette, consistent scale and anatomy or growth across all views, soft neutral studio lighting, pure black background for isolated references, full requested subject visibility, generous negative space, and PSD-friendly extraction. Habitat and biome outputs may use the canonical environment. No baked-in text, labels, watermark, logo, border, or UI.

Create four clearly different but canon-compliant versions. Preserve body plan or growth architecture, structural counts, environmental adaptations, materials, defining features, and locked coloration. Vary only permitted secondary proportions, markings, surface detail, minor ornamentation, natural wear, and pose or growth irregularity.

Recommended aspect ratio: 16:9.","text, labels, watermark, signature, logo, border, frame, UI, HUD, cropped subject, duplicate anatomy, contradictory anatomy, impossible balance, unsupported structures, random wings, random horns, humanoid default, fantasy armor, weapons, cartoon, anime, toy-like materials, excessive neon, excessive glow, oversaturated colors, busy background, motion blur, low resolution, compression artifacts, generic Earth copy, unsupported fantasy styling, traits conflicting with locked canon",1.0.0,canonical
NB2-PLT-PIV-009-WATER-RETENTION-FLORA-PSD,PLT-PIV-009-WATER-RETENTION-FLORA,Water-Retention Flora,psd,PSD Extraction Board,16:9,"Create a canonical NOVERIS Nano Banana 2 visual for Water-Retention Flora: PSD Extraction Board.

Canonical archetype:
A canonical water-retention flora designed as a scientifically plausible plant-like or fungal organism whose anchoring, support, transport, energy capture, growth, reproduction, ecology, and environmental adaptations are internally coherent.

Required visual and biological rules:
• credible anchoring
• coherent support and transport
• functional energy collectors
• reproductive logic
• environment-linked growth

Production request:
Create isolated whole organism, parts, silhouette and material references.

Studio-resolved canonical values:
{{canonicalId}}, {{displayName}}, {{scientificName}}, {{originPlanet}}, {{planetType}}, {{biome}}, {{gravity}}, {{atmosphere}}, {{climate}}, {{temperatureRange}}, {{sizeScale}}, {{coloration}}, {{materials}}, {{distinctiveFeatures}}, {{lockedTraits}}, {{rarity}}, {{artDirection}}.

Preserve every locked canonical field exactly. The result must use NOVERIS Scientific Realism: premium AAA science-fiction quality, museum-grade reference presentation, scientifically plausible structure, coherent materials, restrained coloration unless canon requires otherwise, readable silhouette, consistent scale and anatomy or growth across all views, soft neutral studio lighting, pure black background for isolated references, full requested subject visibility, generous negative space, and PSD-friendly extraction. Habitat and biome outputs may use the canonical environment. No baked-in text, labels, watermark, logo, border, or UI.

Create four clearly different but canon-compliant versions. Preserve body plan or growth architecture, structural counts, environmental adaptations, materials, defining features, and locked coloration. Vary only permitted secondary proportions, markings, surface detail, minor ornamentation, natural wear, and pose or growth irregularity.

Recommended aspect ratio: 16:9.","text, labels, watermark, signature, logo, border, frame, UI, HUD, cropped subject, duplicate anatomy, contradictory anatomy, impossible balance, unsupported structures, random wings, random horns, humanoid default, fantasy armor, weapons, cartoon, anime, toy-like materials, excessive neon, excessive glow, oversaturated colors, busy background, motion blur, low resolution, compression artifacts, generic Earth copy, unsupported fantasy styling, traits conflicting with locked canon",1.0.0,canonical
NB2-PLT-PIV-010-RADIATION-SHIELDING-FLORA-WHOLE-PLANT,PLT-PIV-010-RADIATION-SHIELDING-FLORA,Radiation-Shielding Flora,whole-plant,Whole Plant Production Render,3:4,"Create a canonical NOVERIS Nano Banana 2 visual for Radiation-Shielding Flora: Whole Plant Production Render.

Canonical archetype:
A canonical radiation-shielding flora designed as a scientifically plausible plant-like or fungal organism whose anchoring, support, transport, energy capture, growth, reproduction, ecology, and environmental adaptations are internally coherent.

Required visual and biological rules:
• credible anchoring
• coherent support and transport
• functional energy collectors
• reproductive logic
• environment-linked growth

Production request:
Create complete mature organism including roots or anchor system.

Studio-resolved canonical values:
{{canonicalId}}, {{displayName}}, {{scientificName}}, {{originPlanet}}, {{planetType}}, {{biome}}, {{gravity}}, {{atmosphere}}, {{climate}}, {{temperatureRange}}, {{sizeScale}}, {{coloration}}, {{materials}}, {{distinctiveFeatures}}, {{lockedTraits}}, {{rarity}}, {{artDirection}}.

Preserve every locked canonical field exactly. The result must use NOVERIS Scientific Realism: premium AAA science-fiction quality, museum-grade reference presentation, scientifically plausible structure, coherent materials, restrained coloration unless canon requires otherwise, readable silhouette, consistent scale and anatomy or growth across all views, soft neutral studio lighting, pure black background for isolated references, full requested subject visibility, generous negative space, and PSD-friendly extraction. Habitat and biome outputs may use the canonical environment. No baked-in text, labels, watermark, logo, border, or UI.

Create four clearly different but canon-compliant versions. Preserve body plan or growth architecture, structural counts, environmental adaptations, materials, defining features, and locked coloration. Vary only permitted secondary proportions, markings, surface detail, minor ornamentation, natural wear, and pose or growth irregularity.

Recommended aspect ratio: 3:4.","text, labels, watermark, signature, logo, border, frame, UI, HUD, cropped subject, duplicate anatomy, contradictory anatomy, impossible balance, unsupported structures, random wings, random horns, humanoid default, fantasy armor, weapons, cartoon, anime, toy-like materials, excessive neon, excessive glow, oversaturated colors, busy background, motion blur, low resolution, compression artifacts, generic Earth copy, unsupported fantasy styling, traits conflicting with locked canon",1.0.0,canonical
NB2-PLT-PIV-010-RADIATION-SHIELDING-FLORA-PORTRAIT,PLT-PIV-010-RADIATION-SHIELDING-FLORA,Radiation-Shielding Flora,portrait,Botanical Portrait,1:1,"Create a canonical NOVERIS Nano Banana 2 visual for Radiation-Shielding Flora: Botanical Portrait.

Canonical archetype:
A canonical radiation-shielding flora designed as a scientifically plausible plant-like or fungal organism whose anchoring, support, transport, energy capture, growth, reproduction, ecology, and environmental adaptations are internally coherent.

Required visual and biological rules:
• credible anchoring
• coherent support and transport
• functional energy collectors
• reproductive logic
• environment-linked growth

Production request:
Create defining growth form, foliage, collectors and reproduction.

Studio-resolved canonical values:
{{canonicalId}}, {{displayName}}, {{scientificName}}, {{originPlanet}}, {{planetType}}, {{biome}}, {{gravity}}, {{atmosphere}}, {{climate}}, {{temperatureRange}}, {{sizeScale}}, {{coloration}}, {{materials}}, {{distinctiveFeatures}}, {{lockedTraits}}, {{rarity}}, {{artDirection}}.

Preserve every locked canonical field exactly. The result must use NOVERIS Scientific Realism: premium AAA science-fiction quality, museum-grade reference presentation, scientifically plausible structure, coherent materials, restrained coloration unless canon requires otherwise, readable silhouette, consistent scale and anatomy or growth across all views, soft neutral studio lighting, pure black background for isolated references, full requested subject visibility, generous negative space, and PSD-friendly extraction. Habitat and biome outputs may use the canonical environment. No baked-in text, labels, watermark, logo, border, or UI.

Create four clearly different but canon-compliant versions. Preserve body plan or growth architecture, structural counts, environmental adaptations, materials, defining features, and locked coloration. Vary only permitted secondary proportions, markings, surface detail, minor ornamentation, natural wear, and pose or growth irregularity.

Recommended aspect ratio: 1:1.","text, labels, watermark, signature, logo, border, frame, UI, HUD, cropped subject, duplicate anatomy, contradictory anatomy, impossible balance, unsupported structures, random wings, random horns, humanoid default, fantasy armor, weapons, cartoon, anime, toy-like materials, excessive neon, excessive glow, oversaturated colors, busy background, motion blur, low resolution, compression artifacts, generic Earth copy, unsupported fantasy styling, traits conflicting with locked canon",1.0.0,canonical
NB2-PLT-PIV-010-RADIATION-SHIELDING-FLORA-ORTHO-FRONT,PLT-PIV-010-RADIATION-SHIELDING-FLORA,Radiation-Shielding Flora,ortho-front,Orthographic Front,3:4,"Create a canonical NOVERIS Nano Banana 2 visual for Radiation-Shielding Flora: Orthographic Front.

Canonical archetype:
A canonical radiation-shielding flora designed as a scientifically plausible plant-like or fungal organism whose anchoring, support, transport, energy capture, growth, reproduction, ecology, and environmental adaptations are internally coherent.

Required visual and biological rules:
• credible anchoring
• coherent support and transport
• functional energy collectors
• reproductive logic
• environment-linked growth

Production request:
Create exact front orthographic view.

Studio-resolved canonical values:
{{canonicalId}}, {{displayName}}, {{scientificName}}, {{originPlanet}}, {{planetType}}, {{biome}}, {{gravity}}, {{atmosphere}}, {{climate}}, {{temperatureRange}}, {{sizeScale}}, {{coloration}}, {{materials}}, {{distinctiveFeatures}}, {{lockedTraits}}, {{rarity}}, {{artDirection}}.

Preserve every locked canonical field exactly. The result must use NOVERIS Scientific Realism: premium AAA science-fiction quality, museum-grade reference presentation, scientifically plausible structure, coherent materials, restrained coloration unless canon requires otherwise, readable silhouette, consistent scale and anatomy or growth across all views, soft neutral studio lighting, pure black background for isolated references, full requested subject visibility, generous negative space, and PSD-friendly extraction. Habitat and biome outputs may use the canonical environment. No baked-in text, labels, watermark, logo, border, or UI.

Create four clearly different but canon-compliant versions. Preserve body plan or growth architecture, structural counts, environmental adaptations, materials, defining features, and locked coloration. Vary only permitted secondary proportions, markings, surface detail, minor ornamentation, natural wear, and pose or growth irregularity.

Recommended aspect ratio: 3:4.","text, labels, watermark, signature, logo, border, frame, UI, HUD, cropped subject, duplicate anatomy, contradictory anatomy, impossible balance, unsupported structures, random wings, random horns, humanoid default, fantasy armor, weapons, cartoon, anime, toy-like materials, excessive neon, excessive glow, oversaturated colors, busy background, motion blur, low resolution, compression artifacts, generic Earth copy, unsupported fantasy styling, traits conflicting with locked canon",1.0.0,canonical
NB2-PLT-PIV-010-RADIATION-SHIELDING-FLORA-ORTHO-SIDE,PLT-PIV-010-RADIATION-SHIELDING-FLORA,Radiation-Shielding Flora,ortho-side,Orthographic Side,3:4,"Create a canonical NOVERIS Nano Banana 2 visual for Radiation-Shielding Flora: Orthographic Side.

Canonical archetype:
A canonical radiation-shielding flora designed as a scientifically plausible plant-like or fungal organism whose anchoring, support, transport, energy capture, growth, reproduction, ecology, and environmental adaptations are internally coherent.

Required visual and biological rules:
• credible anchoring
• coherent support and transport
• functional energy collectors
• reproductive logic
• environment-linked growth

Production request:
Create exact side orthographic view.

Studio-resolved canonical values:
{{canonicalId}}, {{displayName}}, {{scientificName}}, {{originPlanet}}, {{planetType}}, {{biome}}, {{gravity}}, {{atmosphere}}, {{climate}}, {{temperatureRange}}, {{sizeScale}}, {{coloration}}, {{materials}}, {{distinctiveFeatures}}, {{lockedTraits}}, {{rarity}}, {{artDirection}}.

Preserve every locked canonical field exactly. The result must use NOVERIS Scientific Realism: premium AAA science-fiction quality, museum-grade reference presentation, scientifically plausible structure, coherent materials, restrained coloration unless canon requires otherwise, readable silhouette, consistent scale and anatomy or growth across all views, soft neutral studio lighting, pure black background for isolated references, full requested subject visibility, generous negative space, and PSD-friendly extraction. Habitat and biome outputs may use the canonical environment. No baked-in text, labels, watermark, logo, border, or UI.

Create four clearly different but canon-compliant versions. Preserve body plan or growth architecture, structural counts, environmental adaptations, materials, defining features, and locked coloration. Vary only permitted secondary proportions, markings, surface detail, minor ornamentation, natural wear, and pose or growth irregularity.

Recommended aspect ratio: 3:4.","text, labels, watermark, signature, logo, border, frame, UI, HUD, cropped subject, duplicate anatomy, contradictory anatomy, impossible balance, unsupported structures, random wings, random horns, humanoid default, fantasy armor, weapons, cartoon, anime, toy-like materials, excessive neon, excessive glow, oversaturated colors, busy background, motion blur, low resolution, compression artifacts, generic Earth copy, unsupported fantasy styling, traits conflicting with locked canon",1.0.0,canonical
NB2-PLT-PIV-010-RADIATION-SHIELDING-FLORA-ORTHO-TOP,PLT-PIV-010-RADIATION-SHIELDING-FLORA,Radiation-Shielding Flora,ortho-top,Orthographic Top,1:1,"Create a canonical NOVERIS Nano Banana 2 visual for Radiation-Shielding Flora: Orthographic Top.

Canonical archetype:
A canonical radiation-shielding flora designed as a scientifically plausible plant-like or fungal organism whose anchoring, support, transport, energy capture, growth, reproduction, ecology, and environmental adaptations are internally coherent.

Required visual and biological rules:
• credible anchoring
• coherent support and transport
• functional energy collectors
• reproductive logic
• environment-linked growth

Production request:
Create exact top view showing spread and growth geometry.

Studio-resolved canonical values:
{{canonicalId}}, {{displayName}}, {{scientificName}}, {{originPlanet}}, {{planetType}}, {{biome}}, {{gravity}}, {{atmosphere}}, {{climate}}, {{temperatureRange}}, {{sizeScale}}, {{coloration}}, {{materials}}, {{distinctiveFeatures}}, {{lockedTraits}}, {{rarity}}, {{artDirection}}.

Preserve every locked canonical field exactly. The result must use NOVERIS Scientific Realism: premium AAA science-fiction quality, museum-grade reference presentation, scientifically plausible structure, coherent materials, restrained coloration unless canon requires otherwise, readable silhouette, consistent scale and anatomy or growth across all views, soft neutral studio lighting, pure black background for isolated references, full requested subject visibility, generous negative space, and PSD-friendly extraction. Habitat and biome outputs may use the canonical environment. No baked-in text, labels, watermark, logo, border, or UI.

Create four clearly different but canon-compliant versions. Preserve body plan or growth architecture, structural counts, environmental adaptations, materials, defining features, and locked coloration. Vary only permitted secondary proportions, markings, surface detail, minor ornamentation, natural wear, and pose or growth irregularity.

Recommended aspect ratio: 1:1.","text, labels, watermark, signature, logo, border, frame, UI, HUD, cropped subject, duplicate anatomy, contradictory anatomy, impossible balance, unsupported structures, random wings, random horns, humanoid default, fantasy armor, weapons, cartoon, anime, toy-like materials, excessive neon, excessive glow, oversaturated colors, busy background, motion blur, low resolution, compression artifacts, generic Earth copy, unsupported fantasy styling, traits conflicting with locked canon",1.0.0,canonical
NB2-PLT-PIV-010-RADIATION-SHIELDING-FLORA-ROOTS,PLT-PIV-010-RADIATION-SHIELDING-FLORA,Radiation-Shielding Flora,roots,Root or Anchor System,16:9,"Create a canonical NOVERIS Nano Banana 2 visual for Radiation-Shielding Flora: Root or Anchor System.

Canonical archetype:
A canonical radiation-shielding flora designed as a scientifically plausible plant-like or fungal organism whose anchoring, support, transport, energy capture, growth, reproduction, ecology, and environmental adaptations are internally coherent.

Required visual and biological rules:
• credible anchoring
• coherent support and transport
• functional energy collectors
• reproductive logic
• environment-linked growth

Production request:
Create complete substrate interface and nutrient exchange structures.

Studio-resolved canonical values:
{{canonicalId}}, {{displayName}}, {{scientificName}}, {{originPlanet}}, {{planetType}}, {{biome}}, {{gravity}}, {{atmosphere}}, {{climate}}, {{temperatureRange}}, {{sizeScale}}, {{coloration}}, {{materials}}, {{distinctiveFeatures}}, {{lockedTraits}}, {{rarity}}, {{artDirection}}.

Preserve every locked canonical field exactly. The result must use NOVERIS Scientific Realism: premium AAA science-fiction quality, museum-grade reference presentation, scientifically plausible structure, coherent materials, restrained coloration unless canon requires otherwise, readable silhouette, consistent scale and anatomy or growth across all views, soft neutral studio lighting, pure black background for isolated references, full requested subject visibility, generous negative space, and PSD-friendly extraction. Habitat and biome outputs may use the canonical environment. No baked-in text, labels, watermark, logo, border, or UI.

Create four clearly different but canon-compliant versions. Preserve body plan or growth architecture, structural counts, environmental adaptations, materials, defining features, and locked coloration. Vary only permitted secondary proportions, markings, surface detail, minor ornamentation, natural wear, and pose or growth irregularity.

Recommended aspect ratio: 16:9.","text, labels, watermark, signature, logo, border, frame, UI, HUD, cropped subject, duplicate anatomy, contradictory anatomy, impossible balance, unsupported structures, random wings, random horns, humanoid default, fantasy armor, weapons, cartoon, anime, toy-like materials, excessive neon, excessive glow, oversaturated colors, busy background, motion blur, low resolution, compression artifacts, generic Earth copy, unsupported fantasy styling, traits conflicting with locked canon",1.0.0,canonical
NB2-PLT-PIV-010-RADIATION-SHIELDING-FLORA-STEMS,PLT-PIV-010-RADIATION-SHIELDING-FLORA,Radiation-Shielding Flora,stems,"Stem, Trunk or Structural Study",16:9,"Create a canonical NOVERIS Nano Banana 2 visual for Radiation-Shielding Flora: Stem, Trunk or Structural Study.

Canonical archetype:
A canonical radiation-shielding flora designed as a scientifically plausible plant-like or fungal organism whose anchoring, support, transport, energy capture, growth, reproduction, ecology, and environmental adaptations are internally coherent.

Required visual and biological rules:
• credible anchoring
• coherent support and transport
• functional energy collectors
• reproductive logic
• environment-linked growth

Production request:
Create support and transport architecture.

Studio-resolved canonical values:
{{canonicalId}}, {{displayName}}, {{scientificName}}, {{originPlanet}}, {{planetType}}, {{biome}}, {{gravity}}, {{atmosphere}}, {{climate}}, {{temperatureRange}}, {{sizeScale}}, {{coloration}}, {{materials}}, {{distinctiveFeatures}}, {{lockedTraits}}, {{rarity}}, {{artDirection}}.

Preserve every locked canonical field exactly. The result must use NOVERIS Scientific Realism: premium AAA science-fiction quality, museum-grade reference presentation, scientifically plausible structure, coherent materials, restrained coloration unless canon requires otherwise, readable silhouette, consistent scale and anatomy or growth across all views, soft neutral studio lighting, pure black background for isolated references, full requested subject visibility, generous negative space, and PSD-friendly extraction. Habitat and biome outputs may use the canonical environment. No baked-in text, labels, watermark, logo, border, or UI.

Create four clearly different but canon-compliant versions. Preserve body plan or growth architecture, structural counts, environmental adaptations, materials, defining features, and locked coloration. Vary only permitted secondary proportions, markings, surface detail, minor ornamentation, natural wear, and pose or growth irregularity.

Recommended aspect ratio: 16:9.","text, labels, watermark, signature, logo, border, frame, UI, HUD, cropped subject, duplicate anatomy, contradictory anatomy, impossible balance, unsupported structures, random wings, random horns, humanoid default, fantasy armor, weapons, cartoon, anime, toy-like materials, excessive neon, excessive glow, oversaturated colors, busy background, motion blur, low resolution, compression artifacts, generic Earth copy, unsupported fantasy styling, traits conflicting with locked canon",1.0.0,canonical
NB2-PLT-PIV-010-RADIATION-SHIELDING-FLORA-COLLECTORS,PLT-PIV-010-RADIATION-SHIELDING-FLORA,Radiation-Shielding Flora,collectors,Leaves or Collector Study,16:9,"Create a canonical NOVERIS Nano Banana 2 visual for Radiation-Shielding Flora: Leaves or Collector Study.

Canonical archetype:
A canonical radiation-shielding flora designed as a scientifically plausible plant-like or fungal organism whose anchoring, support, transport, energy capture, growth, reproduction, ecology, and environmental adaptations are internally coherent.

Required visual and biological rules:
• credible anchoring
• coherent support and transport
• functional energy collectors
• reproductive logic
• environment-linked growth

Production request:
Create front, back, edge, juvenile, mature and stressed states.

Studio-resolved canonical values:
{{canonicalId}}, {{displayName}}, {{scientificName}}, {{originPlanet}}, {{planetType}}, {{biome}}, {{gravity}}, {{atmosphere}}, {{climate}}, {{temperatureRange}}, {{sizeScale}}, {{coloration}}, {{materials}}, {{distinctiveFeatures}}, {{lockedTraits}}, {{rarity}}, {{artDirection}}.

Preserve every locked canonical field exactly. The result must use NOVERIS Scientific Realism: premium AAA science-fiction quality, museum-grade reference presentation, scientifically plausible structure, coherent materials, restrained coloration unless canon requires otherwise, readable silhouette, consistent scale and anatomy or growth across all views, soft neutral studio lighting, pure black background for isolated references, full requested subject visibility, generous negative space, and PSD-friendly extraction. Habitat and biome outputs may use the canonical environment. No baked-in text, labels, watermark, logo, border, or UI.

Create four clearly different but canon-compliant versions. Preserve body plan or growth architecture, structural counts, environmental adaptations, materials, defining features, and locked coloration. Vary only permitted secondary proportions, markings, surface detail, minor ornamentation, natural wear, and pose or growth irregularity.

Recommended aspect ratio: 16:9.","text, labels, watermark, signature, logo, border, frame, UI, HUD, cropped subject, duplicate anatomy, contradictory anatomy, impossible balance, unsupported structures, random wings, random horns, humanoid default, fantasy armor, weapons, cartoon, anime, toy-like materials, excessive neon, excessive glow, oversaturated colors, busy background, motion blur, low resolution, compression artifacts, generic Earth copy, unsupported fantasy styling, traits conflicting with locked canon",1.0.0,canonical
NB2-PLT-PIV-010-RADIATION-SHIELDING-FLORA-REPRODUCTION,PLT-PIV-010-RADIATION-SHIELDING-FLORA,Radiation-Shielding Flora,reproduction,Reproductive Structure,16:9,"Create a canonical NOVERIS Nano Banana 2 visual for Radiation-Shielding Flora: Reproductive Structure.

Canonical archetype:
A canonical radiation-shielding flora designed as a scientifically plausible plant-like or fungal organism whose anchoring, support, transport, energy capture, growth, reproduction, ecology, and environmental adaptations are internally coherent.

Required visual and biological rules:
• credible anchoring
• coherent support and transport
• functional energy collectors
• reproductive logic
• environment-linked growth

Production request:
Create flowers, cones, spores, fields or equivalent stages.

Studio-resolved canonical values:
{{canonicalId}}, {{displayName}}, {{scientificName}}, {{originPlanet}}, {{planetType}}, {{biome}}, {{gravity}}, {{atmosphere}}, {{climate}}, {{temperatureRange}}, {{sizeScale}}, {{coloration}}, {{materials}}, {{distinctiveFeatures}}, {{lockedTraits}}, {{rarity}}, {{artDirection}}.

Preserve every locked canonical field exactly. The result must use NOVERIS Scientific Realism: premium AAA science-fiction quality, museum-grade reference presentation, scientifically plausible structure, coherent materials, restrained coloration unless canon requires otherwise, readable silhouette, consistent scale and anatomy or growth across all views, soft neutral studio lighting, pure black background for isolated references, full requested subject visibility, generous negative space, and PSD-friendly extraction. Habitat and biome outputs may use the canonical environment. No baked-in text, labels, watermark, logo, border, or UI.

Create four clearly different but canon-compliant versions. Preserve body plan or growth architecture, structural counts, environmental adaptations, materials, defining features, and locked coloration. Vary only permitted secondary proportions, markings, surface detail, minor ornamentation, natural wear, and pose or growth irregularity.

Recommended aspect ratio: 16:9.","text, labels, watermark, signature, logo, border, frame, UI, HUD, cropped subject, duplicate anatomy, contradictory anatomy, impossible balance, unsupported structures, random wings, random horns, humanoid default, fantasy armor, weapons, cartoon, anime, toy-like materials, excessive neon, excessive glow, oversaturated colors, busy background, motion blur, low resolution, compression artifacts, generic Earth copy, unsupported fantasy styling, traits conflicting with locked canon",1.0.0,canonical
NB2-PLT-PIV-010-RADIATION-SHIELDING-FLORA-PROPAGULES,PLT-PIV-010-RADIATION-SHIELDING-FLORA,Radiation-Shielding Flora,propagules,"Seed, Spore or Propagule Study",16:9,"Create a canonical NOVERIS Nano Banana 2 visual for Radiation-Shielding Flora: Seed, Spore or Propagule Study.

Canonical archetype:
A canonical radiation-shielding flora designed as a scientifically plausible plant-like or fungal organism whose anchoring, support, transport, energy capture, growth, reproduction, ecology, and environmental adaptations are internally coherent.

Required visual and biological rules:
• credible anchoring
• coherent support and transport
• functional energy collectors
• reproductive logic
• environment-linked growth

Production request:
Create dispersal, germination and early establishment.

Studio-resolved canonical values:
{{canonicalId}}, {{displayName}}, {{scientificName}}, {{originPlanet}}, {{planetType}}, {{biome}}, {{gravity}}, {{atmosphere}}, {{climate}}, {{temperatureRange}}, {{sizeScale}}, {{coloration}}, {{materials}}, {{distinctiveFeatures}}, {{lockedTraits}}, {{rarity}}, {{artDirection}}.

Preserve every locked canonical field exactly. The result must use NOVERIS Scientific Realism: premium AAA science-fiction quality, museum-grade reference presentation, scientifically plausible structure, coherent materials, restrained coloration unless canon requires otherwise, readable silhouette, consistent scale and anatomy or growth across all views, soft neutral studio lighting, pure black background for isolated references, full requested subject visibility, generous negative space, and PSD-friendly extraction. Habitat and biome outputs may use the canonical environment. No baked-in text, labels, watermark, logo, border, or UI.

Create four clearly different but canon-compliant versions. Preserve body plan or growth architecture, structural counts, environmental adaptations, materials, defining features, and locked coloration. Vary only permitted secondary proportions, markings, surface detail, minor ornamentation, natural wear, and pose or growth irregularity.

Recommended aspect ratio: 16:9.","text, labels, watermark, signature, logo, border, frame, UI, HUD, cropped subject, duplicate anatomy, contradictory anatomy, impossible balance, unsupported structures, random wings, random horns, humanoid default, fantasy armor, weapons, cartoon, anime, toy-like materials, excessive neon, excessive glow, oversaturated colors, busy background, motion blur, low resolution, compression artifacts, generic Earth copy, unsupported fantasy styling, traits conflicting with locked canon",1.0.0,canonical
NB2-PLT-PIV-010-RADIATION-SHIELDING-FLORA-CROSS-SECTION,PLT-PIV-010-RADIATION-SHIELDING-FLORA,Radiation-Shielding Flora,cross-section,Internal Cross Section,16:9,"Create a canonical NOVERIS Nano Banana 2 visual for Radiation-Shielding Flora: Internal Cross Section.

Canonical archetype:
A canonical radiation-shielding flora designed as a scientifically plausible plant-like or fungal organism whose anchoring, support, transport, energy capture, growth, reproduction, ecology, and environmental adaptations are internally coherent.

Required visual and biological rules:
• credible anchoring
• coherent support and transport
• functional energy collectors
• reproductive logic
• environment-linked growth

Production request:
Create protection, transport, support, storage and reproduction.

Studio-resolved canonical values:
{{canonicalId}}, {{displayName}}, {{scientificName}}, {{originPlanet}}, {{planetType}}, {{biome}}, {{gravity}}, {{atmosphere}}, {{climate}}, {{temperatureRange}}, {{sizeScale}}, {{coloration}}, {{materials}}, {{distinctiveFeatures}}, {{lockedTraits}}, {{rarity}}, {{artDirection}}.

Preserve every locked canonical field exactly. The result must use NOVERIS Scientific Realism: premium AAA science-fiction quality, museum-grade reference presentation, scientifically plausible structure, coherent materials, restrained coloration unless canon requires otherwise, readable silhouette, consistent scale and anatomy or growth across all views, soft neutral studio lighting, pure black background for isolated references, full requested subject visibility, generous negative space, and PSD-friendly extraction. Habitat and biome outputs may use the canonical environment. No baked-in text, labels, watermark, logo, border, or UI.

Create four clearly different but canon-compliant versions. Preserve body plan or growth architecture, structural counts, environmental adaptations, materials, defining features, and locked coloration. Vary only permitted secondary proportions, markings, surface detail, minor ornamentation, natural wear, and pose or growth irregularity.

Recommended aspect ratio: 16:9.","text, labels, watermark, signature, logo, border, frame, UI, HUD, cropped subject, duplicate anatomy, contradictory anatomy, impossible balance, unsupported structures, random wings, random horns, humanoid default, fantasy armor, weapons, cartoon, anime, toy-like materials, excessive neon, excessive glow, oversaturated colors, busy background, motion blur, low resolution, compression artifacts, generic Earth copy, unsupported fantasy styling, traits conflicting with locked canon",1.0.0,canonical
NB2-PLT-PIV-010-RADIATION-SHIELDING-FLORA-GROWTH,PLT-PIV-010-RADIATION-SHIELDING-FLORA,Radiation-Shielding Flora,growth,Growth Stages,16:9,"Create a canonical NOVERIS Nano Banana 2 visual for Radiation-Shielding Flora: Growth Stages.

Canonical archetype:
A canonical radiation-shielding flora designed as a scientifically plausible plant-like or fungal organism whose anchoring, support, transport, energy capture, growth, reproduction, ecology, and environmental adaptations are internally coherent.

Required visual and biological rules:
• credible anchoring
• coherent support and transport
• functional energy collectors
• reproductive logic
• environment-linked growth

Production request:
Create propagule, juvenile, mature, reproductive and senescent stages.

Studio-resolved canonical values:
{{canonicalId}}, {{displayName}}, {{scientificName}}, {{originPlanet}}, {{planetType}}, {{biome}}, {{gravity}}, {{atmosphere}}, {{climate}}, {{temperatureRange}}, {{sizeScale}}, {{coloration}}, {{materials}}, {{distinctiveFeatures}}, {{lockedTraits}}, {{rarity}}, {{artDirection}}.

Preserve every locked canonical field exactly. The result must use NOVERIS Scientific Realism: premium AAA science-fiction quality, museum-grade reference presentation, scientifically plausible structure, coherent materials, restrained coloration unless canon requires otherwise, readable silhouette, consistent scale and anatomy or growth across all views, soft neutral studio lighting, pure black background for isolated references, full requested subject visibility, generous negative space, and PSD-friendly extraction. Habitat and biome outputs may use the canonical environment. No baked-in text, labels, watermark, logo, border, or UI.

Create four clearly different but canon-compliant versions. Preserve body plan or growth architecture, structural counts, environmental adaptations, materials, defining features, and locked coloration. Vary only permitted secondary proportions, markings, surface detail, minor ornamentation, natural wear, and pose or growth irregularity.

Recommended aspect ratio: 16:9.","text, labels, watermark, signature, logo, border, frame, UI, HUD, cropped subject, duplicate anatomy, contradictory anatomy, impossible balance, unsupported structures, random wings, random horns, humanoid default, fantasy armor, weapons, cartoon, anime, toy-like materials, excessive neon, excessive glow, oversaturated colors, busy background, motion blur, low resolution, compression artifacts, generic Earth copy, unsupported fantasy styling, traits conflicting with locked canon",1.0.0,canonical
NB2-PLT-PIV-010-RADIATION-SHIELDING-FLORA-SEASONAL,PLT-PIV-010-RADIATION-SHIELDING-FLORA,Radiation-Shielding Flora,seasonal,Seasonal and Stress Variants,16:9,"Create a canonical NOVERIS Nano Banana 2 visual for Radiation-Shielding Flora: Seasonal and Stress Variants.

Canonical archetype:
A canonical radiation-shielding flora designed as a scientifically plausible plant-like or fungal organism whose anchoring, support, transport, energy capture, growth, reproduction, ecology, and environmental adaptations are internally coherent.

Required visual and biological rules:
• credible anchoring
• coherent support and transport
• functional energy collectors
• reproductive logic
• environment-linked growth

Production request:
Create growth, reproduction, dormancy, damage and recovery.

Studio-resolved canonical values:
{{canonicalId}}, {{displayName}}, {{scientificName}}, {{originPlanet}}, {{planetType}}, {{biome}}, {{gravity}}, {{atmosphere}}, {{climate}}, {{temperatureRange}}, {{sizeScale}}, {{coloration}}, {{materials}}, {{distinctiveFeatures}}, {{lockedTraits}}, {{rarity}}, {{artDirection}}.

Preserve every locked canonical field exactly. The result must use NOVERIS Scientific Realism: premium AAA science-fiction quality, museum-grade reference presentation, scientifically plausible structure, coherent materials, restrained coloration unless canon requires otherwise, readable silhouette, consistent scale and anatomy or growth across all views, soft neutral studio lighting, pure black background for isolated references, full requested subject visibility, generous negative space, and PSD-friendly extraction. Habitat and biome outputs may use the canonical environment. No baked-in text, labels, watermark, logo, border, or UI.

Create four clearly different but canon-compliant versions. Preserve body plan or growth architecture, structural counts, environmental adaptations, materials, defining features, and locked coloration. Vary only permitted secondary proportions, markings, surface detail, minor ornamentation, natural wear, and pose or growth irregularity.

Recommended aspect ratio: 16:9.","text, labels, watermark, signature, logo, border, frame, UI, HUD, cropped subject, duplicate anatomy, contradictory anatomy, impossible balance, unsupported structures, random wings, random horns, humanoid default, fantasy armor, weapons, cartoon, anime, toy-like materials, excessive neon, excessive glow, oversaturated colors, busy background, motion blur, low resolution, compression artifacts, generic Earth copy, unsupported fantasy styling, traits conflicting with locked canon",1.0.0,canonical
NB2-PLT-PIV-010-RADIATION-SHIELDING-FLORA-HABITAT,PLT-PIV-010-RADIATION-SHIELDING-FLORA,Radiation-Shielding Flora,habitat,Native Habitat Composition,16:9,"Create a canonical NOVERIS Nano Banana 2 visual for Radiation-Shielding Flora: Native Habitat Composition.

Canonical archetype:
A canonical radiation-shielding flora designed as a scientifically plausible plant-like or fungal organism whose anchoring, support, transport, energy capture, growth, reproduction, ecology, and environmental adaptations are internally coherent.

Required visual and biological rules:
• credible anchoring
• coherent support and transport
• functional energy collectors
• reproductive logic
• environment-linked growth

Production request:
Create natural population with spacing and age diversity.

Studio-resolved canonical values:
{{canonicalId}}, {{displayName}}, {{scientificName}}, {{originPlanet}}, {{planetType}}, {{biome}}, {{gravity}}, {{atmosphere}}, {{climate}}, {{temperatureRange}}, {{sizeScale}}, {{coloration}}, {{materials}}, {{distinctiveFeatures}}, {{lockedTraits}}, {{rarity}}, {{artDirection}}.

Preserve every locked canonical field exactly. The result must use NOVERIS Scientific Realism: premium AAA science-fiction quality, museum-grade reference presentation, scientifically plausible structure, coherent materials, restrained coloration unless canon requires otherwise, readable silhouette, consistent scale and anatomy or growth across all views, soft neutral studio lighting, pure black background for isolated references, full requested subject visibility, generous negative space, and PSD-friendly extraction. Habitat and biome outputs may use the canonical environment. No baked-in text, labels, watermark, logo, border, or UI.

Create four clearly different but canon-compliant versions. Preserve body plan or growth architecture, structural counts, environmental adaptations, materials, defining features, and locked coloration. Vary only permitted secondary proportions, markings, surface detail, minor ornamentation, natural wear, and pose or growth irregularity.

Recommended aspect ratio: 16:9.","text, labels, watermark, signature, logo, border, frame, UI, HUD, cropped subject, duplicate anatomy, contradictory anatomy, impossible balance, unsupported structures, random wings, random horns, humanoid default, fantasy armor, weapons, cartoon, anime, toy-like materials, excessive neon, excessive glow, oversaturated colors, busy background, motion blur, low resolution, compression artifacts, generic Earth copy, unsupported fantasy styling, traits conflicting with locked canon",1.0.0,canonical
NB2-PLT-PIV-010-RADIATION-SHIELDING-FLORA-BIOME,PLT-PIV-010-RADIATION-SHIELDING-FLORA,Radiation-Shielding Flora,biome,Biome Composition,16:9,"Create a canonical NOVERIS Nano Banana 2 visual for Radiation-Shielding Flora: Biome Composition.

Canonical archetype:
A canonical radiation-shielding flora designed as a scientifically plausible plant-like or fungal organism whose anchoring, support, transport, energy capture, growth, reproduction, ecology, and environmental adaptations are internally coherent.

Required visual and biological rules:
• credible anchoring
• coherent support and transport
• functional energy collectors
• reproductive logic
• environment-linked growth

Production request:
Create coordinated vegetation set at consistent scale.

Studio-resolved canonical values:
{{canonicalId}}, {{displayName}}, {{scientificName}}, {{originPlanet}}, {{planetType}}, {{biome}}, {{gravity}}, {{atmosphere}}, {{climate}}, {{temperatureRange}}, {{sizeScale}}, {{coloration}}, {{materials}}, {{distinctiveFeatures}}, {{lockedTraits}}, {{rarity}}, {{artDirection}}.

Preserve every locked canonical field exactly. The result must use NOVERIS Scientific Realism: premium AAA science-fiction quality, museum-grade reference presentation, scientifically plausible structure, coherent materials, restrained coloration unless canon requires otherwise, readable silhouette, consistent scale and anatomy or growth across all views, soft neutral studio lighting, pure black background for isolated references, full requested subject visibility, generous negative space, and PSD-friendly extraction. Habitat and biome outputs may use the canonical environment. No baked-in text, labels, watermark, logo, border, or UI.

Create four clearly different but canon-compliant versions. Preserve body plan or growth architecture, structural counts, environmental adaptations, materials, defining features, and locked coloration. Vary only permitted secondary proportions, markings, surface detail, minor ornamentation, natural wear, and pose or growth irregularity.

Recommended aspect ratio: 16:9.","text, labels, watermark, signature, logo, border, frame, UI, HUD, cropped subject, duplicate anatomy, contradictory anatomy, impossible balance, unsupported structures, random wings, random horns, humanoid default, fantasy armor, weapons, cartoon, anime, toy-like materials, excessive neon, excessive glow, oversaturated colors, busy background, motion blur, low resolution, compression artifacts, generic Earth copy, unsupported fantasy styling, traits conflicting with locked canon",1.0.0,canonical
NB2-PLT-PIV-010-RADIATION-SHIELDING-FLORA-DISCOVERY,PLT-PIV-010-RADIATION-SHIELDING-FLORA,Radiation-Shielding Flora,discovery,Discovery Scan,16:9,"Create a canonical NOVERIS Nano Banana 2 visual for Radiation-Shielding Flora: Discovery Scan.

Canonical archetype:
A canonical radiation-shielding flora designed as a scientifically plausible plant-like or fungal organism whose anchoring, support, transport, energy capture, growth, reproduction, ecology, and environmental adaptations are internally coherent.

Required visual and biological rules:
• credible anchoring
• coherent support and transport
• functional energy collectors
• reproductive logic
• environment-linked growth

Production request:
Create centered scientific scan source without labels.

Studio-resolved canonical values:
{{canonicalId}}, {{displayName}}, {{scientificName}}, {{originPlanet}}, {{planetType}}, {{biome}}, {{gravity}}, {{atmosphere}}, {{climate}}, {{temperatureRange}}, {{sizeScale}}, {{coloration}}, {{materials}}, {{distinctiveFeatures}}, {{lockedTraits}}, {{rarity}}, {{artDirection}}.

Preserve every locked canonical field exactly. The result must use NOVERIS Scientific Realism: premium AAA science-fiction quality, museum-grade reference presentation, scientifically plausible structure, coherent materials, restrained coloration unless canon requires otherwise, readable silhouette, consistent scale and anatomy or growth across all views, soft neutral studio lighting, pure black background for isolated references, full requested subject visibility, generous negative space, and PSD-friendly extraction. Habitat and biome outputs may use the canonical environment. No baked-in text, labels, watermark, logo, border, or UI.

Create four clearly different but canon-compliant versions. Preserve body plan or growth architecture, structural counts, environmental adaptations, materials, defining features, and locked coloration. Vary only permitted secondary proportions, markings, surface detail, minor ornamentation, natural wear, and pose or growth irregularity.

Recommended aspect ratio: 16:9.","text, labels, watermark, signature, logo, border, frame, UI, HUD, cropped subject, duplicate anatomy, contradictory anatomy, impossible balance, unsupported structures, random wings, random horns, humanoid default, fantasy armor, weapons, cartoon, anime, toy-like materials, excessive neon, excessive glow, oversaturated colors, busy background, motion blur, low resolution, compression artifacts, generic Earth copy, unsupported fantasy styling, traits conflicting with locked canon",1.0.0,canonical
NB2-PLT-PIV-010-RADIATION-SHIELDING-FLORA-ICON,PLT-PIV-010-RADIATION-SHIELDING-FLORA,Radiation-Shielding Flora,icon,UI Icon,1:1,"Create a canonical NOVERIS Nano Banana 2 visual for Radiation-Shielding Flora: UI Icon.

Canonical archetype:
A canonical radiation-shielding flora designed as a scientifically plausible plant-like or fungal organism whose anchoring, support, transport, energy capture, growth, reproduction, ecology, and environmental adaptations are internally coherent.

Required visual and biological rules:
• credible anchoring
• coherent support and transport
• functional energy collectors
• reproductive logic
• environment-linked growth

Production request:
Create isolated silhouette readable at 64 pixels.

Studio-resolved canonical values:
{{canonicalId}}, {{displayName}}, {{scientificName}}, {{originPlanet}}, {{planetType}}, {{biome}}, {{gravity}}, {{atmosphere}}, {{climate}}, {{temperatureRange}}, {{sizeScale}}, {{coloration}}, {{materials}}, {{distinctiveFeatures}}, {{lockedTraits}}, {{rarity}}, {{artDirection}}.

Preserve every locked canonical field exactly. The result must use NOVERIS Scientific Realism: premium AAA science-fiction quality, museum-grade reference presentation, scientifically plausible structure, coherent materials, restrained coloration unless canon requires otherwise, readable silhouette, consistent scale and anatomy or growth across all views, soft neutral studio lighting, pure black background for isolated references, full requested subject visibility, generous negative space, and PSD-friendly extraction. Habitat and biome outputs may use the canonical environment. No baked-in text, labels, watermark, logo, border, or UI.

Create four clearly different but canon-compliant versions. Preserve body plan or growth architecture, structural counts, environmental adaptations, materials, defining features, and locked coloration. Vary only permitted secondary proportions, markings, surface detail, minor ornamentation, natural wear, and pose or growth irregularity.

Recommended aspect ratio: 1:1.","text, labels, watermark, signature, logo, border, frame, UI, HUD, cropped subject, duplicate anatomy, contradictory anatomy, impossible balance, unsupported structures, random wings, random horns, humanoid default, fantasy armor, weapons, cartoon, anime, toy-like materials, excessive neon, excessive glow, oversaturated colors, busy background, motion blur, low resolution, compression artifacts, generic Earth copy, unsupported fantasy styling, traits conflicting with locked canon",1.0.0,canonical
NB2-PLT-PIV-010-RADIATION-SHIELDING-FLORA-SCALE,PLT-PIV-010-RADIATION-SHIELDING-FLORA,Radiation-Shielding Flora,scale,Scale Comparison,16:9,"Create a canonical NOVERIS Nano Banana 2 visual for Radiation-Shielding Flora: Scale Comparison.

Canonical archetype:
A canonical radiation-shielding flora designed as a scientifically plausible plant-like or fungal organism whose anchoring, support, transport, energy capture, growth, reproduction, ecology, and environmental adaptations are internally coherent.

Required visual and biological rules:
• credible anchoring
• coherent support and transport
• functional energy collectors
• reproductive logic
• environment-linked growth

Production request:
Create side view with adult human silhouette and one-meter bar.

Studio-resolved canonical values:
{{canonicalId}}, {{displayName}}, {{scientificName}}, {{originPlanet}}, {{planetType}}, {{biome}}, {{gravity}}, {{atmosphere}}, {{climate}}, {{temperatureRange}}, {{sizeScale}}, {{coloration}}, {{materials}}, {{distinctiveFeatures}}, {{lockedTraits}}, {{rarity}}, {{artDirection}}.

Preserve every locked canonical field exactly. The result must use NOVERIS Scientific Realism: premium AAA science-fiction quality, museum-grade reference presentation, scientifically plausible structure, coherent materials, restrained coloration unless canon requires otherwise, readable silhouette, consistent scale and anatomy or growth across all views, soft neutral studio lighting, pure black background for isolated references, full requested subject visibility, generous negative space, and PSD-friendly extraction. Habitat and biome outputs may use the canonical environment. No baked-in text, labels, watermark, logo, border, or UI.

Create four clearly different but canon-compliant versions. Preserve body plan or growth architecture, structural counts, environmental adaptations, materials, defining features, and locked coloration. Vary only permitted secondary proportions, markings, surface detail, minor ornamentation, natural wear, and pose or growth irregularity.

Recommended aspect ratio: 16:9.","text, labels, watermark, signature, logo, border, frame, UI, HUD, cropped subject, duplicate anatomy, contradictory anatomy, impossible balance, unsupported structures, random wings, random horns, humanoid default, fantasy armor, weapons, cartoon, anime, toy-like materials, excessive neon, excessive glow, oversaturated colors, busy background, motion blur, low resolution, compression artifacts, generic Earth copy, unsupported fantasy styling, traits conflicting with locked canon",1.0.0,canonical
NB2-PLT-PIV-010-RADIATION-SHIELDING-FLORA-PLATE,PLT-PIV-010-RADIATION-SHIELDING-FLORA,Radiation-Shielding Flora,plate,Master Botanical Plate,16:9,"Create a canonical NOVERIS Nano Banana 2 visual for Radiation-Shielding Flora: Master Botanical Plate.

Canonical archetype:
A canonical radiation-shielding flora designed as a scientifically plausible plant-like or fungal organism whose anchoring, support, transport, energy capture, growth, reproduction, ecology, and environmental adaptations are internally coherent.

Required visual and biological rules:
• credible anchoring
• coherent support and transport
• functional energy collectors
• reproductive logic
• environment-linked growth

Production request:
Create whole organism, views, roots, structure, collectors, reproduction, stages, materials and habitat vignette.

Studio-resolved canonical values:
{{canonicalId}}, {{displayName}}, {{scientificName}}, {{originPlanet}}, {{planetType}}, {{biome}}, {{gravity}}, {{atmosphere}}, {{climate}}, {{temperatureRange}}, {{sizeScale}}, {{coloration}}, {{materials}}, {{distinctiveFeatures}}, {{lockedTraits}}, {{rarity}}, {{artDirection}}.

Preserve every locked canonical field exactly. The result must use NOVERIS Scientific Realism: premium AAA science-fiction quality, museum-grade reference presentation, scientifically plausible structure, coherent materials, restrained coloration unless canon requires otherwise, readable silhouette, consistent scale and anatomy or growth across all views, soft neutral studio lighting, pure black background for isolated references, full requested subject visibility, generous negative space, and PSD-friendly extraction. Habitat and biome outputs may use the canonical environment. No baked-in text, labels, watermark, logo, border, or UI.

Create four clearly different but canon-compliant versions. Preserve body plan or growth architecture, structural counts, environmental adaptations, materials, defining features, and locked coloration. Vary only permitted secondary proportions, markings, surface detail, minor ornamentation, natural wear, and pose or growth irregularity.

Recommended aspect ratio: 16:9.","text, labels, watermark, signature, logo, border, frame, UI, HUD, cropped subject, duplicate anatomy, contradictory anatomy, impossible balance, unsupported structures, random wings, random horns, humanoid default, fantasy armor, weapons, cartoon, anime, toy-like materials, excessive neon, excessive glow, oversaturated colors, busy background, motion blur, low resolution, compression artifacts, generic Earth copy, unsupported fantasy styling, traits conflicting with locked canon",1.0.0,canonical
NB2-PLT-PIV-010-RADIATION-SHIELDING-FLORA-PSD,PLT-PIV-010-RADIATION-SHIELDING-FLORA,Radiation-Shielding Flora,psd,PSD Extraction Board,16:9,"Create a canonical NOVERIS Nano Banana 2 visual for Radiation-Shielding Flora: PSD Extraction Board.

Canonical archetype:
A canonical radiation-shielding flora designed as a scientifically plausible plant-like or fungal organism whose anchoring, support, transport, energy capture, growth, reproduction, ecology, and environmental adaptations are internally coherent.

Required visual and biological rules:
• credible anchoring
• coherent support and transport
• functional energy collectors
• reproductive logic
• environment-linked growth

Production request:
Create isolated whole organism, parts, silhouette and material references.

Studio-resolved canonical values:
{{canonicalId}}, {{displayName}}, {{scientificName}}, {{originPlanet}}, {{planetType}}, {{biome}}, {{gravity}}, {{atmosphere}}, {{climate}}, {{temperatureRange}}, {{sizeScale}}, {{coloration}}, {{materials}}, {{distinctiveFeatures}}, {{lockedTraits}}, {{rarity}}, {{artDirection}}.

Preserve every locked canonical field exactly. The result must use NOVERIS Scientific Realism: premium AAA science-fiction quality, museum-grade reference presentation, scientifically plausible structure, coherent materials, restrained coloration unless canon requires otherwise, readable silhouette, consistent scale and anatomy or growth across all views, soft neutral studio lighting, pure black background for isolated references, full requested subject visibility, generous negative space, and PSD-friendly extraction. Habitat and biome outputs may use the canonical environment. No baked-in text, labels, watermark, logo, border, or UI.

Create four clearly different but canon-compliant versions. Preserve body plan or growth architecture, structural counts, environmental adaptations, materials, defining features, and locked coloration. Vary only permitted secondary proportions, markings, surface detail, minor ornamentation, natural wear, and pose or growth irregularity.

Recommended aspect ratio: 16:9.","text, labels, watermark, signature, logo, border, frame, UI, HUD, cropped subject, duplicate anatomy, contradictory anatomy, impossible balance, unsupported structures, random wings, random horns, humanoid default, fantasy armor, weapons, cartoon, anime, toy-like materials, excessive neon, excessive glow, oversaturated colors, busy background, motion blur, low resolution, compression artifacts, generic Earth copy, unsupported fantasy styling, traits conflicting with locked canon",1.0.0,canonical
NB2-PLT-PIV-011-INDUSTRIAL-FIBER-PLANT-WHOLE-PLANT,PLT-PIV-011-INDUSTRIAL-FIBER-PLANT,Industrial Fiber Plant,whole-plant,Whole Plant Production Render,3:4,"Create a canonical NOVERIS Nano Banana 2 visual for Industrial Fiber Plant: Whole Plant Production Render.

Canonical archetype:
A canonical industrial fiber plant designed as a scientifically plausible plant-like or fungal organism whose anchoring, support, transport, energy capture, growth, reproduction, ecology, and environmental adaptations are internally coherent.

Required visual and biological rules:
• credible anchoring
• coherent support and transport
• functional energy collectors
• reproductive logic
• environment-linked growth

Production request:
Create complete mature organism including roots or anchor system.

Studio-resolved canonical values:
{{canonicalId}}, {{displayName}}, {{scientificName}}, {{originPlanet}}, {{planetType}}, {{biome}}, {{gravity}}, {{atmosphere}}, {{climate}}, {{temperatureRange}}, {{sizeScale}}, {{coloration}}, {{materials}}, {{distinctiveFeatures}}, {{lockedTraits}}, {{rarity}}, {{artDirection}}.

Preserve every locked canonical field exactly. The result must use NOVERIS Scientific Realism: premium AAA science-fiction quality, museum-grade reference presentation, scientifically plausible structure, coherent materials, restrained coloration unless canon requires otherwise, readable silhouette, consistent scale and anatomy or growth across all views, soft neutral studio lighting, pure black background for isolated references, full requested subject visibility, generous negative space, and PSD-friendly extraction. Habitat and biome outputs may use the canonical environment. No baked-in text, labels, watermark, logo, border, or UI.

Create four clearly different but canon-compliant versions. Preserve body plan or growth architecture, structural counts, environmental adaptations, materials, defining features, and locked coloration. Vary only permitted secondary proportions, markings, surface detail, minor ornamentation, natural wear, and pose or growth irregularity.

Recommended aspect ratio: 3:4.","text, labels, watermark, signature, logo, border, frame, UI, HUD, cropped subject, duplicate anatomy, contradictory anatomy, impossible balance, unsupported structures, random wings, random horns, humanoid default, fantasy armor, weapons, cartoon, anime, toy-like materials, excessive neon, excessive glow, oversaturated colors, busy background, motion blur, low resolution, compression artifacts, generic Earth copy, unsupported fantasy styling, traits conflicting with locked canon",1.0.0,canonical
NB2-PLT-PIV-011-INDUSTRIAL-FIBER-PLANT-PORTRAIT,PLT-PIV-011-INDUSTRIAL-FIBER-PLANT,Industrial Fiber Plant,portrait,Botanical Portrait,1:1,"Create a canonical NOVERIS Nano Banana 2 visual for Industrial Fiber Plant: Botanical Portrait.

Canonical archetype:
A canonical industrial fiber plant designed as a scientifically plausible plant-like or fungal organism whose anchoring, support, transport, energy capture, growth, reproduction, ecology, and environmental adaptations are internally coherent.

Required visual and biological rules:
• credible anchoring
• coherent support and transport
• functional energy collectors
• reproductive logic
• environment-linked growth

Production request:
Create defining growth form, foliage, collectors and reproduction.

Studio-resolved canonical values:
{{canonicalId}}, {{displayName}}, {{scientificName}}, {{originPlanet}}, {{planetType}}, {{biome}}, {{gravity}}, {{atmosphere}}, {{climate}}, {{temperatureRange}}, {{sizeScale}}, {{coloration}}, {{materials}}, {{distinctiveFeatures}}, {{lockedTraits}}, {{rarity}}, {{artDirection}}.

Preserve every locked canonical field exactly. The result must use NOVERIS Scientific Realism: premium AAA science-fiction quality, museum-grade reference presentation, scientifically plausible structure, coherent materials, restrained coloration unless canon requires otherwise, readable silhouette, consistent scale and anatomy or growth across all views, soft neutral studio lighting, pure black background for isolated references, full requested subject visibility, generous negative space, and PSD-friendly extraction. Habitat and biome outputs may use the canonical environment. No baked-in text, labels, watermark, logo, border, or UI.

Create four clearly different but canon-compliant versions. Preserve body plan or growth architecture, structural counts, environmental adaptations, materials, defining features, and locked coloration. Vary only permitted secondary proportions, markings, surface detail, minor ornamentation, natural wear, and pose or growth irregularity.

Recommended aspect ratio: 1:1.","text, labels, watermark, signature, logo, border, frame, UI, HUD, cropped subject, duplicate anatomy, contradictory anatomy, impossible balance, unsupported structures, random wings, random horns, humanoid default, fantasy armor, weapons, cartoon, anime, toy-like materials, excessive neon, excessive glow, oversaturated colors, busy background, motion blur, low resolution, compression artifacts, generic Earth copy, unsupported fantasy styling, traits conflicting with locked canon",1.0.0,canonical
NB2-PLT-PIV-011-INDUSTRIAL-FIBER-PLANT-ORTHO-FRONT,PLT-PIV-011-INDUSTRIAL-FIBER-PLANT,Industrial Fiber Plant,ortho-front,Orthographic Front,3:4,"Create a canonical NOVERIS Nano Banana 2 visual for Industrial Fiber Plant: Orthographic Front.

Canonical archetype:
A canonical industrial fiber plant designed as a scientifically plausible plant-like or fungal organism whose anchoring, support, transport, energy capture, growth, reproduction, ecology, and environmental adaptations are internally coherent.

Required visual and biological rules:
• credible anchoring
• coherent support and transport
• functional energy collectors
• reproductive logic
• environment-linked growth

Production request:
Create exact front orthographic view.

Studio-resolved canonical values:
{{canonicalId}}, {{displayName}}, {{scientificName}}, {{originPlanet}}, {{planetType}}, {{biome}}, {{gravity}}, {{atmosphere}}, {{climate}}, {{temperatureRange}}, {{sizeScale}}, {{coloration}}, {{materials}}, {{distinctiveFeatures}}, {{lockedTraits}}, {{rarity}}, {{artDirection}}.

Preserve every locked canonical field exactly. The result must use NOVERIS Scientific Realism: premium AAA science-fiction quality, museum-grade reference presentation, scientifically plausible structure, coherent materials, restrained coloration unless canon requires otherwise, readable silhouette, consistent scale and anatomy or growth across all views, soft neutral studio lighting, pure black background for isolated references, full requested subject visibility, generous negative space, and PSD-friendly extraction. Habitat and biome outputs may use the canonical environment. No baked-in text, labels, watermark, logo, border, or UI.

Create four clearly different but canon-compliant versions. Preserve body plan or growth architecture, structural counts, environmental adaptations, materials, defining features, and locked coloration. Vary only permitted secondary proportions, markings, surface detail, minor ornamentation, natural wear, and pose or growth irregularity.

Recommended aspect ratio: 3:4.","text, labels, watermark, signature, logo, border, frame, UI, HUD, cropped subject, duplicate anatomy, contradictory anatomy, impossible balance, unsupported structures, random wings, random horns, humanoid default, fantasy armor, weapons, cartoon, anime, toy-like materials, excessive neon, excessive glow, oversaturated colors, busy background, motion blur, low resolution, compression artifacts, generic Earth copy, unsupported fantasy styling, traits conflicting with locked canon",1.0.0,canonical
NB2-PLT-PIV-011-INDUSTRIAL-FIBER-PLANT-ORTHO-SIDE,PLT-PIV-011-INDUSTRIAL-FIBER-PLANT,Industrial Fiber Plant,ortho-side,Orthographic Side,3:4,"Create a canonical NOVERIS Nano Banana 2 visual for Industrial Fiber Plant: Orthographic Side.

Canonical archetype:
A canonical industrial fiber plant designed as a scientifically plausible plant-like or fungal organism whose anchoring, support, transport, energy capture, growth, reproduction, ecology, and environmental adaptations are internally coherent.

Required visual and biological rules:
• credible anchoring
• coherent support and transport
• functional energy collectors
• reproductive logic
• environment-linked growth

Production request:
Create exact side orthographic view.

Studio-resolved canonical values:
{{canonicalId}}, {{displayName}}, {{scientificName}}, {{originPlanet}}, {{planetType}}, {{biome}}, {{gravity}}, {{atmosphere}}, {{climate}}, {{temperatureRange}}, {{sizeScale}}, {{coloration}}, {{materials}}, {{distinctiveFeatures}}, {{lockedTraits}}, {{rarity}}, {{artDirection}}.

Preserve every locked canonical field exactly. The result must use NOVERIS Scientific Realism: premium AAA science-fiction quality, museum-grade reference presentation, scientifically plausible structure, coherent materials, restrained coloration unless canon requires otherwise, readable silhouette, consistent scale and anatomy or growth across all views, soft neutral studio lighting, pure black background for isolated references, full requested subject visibility, generous negative space, and PSD-friendly extraction. Habitat and biome outputs may use the canonical environment. No baked-in text, labels, watermark, logo, border, or UI.

Create four clearly different but canon-compliant versions. Preserve body plan or growth architecture, structural counts, environmental adaptations, materials, defining features, and locked coloration. Vary only permitted secondary proportions, markings, surface detail, minor ornamentation, natural wear, and pose or growth irregularity.

Recommended aspect ratio: 3:4.","text, labels, watermark, signature, logo, border, frame, UI, HUD, cropped subject, duplicate anatomy, contradictory anatomy, impossible balance, unsupported structures, random wings, random horns, humanoid default, fantasy armor, weapons, cartoon, anime, toy-like materials, excessive neon, excessive glow, oversaturated colors, busy background, motion blur, low resolution, compression artifacts, generic Earth copy, unsupported fantasy styling, traits conflicting with locked canon",1.0.0,canonical
NB2-PLT-PIV-011-INDUSTRIAL-FIBER-PLANT-ORTHO-TOP,PLT-PIV-011-INDUSTRIAL-FIBER-PLANT,Industrial Fiber Plant,ortho-top,Orthographic Top,1:1,"Create a canonical NOVERIS Nano Banana 2 visual for Industrial Fiber Plant: Orthographic Top.

Canonical archetype:
A canonical industrial fiber plant designed as a scientifically plausible plant-like or fungal organism whose anchoring, support, transport, energy capture, growth, reproduction, ecology, and environmental adaptations are internally coherent.

Required visual and biological rules:
• credible anchoring
• coherent support and transport
• functional energy collectors
• reproductive logic
• environment-linked growth

Production request:
Create exact top view showing spread and growth geometry.

Studio-resolved canonical values:
{{canonicalId}}, {{displayName}}, {{scientificName}}, {{originPlanet}}, {{planetType}}, {{biome}}, {{gravity}}, {{atmosphere}}, {{climate}}, {{temperatureRange}}, {{sizeScale}}, {{coloration}}, {{materials}}, {{distinctiveFeatures}}, {{lockedTraits}}, {{rarity}}, {{artDirection}}.

Preserve every locked canonical field exactly. The result must use NOVERIS Scientific Realism: premium AAA science-fiction quality, museum-grade reference presentation, scientifically plausible structure, coherent materials, restrained coloration unless canon requires otherwise, readable silhouette, consistent scale and anatomy or growth across all views, soft neutral studio lighting, pure black background for isolated references, full requested subject visibility, generous negative space, and PSD-friendly extraction. Habitat and biome outputs may use the canonical environment. No baked-in text, labels, watermark, logo, border, or UI.

Create four clearly different but canon-compliant versions. Preserve body plan or growth architecture, structural counts, environmental adaptations, materials, defining features, and locked coloration. Vary only permitted secondary proportions, markings, surface detail, minor ornamentation, natural wear, and pose or growth irregularity.

Recommended aspect ratio: 1:1.","text, labels, watermark, signature, logo, border, frame, UI, HUD, cropped subject, duplicate anatomy, contradictory anatomy, impossible balance, unsupported structures, random wings, random horns, humanoid default, fantasy armor, weapons, cartoon, anime, toy-like materials, excessive neon, excessive glow, oversaturated colors, busy background, motion blur, low resolution, compression artifacts, generic Earth copy, unsupported fantasy styling, traits conflicting with locked canon",1.0.0,canonical
NB2-PLT-PIV-011-INDUSTRIAL-FIBER-PLANT-ROOTS,PLT-PIV-011-INDUSTRIAL-FIBER-PLANT,Industrial Fiber Plant,roots,Root or Anchor System,16:9,"Create a canonical NOVERIS Nano Banana 2 visual for Industrial Fiber Plant: Root or Anchor System.

Canonical archetype:
A canonical industrial fiber plant designed as a scientifically plausible plant-like or fungal organism whose anchoring, support, transport, energy capture, growth, reproduction, ecology, and environmental adaptations are internally coherent.

Required visual and biological rules:
• credible anchoring
• coherent support and transport
• functional energy collectors
• reproductive logic
• environment-linked growth

Production request:
Create complete substrate interface and nutrient exchange structures.

Studio-resolved canonical values:
{{canonicalId}}, {{displayName}}, {{scientificName}}, {{originPlanet}}, {{planetType}}, {{biome}}, {{gravity}}, {{atmosphere}}, {{climate}}, {{temperatureRange}}, {{sizeScale}}, {{coloration}}, {{materials}}, {{distinctiveFeatures}}, {{lockedTraits}}, {{rarity}}, {{artDirection}}.

Preserve every locked canonical field exactly. The result must use NOVERIS Scientific Realism: premium AAA science-fiction quality, museum-grade reference presentation, scientifically plausible structure, coherent materials, restrained coloration unless canon requires otherwise, readable silhouette, consistent scale and anatomy or growth across all views, soft neutral studio lighting, pure black background for isolated references, full requested subject visibility, generous negative space, and PSD-friendly extraction. Habitat and biome outputs may use the canonical environment. No baked-in text, labels, watermark, logo, border, or UI.

Create four clearly different but canon-compliant versions. Preserve body plan or growth architecture, structural counts, environmental adaptations, materials, defining features, and locked coloration. Vary only permitted secondary proportions, markings, surface detail, minor ornamentation, natural wear, and pose or growth irregularity.

Recommended aspect ratio: 16:9.","text, labels, watermark, signature, logo, border, frame, UI, HUD, cropped subject, duplicate anatomy, contradictory anatomy, impossible balance, unsupported structures, random wings, random horns, humanoid default, fantasy armor, weapons, cartoon, anime, toy-like materials, excessive neon, excessive glow, oversaturated colors, busy background, motion blur, low resolution, compression artifacts, generic Earth copy, unsupported fantasy styling, traits conflicting with locked canon",1.0.0,canonical
NB2-PLT-PIV-011-INDUSTRIAL-FIBER-PLANT-STEMS,PLT-PIV-011-INDUSTRIAL-FIBER-PLANT,Industrial Fiber Plant,stems,"Stem, Trunk or Structural Study",16:9,"Create a canonical NOVERIS Nano Banana 2 visual for Industrial Fiber Plant: Stem, Trunk or Structural Study.

Canonical archetype:
A canonical industrial fiber plant designed as a scientifically plausible plant-like or fungal organism whose anchoring, support, transport, energy capture, growth, reproduction, ecology, and environmental adaptations are internally coherent.

Required visual and biological rules:
• credible anchoring
• coherent support and transport
• functional energy collectors
• reproductive logic
• environment-linked growth

Production request:
Create support and transport architecture.

Studio-resolved canonical values:
{{canonicalId}}, {{displayName}}, {{scientificName}}, {{originPlanet}}, {{planetType}}, {{biome}}, {{gravity}}, {{atmosphere}}, {{climate}}, {{temperatureRange}}, {{sizeScale}}, {{coloration}}, {{materials}}, {{distinctiveFeatures}}, {{lockedTraits}}, {{rarity}}, {{artDirection}}.

Preserve every locked canonical field exactly. The result must use NOVERIS Scientific Realism: premium AAA science-fiction quality, museum-grade reference presentation, scientifically plausible structure, coherent materials, restrained coloration unless canon requires otherwise, readable silhouette, consistent scale and anatomy or growth across all views, soft neutral studio lighting, pure black background for isolated references, full requested subject visibility, generous negative space, and PSD-friendly extraction. Habitat and biome outputs may use the canonical environment. No baked-in text, labels, watermark, logo, border, or UI.

Create four clearly different but canon-compliant versions. Preserve body plan or growth architecture, structural counts, environmental adaptations, materials, defining features, and locked coloration. Vary only permitted secondary proportions, markings, surface detail, minor ornamentation, natural wear, and pose or growth irregularity.

Recommended aspect ratio: 16:9.","text, labels, watermark, signature, logo, border, frame, UI, HUD, cropped subject, duplicate anatomy, contradictory anatomy, impossible balance, unsupported structures, random wings, random horns, humanoid default, fantasy armor, weapons, cartoon, anime, toy-like materials, excessive neon, excessive glow, oversaturated colors, busy background, motion blur, low resolution, compression artifacts, generic Earth copy, unsupported fantasy styling, traits conflicting with locked canon",1.0.0,canonical
NB2-PLT-PIV-011-INDUSTRIAL-FIBER-PLANT-COLLECTORS,PLT-PIV-011-INDUSTRIAL-FIBER-PLANT,Industrial Fiber Plant,collectors,Leaves or Collector Study,16:9,"Create a canonical NOVERIS Nano Banana 2 visual for Industrial Fiber Plant: Leaves or Collector Study.

Canonical archetype:
A canonical industrial fiber plant designed as a scientifically plausible plant-like or fungal organism whose anchoring, support, transport, energy capture, growth, reproduction, ecology, and environmental adaptations are internally coherent.

Required visual and biological rules:
• credible anchoring
• coherent support and transport
• functional energy collectors
• reproductive logic
• environment-linked growth

Production request:
Create front, back, edge, juvenile, mature and stressed states.

Studio-resolved canonical values:
{{canonicalId}}, {{displayName}}, {{scientificName}}, {{originPlanet}}, {{planetType}}, {{biome}}, {{gravity}}, {{atmosphere}}, {{climate}}, {{temperatureRange}}, {{sizeScale}}, {{coloration}}, {{materials}}, {{distinctiveFeatures}}, {{lockedTraits}}, {{rarity}}, {{artDirection}}.

Preserve every locked canonical field exactly. The result must use NOVERIS Scientific Realism: premium AAA science-fiction quality, museum-grade reference presentation, scientifically plausible structure, coherent materials, restrained coloration unless canon requires otherwise, readable silhouette, consistent scale and anatomy or growth across all views, soft neutral studio lighting, pure black background for isolated references, full requested subject visibility, generous negative space, and PSD-friendly extraction. Habitat and biome outputs may use the canonical environment. No baked-in text, labels, watermark, logo, border, or UI.

Create four clearly different but canon-compliant versions. Preserve body plan or growth architecture, structural counts, environmental adaptations, materials, defining features, and locked coloration. Vary only permitted secondary proportions, markings, surface detail, minor ornamentation, natural wear, and pose or growth irregularity.

Recommended aspect ratio: 16:9.","text, labels, watermark, signature, logo, border, frame, UI, HUD, cropped subject, duplicate anatomy, contradictory anatomy, impossible balance, unsupported structures, random wings, random horns, humanoid default, fantasy armor, weapons, cartoon, anime, toy-like materials, excessive neon, excessive glow, oversaturated colors, busy background, motion blur, low resolution, compression artifacts, generic Earth copy, unsupported fantasy styling, traits conflicting with locked canon",1.0.0,canonical
NB2-PLT-PIV-011-INDUSTRIAL-FIBER-PLANT-REPRODUCTION,PLT-PIV-011-INDUSTRIAL-FIBER-PLANT,Industrial Fiber Plant,reproduction,Reproductive Structure,16:9,"Create a canonical NOVERIS Nano Banana 2 visual for Industrial Fiber Plant: Reproductive Structure.

Canonical archetype:
A canonical industrial fiber plant designed as a scientifically plausible plant-like or fungal organism whose anchoring, support, transport, energy capture, growth, reproduction, ecology, and environmental adaptations are internally coherent.

Required visual and biological rules:
• credible anchoring
• coherent support and transport
• functional energy collectors
• reproductive logic
• environment-linked growth

Production request:
Create flowers, cones, spores, fields or equivalent stages.

Studio-resolved canonical values:
{{canonicalId}}, {{displayName}}, {{scientificName}}, {{originPlanet}}, {{planetType}}, {{biome}}, {{gravity}}, {{atmosphere}}, {{climate}}, {{temperatureRange}}, {{sizeScale}}, {{coloration}}, {{materials}}, {{distinctiveFeatures}}, {{lockedTraits}}, {{rarity}}, {{artDirection}}.

Preserve every locked canonical field exactly. The result must use NOVERIS Scientific Realism: premium AAA science-fiction quality, museum-grade reference presentation, scientifically plausible structure, coherent materials, restrained coloration unless canon requires otherwise, readable silhouette, consistent scale and anatomy or growth across all views, soft neutral studio lighting, pure black background for isolated references, full requested subject visibility, generous negative space, and PSD-friendly extraction. Habitat and biome outputs may use the canonical environment. No baked-in text, labels, watermark, logo, border, or UI.

Create four clearly different but canon-compliant versions. Preserve body plan or growth architecture, structural counts, environmental adaptations, materials, defining features, and locked coloration. Vary only permitted secondary proportions, markings, surface detail, minor ornamentation, natural wear, and pose or growth irregularity.

Recommended aspect ratio: 16:9.","text, labels, watermark, signature, logo, border, frame, UI, HUD, cropped subject, duplicate anatomy, contradictory anatomy, impossible balance, unsupported structures, random wings, random horns, humanoid default, fantasy armor, weapons, cartoon, anime, toy-like materials, excessive neon, excessive glow, oversaturated colors, busy background, motion blur, low resolution, compression artifacts, generic Earth copy, unsupported fantasy styling, traits conflicting with locked canon",1.0.0,canonical
NB2-PLT-PIV-011-INDUSTRIAL-FIBER-PLANT-PROPAGULES,PLT-PIV-011-INDUSTRIAL-FIBER-PLANT,Industrial Fiber Plant,propagules,"Seed, Spore or Propagule Study",16:9,"Create a canonical NOVERIS Nano Banana 2 visual for Industrial Fiber Plant: Seed, Spore or Propagule Study.

Canonical archetype:
A canonical industrial fiber plant designed as a scientifically plausible plant-like or fungal organism whose anchoring, support, transport, energy capture, growth, reproduction, ecology, and environmental adaptations are internally coherent.

Required visual and biological rules:
• credible anchoring
• coherent support and transport
• functional energy collectors
• reproductive logic
• environment-linked growth

Production request:
Create dispersal, germination and early establishment.

Studio-resolved canonical values:
{{canonicalId}}, {{displayName}}, {{scientificName}}, {{originPlanet}}, {{planetType}}, {{biome}}, {{gravity}}, {{atmosphere}}, {{climate}}, {{temperatureRange}}, {{sizeScale}}, {{coloration}}, {{materials}}, {{distinctiveFeatures}}, {{lockedTraits}}, {{rarity}}, {{artDirection}}.

Preserve every locked canonical field exactly. The result must use NOVERIS Scientific Realism: premium AAA science-fiction quality, museum-grade reference presentation, scientifically plausible structure, coherent materials, restrained coloration unless canon requires otherwise, readable silhouette, consistent scale and anatomy or growth across all views, soft neutral studio lighting, pure black background for isolated references, full requested subject visibility, generous negative space, and PSD-friendly extraction. Habitat and biome outputs may use the canonical environment. No baked-in text, labels, watermark, logo, border, or UI.

Create four clearly different but canon-compliant versions. Preserve body plan or growth architecture, structural counts, environmental adaptations, materials, defining features, and locked coloration. Vary only permitted secondary proportions, markings, surface detail, minor ornamentation, natural wear, and pose or growth irregularity.

Recommended aspect ratio: 16:9.","text, labels, watermark, signature, logo, border, frame, UI, HUD, cropped subject, duplicate anatomy, contradictory anatomy, impossible balance, unsupported structures, random wings, random horns, humanoid default, fantasy armor, weapons, cartoon, anime, toy-like materials, excessive neon, excessive glow, oversaturated colors, busy background, motion blur, low resolution, compression artifacts, generic Earth copy, unsupported fantasy styling, traits conflicting with locked canon",1.0.0,canonical
NB2-PLT-PIV-011-INDUSTRIAL-FIBER-PLANT-CROSS-SECTION,PLT-PIV-011-INDUSTRIAL-FIBER-PLANT,Industrial Fiber Plant,cross-section,Internal Cross Section,16:9,"Create a canonical NOVERIS Nano Banana 2 visual for Industrial Fiber Plant: Internal Cross Section.

Canonical archetype:
A canonical industrial fiber plant designed as a scientifically plausible plant-like or fungal organism whose anchoring, support, transport, energy capture, growth, reproduction, ecology, and environmental adaptations are internally coherent.

Required visual and biological rules:
• credible anchoring
• coherent support and transport
• functional energy collectors
• reproductive logic
• environment-linked growth

Production request:
Create protection, transport, support, storage and reproduction.

Studio-resolved canonical values:
{{canonicalId}}, {{displayName}}, {{scientificName}}, {{originPlanet}}, {{planetType}}, {{biome}}, {{gravity}}, {{atmosphere}}, {{climate}}, {{temperatureRange}}, {{sizeScale}}, {{coloration}}, {{materials}}, {{distinctiveFeatures}}, {{lockedTraits}}, {{rarity}}, {{artDirection}}.

Preserve every locked canonical field exactly. The result must use NOVERIS Scientific Realism: premium AAA science-fiction quality, museum-grade reference presentation, scientifically plausible structure, coherent materials, restrained coloration unless canon requires otherwise, readable silhouette, consistent scale and anatomy or growth across all views, soft neutral studio lighting, pure black background for isolated references, full requested subject visibility, generous negative space, and PSD-friendly extraction. Habitat and biome outputs may use the canonical environment. No baked-in text, labels, watermark, logo, border, or UI.

Create four clearly different but canon-compliant versions. Preserve body plan or growth architecture, structural counts, environmental adaptations, materials, defining features, and locked coloration. Vary only permitted secondary proportions, markings, surface detail, minor ornamentation, natural wear, and pose or growth irregularity.

Recommended aspect ratio: 16:9.","text, labels, watermark, signature, logo, border, frame, UI, HUD, cropped subject, duplicate anatomy, contradictory anatomy, impossible balance, unsupported structures, random wings, random horns, humanoid default, fantasy armor, weapons, cartoon, anime, toy-like materials, excessive neon, excessive glow, oversaturated colors, busy background, motion blur, low resolution, compression artifacts, generic Earth copy, unsupported fantasy styling, traits conflicting with locked canon",1.0.0,canonical
NB2-PLT-PIV-011-INDUSTRIAL-FIBER-PLANT-GROWTH,PLT-PIV-011-INDUSTRIAL-FIBER-PLANT,Industrial Fiber Plant,growth,Growth Stages,16:9,"Create a canonical NOVERIS Nano Banana 2 visual for Industrial Fiber Plant: Growth Stages.

Canonical archetype:
A canonical industrial fiber plant designed as a scientifically plausible plant-like or fungal organism whose anchoring, support, transport, energy capture, growth, reproduction, ecology, and environmental adaptations are internally coherent.

Required visual and biological rules:
• credible anchoring
• coherent support and transport
• functional energy collectors
• reproductive logic
• environment-linked growth

Production request:
Create propagule, juvenile, mature, reproductive and senescent stages.

Studio-resolved canonical values:
{{canonicalId}}, {{displayName}}, {{scientificName}}, {{originPlanet}}, {{planetType}}, {{biome}}, {{gravity}}, {{atmosphere}}, {{climate}}, {{temperatureRange}}, {{sizeScale}}, {{coloration}}, {{materials}}, {{distinctiveFeatures}}, {{lockedTraits}}, {{rarity}}, {{artDirection}}.

Preserve every locked canonical field exactly. The result must use NOVERIS Scientific Realism: premium AAA science-fiction quality, museum-grade reference presentation, scientifically plausible structure, coherent materials, restrained coloration unless canon requires otherwise, readable silhouette, consistent scale and anatomy or growth across all views, soft neutral studio lighting, pure black background for isolated references, full requested subject visibility, generous negative space, and PSD-friendly extraction. Habitat and biome outputs may use the canonical environment. No baked-in text, labels, watermark, logo, border, or UI.

Create four clearly different but canon-compliant versions. Preserve body plan or growth architecture, structural counts, environmental adaptations, materials, defining features, and locked coloration. Vary only permitted secondary proportions, markings, surface detail, minor ornamentation, natural wear, and pose or growth irregularity.

Recommended aspect ratio: 16:9.","text, labels, watermark, signature, logo, border, frame, UI, HUD, cropped subject, duplicate anatomy, contradictory anatomy, impossible balance, unsupported structures, random wings, random horns, humanoid default, fantasy armor, weapons, cartoon, anime, toy-like materials, excessive neon, excessive glow, oversaturated colors, busy background, motion blur, low resolution, compression artifacts, generic Earth copy, unsupported fantasy styling, traits conflicting with locked canon",1.0.0,canonical
NB2-PLT-PIV-011-INDUSTRIAL-FIBER-PLANT-SEASONAL,PLT-PIV-011-INDUSTRIAL-FIBER-PLANT,Industrial Fiber Plant,seasonal,Seasonal and Stress Variants,16:9,"Create a canonical NOVERIS Nano Banana 2 visual for Industrial Fiber Plant: Seasonal and Stress Variants.

Canonical archetype:
A canonical industrial fiber plant designed as a scientifically plausible plant-like or fungal organism whose anchoring, support, transport, energy capture, growth, reproduction, ecology, and environmental adaptations are internally coherent.

Required visual and biological rules:
• credible anchoring
• coherent support and transport
• functional energy collectors
• reproductive logic
• environment-linked growth

Production request:
Create growth, reproduction, dormancy, damage and recovery.

Studio-resolved canonical values:
{{canonicalId}}, {{displayName}}, {{scientificName}}, {{originPlanet}}, {{planetType}}, {{biome}}, {{gravity}}, {{atmosphere}}, {{climate}}, {{temperatureRange}}, {{sizeScale}}, {{coloration}}, {{materials}}, {{distinctiveFeatures}}, {{lockedTraits}}, {{rarity}}, {{artDirection}}.

Preserve every locked canonical field exactly. The result must use NOVERIS Scientific Realism: premium AAA science-fiction quality, museum-grade reference presentation, scientifically plausible structure, coherent materials, restrained coloration unless canon requires otherwise, readable silhouette, consistent scale and anatomy or growth across all views, soft neutral studio lighting, pure black background for isolated references, full requested subject visibility, generous negative space, and PSD-friendly extraction. Habitat and biome outputs may use the canonical environment. No baked-in text, labels, watermark, logo, border, or UI.

Create four clearly different but canon-compliant versions. Preserve body plan or growth architecture, structural counts, environmental adaptations, materials, defining features, and locked coloration. Vary only permitted secondary proportions, markings, surface detail, minor ornamentation, natural wear, and pose or growth irregularity.

Recommended aspect ratio: 16:9.","text, labels, watermark, signature, logo, border, frame, UI, HUD, cropped subject, duplicate anatomy, contradictory anatomy, impossible balance, unsupported structures, random wings, random horns, humanoid default, fantasy armor, weapons, cartoon, anime, toy-like materials, excessive neon, excessive glow, oversaturated colors, busy background, motion blur, low resolution, compression artifacts, generic Earth copy, unsupported fantasy styling, traits conflicting with locked canon",1.0.0,canonical
NB2-PLT-PIV-011-INDUSTRIAL-FIBER-PLANT-HABITAT,PLT-PIV-011-INDUSTRIAL-FIBER-PLANT,Industrial Fiber Plant,habitat,Native Habitat Composition,16:9,"Create a canonical NOVERIS Nano Banana 2 visual for Industrial Fiber Plant: Native Habitat Composition.

Canonical archetype:
A canonical industrial fiber plant designed as a scientifically plausible plant-like or fungal organism whose anchoring, support, transport, energy capture, growth, reproduction, ecology, and environmental adaptations are internally coherent.

Required visual and biological rules:
• credible anchoring
• coherent support and transport
• functional energy collectors
• reproductive logic
• environment-linked growth

Production request:
Create natural population with spacing and age diversity.

Studio-resolved canonical values:
{{canonicalId}}, {{displayName}}, {{scientificName}}, {{originPlanet}}, {{planetType}}, {{biome}}, {{gravity}}, {{atmosphere}}, {{climate}}, {{temperatureRange}}, {{sizeScale}}, {{coloration}}, {{materials}}, {{distinctiveFeatures}}, {{lockedTraits}}, {{rarity}}, {{artDirection}}.

Preserve every locked canonical field exactly. The result must use NOVERIS Scientific Realism: premium AAA science-fiction quality, museum-grade reference presentation, scientifically plausible structure, coherent materials, restrained coloration unless canon requires otherwise, readable silhouette, consistent scale and anatomy or growth across all views, soft neutral studio lighting, pure black background for isolated references, full requested subject visibility, generous negative space, and PSD-friendly extraction. Habitat and biome outputs may use the canonical environment. No baked-in text, labels, watermark, logo, border, or UI.

Create four clearly different but canon-compliant versions. Preserve body plan or growth architecture, structural counts, environmental adaptations, materials, defining features, and locked coloration. Vary only permitted secondary proportions, markings, surface detail, minor ornamentation, natural wear, and pose or growth irregularity.

Recommended aspect ratio: 16:9.","text, labels, watermark, signature, logo, border, frame, UI, HUD, cropped subject, duplicate anatomy, contradictory anatomy, impossible balance, unsupported structures, random wings, random horns, humanoid default, fantasy armor, weapons, cartoon, anime, toy-like materials, excessive neon, excessive glow, oversaturated colors, busy background, motion blur, low resolution, compression artifacts, generic Earth copy, unsupported fantasy styling, traits conflicting with locked canon",1.0.0,canonical
NB2-PLT-PIV-011-INDUSTRIAL-FIBER-PLANT-BIOME,PLT-PIV-011-INDUSTRIAL-FIBER-PLANT,Industrial Fiber Plant,biome,Biome Composition,16:9,"Create a canonical NOVERIS Nano Banana 2 visual for Industrial Fiber Plant: Biome Composition.

Canonical archetype:
A canonical industrial fiber plant designed as a scientifically plausible plant-like or fungal organism whose anchoring, support, transport, energy capture, growth, reproduction, ecology, and environmental adaptations are internally coherent.

Required visual and biological rules:
• credible anchoring
• coherent support and transport
• functional energy collectors
• reproductive logic
• environment-linked growth

Production request:
Create coordinated vegetation set at consistent scale.

Studio-resolved canonical values:
{{canonicalId}}, {{displayName}}, {{scientificName}}, {{originPlanet}}, {{planetType}}, {{biome}}, {{gravity}}, {{atmosphere}}, {{climate}}, {{temperatureRange}}, {{sizeScale}}, {{coloration}}, {{materials}}, {{distinctiveFeatures}}, {{lockedTraits}}, {{rarity}}, {{artDirection}}.

Preserve every locked canonical field exactly. The result must use NOVERIS Scientific Realism: premium AAA science-fiction quality, museum-grade reference presentation, scientifically plausible structure, coherent materials, restrained coloration unless canon requires otherwise, readable silhouette, consistent scale and anatomy or growth across all views, soft neutral studio lighting, pure black background for isolated references, full requested subject visibility, generous negative space, and PSD-friendly extraction. Habitat and biome outputs may use the canonical environment. No baked-in text, labels, watermark, logo, border, or UI.

Create four clearly different but canon-compliant versions. Preserve body plan or growth architecture, structural counts, environmental adaptations, materials, defining features, and locked coloration. Vary only permitted secondary proportions, markings, surface detail, minor ornamentation, natural wear, and pose or growth irregularity.

Recommended aspect ratio: 16:9.","text, labels, watermark, signature, logo, border, frame, UI, HUD, cropped subject, duplicate anatomy, contradictory anatomy, impossible balance, unsupported structures, random wings, random horns, humanoid default, fantasy armor, weapons, cartoon, anime, toy-like materials, excessive neon, excessive glow, oversaturated colors, busy background, motion blur, low resolution, compression artifacts, generic Earth copy, unsupported fantasy styling, traits conflicting with locked canon",1.0.0,canonical
NB2-PLT-PIV-011-INDUSTRIAL-FIBER-PLANT-DISCOVERY,PLT-PIV-011-INDUSTRIAL-FIBER-PLANT,Industrial Fiber Plant,discovery,Discovery Scan,16:9,"Create a canonical NOVERIS Nano Banana 2 visual for Industrial Fiber Plant: Discovery Scan.

Canonical archetype:
A canonical industrial fiber plant designed as a scientifically plausible plant-like or fungal organism whose anchoring, support, transport, energy capture, growth, reproduction, ecology, and environmental adaptations are internally coherent.

Required visual and biological rules:
• credible anchoring
• coherent support and transport
• functional energy collectors
• reproductive logic
• environment-linked growth

Production request:
Create centered scientific scan source without labels.

Studio-resolved canonical values:
{{canonicalId}}, {{displayName}}, {{scientificName}}, {{originPlanet}}, {{planetType}}, {{biome}}, {{gravity}}, {{atmosphere}}, {{climate}}, {{temperatureRange}}, {{sizeScale}}, {{coloration}}, {{materials}}, {{distinctiveFeatures}}, {{lockedTraits}}, {{rarity}}, {{artDirection}}.

Preserve every locked canonical field exactly. The result must use NOVERIS Scientific Realism: premium AAA science-fiction quality, museum-grade reference presentation, scientifically plausible structure, coherent materials, restrained coloration unless canon requires otherwise, readable silhouette, consistent scale and anatomy or growth across all views, soft neutral studio lighting, pure black background for isolated references, full requested subject visibility, generous negative space, and PSD-friendly extraction. Habitat and biome outputs may use the canonical environment. No baked-in text, labels, watermark, logo, border, or UI.

Create four clearly different but canon-compliant versions. Preserve body plan or growth architecture, structural counts, environmental adaptations, materials, defining features, and locked coloration. Vary only permitted secondary proportions, markings, surface detail, minor ornamentation, natural wear, and pose or growth irregularity.

Recommended aspect ratio: 16:9.","text, labels, watermark, signature, logo, border, frame, UI, HUD, cropped subject, duplicate anatomy, contradictory anatomy, impossible balance, unsupported structures, random wings, random horns, humanoid default, fantasy armor, weapons, cartoon, anime, toy-like materials, excessive neon, excessive glow, oversaturated colors, busy background, motion blur, low resolution, compression artifacts, generic Earth copy, unsupported fantasy styling, traits conflicting with locked canon",1.0.0,canonical
NB2-PLT-PIV-011-INDUSTRIAL-FIBER-PLANT-ICON,PLT-PIV-011-INDUSTRIAL-FIBER-PLANT,Industrial Fiber Plant,icon,UI Icon,1:1,"Create a canonical NOVERIS Nano Banana 2 visual for Industrial Fiber Plant: UI Icon.

Canonical archetype:
A canonical industrial fiber plant designed as a scientifically plausible plant-like or fungal organism whose anchoring, support, transport, energy capture, growth, reproduction, ecology, and environmental adaptations are internally coherent.

Required visual and biological rules:
• credible anchoring
• coherent support and transport
• functional energy collectors
• reproductive logic
• environment-linked growth

Production request:
Create isolated silhouette readable at 64 pixels.

Studio-resolved canonical values:
{{canonicalId}}, {{displayName}}, {{scientificName}}, {{originPlanet}}, {{planetType}}, {{biome}}, {{gravity}}, {{atmosphere}}, {{climate}}, {{temperatureRange}}, {{sizeScale}}, {{coloration}}, {{materials}}, {{distinctiveFeatures}}, {{lockedTraits}}, {{rarity}}, {{artDirection}}.

Preserve every locked canonical field exactly. The result must use NOVERIS Scientific Realism: premium AAA science-fiction quality, museum-grade reference presentation, scientifically plausible structure, coherent materials, restrained coloration unless canon requires otherwise, readable silhouette, consistent scale and anatomy or growth across all views, soft neutral studio lighting, pure black background for isolated references, full requested subject visibility, generous negative space, and PSD-friendly extraction. Habitat and biome outputs may use the canonical environment. No baked-in text, labels, watermark, logo, border, or UI.

Create four clearly different but canon-compliant versions. Preserve body plan or growth architecture, structural counts, environmental adaptations, materials, defining features, and locked coloration. Vary only permitted secondary proportions, markings, surface detail, minor ornamentation, natural wear, and pose or growth irregularity.

Recommended aspect ratio: 1:1.","text, labels, watermark, signature, logo, border, frame, UI, HUD, cropped subject, duplicate anatomy, contradictory anatomy, impossible balance, unsupported structures, random wings, random horns, humanoid default, fantasy armor, weapons, cartoon, anime, toy-like materials, excessive neon, excessive glow, oversaturated colors, busy background, motion blur, low resolution, compression artifacts, generic Earth copy, unsupported fantasy styling, traits conflicting with locked canon",1.0.0,canonical
NB2-PLT-PIV-011-INDUSTRIAL-FIBER-PLANT-SCALE,PLT-PIV-011-INDUSTRIAL-FIBER-PLANT,Industrial Fiber Plant,scale,Scale Comparison,16:9,"Create a canonical NOVERIS Nano Banana 2 visual for Industrial Fiber Plant: Scale Comparison.

Canonical archetype:
A canonical industrial fiber plant designed as a scientifically plausible plant-like or fungal organism whose anchoring, support, transport, energy capture, growth, reproduction, ecology, and environmental adaptations are internally coherent.

Required visual and biological rules:
• credible anchoring
• coherent support and transport
• functional energy collectors
• reproductive logic
• environment-linked growth

Production request:
Create side view with adult human silhouette and one-meter bar.

Studio-resolved canonical values:
{{canonicalId}}, {{displayName}}, {{scientificName}}, {{originPlanet}}, {{planetType}}, {{biome}}, {{gravity}}, {{atmosphere}}, {{climate}}, {{temperatureRange}}, {{sizeScale}}, {{coloration}}, {{materials}}, {{distinctiveFeatures}}, {{lockedTraits}}, {{rarity}}, {{artDirection}}.

Preserve every locked canonical field exactly. The result must use NOVERIS Scientific Realism: premium AAA science-fiction quality, museum-grade reference presentation, scientifically plausible structure, coherent materials, restrained coloration unless canon requires otherwise, readable silhouette, consistent scale and anatomy or growth across all views, soft neutral studio lighting, pure black background for isolated references, full requested subject visibility, generous negative space, and PSD-friendly extraction. Habitat and biome outputs may use the canonical environment. No baked-in text, labels, watermark, logo, border, or UI.

Create four clearly different but canon-compliant versions. Preserve body plan or growth architecture, structural counts, environmental adaptations, materials, defining features, and locked coloration. Vary only permitted secondary proportions, markings, surface detail, minor ornamentation, natural wear, and pose or growth irregularity.

Recommended aspect ratio: 16:9.","text, labels, watermark, signature, logo, border, frame, UI, HUD, cropped subject, duplicate anatomy, contradictory anatomy, impossible balance, unsupported structures, random wings, random horns, humanoid default, fantasy armor, weapons, cartoon, anime, toy-like materials, excessive neon, excessive glow, oversaturated colors, busy background, motion blur, low resolution, compression artifacts, generic Earth copy, unsupported fantasy styling, traits conflicting with locked canon",1.0.0,canonical
NB2-PLT-PIV-011-INDUSTRIAL-FIBER-PLANT-PLATE,PLT-PIV-011-INDUSTRIAL-FIBER-PLANT,Industrial Fiber Plant,plate,Master Botanical Plate,16:9,"Create a canonical NOVERIS Nano Banana 2 visual for Industrial Fiber Plant: Master Botanical Plate.

Canonical archetype:
A canonical industrial fiber plant designed as a scientifically plausible plant-like or fungal organism whose anchoring, support, transport, energy capture, growth, reproduction, ecology, and environmental adaptations are internally coherent.

Required visual and biological rules:
• credible anchoring
• coherent support and transport
• functional energy collectors
• reproductive logic
• environment-linked growth

Production request:
Create whole organism, views, roots, structure, collectors, reproduction, stages, materials and habitat vignette.

Studio-resolved canonical values:
{{canonicalId}}, {{displayName}}, {{scientificName}}, {{originPlanet}}, {{planetType}}, {{biome}}, {{gravity}}, {{atmosphere}}, {{climate}}, {{temperatureRange}}, {{sizeScale}}, {{coloration}}, {{materials}}, {{distinctiveFeatures}}, {{lockedTraits}}, {{rarity}}, {{artDirection}}.

Preserve every locked canonical field exactly. The result must use NOVERIS Scientific Realism: premium AAA science-fiction quality, museum-grade reference presentation, scientifically plausible structure, coherent materials, restrained coloration unless canon requires otherwise, readable silhouette, consistent scale and anatomy or growth across all views, soft neutral studio lighting, pure black background for isolated references, full requested subject visibility, generous negative space, and PSD-friendly extraction. Habitat and biome outputs may use the canonical environment. No baked-in text, labels, watermark, logo, border, or UI.

Create four clearly different but canon-compliant versions. Preserve body plan or growth architecture, structural counts, environmental adaptations, materials, defining features, and locked coloration. Vary only permitted secondary proportions, markings, surface detail, minor ornamentation, natural wear, and pose or growth irregularity.

Recommended aspect ratio: 16:9.","text, labels, watermark, signature, logo, border, frame, UI, HUD, cropped subject, duplicate anatomy, contradictory anatomy, impossible balance, unsupported structures, random wings, random horns, humanoid default, fantasy armor, weapons, cartoon, anime, toy-like materials, excessive neon, excessive glow, oversaturated colors, busy background, motion blur, low resolution, compression artifacts, generic Earth copy, unsupported fantasy styling, traits conflicting with locked canon",1.0.0,canonical
NB2-PLT-PIV-011-INDUSTRIAL-FIBER-PLANT-PSD,PLT-PIV-011-INDUSTRIAL-FIBER-PLANT,Industrial Fiber Plant,psd,PSD Extraction Board,16:9,"Create a canonical NOVERIS Nano Banana 2 visual for Industrial Fiber Plant: PSD Extraction Board.

Canonical archetype:
A canonical industrial fiber plant designed as a scientifically plausible plant-like or fungal organism whose anchoring, support, transport, energy capture, growth, reproduction, ecology, and environmental adaptations are internally coherent.

Required visual and biological rules:
• credible anchoring
• coherent support and transport
• functional energy collectors
• reproductive logic
• environment-linked growth

Production request:
Create isolated whole organism, parts, silhouette and material references.

Studio-resolved canonical values:
{{canonicalId}}, {{displayName}}, {{scientificName}}, {{originPlanet}}, {{planetType}}, {{biome}}, {{gravity}}, {{atmosphere}}, {{climate}}, {{temperatureRange}}, {{sizeScale}}, {{coloration}}, {{materials}}, {{distinctiveFeatures}}, {{lockedTraits}}, {{rarity}}, {{artDirection}}.

Preserve every locked canonical field exactly. The result must use NOVERIS Scientific Realism: premium AAA science-fiction quality, museum-grade reference presentation, scientifically plausible structure, coherent materials, restrained coloration unless canon requires otherwise, readable silhouette, consistent scale and anatomy or growth across all views, soft neutral studio lighting, pure black background for isolated references, full requested subject visibility, generous negative space, and PSD-friendly extraction. Habitat and biome outputs may use the canonical environment. No baked-in text, labels, watermark, logo, border, or UI.

Create four clearly different but canon-compliant versions. Preserve body plan or growth architecture, structural counts, environmental adaptations, materials, defining features, and locked coloration. Vary only permitted secondary proportions, markings, surface detail, minor ornamentation, natural wear, and pose or growth irregularity.

Recommended aspect ratio: 16:9.","text, labels, watermark, signature, logo, border, frame, UI, HUD, cropped subject, duplicate anatomy, contradictory anatomy, impossible balance, unsupported structures, random wings, random horns, humanoid default, fantasy armor, weapons, cartoon, anime, toy-like materials, excessive neon, excessive glow, oversaturated colors, busy background, motion blur, low resolution, compression artifacts, generic Earth copy, unsupported fantasy styling, traits conflicting with locked canon",1.0.0,canonical
NB2-PLT-PIV-012-BIOFUEL-PLANT-WHOLE-PLANT,PLT-PIV-012-BIOFUEL-PLANT,Biofuel Plant,whole-plant,Whole Plant Production Render,3:4,"Create a canonical NOVERIS Nano Banana 2 visual for Biofuel Plant: Whole Plant Production Render.

Canonical archetype:
A canonical biofuel plant designed as a scientifically plausible plant-like or fungal organism whose anchoring, support, transport, energy capture, growth, reproduction, ecology, and environmental adaptations are internally coherent.

Required visual and biological rules:
• credible anchoring
• coherent support and transport
• functional energy collectors
• reproductive logic
• environment-linked growth

Production request:
Create complete mature organism including roots or anchor system.

Studio-resolved canonical values:
{{canonicalId}}, {{displayName}}, {{scientificName}}, {{originPlanet}}, {{planetType}}, {{biome}}, {{gravity}}, {{atmosphere}}, {{climate}}, {{temperatureRange}}, {{sizeScale}}, {{coloration}}, {{materials}}, {{distinctiveFeatures}}, {{lockedTraits}}, {{rarity}}, {{artDirection}}.

Preserve every locked canonical field exactly. The result must use NOVERIS Scientific Realism: premium AAA science-fiction quality, museum-grade reference presentation, scientifically plausible structure, coherent materials, restrained coloration unless canon requires otherwise, readable silhouette, consistent scale and anatomy or growth across all views, soft neutral studio lighting, pure black background for isolated references, full requested subject visibility, generous negative space, and PSD-friendly extraction. Habitat and biome outputs may use the canonical environment. No baked-in text, labels, watermark, logo, border, or UI.

Create four clearly different but canon-compliant versions. Preserve body plan or growth architecture, structural counts, environmental adaptations, materials, defining features, and locked coloration. Vary only permitted secondary proportions, markings, surface detail, minor ornamentation, natural wear, and pose or growth irregularity.

Recommended aspect ratio: 3:4.","text, labels, watermark, signature, logo, border, frame, UI, HUD, cropped subject, duplicate anatomy, contradictory anatomy, impossible balance, unsupported structures, random wings, random horns, humanoid default, fantasy armor, weapons, cartoon, anime, toy-like materials, excessive neon, excessive glow, oversaturated colors, busy background, motion blur, low resolution, compression artifacts, generic Earth copy, unsupported fantasy styling, traits conflicting with locked canon",1.0.0,canonical
NB2-PLT-PIV-012-BIOFUEL-PLANT-PORTRAIT,PLT-PIV-012-BIOFUEL-PLANT,Biofuel Plant,portrait,Botanical Portrait,1:1,"Create a canonical NOVERIS Nano Banana 2 visual for Biofuel Plant: Botanical Portrait.

Canonical archetype:
A canonical biofuel plant designed as a scientifically plausible plant-like or fungal organism whose anchoring, support, transport, energy capture, growth, reproduction, ecology, and environmental adaptations are internally coherent.

Required visual and biological rules:
• credible anchoring
• coherent support and transport
• functional energy collectors
• reproductive logic
• environment-linked growth

Production request:
Create defining growth form, foliage, collectors and reproduction.

Studio-resolved canonical values:
{{canonicalId}}, {{displayName}}, {{scientificName}}, {{originPlanet}}, {{planetType}}, {{biome}}, {{gravity}}, {{atmosphere}}, {{climate}}, {{temperatureRange}}, {{sizeScale}}, {{coloration}}, {{materials}}, {{distinctiveFeatures}}, {{lockedTraits}}, {{rarity}}, {{artDirection}}.

Preserve every locked canonical field exactly. The result must use NOVERIS Scientific Realism: premium AAA science-fiction quality, museum-grade reference presentation, scientifically plausible structure, coherent materials, restrained coloration unless canon requires otherwise, readable silhouette, consistent scale and anatomy or growth across all views, soft neutral studio lighting, pure black background for isolated references, full requested subject visibility, generous negative space, and PSD-friendly extraction. Habitat and biome outputs may use the canonical environment. No baked-in text, labels, watermark, logo, border, or UI.

Create four clearly different but canon-compliant versions. Preserve body plan or growth architecture, structural counts, environmental adaptations, materials, defining features, and locked coloration. Vary only permitted secondary proportions, markings, surface detail, minor ornamentation, natural wear, and pose or growth irregularity.

Recommended aspect ratio: 1:1.","text, labels, watermark, signature, logo, border, frame, UI, HUD, cropped subject, duplicate anatomy, contradictory anatomy, impossible balance, unsupported structures, random wings, random horns, humanoid default, fantasy armor, weapons, cartoon, anime, toy-like materials, excessive neon, excessive glow, oversaturated colors, busy background, motion blur, low resolution, compression artifacts, generic Earth copy, unsupported fantasy styling, traits conflicting with locked canon",1.0.0,canonical
NB2-PLT-PIV-012-BIOFUEL-PLANT-ORTHO-FRONT,PLT-PIV-012-BIOFUEL-PLANT,Biofuel Plant,ortho-front,Orthographic Front,3:4,"Create a canonical NOVERIS Nano Banana 2 visual for Biofuel Plant: Orthographic Front.

Canonical archetype:
A canonical biofuel plant designed as a scientifically plausible plant-like or fungal organism whose anchoring, support, transport, energy capture, growth, reproduction, ecology, and environmental adaptations are internally coherent.

Required visual and biological rules:
• credible anchoring
• coherent support and transport
• functional energy collectors
• reproductive logic
• environment-linked growth

Production request:
Create exact front orthographic view.

Studio-resolved canonical values:
{{canonicalId}}, {{displayName}}, {{scientificName}}, {{originPlanet}}, {{planetType}}, {{biome}}, {{gravity}}, {{atmosphere}}, {{climate}}, {{temperatureRange}}, {{sizeScale}}, {{coloration}}, {{materials}}, {{distinctiveFeatures}}, {{lockedTraits}}, {{rarity}}, {{artDirection}}.

Preserve every locked canonical field exactly. The result must use NOVERIS Scientific Realism: premium AAA science-fiction quality, museum-grade reference presentation, scientifically plausible structure, coherent materials, restrained coloration unless canon requires otherwise, readable silhouette, consistent scale and anatomy or growth across all views, soft neutral studio lighting, pure black background for isolated references, full requested subject visibility, generous negative space, and PSD-friendly extraction. Habitat and biome outputs may use the canonical environment. No baked-in text, labels, watermark, logo, border, or UI.

Create four clearly different but canon-compliant versions. Preserve body plan or growth architecture, structural counts, environmental adaptations, materials, defining features, and locked coloration. Vary only permitted secondary proportions, markings, surface detail, minor ornamentation, natural wear, and pose or growth irregularity.

Recommended aspect ratio: 3:4.","text, labels, watermark, signature, logo, border, frame, UI, HUD, cropped subject, duplicate anatomy, contradictory anatomy, impossible balance, unsupported structures, random wings, random horns, humanoid default, fantasy armor, weapons, cartoon, anime, toy-like materials, excessive neon, excessive glow, oversaturated colors, busy background, motion blur, low resolution, compression artifacts, generic Earth copy, unsupported fantasy styling, traits conflicting with locked canon",1.0.0,canonical
NB2-PLT-PIV-012-BIOFUEL-PLANT-ORTHO-SIDE,PLT-PIV-012-BIOFUEL-PLANT,Biofuel Plant,ortho-side,Orthographic Side,3:4,"Create a canonical NOVERIS Nano Banana 2 visual for Biofuel Plant: Orthographic Side.

Canonical archetype:
A canonical biofuel plant designed as a scientifically plausible plant-like or fungal organism whose anchoring, support, transport, energy capture, growth, reproduction, ecology, and environmental adaptations are internally coherent.

Required visual and biological rules:
• credible anchoring
• coherent support and transport
• functional energy collectors
• reproductive logic
• environment-linked growth

Production request:
Create exact side orthographic view.

Studio-resolved canonical values:
{{canonicalId}}, {{displayName}}, {{scientificName}}, {{originPlanet}}, {{planetType}}, {{biome}}, {{gravity}}, {{atmosphere}}, {{climate}}, {{temperatureRange}}, {{sizeScale}}, {{coloration}}, {{materials}}, {{distinctiveFeatures}}, {{lockedTraits}}, {{rarity}}, {{artDirection}}.

Preserve every locked canonical field exactly. The result must use NOVERIS Scientific Realism: premium AAA science-fiction quality, museum-grade reference presentation, scientifically plausible structure, coherent materials, restrained coloration unless canon requires otherwise, readable silhouette, consistent scale and anatomy or growth across all views, soft neutral studio lighting, pure black background for isolated references, full requested subject visibility, generous negative space, and PSD-friendly extraction. Habitat and biome outputs may use the canonical environment. No baked-in text, labels, watermark, logo, border, or UI.

Create four clearly different but canon-compliant versions. Preserve body plan or growth architecture, structural counts, environmental adaptations, materials, defining features, and locked coloration. Vary only permitted secondary proportions, markings, surface detail, minor ornamentation, natural wear, and pose or growth irregularity.

Recommended aspect ratio: 3:4.","text, labels, watermark, signature, logo, border, frame, UI, HUD, cropped subject, duplicate anatomy, contradictory anatomy, impossible balance, unsupported structures, random wings, random horns, humanoid default, fantasy armor, weapons, cartoon, anime, toy-like materials, excessive neon, excessive glow, oversaturated colors, busy background, motion blur, low resolution, compression artifacts, generic Earth copy, unsupported fantasy styling, traits conflicting with locked canon",1.0.0,canonical
NB2-PLT-PIV-012-BIOFUEL-PLANT-ORTHO-TOP,PLT-PIV-012-BIOFUEL-PLANT,Biofuel Plant,ortho-top,Orthographic Top,1:1,"Create a canonical NOVERIS Nano Banana 2 visual for Biofuel Plant: Orthographic Top.

Canonical archetype:
A canonical biofuel plant designed as a scientifically plausible plant-like or fungal organism whose anchoring, support, transport, energy capture, growth, reproduction, ecology, and environmental adaptations are internally coherent.

Required visual and biological rules:
• credible anchoring
• coherent support and transport
• functional energy collectors
• reproductive logic
• environment-linked growth

Production request:
Create exact top view showing spread and growth geometry.

Studio-resolved canonical values:
{{canonicalId}}, {{displayName}}, {{scientificName}}, {{originPlanet}}, {{planetType}}, {{biome}}, {{gravity}}, {{atmosphere}}, {{climate}}, {{temperatureRange}}, {{sizeScale}}, {{coloration}}, {{materials}}, {{distinctiveFeatures}}, {{lockedTraits}}, {{rarity}}, {{artDirection}}.

Preserve every locked canonical field exactly. The result must use NOVERIS Scientific Realism: premium AAA science-fiction quality, museum-grade reference presentation, scientifically plausible structure, coherent materials, restrained coloration unless canon requires otherwise, readable silhouette, consistent scale and anatomy or growth across all views, soft neutral studio lighting, pure black background for isolated references, full requested subject visibility, generous negative space, and PSD-friendly extraction. Habitat and biome outputs may use the canonical environment. No baked-in text, labels, watermark, logo, border, or UI.

Create four clearly different but canon-compliant versions. Preserve body plan or growth architecture, structural counts, environmental adaptations, materials, defining features, and locked coloration. Vary only permitted secondary proportions, markings, surface detail, minor ornamentation, natural wear, and pose or growth irregularity.

Recommended aspect ratio: 1:1.","text, labels, watermark, signature, logo, border, frame, UI, HUD, cropped subject, duplicate anatomy, contradictory anatomy, impossible balance, unsupported structures, random wings, random horns, humanoid default, fantasy armor, weapons, cartoon, anime, toy-like materials, excessive neon, excessive glow, oversaturated colors, busy background, motion blur, low resolution, compression artifacts, generic Earth copy, unsupported fantasy styling, traits conflicting with locked canon",1.0.0,canonical
NB2-PLT-PIV-012-BIOFUEL-PLANT-ROOTS,PLT-PIV-012-BIOFUEL-PLANT,Biofuel Plant,roots,Root or Anchor System,16:9,"Create a canonical NOVERIS Nano Banana 2 visual for Biofuel Plant: Root or Anchor System.

Canonical archetype:
A canonical biofuel plant designed as a scientifically plausible plant-like or fungal organism whose anchoring, support, transport, energy capture, growth, reproduction, ecology, and environmental adaptations are internally coherent.

Required visual and biological rules:
• credible anchoring
• coherent support and transport
• functional energy collectors
• reproductive logic
• environment-linked growth

Production request:
Create complete substrate interface and nutrient exchange structures.

Studio-resolved canonical values:
{{canonicalId}}, {{displayName}}, {{scientificName}}, {{originPlanet}}, {{planetType}}, {{biome}}, {{gravity}}, {{atmosphere}}, {{climate}}, {{temperatureRange}}, {{sizeScale}}, {{coloration}}, {{materials}}, {{distinctiveFeatures}}, {{lockedTraits}}, {{rarity}}, {{artDirection}}.

Preserve every locked canonical field exactly. The result must use NOVERIS Scientific Realism: premium AAA science-fiction quality, museum-grade reference presentation, scientifically plausible structure, coherent materials, restrained coloration unless canon requires otherwise, readable silhouette, consistent scale and anatomy or growth across all views, soft neutral studio lighting, pure black background for isolated references, full requested subject visibility, generous negative space, and PSD-friendly extraction. Habitat and biome outputs may use the canonical environment. No baked-in text, labels, watermark, logo, border, or UI.

Create four clearly different but canon-compliant versions. Preserve body plan or growth architecture, structural counts, environmental adaptations, materials, defining features, and locked coloration. Vary only permitted secondary proportions, markings, surface detail, minor ornamentation, natural wear, and pose or growth irregularity.

Recommended aspect ratio: 16:9.","text, labels, watermark, signature, logo, border, frame, UI, HUD, cropped subject, duplicate anatomy, contradictory anatomy, impossible balance, unsupported structures, random wings, random horns, humanoid default, fantasy armor, weapons, cartoon, anime, toy-like materials, excessive neon, excessive glow, oversaturated colors, busy background, motion blur, low resolution, compression artifacts, generic Earth copy, unsupported fantasy styling, traits conflicting with locked canon",1.0.0,canonical
NB2-PLT-PIV-012-BIOFUEL-PLANT-STEMS,PLT-PIV-012-BIOFUEL-PLANT,Biofuel Plant,stems,"Stem, Trunk or Structural Study",16:9,"Create a canonical NOVERIS Nano Banana 2 visual for Biofuel Plant: Stem, Trunk or Structural Study.

Canonical archetype:
A canonical biofuel plant designed as a scientifically plausible plant-like or fungal organism whose anchoring, support, transport, energy capture, growth, reproduction, ecology, and environmental adaptations are internally coherent.

Required visual and biological rules:
• credible anchoring
• coherent support and transport
• functional energy collectors
• reproductive logic
• environment-linked growth

Production request:
Create support and transport architecture.

Studio-resolved canonical values:
{{canonicalId}}, {{displayName}}, {{scientificName}}, {{originPlanet}}, {{planetType}}, {{biome}}, {{gravity}}, {{atmosphere}}, {{climate}}, {{temperatureRange}}, {{sizeScale}}, {{coloration}}, {{materials}}, {{distinctiveFeatures}}, {{lockedTraits}}, {{rarity}}, {{artDirection}}.

Preserve every locked canonical field exactly. The result must use NOVERIS Scientific Realism: premium AAA science-fiction quality, museum-grade reference presentation, scientifically plausible structure, coherent materials, restrained coloration unless canon requires otherwise, readable silhouette, consistent scale and anatomy or growth across all views, soft neutral studio lighting, pure black background for isolated references, full requested subject visibility, generous negative space, and PSD-friendly extraction. Habitat and biome outputs may use the canonical environment. No baked-in text, labels, watermark, logo, border, or UI.

Create four clearly different but canon-compliant versions. Preserve body plan or growth architecture, structural counts, environmental adaptations, materials, defining features, and locked coloration. Vary only permitted secondary proportions, markings, surface detail, minor ornamentation, natural wear, and pose or growth irregularity.

Recommended aspect ratio: 16:9.","text, labels, watermark, signature, logo, border, frame, UI, HUD, cropped subject, duplicate anatomy, contradictory anatomy, impossible balance, unsupported structures, random wings, random horns, humanoid default, fantasy armor, weapons, cartoon, anime, toy-like materials, excessive neon, excessive glow, oversaturated colors, busy background, motion blur, low resolution, compression artifacts, generic Earth copy, unsupported fantasy styling, traits conflicting with locked canon",1.0.0,canonical
NB2-PLT-PIV-012-BIOFUEL-PLANT-COLLECTORS,PLT-PIV-012-BIOFUEL-PLANT,Biofuel Plant,collectors,Leaves or Collector Study,16:9,"Create a canonical NOVERIS Nano Banana 2 visual for Biofuel Plant: Leaves or Collector Study.

Canonical archetype:
A canonical biofuel plant designed as a scientifically plausible plant-like or fungal organism whose anchoring, support, transport, energy capture, growth, reproduction, ecology, and environmental adaptations are internally coherent.

Required visual and biological rules:
• credible anchoring
• coherent support and transport
• functional energy collectors
• reproductive logic
• environment-linked growth

Production request:
Create front, back, edge, juvenile, mature and stressed states.

Studio-resolved canonical values:
{{canonicalId}}, {{displayName}}, {{scientificName}}, {{originPlanet}}, {{planetType}}, {{biome}}, {{gravity}}, {{atmosphere}}, {{climate}}, {{temperatureRange}}, {{sizeScale}}, {{coloration}}, {{materials}}, {{distinctiveFeatures}}, {{lockedTraits}}, {{rarity}}, {{artDirection}}.

Preserve every locked canonical field exactly. The result must use NOVERIS Scientific Realism: premium AAA science-fiction quality, museum-grade reference presentation, scientifically plausible structure, coherent materials, restrained coloration unless canon requires otherwise, readable silhouette, consistent scale and anatomy or growth across all views, soft neutral studio lighting, pure black background for isolated references, full requested subject visibility, generous negative space, and PSD-friendly extraction. Habitat and biome outputs may use the canonical environment. No baked-in text, labels, watermark, logo, border, or UI.

Create four clearly different but canon-compliant versions. Preserve body plan or growth architecture, structural counts, environmental adaptations, materials, defining features, and locked coloration. Vary only permitted secondary proportions, markings, surface detail, minor ornamentation, natural wear, and pose or growth irregularity.

Recommended aspect ratio: 16:9.","text, labels, watermark, signature, logo, border, frame, UI, HUD, cropped subject, duplicate anatomy, contradictory anatomy, impossible balance, unsupported structures, random wings, random horns, humanoid default, fantasy armor, weapons, cartoon, anime, toy-like materials, excessive neon, excessive glow, oversaturated colors, busy background, motion blur, low resolution, compression artifacts, generic Earth copy, unsupported fantasy styling, traits conflicting with locked canon",1.0.0,canonical
NB2-PLT-PIV-012-BIOFUEL-PLANT-REPRODUCTION,PLT-PIV-012-BIOFUEL-PLANT,Biofuel Plant,reproduction,Reproductive Structure,16:9,"Create a canonical NOVERIS Nano Banana 2 visual for Biofuel Plant: Reproductive Structure.

Canonical archetype:
A canonical biofuel plant designed as a scientifically plausible plant-like or fungal organism whose anchoring, support, transport, energy capture, growth, reproduction, ecology, and environmental adaptations are internally coherent.

Required visual and biological rules:
• credible anchoring
• coherent support and transport
• functional energy collectors
• reproductive logic
• environment-linked growth

Production request:
Create flowers, cones, spores, fields or equivalent stages.

Studio-resolved canonical values:
{{canonicalId}}, {{displayName}}, {{scientificName}}, {{originPlanet}}, {{planetType}}, {{biome}}, {{gravity}}, {{atmosphere}}, {{climate}}, {{temperatureRange}}, {{sizeScale}}, {{coloration}}, {{materials}}, {{distinctiveFeatures}}, {{lockedTraits}}, {{rarity}}, {{artDirection}}.

Preserve every locked canonical field exactly. The result must use NOVERIS Scientific Realism: premium AAA science-fiction quality, museum-grade reference presentation, scientifically plausible structure, coherent materials, restrained coloration unless canon requires otherwise, readable silhouette, consistent scale and anatomy or growth across all views, soft neutral studio lighting, pure black background for isolated references, full requested subject visibility, generous negative space, and PSD-friendly extraction. Habitat and biome outputs may use the canonical environment. No baked-in text, labels, watermark, logo, border, or UI.

Create four clearly different but canon-compliant versions. Preserve body plan or growth architecture, structural counts, environmental adaptations, materials, defining features, and locked coloration. Vary only permitted secondary proportions, markings, surface detail, minor ornamentation, natural wear, and pose or growth irregularity.

Recommended aspect ratio: 16:9.","text, labels, watermark, signature, logo, border, frame, UI, HUD, cropped subject, duplicate anatomy, contradictory anatomy, impossible balance, unsupported structures, random wings, random horns, humanoid default, fantasy armor, weapons, cartoon, anime, toy-like materials, excessive neon, excessive glow, oversaturated colors, busy background, motion blur, low resolution, compression artifacts, generic Earth copy, unsupported fantasy styling, traits conflicting with locked canon",1.0.0,canonical
NB2-PLT-PIV-012-BIOFUEL-PLANT-PROPAGULES,PLT-PIV-012-BIOFUEL-PLANT,Biofuel Plant,propagules,"Seed, Spore or Propagule Study",16:9,"Create a canonical NOVERIS Nano Banana 2 visual for Biofuel Plant: Seed, Spore or Propagule Study.

Canonical archetype:
A canonical biofuel plant designed as a scientifically plausible plant-like or fungal organism whose anchoring, support, transport, energy capture, growth, reproduction, ecology, and environmental adaptations are internally coherent.

Required visual and biological rules:
• credible anchoring
• coherent support and transport
• functional energy collectors
• reproductive logic
• environment-linked growth

Production request:
Create dispersal, germination and early establishment.

Studio-resolved canonical values:
{{canonicalId}}, {{displayName}}, {{scientificName}}, {{originPlanet}}, {{planetType}}, {{biome}}, {{gravity}}, {{atmosphere}}, {{climate}}, {{temperatureRange}}, {{sizeScale}}, {{coloration}}, {{materials}}, {{distinctiveFeatures}}, {{lockedTraits}}, {{rarity}}, {{artDirection}}.

Preserve every locked canonical field exactly. The result must use NOVERIS Scientific Realism: premium AAA science-fiction quality, museum-grade reference presentation, scientifically plausible structure, coherent materials, restrained coloration unless canon requires otherwise, readable silhouette, consistent scale and anatomy or growth across all views, soft neutral studio lighting, pure black background for isolated references, full requested subject visibility, generous negative space, and PSD-friendly extraction. Habitat and biome outputs may use the canonical environment. No baked-in text, labels, watermark, logo, border, or UI.

Create four clearly different but canon-compliant versions. Preserve body plan or growth architecture, structural counts, environmental adaptations, materials, defining features, and locked coloration. Vary only permitted secondary proportions, markings, surface detail, minor ornamentation, natural wear, and pose or growth irregularity.

Recommended aspect ratio: 16:9.","text, labels, watermark, signature, logo, border, frame, UI, HUD, cropped subject, duplicate anatomy, contradictory anatomy, impossible balance, unsupported structures, random wings, random horns, humanoid default, fantasy armor, weapons, cartoon, anime, toy-like materials, excessive neon, excessive glow, oversaturated colors, busy background, motion blur, low resolution, compression artifacts, generic Earth copy, unsupported fantasy styling, traits conflicting with locked canon",1.0.0,canonical
NB2-PLT-PIV-012-BIOFUEL-PLANT-CROSS-SECTION,PLT-PIV-012-BIOFUEL-PLANT,Biofuel Plant,cross-section,Internal Cross Section,16:9,"Create a canonical NOVERIS Nano Banana 2 visual for Biofuel Plant: Internal Cross Section.

Canonical archetype:
A canonical biofuel plant designed as a scientifically plausible plant-like or fungal organism whose anchoring, support, transport, energy capture, growth, reproduction, ecology, and environmental adaptations are internally coherent.

Required visual and biological rules:
• credible anchoring
• coherent support and transport
• functional energy collectors
• reproductive logic
• environment-linked growth

Production request:
Create protection, transport, support, storage and reproduction.

Studio-resolved canonical values:
{{canonicalId}}, {{displayName}}, {{scientificName}}, {{originPlanet}}, {{planetType}}, {{biome}}, {{gravity}}, {{atmosphere}}, {{climate}}, {{temperatureRange}}, {{sizeScale}}, {{coloration}}, {{materials}}, {{distinctiveFeatures}}, {{lockedTraits}}, {{rarity}}, {{artDirection}}.

Preserve every locked canonical field exactly. The result must use NOVERIS Scientific Realism: premium AAA science-fiction quality, museum-grade reference presentation, scientifically plausible structure, coherent materials, restrained coloration unless canon requires otherwise, readable silhouette, consistent scale and anatomy or growth across all views, soft neutral studio lighting, pure black background for isolated references, full requested subject visibility, generous negative space, and PSD-friendly extraction. Habitat and biome outputs may use the canonical environment. No baked-in text, labels, watermark, logo, border, or UI.

Create four clearly different but canon-compliant versions. Preserve body plan or growth architecture, structural counts, environmental adaptations, materials, defining features, and locked coloration. Vary only permitted secondary proportions, markings, surface detail, minor ornamentation, natural wear, and pose or growth irregularity.

Recommended aspect ratio: 16:9.","text, labels, watermark, signature, logo, border, frame, UI, HUD, cropped subject, duplicate anatomy, contradictory anatomy, impossible balance, unsupported structures, random wings, random horns, humanoid default, fantasy armor, weapons, cartoon, anime, toy-like materials, excessive neon, excessive glow, oversaturated colors, busy background, motion blur, low resolution, compression artifacts, generic Earth copy, unsupported fantasy styling, traits conflicting with locked canon",1.0.0,canonical
NB2-PLT-PIV-012-BIOFUEL-PLANT-GROWTH,PLT-PIV-012-BIOFUEL-PLANT,Biofuel Plant,growth,Growth Stages,16:9,"Create a canonical NOVERIS Nano Banana 2 visual for Biofuel Plant: Growth Stages.

Canonical archetype:
A canonical biofuel plant designed as a scientifically plausible plant-like or fungal organism whose anchoring, support, transport, energy capture, growth, reproduction, ecology, and environmental adaptations are internally coherent.

Required visual and biological rules:
• credible anchoring
• coherent support and transport
• functional energy collectors
• reproductive logic
• environment-linked growth

Production request:
Create propagule, juvenile, mature, reproductive and senescent stages.

Studio-resolved canonical values:
{{canonicalId}}, {{displayName}}, {{scientificName}}, {{originPlanet}}, {{planetType}}, {{biome}}, {{gravity}}, {{atmosphere}}, {{climate}}, {{temperatureRange}}, {{sizeScale}}, {{coloration}}, {{materials}}, {{distinctiveFeatures}}, {{lockedTraits}}, {{rarity}}, {{artDirection}}.

Preserve every locked canonical field exactly. The result must use NOVERIS Scientific Realism: premium AAA science-fiction quality, museum-grade reference presentation, scientifically plausible structure, coherent materials, restrained coloration unless canon requires otherwise, readable silhouette, consistent scale and anatomy or growth across all views, soft neutral studio lighting, pure black background for isolated references, full requested subject visibility, generous negative space, and PSD-friendly extraction. Habitat and biome outputs may use the canonical environment. No baked-in text, labels, watermark, logo, border, or UI.

Create four clearly different but canon-compliant versions. Preserve body plan or growth architecture, structural counts, environmental adaptations, materials, defining features, and locked coloration. Vary only permitted secondary proportions, markings, surface detail, minor ornamentation, natural wear, and pose or growth irregularity.

Recommended aspect ratio: 16:9.","text, labels, watermark, signature, logo, border, frame, UI, HUD, cropped subject, duplicate anatomy, contradictory anatomy, impossible balance, unsupported structures, random wings, random horns, humanoid default, fantasy armor, weapons, cartoon, anime, toy-like materials, excessive neon, excessive glow, oversaturated colors, busy background, motion blur, low resolution, compression artifacts, generic Earth copy, unsupported fantasy styling, traits conflicting with locked canon",1.0.0,canonical
NB2-PLT-PIV-012-BIOFUEL-PLANT-SEASONAL,PLT-PIV-012-BIOFUEL-PLANT,Biofuel Plant,seasonal,Seasonal and Stress Variants,16:9,"Create a canonical NOVERIS Nano Banana 2 visual for Biofuel Plant: Seasonal and Stress Variants.

Canonical archetype:
A canonical biofuel plant designed as a scientifically plausible plant-like or fungal organism whose anchoring, support, transport, energy capture, growth, reproduction, ecology, and environmental adaptations are internally coherent.

Required visual and biological rules:
• credible anchoring
• coherent support and transport
• functional energy collectors
• reproductive logic
• environment-linked growth

Production request:
Create growth, reproduction, dormancy, damage and recovery.

Studio-resolved canonical values:
{{canonicalId}}, {{displayName}}, {{scientificName}}, {{originPlanet}}, {{planetType}}, {{biome}}, {{gravity}}, {{atmosphere}}, {{climate}}, {{temperatureRange}}, {{sizeScale}}, {{coloration}}, {{materials}}, {{distinctiveFeatures}}, {{lockedTraits}}, {{rarity}}, {{artDirection}}.

Preserve every locked canonical field exactly. The result must use NOVERIS Scientific Realism: premium AAA science-fiction quality, museum-grade reference presentation, scientifically plausible structure, coherent materials, restrained coloration unless canon requires otherwise, readable silhouette, consistent scale and anatomy or growth across all views, soft neutral studio lighting, pure black background for isolated references, full requested subject visibility, generous negative space, and PSD-friendly extraction. Habitat and biome outputs may use the canonical environment. No baked-in text, labels, watermark, logo, border, or UI.

Create four clearly different but canon-compliant versions. Preserve body plan or growth architecture, structural counts, environmental adaptations, materials, defining features, and locked coloration. Vary only permitted secondary proportions, markings, surface detail, minor ornamentation, natural wear, and pose or growth irregularity.

Recommended aspect ratio: 16:9.","text, labels, watermark, signature, logo, border, frame, UI, HUD, cropped subject, duplicate anatomy, contradictory anatomy, impossible balance, unsupported structures, random wings, random horns, humanoid default, fantasy armor, weapons, cartoon, anime, toy-like materials, excessive neon, excessive glow, oversaturated colors, busy background, motion blur, low resolution, compression artifacts, generic Earth copy, unsupported fantasy styling, traits conflicting with locked canon",1.0.0,canonical
NB2-PLT-PIV-012-BIOFUEL-PLANT-HABITAT,PLT-PIV-012-BIOFUEL-PLANT,Biofuel Plant,habitat,Native Habitat Composition,16:9,"Create a canonical NOVERIS Nano Banana 2 visual for Biofuel Plant: Native Habitat Composition.

Canonical archetype:
A canonical biofuel plant designed as a scientifically plausible plant-like or fungal organism whose anchoring, support, transport, energy capture, growth, reproduction, ecology, and environmental adaptations are internally coherent.

Required visual and biological rules:
• credible anchoring
• coherent support and transport
• functional energy collectors
• reproductive logic
• environment-linked growth

Production request:
Create natural population with spacing and age diversity.

Studio-resolved canonical values:
{{canonicalId}}, {{displayName}}, {{scientificName}}, {{originPlanet}}, {{planetType}}, {{biome}}, {{gravity}}, {{atmosphere}}, {{climate}}, {{temperatureRange}}, {{sizeScale}}, {{coloration}}, {{materials}}, {{distinctiveFeatures}}, {{lockedTraits}}, {{rarity}}, {{artDirection}}.

Preserve every locked canonical field exactly. The result must use NOVERIS Scientific Realism: premium AAA science-fiction quality, museum-grade reference presentation, scientifically plausible structure, coherent materials, restrained coloration unless canon requires otherwise, readable silhouette, consistent scale and anatomy or growth across all views, soft neutral studio lighting, pure black background for isolated references, full requested subject visibility, generous negative space, and PSD-friendly extraction. Habitat and biome outputs may use the canonical environment. No baked-in text, labels, watermark, logo, border, or UI.

Create four clearly different but canon-compliant versions. Preserve body plan or growth architecture, structural counts, environmental adaptations, materials, defining features, and locked coloration. Vary only permitted secondary proportions, markings, surface detail, minor ornamentation, natural wear, and pose or growth irregularity.

Recommended aspect ratio: 16:9.","text, labels, watermark, signature, logo, border, frame, UI, HUD, cropped subject, duplicate anatomy, contradictory anatomy, impossible balance, unsupported structures, random wings, random horns, humanoid default, fantasy armor, weapons, cartoon, anime, toy-like materials, excessive neon, excessive glow, oversaturated colors, busy background, motion blur, low resolution, compression artifacts, generic Earth copy, unsupported fantasy styling, traits conflicting with locked canon",1.0.0,canonical
NB2-PLT-PIV-012-BIOFUEL-PLANT-BIOME,PLT-PIV-012-BIOFUEL-PLANT,Biofuel Plant,biome,Biome Composition,16:9,"Create a canonical NOVERIS Nano Banana 2 visual for Biofuel Plant: Biome Composition.

Canonical archetype:
A canonical biofuel plant designed as a scientifically plausible plant-like or fungal organism whose anchoring, support, transport, energy capture, growth, reproduction, ecology, and environmental adaptations are internally coherent.

Required visual and biological rules:
• credible anchoring
• coherent support and transport
• functional energy collectors
• reproductive logic
• environment-linked growth

Production request:
Create coordinated vegetation set at consistent scale.

Studio-resolved canonical values:
{{canonicalId}}, {{displayName}}, {{scientificName}}, {{originPlanet}}, {{planetType}}, {{biome}}, {{gravity}}, {{atmosphere}}, {{climate}}, {{temperatureRange}}, {{sizeScale}}, {{coloration}}, {{materials}}, {{distinctiveFeatures}}, {{lockedTraits}}, {{rarity}}, {{artDirection}}.

Preserve every locked canonical field exactly. The result must use NOVERIS Scientific Realism: premium AAA science-fiction quality, museum-grade reference presentation, scientifically plausible structure, coherent materials, restrained coloration unless canon requires otherwise, readable silhouette, consistent scale and anatomy or growth across all views, soft neutral studio lighting, pure black background for isolated references, full requested subject visibility, generous negative space, and PSD-friendly extraction. Habitat and biome outputs may use the canonical environment. No baked-in text, labels, watermark, logo, border, or UI.

Create four clearly different but canon-compliant versions. Preserve body plan or growth architecture, structural counts, environmental adaptations, materials, defining features, and locked coloration. Vary only permitted secondary proportions, markings, surface detail, minor ornamentation, natural wear, and pose or growth irregularity.

Recommended aspect ratio: 16:9.","text, labels, watermark, signature, logo, border, frame, UI, HUD, cropped subject, duplicate anatomy, contradictory anatomy, impossible balance, unsupported structures, random wings, random horns, humanoid default, fantasy armor, weapons, cartoon, anime, toy-like materials, excessive neon, excessive glow, oversaturated colors, busy background, motion blur, low resolution, compression artifacts, generic Earth copy, unsupported fantasy styling, traits conflicting with locked canon",1.0.0,canonical
NB2-PLT-PIV-012-BIOFUEL-PLANT-DISCOVERY,PLT-PIV-012-BIOFUEL-PLANT,Biofuel Plant,discovery,Discovery Scan,16:9,"Create a canonical NOVERIS Nano Banana 2 visual for Biofuel Plant: Discovery Scan.

Canonical archetype:
A canonical biofuel plant designed as a scientifically plausible plant-like or fungal organism whose anchoring, support, transport, energy capture, growth, reproduction, ecology, and environmental adaptations are internally coherent.

Required visual and biological rules:
• credible anchoring
• coherent support and transport
• functional energy collectors
• reproductive logic
• environment-linked growth

Production request:
Create centered scientific scan source without labels.

Studio-resolved canonical values:
{{canonicalId}}, {{displayName}}, {{scientificName}}, {{originPlanet}}, {{planetType}}, {{biome}}, {{gravity}}, {{atmosphere}}, {{climate}}, {{temperatureRange}}, {{sizeScale}}, {{coloration}}, {{materials}}, {{distinctiveFeatures}}, {{lockedTraits}}, {{rarity}}, {{artDirection}}.

Preserve every locked canonical field exactly. The result must use NOVERIS Scientific Realism: premium AAA science-fiction quality, museum-grade reference presentation, scientifically plausible structure, coherent materials, restrained coloration unless canon requires otherwise, readable silhouette, consistent scale and anatomy or growth across all views, soft neutral studio lighting, pure black background for isolated references, full requested subject visibility, generous negative space, and PSD-friendly extraction. Habitat and biome outputs may use the canonical environment. No baked-in text, labels, watermark, logo, border, or UI.

Create four clearly different but canon-compliant versions. Preserve body plan or growth architecture, structural counts, environmental adaptations, materials, defining features, and locked coloration. Vary only permitted secondary proportions, markings, surface detail, minor ornamentation, natural wear, and pose or growth irregularity.

Recommended aspect ratio: 16:9.","text, labels, watermark, signature, logo, border, frame, UI, HUD, cropped subject, duplicate anatomy, contradictory anatomy, impossible balance, unsupported structures, random wings, random horns, humanoid default, fantasy armor, weapons, cartoon, anime, toy-like materials, excessive neon, excessive glow, oversaturated colors, busy background, motion blur, low resolution, compression artifacts, generic Earth copy, unsupported fantasy styling, traits conflicting with locked canon",1.0.0,canonical
NB2-PLT-PIV-012-BIOFUEL-PLANT-ICON,PLT-PIV-012-BIOFUEL-PLANT,Biofuel Plant,icon,UI Icon,1:1,"Create a canonical NOVERIS Nano Banana 2 visual for Biofuel Plant: UI Icon.

Canonical archetype:
A canonical biofuel plant designed as a scientifically plausible plant-like or fungal organism whose anchoring, support, transport, energy capture, growth, reproduction, ecology, and environmental adaptations are internally coherent.

Required visual and biological rules:
• credible anchoring
• coherent support and transport
• functional energy collectors
• reproductive logic
• environment-linked growth

Production request:
Create isolated silhouette readable at 64 pixels.

Studio-resolved canonical values:
{{canonicalId}}, {{displayName}}, {{scientificName}}, {{originPlanet}}, {{planetType}}, {{biome}}, {{gravity}}, {{atmosphere}}, {{climate}}, {{temperatureRange}}, {{sizeScale}}, {{coloration}}, {{materials}}, {{distinctiveFeatures}}, {{lockedTraits}}, {{rarity}}, {{artDirection}}.

Preserve every locked canonical field exactly. The result must use NOVERIS Scientific Realism: premium AAA science-fiction quality, museum-grade reference presentation, scientifically plausible structure, coherent materials, restrained coloration unless canon requires otherwise, readable silhouette, consistent scale and anatomy or growth across all views, soft neutral studio lighting, pure black background for isolated references, full requested subject visibility, generous negative space, and PSD-friendly extraction. Habitat and biome outputs may use the canonical environment. No baked-in text, labels, watermark, logo, border, or UI.

Create four clearly different but canon-compliant versions. Preserve body plan or growth architecture, structural counts, environmental adaptations, materials, defining features, and locked coloration. Vary only permitted secondary proportions, markings, surface detail, minor ornamentation, natural wear, and pose or growth irregularity.

Recommended aspect ratio: 1:1.","text, labels, watermark, signature, logo, border, frame, UI, HUD, cropped subject, duplicate anatomy, contradictory anatomy, impossible balance, unsupported structures, random wings, random horns, humanoid default, fantasy armor, weapons, cartoon, anime, toy-like materials, excessive neon, excessive glow, oversaturated colors, busy background, motion blur, low resolution, compression artifacts, generic Earth copy, unsupported fantasy styling, traits conflicting with locked canon",1.0.0,canonical
NB2-PLT-PIV-012-BIOFUEL-PLANT-SCALE,PLT-PIV-012-BIOFUEL-PLANT,Biofuel Plant,scale,Scale Comparison,16:9,"Create a canonical NOVERIS Nano Banana 2 visual for Biofuel Plant: Scale Comparison.

Canonical archetype:
A canonical biofuel plant designed as a scientifically plausible plant-like or fungal organism whose anchoring, support, transport, energy capture, growth, reproduction, ecology, and environmental adaptations are internally coherent.

Required visual and biological rules:
• credible anchoring
• coherent support and transport
• functional energy collectors
• reproductive logic
• environment-linked growth

Production request:
Create side view with adult human silhouette and one-meter bar.

Studio-resolved canonical values:
{{canonicalId}}, {{displayName}}, {{scientificName}}, {{originPlanet}}, {{planetType}}, {{biome}}, {{gravity}}, {{atmosphere}}, {{climate}}, {{temperatureRange}}, {{sizeScale}}, {{coloration}}, {{materials}}, {{distinctiveFeatures}}, {{lockedTraits}}, {{rarity}}, {{artDirection}}.

Preserve every locked canonical field exactly. The result must use NOVERIS Scientific Realism: premium AAA science-fiction quality, museum-grade reference presentation, scientifically plausible structure, coherent materials, restrained coloration unless canon requires otherwise, readable silhouette, consistent scale and anatomy or growth across all views, soft neutral studio lighting, pure black background for isolated references, full requested subject visibility, generous negative space, and PSD-friendly extraction. Habitat and biome outputs may use the canonical environment. No baked-in text, labels, watermark, logo, border, or UI.

Create four clearly different but canon-compliant versions. Preserve body plan or growth architecture, structural counts, environmental adaptations, materials, defining features, and locked coloration. Vary only permitted secondary proportions, markings, surface detail, minor ornamentation, natural wear, and pose or growth irregularity.

Recommended aspect ratio: 16:9.","text, labels, watermark, signature, logo, border, frame, UI, HUD, cropped subject, duplicate anatomy, contradictory anatomy, impossible balance, unsupported structures, random wings, random horns, humanoid default, fantasy armor, weapons, cartoon, anime, toy-like materials, excessive neon, excessive glow, oversaturated colors, busy background, motion blur, low resolution, compression artifacts, generic Earth copy, unsupported fantasy styling, traits conflicting with locked canon",1.0.0,canonical
NB2-PLT-PIV-012-BIOFUEL-PLANT-PLATE,PLT-PIV-012-BIOFUEL-PLANT,Biofuel Plant,plate,Master Botanical Plate,16:9,"Create a canonical NOVERIS Nano Banana 2 visual for Biofuel Plant: Master Botanical Plate.

Canonical archetype:
A canonical biofuel plant designed as a scientifically plausible plant-like or fungal organism whose anchoring, support, transport, energy capture, growth, reproduction, ecology, and environmental adaptations are internally coherent.

Required visual and biological rules:
• credible anchoring
• coherent support and transport
• functional energy collectors
• reproductive logic
• environment-linked growth

Production request:
Create whole organism, views, roots, structure, collectors, reproduction, stages, materials and habitat vignette.

Studio-resolved canonical values:
{{canonicalId}}, {{displayName}}, {{scientificName}}, {{originPlanet}}, {{planetType}}, {{biome}}, {{gravity}}, {{atmosphere}}, {{climate}}, {{temperatureRange}}, {{sizeScale}}, {{coloration}}, {{materials}}, {{distinctiveFeatures}}, {{lockedTraits}}, {{rarity}}, {{artDirection}}.

Preserve every locked canonical field exactly. The result must use NOVERIS Scientific Realism: premium AAA science-fiction quality, museum-grade reference presentation, scientifically plausible structure, coherent materials, restrained coloration unless canon requires otherwise, readable silhouette, consistent scale and anatomy or growth across all views, soft neutral studio lighting, pure black background for isolated references, full requested subject visibility, generous negative space, and PSD-friendly extraction. Habitat and biome outputs may use the canonical environment. No baked-in text, labels, watermark, logo, border, or UI.

Create four clearly different but canon-compliant versions. Preserve body plan or growth architecture, structural counts, environmental adaptations, materials, defining features, and locked coloration. Vary only permitted secondary proportions, markings, surface detail, minor ornamentation, natural wear, and pose or growth irregularity.

Recommended aspect ratio: 16:9.","text, labels, watermark, signature, logo, border, frame, UI, HUD, cropped subject, duplicate anatomy, contradictory anatomy, impossible balance, unsupported structures, random wings, random horns, humanoid default, fantasy armor, weapons, cartoon, anime, toy-like materials, excessive neon, excessive glow, oversaturated colors, busy background, motion blur, low resolution, compression artifacts, generic Earth copy, unsupported fantasy styling, traits conflicting with locked canon",1.0.0,canonical
NB2-PLT-PIV-012-BIOFUEL-PLANT-PSD,PLT-PIV-012-BIOFUEL-PLANT,Biofuel Plant,psd,PSD Extraction Board,16:9,"Create a canonical NOVERIS Nano Banana 2 visual for Biofuel Plant: PSD Extraction Board.

Canonical archetype:
A canonical biofuel plant designed as a scientifically plausible plant-like or fungal organism whose anchoring, support, transport, energy capture, growth, reproduction, ecology, and environmental adaptations are internally coherent.

Required visual and biological rules:
• credible anchoring
• coherent support and transport
• functional energy collectors
• reproductive logic
• environment-linked growth

Production request:
Create isolated whole organism, parts, silhouette and material references.

Studio-resolved canonical values:
{{canonicalId}}, {{displayName}}, {{scientificName}}, {{originPlanet}}, {{planetType}}, {{biome}}, {{gravity}}, {{atmosphere}}, {{climate}}, {{temperatureRange}}, {{sizeScale}}, {{coloration}}, {{materials}}, {{distinctiveFeatures}}, {{lockedTraits}}, {{rarity}}, {{artDirection}}.

Preserve every locked canonical field exactly. The result must use NOVERIS Scientific Realism: premium AAA science-fiction quality, museum-grade reference presentation, scientifically plausible structure, coherent materials, restrained coloration unless canon requires otherwise, readable silhouette, consistent scale and anatomy or growth across all views, soft neutral studio lighting, pure black background for isolated references, full requested subject visibility, generous negative space, and PSD-friendly extraction. Habitat and biome outputs may use the canonical environment. No baked-in text, labels, watermark, logo, border, or UI.

Create four clearly different but canon-compliant versions. Preserve body plan or growth architecture, structural counts, environmental adaptations, materials, defining features, and locked coloration. Vary only permitted secondary proportions, markings, surface detail, minor ornamentation, natural wear, and pose or growth irregularity.

Recommended aspect ratio: 16:9.","text, labels, watermark, signature, logo, border, frame, UI, HUD, cropped subject, duplicate anatomy, contradictory anatomy, impossible balance, unsupported structures, random wings, random horns, humanoid default, fantasy armor, weapons, cartoon, anime, toy-like materials, excessive neon, excessive glow, oversaturated colors, busy background, motion blur, low resolution, compression artifacts, generic Earth copy, unsupported fantasy styling, traits conflicting with locked canon",1.0.0,canonical
NB2-PLT-PIV-013-MEDICINAL-CROP-WHOLE-PLANT,PLT-PIV-013-MEDICINAL-CROP,Medicinal Crop,whole-plant,Whole Plant Production Render,3:4,"Create a canonical NOVERIS Nano Banana 2 visual for Medicinal Crop: Whole Plant Production Render.

Canonical archetype:
A canonical medicinal crop designed as a scientifically plausible plant-like or fungal organism whose anchoring, support, transport, energy capture, growth, reproduction, ecology, and environmental adaptations are internally coherent.

Required visual and biological rules:
• credible anchoring
• coherent support and transport
• functional energy collectors
• reproductive logic
• environment-linked growth

Production request:
Create complete mature organism including roots or anchor system.

Studio-resolved canonical values:
{{canonicalId}}, {{displayName}}, {{scientificName}}, {{originPlanet}}, {{planetType}}, {{biome}}, {{gravity}}, {{atmosphere}}, {{climate}}, {{temperatureRange}}, {{sizeScale}}, {{coloration}}, {{materials}}, {{distinctiveFeatures}}, {{lockedTraits}}, {{rarity}}, {{artDirection}}.

Preserve every locked canonical field exactly. The result must use NOVERIS Scientific Realism: premium AAA science-fiction quality, museum-grade reference presentation, scientifically plausible structure, coherent materials, restrained coloration unless canon requires otherwise, readable silhouette, consistent scale and anatomy or growth across all views, soft neutral studio lighting, pure black background for isolated references, full requested subject visibility, generous negative space, and PSD-friendly extraction. Habitat and biome outputs may use the canonical environment. No baked-in text, labels, watermark, logo, border, or UI.

Create four clearly different but canon-compliant versions. Preserve body plan or growth architecture, structural counts, environmental adaptations, materials, defining features, and locked coloration. Vary only permitted secondary proportions, markings, surface detail, minor ornamentation, natural wear, and pose or growth irregularity.

Recommended aspect ratio: 3:4.","text, labels, watermark, signature, logo, border, frame, UI, HUD, cropped subject, duplicate anatomy, contradictory anatomy, impossible balance, unsupported structures, random wings, random horns, humanoid default, fantasy armor, weapons, cartoon, anime, toy-like materials, excessive neon, excessive glow, oversaturated colors, busy background, motion blur, low resolution, compression artifacts, generic Earth copy, unsupported fantasy styling, traits conflicting with locked canon",1.0.0,canonical
NB2-PLT-PIV-013-MEDICINAL-CROP-PORTRAIT,PLT-PIV-013-MEDICINAL-CROP,Medicinal Crop,portrait,Botanical Portrait,1:1,"Create a canonical NOVERIS Nano Banana 2 visual for Medicinal Crop: Botanical Portrait.

Canonical archetype:
A canonical medicinal crop designed as a scientifically plausible plant-like or fungal organism whose anchoring, support, transport, energy capture, growth, reproduction, ecology, and environmental adaptations are internally coherent.

Required visual and biological rules:
• credible anchoring
• coherent support and transport
• functional energy collectors
• reproductive logic
• environment-linked growth

Production request:
Create defining growth form, foliage, collectors and reproduction.

Studio-resolved canonical values:
{{canonicalId}}, {{displayName}}, {{scientificName}}, {{originPlanet}}, {{planetType}}, {{biome}}, {{gravity}}, {{atmosphere}}, {{climate}}, {{temperatureRange}}, {{sizeScale}}, {{coloration}}, {{materials}}, {{distinctiveFeatures}}, {{lockedTraits}}, {{rarity}}, {{artDirection}}.

Preserve every locked canonical field exactly. The result must use NOVERIS Scientific Realism: premium AAA science-fiction quality, museum-grade reference presentation, scientifically plausible structure, coherent materials, restrained coloration unless canon requires otherwise, readable silhouette, consistent scale and anatomy or growth across all views, soft neutral studio lighting, pure black background for isolated references, full requested subject visibility, generous negative space, and PSD-friendly extraction. Habitat and biome outputs may use the canonical environment. No baked-in text, labels, watermark, logo, border, or UI.

Create four clearly different but canon-compliant versions. Preserve body plan or growth architecture, structural counts, environmental adaptations, materials, defining features, and locked coloration. Vary only permitted secondary proportions, markings, surface detail, minor ornamentation, natural wear, and pose or growth irregularity.

Recommended aspect ratio: 1:1.","text, labels, watermark, signature, logo, border, frame, UI, HUD, cropped subject, duplicate anatomy, contradictory anatomy, impossible balance, unsupported structures, random wings, random horns, humanoid default, fantasy armor, weapons, cartoon, anime, toy-like materials, excessive neon, excessive glow, oversaturated colors, busy background, motion blur, low resolution, compression artifacts, generic Earth copy, unsupported fantasy styling, traits conflicting with locked canon",1.0.0,canonical
NB2-PLT-PIV-013-MEDICINAL-CROP-ORTHO-FRONT,PLT-PIV-013-MEDICINAL-CROP,Medicinal Crop,ortho-front,Orthographic Front,3:4,"Create a canonical NOVERIS Nano Banana 2 visual for Medicinal Crop: Orthographic Front.

Canonical archetype:
A canonical medicinal crop designed as a scientifically plausible plant-like or fungal organism whose anchoring, support, transport, energy capture, growth, reproduction, ecology, and environmental adaptations are internally coherent.

Required visual and biological rules:
• credible anchoring
• coherent support and transport
• functional energy collectors
• reproductive logic
• environment-linked growth

Production request:
Create exact front orthographic view.

Studio-resolved canonical values:
{{canonicalId}}, {{displayName}}, {{scientificName}}, {{originPlanet}}, {{planetType}}, {{biome}}, {{gravity}}, {{atmosphere}}, {{climate}}, {{temperatureRange}}, {{sizeScale}}, {{coloration}}, {{materials}}, {{distinctiveFeatures}}, {{lockedTraits}}, {{rarity}}, {{artDirection}}.

Preserve every locked canonical field exactly. The result must use NOVERIS Scientific Realism: premium AAA science-fiction quality, museum-grade reference presentation, scientifically plausible structure, coherent materials, restrained coloration unless canon requires otherwise, readable silhouette, consistent scale and anatomy or growth across all views, soft neutral studio lighting, pure black background for isolated references, full requested subject visibility, generous negative space, and PSD-friendly extraction. Habitat and biome outputs may use the canonical environment. No baked-in text, labels, watermark, logo, border, or UI.

Create four clearly different but canon-compliant versions. Preserve body plan or growth architecture, structural counts, environmental adaptations, materials, defining features, and locked coloration. Vary only permitted secondary proportions, markings, surface detail, minor ornamentation, natural wear, and pose or growth irregularity.

Recommended aspect ratio: 3:4.","text, labels, watermark, signature, logo, border, frame, UI, HUD, cropped subject, duplicate anatomy, contradictory anatomy, impossible balance, unsupported structures, random wings, random horns, humanoid default, fantasy armor, weapons, cartoon, anime, toy-like materials, excessive neon, excessive glow, oversaturated colors, busy background, motion blur, low resolution, compression artifacts, generic Earth copy, unsupported fantasy styling, traits conflicting with locked canon",1.0.0,canonical
NB2-PLT-PIV-013-MEDICINAL-CROP-ORTHO-SIDE,PLT-PIV-013-MEDICINAL-CROP,Medicinal Crop,ortho-side,Orthographic Side,3:4,"Create a canonical NOVERIS Nano Banana 2 visual for Medicinal Crop: Orthographic Side.

Canonical archetype:
A canonical medicinal crop designed as a scientifically plausible plant-like or fungal organism whose anchoring, support, transport, energy capture, growth, reproduction, ecology, and environmental adaptations are internally coherent.

Required visual and biological rules:
• credible anchoring
• coherent support and transport
• functional energy collectors
• reproductive logic
• environment-linked growth

Production request:
Create exact side orthographic view.

Studio-resolved canonical values:
{{canonicalId}}, {{displayName}}, {{scientificName}}, {{originPlanet}}, {{planetType}}, {{biome}}, {{gravity}}, {{atmosphere}}, {{climate}}, {{temperatureRange}}, {{sizeScale}}, {{coloration}}, {{materials}}, {{distinctiveFeatures}}, {{lockedTraits}}, {{rarity}}, {{artDirection}}.

Preserve every locked canonical field exactly. The result must use NOVERIS Scientific Realism: premium AAA science-fiction quality, museum-grade reference presentation, scientifically plausible structure, coherent materials, restrained coloration unless canon requires otherwise, readable silhouette, consistent scale and anatomy or growth across all views, soft neutral studio lighting, pure black background for isolated references, full requested subject visibility, generous negative space, and PSD-friendly extraction. Habitat and biome outputs may use the canonical environment. No baked-in text, labels, watermark, logo, border, or UI.

Create four clearly different but canon-compliant versions. Preserve body plan or growth architecture, structural counts, environmental adaptations, materials, defining features, and locked coloration. Vary only permitted secondary proportions, markings, surface detail, minor ornamentation, natural wear, and pose or growth irregularity.

Recommended aspect ratio: 3:4.","text, labels, watermark, signature, logo, border, frame, UI, HUD, cropped subject, duplicate anatomy, contradictory anatomy, impossible balance, unsupported structures, random wings, random horns, humanoid default, fantasy armor, weapons, cartoon, anime, toy-like materials, excessive neon, excessive glow, oversaturated colors, busy background, motion blur, low resolution, compression artifacts, generic Earth copy, unsupported fantasy styling, traits conflicting with locked canon",1.0.0,canonical
NB2-PLT-PIV-013-MEDICINAL-CROP-ORTHO-TOP,PLT-PIV-013-MEDICINAL-CROP,Medicinal Crop,ortho-top,Orthographic Top,1:1,"Create a canonical NOVERIS Nano Banana 2 visual for Medicinal Crop: Orthographic Top.

Canonical archetype:
A canonical medicinal crop designed as a scientifically plausible plant-like or fungal organism whose anchoring, support, transport, energy capture, growth, reproduction, ecology, and environmental adaptations are internally coherent.

Required visual and biological rules:
• credible anchoring
• coherent support and transport
• functional energy collectors
• reproductive logic
• environment-linked growth

Production request:
Create exact top view showing spread and growth geometry.

Studio-resolved canonical values:
{{canonicalId}}, {{displayName}}, {{scientificName}}, {{originPlanet}}, {{planetType}}, {{biome}}, {{gravity}}, {{atmosphere}}, {{climate}}, {{temperatureRange}}, {{sizeScale}}, {{coloration}}, {{materials}}, {{distinctiveFeatures}}, {{lockedTraits}}, {{rarity}}, {{artDirection}}.

Preserve every locked canonical field exactly. The result must use NOVERIS Scientific Realism: premium AAA science-fiction quality, museum-grade reference presentation, scientifically plausible structure, coherent materials, restrained coloration unless canon requires otherwise, readable silhouette, consistent scale and anatomy or growth across all views, soft neutral studio lighting, pure black background for isolated references, full requested subject visibility, generous negative space, and PSD-friendly extraction. Habitat and biome outputs may use the canonical environment. No baked-in text, labels, watermark, logo, border, or UI.

Create four clearly different but canon-compliant versions. Preserve body plan or growth architecture, structural counts, environmental adaptations, materials, defining features, and locked coloration. Vary only permitted secondary proportions, markings, surface detail, minor ornamentation, natural wear, and pose or growth irregularity.

Recommended aspect ratio: 1:1.","text, labels, watermark, signature, logo, border, frame, UI, HUD, cropped subject, duplicate anatomy, contradictory anatomy, impossible balance, unsupported structures, random wings, random horns, humanoid default, fantasy armor, weapons, cartoon, anime, toy-like materials, excessive neon, excessive glow, oversaturated colors, busy background, motion blur, low resolution, compression artifacts, generic Earth copy, unsupported fantasy styling, traits conflicting with locked canon",1.0.0,canonical
NB2-PLT-PIV-013-MEDICINAL-CROP-ROOTS,PLT-PIV-013-MEDICINAL-CROP,Medicinal Crop,roots,Root or Anchor System,16:9,"Create a canonical NOVERIS Nano Banana 2 visual for Medicinal Crop: Root or Anchor System.

Canonical archetype:
A canonical medicinal crop designed as a scientifically plausible plant-like or fungal organism whose anchoring, support, transport, energy capture, growth, reproduction, ecology, and environmental adaptations are internally coherent.

Required visual and biological rules:
• credible anchoring
• coherent support and transport
• functional energy collectors
• reproductive logic
• environment-linked growth

Production request:
Create complete substrate interface and nutrient exchange structures.

Studio-resolved canonical values:
{{canonicalId}}, {{displayName}}, {{scientificName}}, {{originPlanet}}, {{planetType}}, {{biome}}, {{gravity}}, {{atmosphere}}, {{climate}}, {{temperatureRange}}, {{sizeScale}}, {{coloration}}, {{materials}}, {{distinctiveFeatures}}, {{lockedTraits}}, {{rarity}}, {{artDirection}}.

Preserve every locked canonical field exactly. The result must use NOVERIS Scientific Realism: premium AAA science-fiction quality, museum-grade reference presentation, scientifically plausible structure, coherent materials, restrained coloration unless canon requires otherwise, readable silhouette, consistent scale and anatomy or growth across all views, soft neutral studio lighting, pure black background for isolated references, full requested subject visibility, generous negative space, and PSD-friendly extraction. Habitat and biome outputs may use the canonical environment. No baked-in text, labels, watermark, logo, border, or UI.

Create four clearly different but canon-compliant versions. Preserve body plan or growth architecture, structural counts, environmental adaptations, materials, defining features, and locked coloration. Vary only permitted secondary proportions, markings, surface detail, minor ornamentation, natural wear, and pose or growth irregularity.

Recommended aspect ratio: 16:9.","text, labels, watermark, signature, logo, border, frame, UI, HUD, cropped subject, duplicate anatomy, contradictory anatomy, impossible balance, unsupported structures, random wings, random horns, humanoid default, fantasy armor, weapons, cartoon, anime, toy-like materials, excessive neon, excessive glow, oversaturated colors, busy background, motion blur, low resolution, compression artifacts, generic Earth copy, unsupported fantasy styling, traits conflicting with locked canon",1.0.0,canonical
NB2-PLT-PIV-013-MEDICINAL-CROP-STEMS,PLT-PIV-013-MEDICINAL-CROP,Medicinal Crop,stems,"Stem, Trunk or Structural Study",16:9,"Create a canonical NOVERIS Nano Banana 2 visual for Medicinal Crop: Stem, Trunk or Structural Study.

Canonical archetype:
A canonical medicinal crop designed as a scientifically plausible plant-like or fungal organism whose anchoring, support, transport, energy capture, growth, reproduction, ecology, and environmental adaptations are internally coherent.

Required visual and biological rules:
• credible anchoring
• coherent support and transport
• functional energy collectors
• reproductive logic
• environment-linked growth

Production request:
Create support and transport architecture.

Studio-resolved canonical values:
{{canonicalId}}, {{displayName}}, {{scientificName}}, {{originPlanet}}, {{planetType}}, {{biome}}, {{gravity}}, {{atmosphere}}, {{climate}}, {{temperatureRange}}, {{sizeScale}}, {{coloration}}, {{materials}}, {{distinctiveFeatures}}, {{lockedTraits}}, {{rarity}}, {{artDirection}}.

Preserve every locked canonical field exactly. The result must use NOVERIS Scientific Realism: premium AAA science-fiction quality, museum-grade reference presentation, scientifically plausible structure, coherent materials, restrained coloration unless canon requires otherwise, readable silhouette, consistent scale and anatomy or growth across all views, soft neutral studio lighting, pure black background for isolated references, full requested subject visibility, generous negative space, and PSD-friendly extraction. Habitat and biome outputs may use the canonical environment. No baked-in text, labels, watermark, logo, border, or UI.

Create four clearly different but canon-compliant versions. Preserve body plan or growth architecture, structural counts, environmental adaptations, materials, defining features, and locked coloration. Vary only permitted secondary proportions, markings, surface detail, minor ornamentation, natural wear, and pose or growth irregularity.

Recommended aspect ratio: 16:9.","text, labels, watermark, signature, logo, border, frame, UI, HUD, cropped subject, duplicate anatomy, contradictory anatomy, impossible balance, unsupported structures, random wings, random horns, humanoid default, fantasy armor, weapons, cartoon, anime, toy-like materials, excessive neon, excessive glow, oversaturated colors, busy background, motion blur, low resolution, compression artifacts, generic Earth copy, unsupported fantasy styling, traits conflicting with locked canon",1.0.0,canonical
NB2-PLT-PIV-013-MEDICINAL-CROP-COLLECTORS,PLT-PIV-013-MEDICINAL-CROP,Medicinal Crop,collectors,Leaves or Collector Study,16:9,"Create a canonical NOVERIS Nano Banana 2 visual for Medicinal Crop: Leaves or Collector Study.

Canonical archetype:
A canonical medicinal crop designed as a scientifically plausible plant-like or fungal organism whose anchoring, support, transport, energy capture, growth, reproduction, ecology, and environmental adaptations are internally coherent.

Required visual and biological rules:
• credible anchoring
• coherent support and transport
• functional energy collectors
• reproductive logic
• environment-linked growth

Production request:
Create front, back, edge, juvenile, mature and stressed states.

Studio-resolved canonical values:
{{canonicalId}}, {{displayName}}, {{scientificName}}, {{originPlanet}}, {{planetType}}, {{biome}}, {{gravity}}, {{atmosphere}}, {{climate}}, {{temperatureRange}}, {{sizeScale}}, {{coloration}}, {{materials}}, {{distinctiveFeatures}}, {{lockedTraits}}, {{rarity}}, {{artDirection}}.

Preserve every locked canonical field exactly. The result must use NOVERIS Scientific Realism: premium AAA science-fiction quality, museum-grade reference presentation, scientifically plausible structure, coherent materials, restrained coloration unless canon requires otherwise, readable silhouette, consistent scale and anatomy or growth across all views, soft neutral studio lighting, pure black background for isolated references, full requested subject visibility, generous negative space, and PSD-friendly extraction. Habitat and biome outputs may use the canonical environment. No baked-in text, labels, watermark, logo, border, or UI.

Create four clearly different but canon-compliant versions. Preserve body plan or growth architecture, structural counts, environmental adaptations, materials, defining features, and locked coloration. Vary only permitted secondary proportions, markings, surface detail, minor ornamentation, natural wear, and pose or growth irregularity.

Recommended aspect ratio: 16:9.","text, labels, watermark, signature, logo, border, frame, UI, HUD, cropped subject, duplicate anatomy, contradictory anatomy, impossible balance, unsupported structures, random wings, random horns, humanoid default, fantasy armor, weapons, cartoon, anime, toy-like materials, excessive neon, excessive glow, oversaturated colors, busy background, motion blur, low resolution, compression artifacts, generic Earth copy, unsupported fantasy styling, traits conflicting with locked canon",1.0.0,canonical
NB2-PLT-PIV-013-MEDICINAL-CROP-REPRODUCTION,PLT-PIV-013-MEDICINAL-CROP,Medicinal Crop,reproduction,Reproductive Structure,16:9,"Create a canonical NOVERIS Nano Banana 2 visual for Medicinal Crop: Reproductive Structure.

Canonical archetype:
A canonical medicinal crop designed as a scientifically plausible plant-like or fungal organism whose anchoring, support, transport, energy capture, growth, reproduction, ecology, and environmental adaptations are internally coherent.

Required visual and biological rules:
• credible anchoring
• coherent support and transport
• functional energy collectors
• reproductive logic
• environment-linked growth

Production request:
Create flowers, cones, spores, fields or equivalent stages.

Studio-resolved canonical values:
{{canonicalId}}, {{displayName}}, {{scientificName}}, {{originPlanet}}, {{planetType}}, {{biome}}, {{gravity}}, {{atmosphere}}, {{climate}}, {{temperatureRange}}, {{sizeScale}}, {{coloration}}, {{materials}}, {{distinctiveFeatures}}, {{lockedTraits}}, {{rarity}}, {{artDirection}}.

Preserve every locked canonical field exactly. The result must use NOVERIS Scientific Realism: premium AAA science-fiction quality, museum-grade reference presentation, scientifically plausible structure, coherent materials, restrained coloration unless canon requires otherwise, readable silhouette, consistent scale and anatomy or growth across all views, soft neutral studio lighting, pure black background for isolated references, full requested subject visibility, generous negative space, and PSD-friendly extraction. Habitat and biome outputs may use the canonical environment. No baked-in text, labels, watermark, logo, border, or UI.

Create four clearly different but canon-compliant versions. Preserve body plan or growth architecture, structural counts, environmental adaptations, materials, defining features, and locked coloration. Vary only permitted secondary proportions, markings, surface detail, minor ornamentation, natural wear, and pose or growth irregularity.

Recommended aspect ratio: 16:9.","text, labels, watermark, signature, logo, border, frame, UI, HUD, cropped subject, duplicate anatomy, contradictory anatomy, impossible balance, unsupported structures, random wings, random horns, humanoid default, fantasy armor, weapons, cartoon, anime, toy-like materials, excessive neon, excessive glow, oversaturated colors, busy background, motion blur, low resolution, compression artifacts, generic Earth copy, unsupported fantasy styling, traits conflicting with locked canon",1.0.0,canonical
NB2-PLT-PIV-013-MEDICINAL-CROP-PROPAGULES,PLT-PIV-013-MEDICINAL-CROP,Medicinal Crop,propagules,"Seed, Spore or Propagule Study",16:9,"Create a canonical NOVERIS Nano Banana 2 visual for Medicinal Crop: Seed, Spore or Propagule Study.

Canonical archetype:
A canonical medicinal crop designed as a scientifically plausible plant-like or fungal organism whose anchoring, support, transport, energy capture, growth, reproduction, ecology, and environmental adaptations are internally coherent.

Required visual and biological rules:
• credible anchoring
• coherent support and transport
• functional energy collectors
• reproductive logic
• environment-linked growth

Production request:
Create dispersal, germination and early establishment.

Studio-resolved canonical values:
{{canonicalId}}, {{displayName}}, {{scientificName}}, {{originPlanet}}, {{planetType}}, {{biome}}, {{gravity}}, {{atmosphere}}, {{climate}}, {{temperatureRange}}, {{sizeScale}}, {{coloration}}, {{materials}}, {{distinctiveFeatures}}, {{lockedTraits}}, {{rarity}}, {{artDirection}}.

Preserve every locked canonical field exactly. The result must use NOVERIS Scientific Realism: premium AAA science-fiction quality, museum-grade reference presentation, scientifically plausible structure, coherent materials, restrained coloration unless canon requires otherwise, readable silhouette, consistent scale and anatomy or growth across all views, soft neutral studio lighting, pure black background for isolated references, full requested subject visibility, generous negative space, and PSD-friendly extraction. Habitat and biome outputs may use the canonical environment. No baked-in text, labels, watermark, logo, border, or UI.

Create four clearly different but canon-compliant versions. Preserve body plan or growth architecture, structural counts, environmental adaptations, materials, defining features, and locked coloration. Vary only permitted secondary proportions, markings, surface detail, minor ornamentation, natural wear, and pose or growth irregularity.

Recommended aspect ratio: 16:9.","text, labels, watermark, signature, logo, border, frame, UI, HUD, cropped subject, duplicate anatomy, contradictory anatomy, impossible balance, unsupported structures, random wings, random horns, humanoid default, fantasy armor, weapons, cartoon, anime, toy-like materials, excessive neon, excessive glow, oversaturated colors, busy background, motion blur, low resolution, compression artifacts, generic Earth copy, unsupported fantasy styling, traits conflicting with locked canon",1.0.0,canonical
NB2-PLT-PIV-013-MEDICINAL-CROP-CROSS-SECTION,PLT-PIV-013-MEDICINAL-CROP,Medicinal Crop,cross-section,Internal Cross Section,16:9,"Create a canonical NOVERIS Nano Banana 2 visual for Medicinal Crop: Internal Cross Section.

Canonical archetype:
A canonical medicinal crop designed as a scientifically plausible plant-like or fungal organism whose anchoring, support, transport, energy capture, growth, reproduction, ecology, and environmental adaptations are internally coherent.

Required visual and biological rules:
• credible anchoring
• coherent support and transport
• functional energy collectors
• reproductive logic
• environment-linked growth

Production request:
Create protection, transport, support, storage and reproduction.

Studio-resolved canonical values:
{{canonicalId}}, {{displayName}}, {{scientificName}}, {{originPlanet}}, {{planetType}}, {{biome}}, {{gravity}}, {{atmosphere}}, {{climate}}, {{temperatureRange}}, {{sizeScale}}, {{coloration}}, {{materials}}, {{distinctiveFeatures}}, {{lockedTraits}}, {{rarity}}, {{artDirection}}.

Preserve every locked canonical field exactly. The result must use NOVERIS Scientific Realism: premium AAA science-fiction quality, museum-grade reference presentation, scientifically plausible structure, coherent materials, restrained coloration unless canon requires otherwise, readable silhouette, consistent scale and anatomy or growth across all views, soft neutral studio lighting, pure black background for isolated references, full requested subject visibility, generous negative space, and PSD-friendly extraction. Habitat and biome outputs may use the canonical environment. No baked-in text, labels, watermark, logo, border, or UI.

Create four clearly different but canon-compliant versions. Preserve body plan or growth architecture, structural counts, environmental adaptations, materials, defining features, and locked coloration. Vary only permitted secondary proportions, markings, surface detail, minor ornamentation, natural wear, and pose or growth irregularity.

Recommended aspect ratio: 16:9.","text, labels, watermark, signature, logo, border, frame, UI, HUD, cropped subject, duplicate anatomy, contradictory anatomy, impossible balance, unsupported structures, random wings, random horns, humanoid default, fantasy armor, weapons, cartoon, anime, toy-like materials, excessive neon, excessive glow, oversaturated colors, busy background, motion blur, low resolution, compression artifacts, generic Earth copy, unsupported fantasy styling, traits conflicting with locked canon",1.0.0,canonical
NB2-PLT-PIV-013-MEDICINAL-CROP-GROWTH,PLT-PIV-013-MEDICINAL-CROP,Medicinal Crop,growth,Growth Stages,16:9,"Create a canonical NOVERIS Nano Banana 2 visual for Medicinal Crop: Growth Stages.

Canonical archetype:
A canonical medicinal crop designed as a scientifically plausible plant-like or fungal organism whose anchoring, support, transport, energy capture, growth, reproduction, ecology, and environmental adaptations are internally coherent.

Required visual and biological rules:
• credible anchoring
• coherent support and transport
• functional energy collectors
• reproductive logic
• environment-linked growth

Production request:
Create propagule, juvenile, mature, reproductive and senescent stages.

Studio-resolved canonical values:
{{canonicalId}}, {{displayName}}, {{scientificName}}, {{originPlanet}}, {{planetType}}, {{biome}}, {{gravity}}, {{atmosphere}}, {{climate}}, {{temperatureRange}}, {{sizeScale}}, {{coloration}}, {{materials}}, {{distinctiveFeatures}}, {{lockedTraits}}, {{rarity}}, {{artDirection}}.

Preserve every locked canonical field exactly. The result must use NOVERIS Scientific Realism: premium AAA science-fiction quality, museum-grade reference presentation, scientifically plausible structure, coherent materials, restrained coloration unless canon requires otherwise, readable silhouette, consistent scale and anatomy or growth across all views, soft neutral studio lighting, pure black background for isolated references, full requested subject visibility, generous negative space, and PSD-friendly extraction. Habitat and biome outputs may use the canonical environment. No baked-in text, labels, watermark, logo, border, or UI.

Create four clearly different but canon-compliant versions. Preserve body plan or growth architecture, structural counts, environmental adaptations, materials, defining features, and locked coloration. Vary only permitted secondary proportions, markings, surface detail, minor ornamentation, natural wear, and pose or growth irregularity.

Recommended aspect ratio: 16:9.","text, labels, watermark, signature, logo, border, frame, UI, HUD, cropped subject, duplicate anatomy, contradictory anatomy, impossible balance, unsupported structures, random wings, random horns, humanoid default, fantasy armor, weapons, cartoon, anime, toy-like materials, excessive neon, excessive glow, oversaturated colors, busy background, motion blur, low resolution, compression artifacts, generic Earth copy, unsupported fantasy styling, traits conflicting with locked canon",1.0.0,canonical
NB2-PLT-PIV-013-MEDICINAL-CROP-SEASONAL,PLT-PIV-013-MEDICINAL-CROP,Medicinal Crop,seasonal,Seasonal and Stress Variants,16:9,"Create a canonical NOVERIS Nano Banana 2 visual for Medicinal Crop: Seasonal and Stress Variants.

Canonical archetype:
A canonical medicinal crop designed as a scientifically plausible plant-like or fungal organism whose anchoring, support, transport, energy capture, growth, reproduction, ecology, and environmental adaptations are internally coherent.

Required visual and biological rules:
• credible anchoring
• coherent support and transport
• functional energy collectors
• reproductive logic
• environment-linked growth

Production request:
Create growth, reproduction, dormancy, damage and recovery.

Studio-resolved canonical values:
{{canonicalId}}, {{displayName}}, {{scientificName}}, {{originPlanet}}, {{planetType}}, {{biome}}, {{gravity}}, {{atmosphere}}, {{climate}}, {{temperatureRange}}, {{sizeScale}}, {{coloration}}, {{materials}}, {{distinctiveFeatures}}, {{lockedTraits}}, {{rarity}}, {{artDirection}}.

Preserve every locked canonical field exactly. The result must use NOVERIS Scientific Realism: premium AAA science-fiction quality, museum-grade reference presentation, scientifically plausible structure, coherent materials, restrained coloration unless canon requires otherwise, readable silhouette, consistent scale and anatomy or growth across all views, soft neutral studio lighting, pure black background for isolated references, full requested subject visibility, generous negative space, and PSD-friendly extraction. Habitat and biome outputs may use the canonical environment. No baked-in text, labels, watermark, logo, border, or UI.

Create four clearly different but canon-compliant versions. Preserve body plan or growth architecture, structural counts, environmental adaptations, materials, defining features, and locked coloration. Vary only permitted secondary proportions, markings, surface detail, minor ornamentation, natural wear, and pose or growth irregularity.

Recommended aspect ratio: 16:9.","text, labels, watermark, signature, logo, border, frame, UI, HUD, cropped subject, duplicate anatomy, contradictory anatomy, impossible balance, unsupported structures, random wings, random horns, humanoid default, fantasy armor, weapons, cartoon, anime, toy-like materials, excessive neon, excessive glow, oversaturated colors, busy background, motion blur, low resolution, compression artifacts, generic Earth copy, unsupported fantasy styling, traits conflicting with locked canon",1.0.0,canonical
NB2-PLT-PIV-013-MEDICINAL-CROP-HABITAT,PLT-PIV-013-MEDICINAL-CROP,Medicinal Crop,habitat,Native Habitat Composition,16:9,"Create a canonical NOVERIS Nano Banana 2 visual for Medicinal Crop: Native Habitat Composition.

Canonical archetype:
A canonical medicinal crop designed as a scientifically plausible plant-like or fungal organism whose anchoring, support, transport, energy capture, growth, reproduction, ecology, and environmental adaptations are internally coherent.

Required visual and biological rules:
• credible anchoring
• coherent support and transport
• functional energy collectors
• reproductive logic
• environment-linked growth

Production request:
Create natural population with spacing and age diversity.

Studio-resolved canonical values:
{{canonicalId}}, {{displayName}}, {{scientificName}}, {{originPlanet}}, {{planetType}}, {{biome}}, {{gravity}}, {{atmosphere}}, {{climate}}, {{temperatureRange}}, {{sizeScale}}, {{coloration}}, {{materials}}, {{distinctiveFeatures}}, {{lockedTraits}}, {{rarity}}, {{artDirection}}.

Preserve every locked canonical field exactly. The result must use NOVERIS Scientific Realism: premium AAA science-fiction quality, museum-grade reference presentation, scientifically plausible structure, coherent materials, restrained coloration unless canon requires otherwise, readable silhouette, consistent scale and anatomy or growth across all views, soft neutral studio lighting, pure black background for isolated references, full requested subject visibility, generous negative space, and PSD-friendly extraction. Habitat and biome outputs may use the canonical environment. No baked-in text, labels, watermark, logo, border, or UI.

Create four clearly different but canon-compliant versions. Preserve body plan or growth architecture, structural counts, environmental adaptations, materials, defining features, and locked coloration. Vary only permitted secondary proportions, markings, surface detail, minor ornamentation, natural wear, and pose or growth irregularity.

Recommended aspect ratio: 16:9.","text, labels, watermark, signature, logo, border, frame, UI, HUD, cropped subject, duplicate anatomy, contradictory anatomy, impossible balance, unsupported structures, random wings, random horns, humanoid default, fantasy armor, weapons, cartoon, anime, toy-like materials, excessive neon, excessive glow, oversaturated colors, busy background, motion blur, low resolution, compression artifacts, generic Earth copy, unsupported fantasy styling, traits conflicting with locked canon",1.0.0,canonical
NB2-PLT-PIV-013-MEDICINAL-CROP-BIOME,PLT-PIV-013-MEDICINAL-CROP,Medicinal Crop,biome,Biome Composition,16:9,"Create a canonical NOVERIS Nano Banana 2 visual for Medicinal Crop: Biome Composition.

Canonical archetype:
A canonical medicinal crop designed as a scientifically plausible plant-like or fungal organism whose anchoring, support, transport, energy capture, growth, reproduction, ecology, and environmental adaptations are internally coherent.

Required visual and biological rules:
• credible anchoring
• coherent support and transport
• functional energy collectors
• reproductive logic
• environment-linked growth

Production request:
Create coordinated vegetation set at consistent scale.

Studio-resolved canonical values:
{{canonicalId}}, {{displayName}}, {{scientificName}}, {{originPlanet}}, {{planetType}}, {{biome}}, {{gravity}}, {{atmosphere}}, {{climate}}, {{temperatureRange}}, {{sizeScale}}, {{coloration}}, {{materials}}, {{distinctiveFeatures}}, {{lockedTraits}}, {{rarity}}, {{artDirection}}.

Preserve every locked canonical field exactly. The result must use NOVERIS Scientific Realism: premium AAA science-fiction quality, museum-grade reference presentation, scientifically plausible structure, coherent materials, restrained coloration unless canon requires otherwise, readable silhouette, consistent scale and anatomy or growth across all views, soft neutral studio lighting, pure black background for isolated references, full requested subject visibility, generous negative space, and PSD-friendly extraction. Habitat and biome outputs may use the canonical environment. No baked-in text, labels, watermark, logo, border, or UI.

Create four clearly different but canon-compliant versions. Preserve body plan or growth architecture, structural counts, environmental adaptations, materials, defining features, and locked coloration. Vary only permitted secondary proportions, markings, surface detail, minor ornamentation, natural wear, and pose or growth irregularity.

Recommended aspect ratio: 16:9.","text, labels, watermark, signature, logo, border, frame, UI, HUD, cropped subject, duplicate anatomy, contradictory anatomy, impossible balance, unsupported structures, random wings, random horns, humanoid default, fantasy armor, weapons, cartoon, anime, toy-like materials, excessive neon, excessive glow, oversaturated colors, busy background, motion blur, low resolution, compression artifacts, generic Earth copy, unsupported fantasy styling, traits conflicting with locked canon",1.0.0,canonical
NB2-PLT-PIV-013-MEDICINAL-CROP-DISCOVERY,PLT-PIV-013-MEDICINAL-CROP,Medicinal Crop,discovery,Discovery Scan,16:9,"Create a canonical NOVERIS Nano Banana 2 visual for Medicinal Crop: Discovery Scan.

Canonical archetype:
A canonical medicinal crop designed as a scientifically plausible plant-like or fungal organism whose anchoring, support, transport, energy capture, growth, reproduction, ecology, and environmental adaptations are internally coherent.

Required visual and biological rules:
• credible anchoring
• coherent support and transport
• functional energy collectors
• reproductive logic
• environment-linked growth

Production request:
Create centered scientific scan source without labels.

Studio-resolved canonical values:
{{canonicalId}}, {{displayName}}, {{scientificName}}, {{originPlanet}}, {{planetType}}, {{biome}}, {{gravity}}, {{atmosphere}}, {{climate}}, {{temperatureRange}}, {{sizeScale}}, {{coloration}}, {{materials}}, {{distinctiveFeatures}}, {{lockedTraits}}, {{rarity}}, {{artDirection}}.

Preserve every locked canonical field exactly. The result must use NOVERIS Scientific Realism: premium AAA science-fiction quality, museum-grade reference presentation, scientifically plausible structure, coherent materials, restrained coloration unless canon requires otherwise, readable silhouette, consistent scale and anatomy or growth across all views, soft neutral studio lighting, pure black background for isolated references, full requested subject visibility, generous negative space, and PSD-friendly extraction. Habitat and biome outputs may use the canonical environment. No baked-in text, labels, watermark, logo, border, or UI.

Create four clearly different but canon-compliant versions. Preserve body plan or growth architecture, structural counts, environmental adaptations, materials, defining features, and locked coloration. Vary only permitted secondary proportions, markings, surface detail, minor ornamentation, natural wear, and pose or growth irregularity.

Recommended aspect ratio: 16:9.","text, labels, watermark, signature, logo, border, frame, UI, HUD, cropped subject, duplicate anatomy, contradictory anatomy, impossible balance, unsupported structures, random wings, random horns, humanoid default, fantasy armor, weapons, cartoon, anime, toy-like materials, excessive neon, excessive glow, oversaturated colors, busy background, motion blur, low resolution, compression artifacts, generic Earth copy, unsupported fantasy styling, traits conflicting with locked canon",1.0.0,canonical
NB2-PLT-PIV-013-MEDICINAL-CROP-ICON,PLT-PIV-013-MEDICINAL-CROP,Medicinal Crop,icon,UI Icon,1:1,"Create a canonical NOVERIS Nano Banana 2 visual for Medicinal Crop: UI Icon.

Canonical archetype:
A canonical medicinal crop designed as a scientifically plausible plant-like or fungal organism whose anchoring, support, transport, energy capture, growth, reproduction, ecology, and environmental adaptations are internally coherent.

Required visual and biological rules:
• credible anchoring
• coherent support and transport
• functional energy collectors
• reproductive logic
• environment-linked growth

Production request:
Create isolated silhouette readable at 64 pixels.

Studio-resolved canonical values:
{{canonicalId}}, {{displayName}}, {{scientificName}}, {{originPlanet}}, {{planetType}}, {{biome}}, {{gravity}}, {{atmosphere}}, {{climate}}, {{temperatureRange}}, {{sizeScale}}, {{coloration}}, {{materials}}, {{distinctiveFeatures}}, {{lockedTraits}}, {{rarity}}, {{artDirection}}.

Preserve every locked canonical field exactly. The result must use NOVERIS Scientific Realism: premium AAA science-fiction quality, museum-grade reference presentation, scientifically plausible structure, coherent materials, restrained coloration unless canon requires otherwise, readable silhouette, consistent scale and anatomy or growth across all views, soft neutral studio lighting, pure black background for isolated references, full requested subject visibility, generous negative space, and PSD-friendly extraction. Habitat and biome outputs may use the canonical environment. No baked-in text, labels, watermark, logo, border, or UI.

Create four clearly different but canon-compliant versions. Preserve body plan or growth architecture, structural counts, environmental adaptations, materials, defining features, and locked coloration. Vary only permitted secondary proportions, markings, surface detail, minor ornamentation, natural wear, and pose or growth irregularity.

Recommended aspect ratio: 1:1.","text, labels, watermark, signature, logo, border, frame, UI, HUD, cropped subject, duplicate anatomy, contradictory anatomy, impossible balance, unsupported structures, random wings, random horns, humanoid default, fantasy armor, weapons, cartoon, anime, toy-like materials, excessive neon, excessive glow, oversaturated colors, busy background, motion blur, low resolution, compression artifacts, generic Earth copy, unsupported fantasy styling, traits conflicting with locked canon",1.0.0,canonical
NB2-PLT-PIV-013-MEDICINAL-CROP-SCALE,PLT-PIV-013-MEDICINAL-CROP,Medicinal Crop,scale,Scale Comparison,16:9,"Create a canonical NOVERIS Nano Banana 2 visual for Medicinal Crop: Scale Comparison.

Canonical archetype:
A canonical medicinal crop designed as a scientifically plausible plant-like or fungal organism whose anchoring, support, transport, energy capture, growth, reproduction, ecology, and environmental adaptations are internally coherent.

Required visual and biological rules:
• credible anchoring
• coherent support and transport
• functional energy collectors
• reproductive logic
• environment-linked growth

Production request:
Create side view with adult human silhouette and one-meter bar.

Studio-resolved canonical values:
{{canonicalId}}, {{displayName}}, {{scientificName}}, {{originPlanet}}, {{planetType}}, {{biome}}, {{gravity}}, {{atmosphere}}, {{climate}}, {{temperatureRange}}, {{sizeScale}}, {{coloration}}, {{materials}}, {{distinctiveFeatures}}, {{lockedTraits}}, {{rarity}}, {{artDirection}}.

Preserve every locked canonical field exactly. The result must use NOVERIS Scientific Realism: premium AAA science-fiction quality, museum-grade reference presentation, scientifically plausible structure, coherent materials, restrained coloration unless canon requires otherwise, readable silhouette, consistent scale and anatomy or growth across all views, soft neutral studio lighting, pure black background for isolated references, full requested subject visibility, generous negative space, and PSD-friendly extraction. Habitat and biome outputs may use the canonical environment. No baked-in text, labels, watermark, logo, border, or UI.

Create four clearly different but canon-compliant versions. Preserve body plan or growth architecture, structural counts, environmental adaptations, materials, defining features, and locked coloration. Vary only permitted secondary proportions, markings, surface detail, minor ornamentation, natural wear, and pose or growth irregularity.

Recommended aspect ratio: 16:9.","text, labels, watermark, signature, logo, border, frame, UI, HUD, cropped subject, duplicate anatomy, contradictory anatomy, impossible balance, unsupported structures, random wings, random horns, humanoid default, fantasy armor, weapons, cartoon, anime, toy-like materials, excessive neon, excessive glow, oversaturated colors, busy background, motion blur, low resolution, compression artifacts, generic Earth copy, unsupported fantasy styling, traits conflicting with locked canon",1.0.0,canonical
NB2-PLT-PIV-013-MEDICINAL-CROP-PLATE,PLT-PIV-013-MEDICINAL-CROP,Medicinal Crop,plate,Master Botanical Plate,16:9,"Create a canonical NOVERIS Nano Banana 2 visual for Medicinal Crop: Master Botanical Plate.

Canonical archetype:
A canonical medicinal crop designed as a scientifically plausible plant-like or fungal organism whose anchoring, support, transport, energy capture, growth, reproduction, ecology, and environmental adaptations are internally coherent.

Required visual and biological rules:
• credible anchoring
• coherent support and transport
• functional energy collectors
• reproductive logic
• environment-linked growth

Production request:
Create whole organism, views, roots, structure, collectors, reproduction, stages, materials and habitat vignette.

Studio-resolved canonical values:
{{canonicalId}}, {{displayName}}, {{scientificName}}, {{originPlanet}}, {{planetType}}, {{biome}}, {{gravity}}, {{atmosphere}}, {{climate}}, {{temperatureRange}}, {{sizeScale}}, {{coloration}}, {{materials}}, {{distinctiveFeatures}}, {{lockedTraits}}, {{rarity}}, {{artDirection}}.

Preserve every locked canonical field exactly. The result must use NOVERIS Scientific Realism: premium AAA science-fiction quality, museum-grade reference presentation, scientifically plausible structure, coherent materials, restrained coloration unless canon requires otherwise, readable silhouette, consistent scale and anatomy or growth across all views, soft neutral studio lighting, pure black background for isolated references, full requested subject visibility, generous negative space, and PSD-friendly extraction. Habitat and biome outputs may use the canonical environment. No baked-in text, labels, watermark, logo, border, or UI.

Create four clearly different but canon-compliant versions. Preserve body plan or growth architecture, structural counts, environmental adaptations, materials, defining features, and locked coloration. Vary only permitted secondary proportions, markings, surface detail, minor ornamentation, natural wear, and pose or growth irregularity.

Recommended aspect ratio: 16:9.","text, labels, watermark, signature, logo, border, frame, UI, HUD, cropped subject, duplicate anatomy, contradictory anatomy, impossible balance, unsupported structures, random wings, random horns, humanoid default, fantasy armor, weapons, cartoon, anime, toy-like materials, excessive neon, excessive glow, oversaturated colors, busy background, motion blur, low resolution, compression artifacts, generic Earth copy, unsupported fantasy styling, traits conflicting with locked canon",1.0.0,canonical
NB2-PLT-PIV-013-MEDICINAL-CROP-PSD,PLT-PIV-013-MEDICINAL-CROP,Medicinal Crop,psd,PSD Extraction Board,16:9,"Create a canonical NOVERIS Nano Banana 2 visual for Medicinal Crop: PSD Extraction Board.

Canonical archetype:
A canonical medicinal crop designed as a scientifically plausible plant-like or fungal organism whose anchoring, support, transport, energy capture, growth, reproduction, ecology, and environmental adaptations are internally coherent.

Required visual and biological rules:
• credible anchoring
• coherent support and transport
• functional energy collectors
• reproductive logic
• environment-linked growth

Production request:
Create isolated whole organism, parts, silhouette and material references.

Studio-resolved canonical values:
{{canonicalId}}, {{displayName}}, {{scientificName}}, {{originPlanet}}, {{planetType}}, {{biome}}, {{gravity}}, {{atmosphere}}, {{climate}}, {{temperatureRange}}, {{sizeScale}}, {{coloration}}, {{materials}}, {{distinctiveFeatures}}, {{lockedTraits}}, {{rarity}}, {{artDirection}}.

Preserve every locked canonical field exactly. The result must use NOVERIS Scientific Realism: premium AAA science-fiction quality, museum-grade reference presentation, scientifically plausible structure, coherent materials, restrained coloration unless canon requires otherwise, readable silhouette, consistent scale and anatomy or growth across all views, soft neutral studio lighting, pure black background for isolated references, full requested subject visibility, generous negative space, and PSD-friendly extraction. Habitat and biome outputs may use the canonical environment. No baked-in text, labels, watermark, logo, border, or UI.

Create four clearly different but canon-compliant versions. Preserve body plan or growth architecture, structural counts, environmental adaptations, materials, defining features, and locked coloration. Vary only permitted secondary proportions, markings, surface detail, minor ornamentation, natural wear, and pose or growth irregularity.

Recommended aspect ratio: 16:9.","text, labels, watermark, signature, logo, border, frame, UI, HUD, cropped subject, duplicate anatomy, contradictory anatomy, impossible balance, unsupported structures, random wings, random horns, humanoid default, fantasy armor, weapons, cartoon, anime, toy-like materials, excessive neon, excessive glow, oversaturated colors, busy background, motion blur, low resolution, compression artifacts, generic Earth copy, unsupported fantasy styling, traits conflicting with locked canon",1.0.0,canonical
NB2-PLT-PIV-014-FOOD-CROP-WHOLE-PLANT,PLT-PIV-014-FOOD-CROP,Food Crop,whole-plant,Whole Plant Production Render,3:4,"Create a canonical NOVERIS Nano Banana 2 visual for Food Crop: Whole Plant Production Render.

Canonical archetype:
A canonical food crop designed as a scientifically plausible plant-like or fungal organism whose anchoring, support, transport, energy capture, growth, reproduction, ecology, and environmental adaptations are internally coherent.

Required visual and biological rules:
• credible anchoring
• coherent support and transport
• functional energy collectors
• reproductive logic
• environment-linked growth

Production request:
Create complete mature organism including roots or anchor system.

Studio-resolved canonical values:
{{canonicalId}}, {{displayName}}, {{scientificName}}, {{originPlanet}}, {{planetType}}, {{biome}}, {{gravity}}, {{atmosphere}}, {{climate}}, {{temperatureRange}}, {{sizeScale}}, {{coloration}}, {{materials}}, {{distinctiveFeatures}}, {{lockedTraits}}, {{rarity}}, {{artDirection}}.

Preserve every locked canonical field exactly. The result must use NOVERIS Scientific Realism: premium AAA science-fiction quality, museum-grade reference presentation, scientifically plausible structure, coherent materials, restrained coloration unless canon requires otherwise, readable silhouette, consistent scale and anatomy or growth across all views, soft neutral studio lighting, pure black background for isolated references, full requested subject visibility, generous negative space, and PSD-friendly extraction. Habitat and biome outputs may use the canonical environment. No baked-in text, labels, watermark, logo, border, or UI.

Create four clearly different but canon-compliant versions. Preserve body plan or growth architecture, structural counts, environmental adaptations, materials, defining features, and locked coloration. Vary only permitted secondary proportions, markings, surface detail, minor ornamentation, natural wear, and pose or growth irregularity.

Recommended aspect ratio: 3:4.","text, labels, watermark, signature, logo, border, frame, UI, HUD, cropped subject, duplicate anatomy, contradictory anatomy, impossible balance, unsupported structures, random wings, random horns, humanoid default, fantasy armor, weapons, cartoon, anime, toy-like materials, excessive neon, excessive glow, oversaturated colors, busy background, motion blur, low resolution, compression artifacts, generic Earth copy, unsupported fantasy styling, traits conflicting with locked canon",1.0.0,canonical
NB2-PLT-PIV-014-FOOD-CROP-PORTRAIT,PLT-PIV-014-FOOD-CROP,Food Crop,portrait,Botanical Portrait,1:1,"Create a canonical NOVERIS Nano Banana 2 visual for Food Crop: Botanical Portrait.

Canonical archetype:
A canonical food crop designed as a scientifically plausible plant-like or fungal organism whose anchoring, support, transport, energy capture, growth, reproduction, ecology, and environmental adaptations are internally coherent.

Required visual and biological rules:
• credible anchoring
• coherent support and transport
• functional energy collectors
• reproductive logic
• environment-linked growth

Production request:
Create defining growth form, foliage, collectors and reproduction.

Studio-resolved canonical values:
{{canonicalId}}, {{displayName}}, {{scientificName}}, {{originPlanet}}, {{planetType}}, {{biome}}, {{gravity}}, {{atmosphere}}, {{climate}}, {{temperatureRange}}, {{sizeScale}}, {{coloration}}, {{materials}}, {{distinctiveFeatures}}, {{lockedTraits}}, {{rarity}}, {{artDirection}}.

Preserve every locked canonical field exactly. The result must use NOVERIS Scientific Realism: premium AAA science-fiction quality, museum-grade reference presentation, scientifically plausible structure, coherent materials, restrained coloration unless canon requires otherwise, readable silhouette, consistent scale and anatomy or growth across all views, soft neutral studio lighting, pure black background for isolated references, full requested subject visibility, generous negative space, and PSD-friendly extraction. Habitat and biome outputs may use the canonical environment. No baked-in text, labels, watermark, logo, border, or UI.

Create four clearly different but canon-compliant versions. Preserve body plan or growth architecture, structural counts, environmental adaptations, materials, defining features, and locked coloration. Vary only permitted secondary proportions, markings, surface detail, minor ornamentation, natural wear, and pose or growth irregularity.

Recommended aspect ratio: 1:1.","text, labels, watermark, signature, logo, border, frame, UI, HUD, cropped subject, duplicate anatomy, contradictory anatomy, impossible balance, unsupported structures, random wings, random horns, humanoid default, fantasy armor, weapons, cartoon, anime, toy-like materials, excessive neon, excessive glow, oversaturated colors, busy background, motion blur, low resolution, compression artifacts, generic Earth copy, unsupported fantasy styling, traits conflicting with locked canon",1.0.0,canonical
NB2-PLT-PIV-014-FOOD-CROP-ORTHO-FRONT,PLT-PIV-014-FOOD-CROP,Food Crop,ortho-front,Orthographic Front,3:4,"Create a canonical NOVERIS Nano Banana 2 visual for Food Crop: Orthographic Front.

Canonical archetype:
A canonical food crop designed as a scientifically plausible plant-like or fungal organism whose anchoring, support, transport, energy capture, growth, reproduction, ecology, and environmental adaptations are internally coherent.

Required visual and biological rules:
• credible anchoring
• coherent support and transport
• functional energy collectors
• reproductive logic
• environment-linked growth

Production request:
Create exact front orthographic view.

Studio-resolved canonical values:
{{canonicalId}}, {{displayName}}, {{scientificName}}, {{originPlanet}}, {{planetType}}, {{biome}}, {{gravity}}, {{atmosphere}}, {{climate}}, {{temperatureRange}}, {{sizeScale}}, {{coloration}}, {{materials}}, {{distinctiveFeatures}}, {{lockedTraits}}, {{rarity}}, {{artDirection}}.

Preserve every locked canonical field exactly. The result must use NOVERIS Scientific Realism: premium AAA science-fiction quality, museum-grade reference presentation, scientifically plausible structure, coherent materials, restrained coloration unless canon requires otherwise, readable silhouette, consistent scale and anatomy or growth across all views, soft neutral studio lighting, pure black background for isolated references, full requested subject visibility, generous negative space, and PSD-friendly extraction. Habitat and biome outputs may use the canonical environment. No baked-in text, labels, watermark, logo, border, or UI.

Create four clearly different but canon-compliant versions. Preserve body plan or growth architecture, structural counts, environmental adaptations, materials, defining features, and locked coloration. Vary only permitted secondary proportions, markings, surface detail, minor ornamentation, natural wear, and pose or growth irregularity.

Recommended aspect ratio: 3:4.","text, labels, watermark, signature, logo, border, frame, UI, HUD, cropped subject, duplicate anatomy, contradictory anatomy, impossible balance, unsupported structures, random wings, random horns, humanoid default, fantasy armor, weapons, cartoon, anime, toy-like materials, excessive neon, excessive glow, oversaturated colors, busy background, motion blur, low resolution, compression artifacts, generic Earth copy, unsupported fantasy styling, traits conflicting with locked canon",1.0.0,canonical
NB2-PLT-PIV-014-FOOD-CROP-ORTHO-SIDE,PLT-PIV-014-FOOD-CROP,Food Crop,ortho-side,Orthographic Side,3:4,"Create a canonical NOVERIS Nano Banana 2 visual for Food Crop: Orthographic Side.

Canonical archetype:
A canonical food crop designed as a scientifically plausible plant-like or fungal organism whose anchoring, support, transport, energy capture, growth, reproduction, ecology, and environmental adaptations are internally coherent.

Required visual and biological rules:
• credible anchoring
• coherent support and transport
• functional energy collectors
• reproductive logic
• environment-linked growth

Production request:
Create exact side orthographic view.

Studio-resolved canonical values:
{{canonicalId}}, {{displayName}}, {{scientificName}}, {{originPlanet}}, {{planetType}}, {{biome}}, {{gravity}}, {{atmosphere}}, {{climate}}, {{temperatureRange}}, {{sizeScale}}, {{coloration}}, {{materials}}, {{distinctiveFeatures}}, {{lockedTraits}}, {{rarity}}, {{artDirection}}.

Preserve every locked canonical field exactly. The result must use NOVERIS Scientific Realism: premium AAA science-fiction quality, museum-grade reference presentation, scientifically plausible structure, coherent materials, restrained coloration unless canon requires otherwise, readable silhouette, consistent scale and anatomy or growth across all views, soft neutral studio lighting, pure black background for isolated references, full requested subject visibility, generous negative space, and PSD-friendly extraction. Habitat and biome outputs may use the canonical environment. No baked-in text, labels, watermark, logo, border, or UI.

Create four clearly different but canon-compliant versions. Preserve body plan or growth architecture, structural counts, environmental adaptations, materials, defining features, and locked coloration. Vary only permitted secondary proportions, markings, surface detail, minor ornamentation, natural wear, and pose or growth irregularity.

Recommended aspect ratio: 3:4.","text, labels, watermark, signature, logo, border, frame, UI, HUD, cropped subject, duplicate anatomy, contradictory anatomy, impossible balance, unsupported structures, random wings, random horns, humanoid default, fantasy armor, weapons, cartoon, anime, toy-like materials, excessive neon, excessive glow, oversaturated colors, busy background, motion blur, low resolution, compression artifacts, generic Earth copy, unsupported fantasy styling, traits conflicting with locked canon",1.0.0,canonical
NB2-PLT-PIV-014-FOOD-CROP-ORTHO-TOP,PLT-PIV-014-FOOD-CROP,Food Crop,ortho-top,Orthographic Top,1:1,"Create a canonical NOVERIS Nano Banana 2 visual for Food Crop: Orthographic Top.

Canonical archetype:
A canonical food crop designed as a scientifically plausible plant-like or fungal organism whose anchoring, support, transport, energy capture, growth, reproduction, ecology, and environmental adaptations are internally coherent.

Required visual and biological rules:
• credible anchoring
• coherent support and transport
• functional energy collectors
• reproductive logic
• environment-linked growth

Production request:
Create exact top view showing spread and growth geometry.

Studio-resolved canonical values:
{{canonicalId}}, {{displayName}}, {{scientificName}}, {{originPlanet}}, {{planetType}}, {{biome}}, {{gravity}}, {{atmosphere}}, {{climate}}, {{temperatureRange}}, {{sizeScale}}, {{coloration}}, {{materials}}, {{distinctiveFeatures}}, {{lockedTraits}}, {{rarity}}, {{artDirection}}.

Preserve every locked canonical field exactly. The result must use NOVERIS Scientific Realism: premium AAA science-fiction quality, museum-grade reference presentation, scientifically plausible structure, coherent materials, restrained coloration unless canon requires otherwise, readable silhouette, consistent scale and anatomy or growth across all views, soft neutral studio lighting, pure black background for isolated references, full requested subject visibility, generous negative space, and PSD-friendly extraction. Habitat and biome outputs may use the canonical environment. No baked-in text, labels, watermark, logo, border, or UI.

Create four clearly different but canon-compliant versions. Preserve body plan or growth architecture, structural counts, environmental adaptations, materials, defining features, and locked coloration. Vary only permitted secondary proportions, markings, surface detail, minor ornamentation, natural wear, and pose or growth irregularity.

Recommended aspect ratio: 1:1.","text, labels, watermark, signature, logo, border, frame, UI, HUD, cropped subject, duplicate anatomy, contradictory anatomy, impossible balance, unsupported structures, random wings, random horns, humanoid default, fantasy armor, weapons, cartoon, anime, toy-like materials, excessive neon, excessive glow, oversaturated colors, busy background, motion blur, low resolution, compression artifacts, generic Earth copy, unsupported fantasy styling, traits conflicting with locked canon",1.0.0,canonical
NB2-PLT-PIV-014-FOOD-CROP-ROOTS,PLT-PIV-014-FOOD-CROP,Food Crop,roots,Root or Anchor System,16:9,"Create a canonical NOVERIS Nano Banana 2 visual for Food Crop: Root or Anchor System.

Canonical archetype:
A canonical food crop designed as a scientifically plausible plant-like or fungal organism whose anchoring, support, transport, energy capture, growth, reproduction, ecology, and environmental adaptations are internally coherent.

Required visual and biological rules:
• credible anchoring
• coherent support and transport
• functional energy collectors
• reproductive logic
• environment-linked growth

Production request:
Create complete substrate interface and nutrient exchange structures.

Studio-resolved canonical values:
{{canonicalId}}, {{displayName}}, {{scientificName}}, {{originPlanet}}, {{planetType}}, {{biome}}, {{gravity}}, {{atmosphere}}, {{climate}}, {{temperatureRange}}, {{sizeScale}}, {{coloration}}, {{materials}}, {{distinctiveFeatures}}, {{lockedTraits}}, {{rarity}}, {{artDirection}}.

Preserve every locked canonical field exactly. The result must use NOVERIS Scientific Realism: premium AAA science-fiction quality, museum-grade reference presentation, scientifically plausible structure, coherent materials, restrained coloration unless canon requires otherwise, readable silhouette, consistent scale and anatomy or growth across all views, soft neutral studio lighting, pure black background for isolated references, full requested subject visibility, generous negative space, and PSD-friendly extraction. Habitat and biome outputs may use the canonical environment. No baked-in text, labels, watermark, logo, border, or UI.

Create four clearly different but canon-compliant versions. Preserve body plan or growth architecture, structural counts, environmental adaptations, materials, defining features, and locked coloration. Vary only permitted secondary proportions, markings, surface detail, minor ornamentation, natural wear, and pose or growth irregularity.

Recommended aspect ratio: 16:9.","text, labels, watermark, signature, logo, border, frame, UI, HUD, cropped subject, duplicate anatomy, contradictory anatomy, impossible balance, unsupported structures, random wings, random horns, humanoid default, fantasy armor, weapons, cartoon, anime, toy-like materials, excessive neon, excessive glow, oversaturated colors, busy background, motion blur, low resolution, compression artifacts, generic Earth copy, unsupported fantasy styling, traits conflicting with locked canon",1.0.0,canonical
NB2-PLT-PIV-014-FOOD-CROP-STEMS,PLT-PIV-014-FOOD-CROP,Food Crop,stems,"Stem, Trunk or Structural Study",16:9,"Create a canonical NOVERIS Nano Banana 2 visual for Food Crop: Stem, Trunk or Structural Study.

Canonical archetype:
A canonical food crop designed as a scientifically plausible plant-like or fungal organism whose anchoring, support, transport, energy capture, growth, reproduction, ecology, and environmental adaptations are internally coherent.

Required visual and biological rules:
• credible anchoring
• coherent support and transport
• functional energy collectors
• reproductive logic
• environment-linked growth

Production request:
Create support and transport architecture.

Studio-resolved canonical values:
{{canonicalId}}, {{displayName}}, {{scientificName}}, {{originPlanet}}, {{planetType}}, {{biome}}, {{gravity}}, {{atmosphere}}, {{climate}}, {{temperatureRange}}, {{sizeScale}}, {{coloration}}, {{materials}}, {{distinctiveFeatures}}, {{lockedTraits}}, {{rarity}}, {{artDirection}}.

Preserve every locked canonical field exactly. The result must use NOVERIS Scientific Realism: premium AAA science-fiction quality, museum-grade reference presentation, scientifically plausible structure, coherent materials, restrained coloration unless canon requires otherwise, readable silhouette, consistent scale and anatomy or growth across all views, soft neutral studio lighting, pure black background for isolated references, full requested subject visibility, generous negative space, and PSD-friendly extraction. Habitat and biome outputs may use the canonical environment. No baked-in text, labels, watermark, logo, border, or UI.

Create four clearly different but canon-compliant versions. Preserve body plan or growth architecture, structural counts, environmental adaptations, materials, defining features, and locked coloration. Vary only permitted secondary proportions, markings, surface detail, minor ornamentation, natural wear, and pose or growth irregularity.

Recommended aspect ratio: 16:9.","text, labels, watermark, signature, logo, border, frame, UI, HUD, cropped subject, duplicate anatomy, contradictory anatomy, impossible balance, unsupported structures, random wings, random horns, humanoid default, fantasy armor, weapons, cartoon, anime, toy-like materials, excessive neon, excessive glow, oversaturated colors, busy background, motion blur, low resolution, compression artifacts, generic Earth copy, unsupported fantasy styling, traits conflicting with locked canon",1.0.0,canonical
NB2-PLT-PIV-014-FOOD-CROP-COLLECTORS,PLT-PIV-014-FOOD-CROP,Food Crop,collectors,Leaves or Collector Study,16:9,"Create a canonical NOVERIS Nano Banana 2 visual for Food Crop: Leaves or Collector Study.

Canonical archetype:
A canonical food crop designed as a scientifically plausible plant-like or fungal organism whose anchoring, support, transport, energy capture, growth, reproduction, ecology, and environmental adaptations are internally coherent.

Required visual and biological rules:
• credible anchoring
• coherent support and transport
• functional energy collectors
• reproductive logic
• environment-linked growth

Production request:
Create front, back, edge, juvenile, mature and stressed states.

Studio-resolved canonical values:
{{canonicalId}}, {{displayName}}, {{scientificName}}, {{originPlanet}}, {{planetType}}, {{biome}}, {{gravity}}, {{atmosphere}}, {{climate}}, {{temperatureRange}}, {{sizeScale}}, {{coloration}}, {{materials}}, {{distinctiveFeatures}}, {{lockedTraits}}, {{rarity}}, {{artDirection}}.

Preserve every locked canonical field exactly. The result must use NOVERIS Scientific Realism: premium AAA science-fiction quality, museum-grade reference presentation, scientifically plausible structure, coherent materials, restrained coloration unless canon requires otherwise, readable silhouette, consistent scale and anatomy or growth across all views, soft neutral studio lighting, pure black background for isolated references, full requested subject visibility, generous negative space, and PSD-friendly extraction. Habitat and biome outputs may use the canonical environment. No baked-in text, labels, watermark, logo, border, or UI.

Create four clearly different but canon-compliant versions. Preserve body plan or growth architecture, structural counts, environmental adaptations, materials, defining features, and locked coloration. Vary only permitted secondary proportions, markings, surface detail, minor ornamentation, natural wear, and pose or growth irregularity.

Recommended aspect ratio: 16:9.","text, labels, watermark, signature, logo, border, frame, UI, HUD, cropped subject, duplicate anatomy, contradictory anatomy, impossible balance, unsupported structures, random wings, random horns, humanoid default, fantasy armor, weapons, cartoon, anime, toy-like materials, excessive neon, excessive glow, oversaturated colors, busy background, motion blur, low resolution, compression artifacts, generic Earth copy, unsupported fantasy styling, traits conflicting with locked canon",1.0.0,canonical
NB2-PLT-PIV-014-FOOD-CROP-REPRODUCTION,PLT-PIV-014-FOOD-CROP,Food Crop,reproduction,Reproductive Structure,16:9,"Create a canonical NOVERIS Nano Banana 2 visual for Food Crop: Reproductive Structure.

Canonical archetype:
A canonical food crop designed as a scientifically plausible plant-like or fungal organism whose anchoring, support, transport, energy capture, growth, reproduction, ecology, and environmental adaptations are internally coherent.

Required visual and biological rules:
• credible anchoring
• coherent support and transport
• functional energy collectors
• reproductive logic
• environment-linked growth

Production request:
Create flowers, cones, spores, fields or equivalent stages.

Studio-resolved canonical values:
{{canonicalId}}, {{displayName}}, {{scientificName}}, {{originPlanet}}, {{planetType}}, {{biome}}, {{gravity}}, {{atmosphere}}, {{climate}}, {{temperatureRange}}, {{sizeScale}}, {{coloration}}, {{materials}}, {{distinctiveFeatures}}, {{lockedTraits}}, {{rarity}}, {{artDirection}}.

Preserve every locked canonical field exactly. The result must use NOVERIS Scientific Realism: premium AAA science-fiction quality, museum-grade reference presentation, scientifically plausible structure, coherent materials, restrained coloration unless canon requires otherwise, readable silhouette, consistent scale and anatomy or growth across all views, soft neutral studio lighting, pure black background for isolated references, full requested subject visibility, generous negative space, and PSD-friendly extraction. Habitat and biome outputs may use the canonical environment. No baked-in text, labels, watermark, logo, border, or UI.

Create four clearly different but canon-compliant versions. Preserve body plan or growth architecture, structural counts, environmental adaptations, materials, defining features, and locked coloration. Vary only permitted secondary proportions, markings, surface detail, minor ornamentation, natural wear, and pose or growth irregularity.

Recommended aspect ratio: 16:9.","text, labels, watermark, signature, logo, border, frame, UI, HUD, cropped subject, duplicate anatomy, contradictory anatomy, impossible balance, unsupported structures, random wings, random horns, humanoid default, fantasy armor, weapons, cartoon, anime, toy-like materials, excessive neon, excessive glow, oversaturated colors, busy background, motion blur, low resolution, compression artifacts, generic Earth copy, unsupported fantasy styling, traits conflicting with locked canon",1.0.0,canonical
NB2-PLT-PIV-014-FOOD-CROP-PROPAGULES,PLT-PIV-014-FOOD-CROP,Food Crop,propagules,"Seed, Spore or Propagule Study",16:9,"Create a canonical NOVERIS Nano Banana 2 visual for Food Crop: Seed, Spore or Propagule Study.

Canonical archetype:
A canonical food crop designed as a scientifically plausible plant-like or fungal organism whose anchoring, support, transport, energy capture, growth, reproduction, ecology, and environmental adaptations are internally coherent.

Required visual and biological rules:
• credible anchoring
• coherent support and transport
• functional energy collectors
• reproductive logic
• environment-linked growth

Production request:
Create dispersal, germination and early establishment.

Studio-resolved canonical values:
{{canonicalId}}, {{displayName}}, {{scientificName}}, {{originPlanet}}, {{planetType}}, {{biome}}, {{gravity}}, {{atmosphere}}, {{climate}}, {{temperatureRange}}, {{sizeScale}}, {{coloration}}, {{materials}}, {{distinctiveFeatures}}, {{lockedTraits}}, {{rarity}}, {{artDirection}}.

Preserve every locked canonical field exactly. The result must use NOVERIS Scientific Realism: premium AAA science-fiction quality, museum-grade reference presentation, scientifically plausible structure, coherent materials, restrained coloration unless canon requires otherwise, readable silhouette, consistent scale and anatomy or growth across all views, soft neutral studio lighting, pure black background for isolated references, full requested subject visibility, generous negative space, and PSD-friendly extraction. Habitat and biome outputs may use the canonical environment. No baked-in text, labels, watermark, logo, border, or UI.

Create four clearly different but canon-compliant versions. Preserve body plan or growth architecture, structural counts, environmental adaptations, materials, defining features, and locked coloration. Vary only permitted secondary proportions, markings, surface detail, minor ornamentation, natural wear, and pose or growth irregularity.

Recommended aspect ratio: 16:9.","text, labels, watermark, signature, logo, border, frame, UI, HUD, cropped subject, duplicate anatomy, contradictory anatomy, impossible balance, unsupported structures, random wings, random horns, humanoid default, fantasy armor, weapons, cartoon, anime, toy-like materials, excessive neon, excessive glow, oversaturated colors, busy background, motion blur, low resolution, compression artifacts, generic Earth copy, unsupported fantasy styling, traits conflicting with locked canon",1.0.0,canonical
NB2-PLT-PIV-014-FOOD-CROP-CROSS-SECTION,PLT-PIV-014-FOOD-CROP,Food Crop,cross-section,Internal Cross Section,16:9,"Create a canonical NOVERIS Nano Banana 2 visual for Food Crop: Internal Cross Section.

Canonical archetype:
A canonical food crop designed as a scientifically plausible plant-like or fungal organism whose anchoring, support, transport, energy capture, growth, reproduction, ecology, and environmental adaptations are internally coherent.

Required visual and biological rules:
• credible anchoring
• coherent support and transport
• functional energy collectors
• reproductive logic
• environment-linked growth

Production request:
Create protection, transport, support, storage and reproduction.

Studio-resolved canonical values:
{{canonicalId}}, {{displayName}}, {{scientificName}}, {{originPlanet}}, {{planetType}}, {{biome}}, {{gravity}}, {{atmosphere}}, {{climate}}, {{temperatureRange}}, {{sizeScale}}, {{coloration}}, {{materials}}, {{distinctiveFeatures}}, {{lockedTraits}}, {{rarity}}, {{artDirection}}.

Preserve every locked canonical field exactly. The result must use NOVERIS Scientific Realism: premium AAA science-fiction quality, museum-grade reference presentation, scientifically plausible structure, coherent materials, restrained coloration unless canon requires otherwise, readable silhouette, consistent scale and anatomy or growth across all views, soft neutral studio lighting, pure black background for isolated references, full requested subject visibility, generous negative space, and PSD-friendly extraction. Habitat and biome outputs may use the canonical environment. No baked-in text, labels, watermark, logo, border, or UI.

Create four clearly different but canon-compliant versions. Preserve body plan or growth architecture, structural counts, environmental adaptations, materials, defining features, and locked coloration. Vary only permitted secondary proportions, markings, surface detail, minor ornamentation, natural wear, and pose or growth irregularity.

Recommended aspect ratio: 16:9.","text, labels, watermark, signature, logo, border, frame, UI, HUD, cropped subject, duplicate anatomy, contradictory anatomy, impossible balance, unsupported structures, random wings, random horns, humanoid default, fantasy armor, weapons, cartoon, anime, toy-like materials, excessive neon, excessive glow, oversaturated colors, busy background, motion blur, low resolution, compression artifacts, generic Earth copy, unsupported fantasy styling, traits conflicting with locked canon",1.0.0,canonical
NB2-PLT-PIV-014-FOOD-CROP-GROWTH,PLT-PIV-014-FOOD-CROP,Food Crop,growth,Growth Stages,16:9,"Create a canonical NOVERIS Nano Banana 2 visual for Food Crop: Growth Stages.

Canonical archetype:
A canonical food crop designed as a scientifically plausible plant-like or fungal organism whose anchoring, support, transport, energy capture, growth, reproduction, ecology, and environmental adaptations are internally coherent.

Required visual and biological rules:
• credible anchoring
• coherent support and transport
• functional energy collectors
• reproductive logic
• environment-linked growth

Production request:
Create propagule, juvenile, mature, reproductive and senescent stages.

Studio-resolved canonical values:
{{canonicalId}}, {{displayName}}, {{scientificName}}, {{originPlanet}}, {{planetType}}, {{biome}}, {{gravity}}, {{atmosphere}}, {{climate}}, {{temperatureRange}}, {{sizeScale}}, {{coloration}}, {{materials}}, {{distinctiveFeatures}}, {{lockedTraits}}, {{rarity}}, {{artDirection}}.

Preserve every locked canonical field exactly. The result must use NOVERIS Scientific Realism: premium AAA science-fiction quality, museum-grade reference presentation, scientifically plausible structure, coherent materials, restrained coloration unless canon requires otherwise, readable silhouette, consistent scale and anatomy or growth across all views, soft neutral studio lighting, pure black background for isolated references, full requested subject visibility, generous negative space, and PSD-friendly extraction. Habitat and biome outputs may use the canonical environment. No baked-in text, labels, watermark, logo, border, or UI.

Create four clearly different but canon-compliant versions. Preserve body plan or growth architecture, structural counts, environmental adaptations, materials, defining features, and locked coloration. Vary only permitted secondary proportions, markings, surface detail, minor ornamentation, natural wear, and pose or growth irregularity.

Recommended aspect ratio: 16:9.","text, labels, watermark, signature, logo, border, frame, UI, HUD, cropped subject, duplicate anatomy, contradictory anatomy, impossible balance, unsupported structures, random wings, random horns, humanoid default, fantasy armor, weapons, cartoon, anime, toy-like materials, excessive neon, excessive glow, oversaturated colors, busy background, motion blur, low resolution, compression artifacts, generic Earth copy, unsupported fantasy styling, traits conflicting with locked canon",1.0.0,canonical
NB2-PLT-PIV-014-FOOD-CROP-SEASONAL,PLT-PIV-014-FOOD-CROP,Food Crop,seasonal,Seasonal and Stress Variants,16:9,"Create a canonical NOVERIS Nano Banana 2 visual for Food Crop: Seasonal and Stress Variants.

Canonical archetype:
A canonical food crop designed as a scientifically plausible plant-like or fungal organism whose anchoring, support, transport, energy capture, growth, reproduction, ecology, and environmental adaptations are internally coherent.

Required visual and biological rules:
• credible anchoring
• coherent support and transport
• functional energy collectors
• reproductive logic
• environment-linked growth

Production request:
Create growth, reproduction, dormancy, damage and recovery.

Studio-resolved canonical values:
{{canonicalId}}, {{displayName}}, {{scientificName}}, {{originPlanet}}, {{planetType}}, {{biome}}, {{gravity}}, {{atmosphere}}, {{climate}}, {{temperatureRange}}, {{sizeScale}}, {{coloration}}, {{materials}}, {{distinctiveFeatures}}, {{lockedTraits}}, {{rarity}}, {{artDirection}}.

Preserve every locked canonical field exactly. The result must use NOVERIS Scientific Realism: premium AAA science-fiction quality, museum-grade reference presentation, scientifically plausible structure, coherent materials, restrained coloration unless canon requires otherwise, readable silhouette, consistent scale and anatomy or growth across all views, soft neutral studio lighting, pure black background for isolated references, full requested subject visibility, generous negative space, and PSD-friendly extraction. Habitat and biome outputs may use the canonical environment. No baked-in text, labels, watermark, logo, border, or UI.

Create four clearly different but canon-compliant versions. Preserve body plan or growth architecture, structural counts, environmental adaptations, materials, defining features, and locked coloration. Vary only permitted secondary proportions, markings, surface detail, minor ornamentation, natural wear, and pose or growth irregularity.

Recommended aspect ratio: 16:9.","text, labels, watermark, signature, logo, border, frame, UI, HUD, cropped subject, duplicate anatomy, contradictory anatomy, impossible balance, unsupported structures, random wings, random horns, humanoid default, fantasy armor, weapons, cartoon, anime, toy-like materials, excessive neon, excessive glow, oversaturated colors, busy background, motion blur, low resolution, compression artifacts, generic Earth copy, unsupported fantasy styling, traits conflicting with locked canon",1.0.0,canonical
NB2-PLT-PIV-014-FOOD-CROP-HABITAT,PLT-PIV-014-FOOD-CROP,Food Crop,habitat,Native Habitat Composition,16:9,"Create a canonical NOVERIS Nano Banana 2 visual for Food Crop: Native Habitat Composition.

Canonical archetype:
A canonical food crop designed as a scientifically plausible plant-like or fungal organism whose anchoring, support, transport, energy capture, growth, reproduction, ecology, and environmental adaptations are internally coherent.

Required visual and biological rules:
• credible anchoring
• coherent support and transport
• functional energy collectors
• reproductive logic
• environment-linked growth

Production request:
Create natural population with spacing and age diversity.

Studio-resolved canonical values:
{{canonicalId}}, {{displayName}}, {{scientificName}}, {{originPlanet}}, {{planetType}}, {{biome}}, {{gravity}}, {{atmosphere}}, {{climate}}, {{temperatureRange}}, {{sizeScale}}, {{coloration}}, {{materials}}, {{distinctiveFeatures}}, {{lockedTraits}}, {{rarity}}, {{artDirection}}.

Preserve every locked canonical field exactly. The result must use NOVERIS Scientific Realism: premium AAA science-fiction quality, museum-grade reference presentation, scientifically plausible structure, coherent materials, restrained coloration unless canon requires otherwise, readable silhouette, consistent scale and anatomy or growth across all views, soft neutral studio lighting, pure black background for isolated references, full requested subject visibility, generous negative space, and PSD-friendly extraction. Habitat and biome outputs may use the canonical environment. No baked-in text, labels, watermark, logo, border, or UI.

Create four clearly different but canon-compliant versions. Preserve body plan or growth architecture, structural counts, environmental adaptations, materials, defining features, and locked coloration. Vary only permitted secondary proportions, markings, surface detail, minor ornamentation, natural wear, and pose or growth irregularity.

Recommended aspect ratio: 16:9.","text, labels, watermark, signature, logo, border, frame, UI, HUD, cropped subject, duplicate anatomy, contradictory anatomy, impossible balance, unsupported structures, random wings, random horns, humanoid default, fantasy armor, weapons, cartoon, anime, toy-like materials, excessive neon, excessive glow, oversaturated colors, busy background, motion blur, low resolution, compression artifacts, generic Earth copy, unsupported fantasy styling, traits conflicting with locked canon",1.0.0,canonical
NB2-PLT-PIV-014-FOOD-CROP-BIOME,PLT-PIV-014-FOOD-CROP,Food Crop,biome,Biome Composition,16:9,"Create a canonical NOVERIS Nano Banana 2 visual for Food Crop: Biome Composition.

Canonical archetype:
A canonical food crop designed as a scientifically plausible plant-like or fungal organism whose anchoring, support, transport, energy capture, growth, reproduction, ecology, and environmental adaptations are internally coherent.

Required visual and biological rules:
• credible anchoring
• coherent support and transport
• functional energy collectors
• reproductive logic
• environment-linked growth

Production request:
Create coordinated vegetation set at consistent scale.

Studio-resolved canonical values:
{{canonicalId}}, {{displayName}}, {{scientificName}}, {{originPlanet}}, {{planetType}}, {{biome}}, {{gravity}}, {{atmosphere}}, {{climate}}, {{temperatureRange}}, {{sizeScale}}, {{coloration}}, {{materials}}, {{distinctiveFeatures}}, {{lockedTraits}}, {{rarity}}, {{artDirection}}.

Preserve every locked canonical field exactly. The result must use NOVERIS Scientific Realism: premium AAA science-fiction quality, museum-grade reference presentation, scientifically plausible structure, coherent materials, restrained coloration unless canon requires otherwise, readable silhouette, consistent scale and anatomy or growth across all views, soft neutral studio lighting, pure black background for isolated references, full requested subject visibility, generous negative space, and PSD-friendly extraction. Habitat and biome outputs may use the canonical environment. No baked-in text, labels, watermark, logo, border, or UI.

Create four clearly different but canon-compliant versions. Preserve body plan or growth architecture, structural counts, environmental adaptations, materials, defining features, and locked coloration. Vary only permitted secondary proportions, markings, surface detail, minor ornamentation, natural wear, and pose or growth irregularity.

Recommended aspect ratio: 16:9.","text, labels, watermark, signature, logo, border, frame, UI, HUD, cropped subject, duplicate anatomy, contradictory anatomy, impossible balance, unsupported structures, random wings, random horns, humanoid default, fantasy armor, weapons, cartoon, anime, toy-like materials, excessive neon, excessive glow, oversaturated colors, busy background, motion blur, low resolution, compression artifacts, generic Earth copy, unsupported fantasy styling, traits conflicting with locked canon",1.0.0,canonical
NB2-PLT-PIV-014-FOOD-CROP-DISCOVERY,PLT-PIV-014-FOOD-CROP,Food Crop,discovery,Discovery Scan,16:9,"Create a canonical NOVERIS Nano Banana 2 visual for Food Crop: Discovery Scan.

Canonical archetype:
A canonical food crop designed as a scientifically plausible plant-like or fungal organism whose anchoring, support, transport, energy capture, growth, reproduction, ecology, and environmental adaptations are internally coherent.

Required visual and biological rules:
• credible anchoring
• coherent support and transport
• functional energy collectors
• reproductive logic
• environment-linked growth

Production request:
Create centered scientific scan source without labels.

Studio-resolved canonical values:
{{canonicalId}}, {{displayName}}, {{scientificName}}, {{originPlanet}}, {{planetType}}, {{biome}}, {{gravity}}, {{atmosphere}}, {{climate}}, {{temperatureRange}}, {{sizeScale}}, {{coloration}}, {{materials}}, {{distinctiveFeatures}}, {{lockedTraits}}, {{rarity}}, {{artDirection}}.

Preserve every locked canonical field exactly. The result must use NOVERIS Scientific Realism: premium AAA science-fiction quality, museum-grade reference presentation, scientifically plausible structure, coherent materials, restrained coloration unless canon requires otherwise, readable silhouette, consistent scale and anatomy or growth across all views, soft neutral studio lighting, pure black background for isolated references, full requested subject visibility, generous negative space, and PSD-friendly extraction. Habitat and biome outputs may use the canonical environment. No baked-in text, labels, watermark, logo, border, or UI.

Create four clearly different but canon-compliant versions. Preserve body plan or growth architecture, structural counts, environmental adaptations, materials, defining features, and locked coloration. Vary only permitted secondary proportions, markings, surface detail, minor ornamentation, natural wear, and pose or growth irregularity.

Recommended aspect ratio: 16:9.","text, labels, watermark, signature, logo, border, frame, UI, HUD, cropped subject, duplicate anatomy, contradictory anatomy, impossible balance, unsupported structures, random wings, random horns, humanoid default, fantasy armor, weapons, cartoon, anime, toy-like materials, excessive neon, excessive glow, oversaturated colors, busy background, motion blur, low resolution, compression artifacts, generic Earth copy, unsupported fantasy styling, traits conflicting with locked canon",1.0.0,canonical
NB2-PLT-PIV-014-FOOD-CROP-ICON,PLT-PIV-014-FOOD-CROP,Food Crop,icon,UI Icon,1:1,"Create a canonical NOVERIS Nano Banana 2 visual for Food Crop: UI Icon.

Canonical archetype:
A canonical food crop designed as a scientifically plausible plant-like or fungal organism whose anchoring, support, transport, energy capture, growth, reproduction, ecology, and environmental adaptations are internally coherent.

Required visual and biological rules:
• credible anchoring
• coherent support and transport
• functional energy collectors
• reproductive logic
• environment-linked growth

Production request:
Create isolated silhouette readable at 64 pixels.

Studio-resolved canonical values:
{{canonicalId}}, {{displayName}}, {{scientificName}}, {{originPlanet}}, {{planetType}}, {{biome}}, {{gravity}}, {{atmosphere}}, {{climate}}, {{temperatureRange}}, {{sizeScale}}, {{coloration}}, {{materials}}, {{distinctiveFeatures}}, {{lockedTraits}}, {{rarity}}, {{artDirection}}.

Preserve every locked canonical field exactly. The result must use NOVERIS Scientific Realism: premium AAA science-fiction quality, museum-grade reference presentation, scientifically plausible structure, coherent materials, restrained coloration unless canon requires otherwise, readable silhouette, consistent scale and anatomy or growth across all views, soft neutral studio lighting, pure black background for isolated references, full requested subject visibility, generous negative space, and PSD-friendly extraction. Habitat and biome outputs may use the canonical environment. No baked-in text, labels, watermark, logo, border, or UI.

Create four clearly different but canon-compliant versions. Preserve body plan or growth architecture, structural counts, environmental adaptations, materials, defining features, and locked coloration. Vary only permitted secondary proportions, markings, surface detail, minor ornamentation, natural wear, and pose or growth irregularity.

Recommended aspect ratio: 1:1.","text, labels, watermark, signature, logo, border, frame, UI, HUD, cropped subject, duplicate anatomy, contradictory anatomy, impossible balance, unsupported structures, random wings, random horns, humanoid default, fantasy armor, weapons, cartoon, anime, toy-like materials, excessive neon, excessive glow, oversaturated colors, busy background, motion blur, low resolution, compression artifacts, generic Earth copy, unsupported fantasy styling, traits conflicting with locked canon",1.0.0,canonical
NB2-PLT-PIV-014-FOOD-CROP-SCALE,PLT-PIV-014-FOOD-CROP,Food Crop,scale,Scale Comparison,16:9,"Create a canonical NOVERIS Nano Banana 2 visual for Food Crop: Scale Comparison.

Canonical archetype:
A canonical food crop designed as a scientifically plausible plant-like or fungal organism whose anchoring, support, transport, energy capture, growth, reproduction, ecology, and environmental adaptations are internally coherent.

Required visual and biological rules:
• credible anchoring
• coherent support and transport
• functional energy collectors
• reproductive logic
• environment-linked growth

Production request:
Create side view with adult human silhouette and one-meter bar.

Studio-resolved canonical values:
{{canonicalId}}, {{displayName}}, {{scientificName}}, {{originPlanet}}, {{planetType}}, {{biome}}, {{gravity}}, {{atmosphere}}, {{climate}}, {{temperatureRange}}, {{sizeScale}}, {{coloration}}, {{materials}}, {{distinctiveFeatures}}, {{lockedTraits}}, {{rarity}}, {{artDirection}}.

Preserve every locked canonical field exactly. The result must use NOVERIS Scientific Realism: premium AAA science-fiction quality, museum-grade reference presentation, scientifically plausible structure, coherent materials, restrained coloration unless canon requires otherwise, readable silhouette, consistent scale and anatomy or growth across all views, soft neutral studio lighting, pure black background for isolated references, full requested subject visibility, generous negative space, and PSD-friendly extraction. Habitat and biome outputs may use the canonical environment. No baked-in text, labels, watermark, logo, border, or UI.

Create four clearly different but canon-compliant versions. Preserve body plan or growth architecture, structural counts, environmental adaptations, materials, defining features, and locked coloration. Vary only permitted secondary proportions, markings, surface detail, minor ornamentation, natural wear, and pose or growth irregularity.

Recommended aspect ratio: 16:9.","text, labels, watermark, signature, logo, border, frame, UI, HUD, cropped subject, duplicate anatomy, contradictory anatomy, impossible balance, unsupported structures, random wings, random horns, humanoid default, fantasy armor, weapons, cartoon, anime, toy-like materials, excessive neon, excessive glow, oversaturated colors, busy background, motion blur, low resolution, compression artifacts, generic Earth copy, unsupported fantasy styling, traits conflicting with locked canon",1.0.0,canonical
NB2-PLT-PIV-014-FOOD-CROP-PLATE,PLT-PIV-014-FOOD-CROP,Food Crop,plate,Master Botanical Plate,16:9,"Create a canonical NOVERIS Nano Banana 2 visual for Food Crop: Master Botanical Plate.

Canonical archetype:
A canonical food crop designed as a scientifically plausible plant-like or fungal organism whose anchoring, support, transport, energy capture, growth, reproduction, ecology, and environmental adaptations are internally coherent.

Required visual and biological rules:
• credible anchoring
• coherent support and transport
• functional energy collectors
• reproductive logic
• environment-linked growth

Production request:
Create whole organism, views, roots, structure, collectors, reproduction, stages, materials and habitat vignette.

Studio-resolved canonical values:
{{canonicalId}}, {{displayName}}, {{scientificName}}, {{originPlanet}}, {{planetType}}, {{biome}}, {{gravity}}, {{atmosphere}}, {{climate}}, {{temperatureRange}}, {{sizeScale}}, {{coloration}}, {{materials}}, {{distinctiveFeatures}}, {{lockedTraits}}, {{rarity}}, {{artDirection}}.

Preserve every locked canonical field exactly. The result must use NOVERIS Scientific Realism: premium AAA science-fiction quality, museum-grade reference presentation, scientifically plausible structure, coherent materials, restrained coloration unless canon requires otherwise, readable silhouette, consistent scale and anatomy or growth across all views, soft neutral studio lighting, pure black background for isolated references, full requested subject visibility, generous negative space, and PSD-friendly extraction. Habitat and biome outputs may use the canonical environment. No baked-in text, labels, watermark, logo, border, or UI.

Create four clearly different but canon-compliant versions. Preserve body plan or growth architecture, structural counts, environmental adaptations, materials, defining features, and locked coloration. Vary only permitted secondary proportions, markings, surface detail, minor ornamentation, natural wear, and pose or growth irregularity.

Recommended aspect ratio: 16:9.","text, labels, watermark, signature, logo, border, frame, UI, HUD, cropped subject, duplicate anatomy, contradictory anatomy, impossible balance, unsupported structures, random wings, random horns, humanoid default, fantasy armor, weapons, cartoon, anime, toy-like materials, excessive neon, excessive glow, oversaturated colors, busy background, motion blur, low resolution, compression artifacts, generic Earth copy, unsupported fantasy styling, traits conflicting with locked canon",1.0.0,canonical
NB2-PLT-PIV-014-FOOD-CROP-PSD,PLT-PIV-014-FOOD-CROP,Food Crop,psd,PSD Extraction Board,16:9,"Create a canonical NOVERIS Nano Banana 2 visual for Food Crop: PSD Extraction Board.

Canonical archetype:
A canonical food crop designed as a scientifically plausible plant-like or fungal organism whose anchoring, support, transport, energy capture, growth, reproduction, ecology, and environmental adaptations are internally coherent.

Required visual and biological rules:
• credible anchoring
• coherent support and transport
• functional energy collectors
• reproductive logic
• environment-linked growth

Production request:
Create isolated whole organism, parts, silhouette and material references.

Studio-resolved canonical values:
{{canonicalId}}, {{displayName}}, {{scientificName}}, {{originPlanet}}, {{planetType}}, {{biome}}, {{gravity}}, {{atmosphere}}, {{climate}}, {{temperatureRange}}, {{sizeScale}}, {{coloration}}, {{materials}}, {{distinctiveFeatures}}, {{lockedTraits}}, {{rarity}}, {{artDirection}}.

Preserve every locked canonical field exactly. The result must use NOVERIS Scientific Realism: premium AAA science-fiction quality, museum-grade reference presentation, scientifically plausible structure, coherent materials, restrained coloration unless canon requires otherwise, readable silhouette, consistent scale and anatomy or growth across all views, soft neutral studio lighting, pure black background for isolated references, full requested subject visibility, generous negative space, and PSD-friendly extraction. Habitat and biome outputs may use the canonical environment. No baked-in text, labels, watermark, logo, border, or UI.

Create four clearly different but canon-compliant versions. Preserve body plan or growth architecture, structural counts, environmental adaptations, materials, defining features, and locked coloration. Vary only permitted secondary proportions, markings, surface detail, minor ornamentation, natural wear, and pose or growth irregularity.

Recommended aspect ratio: 16:9.","text, labels, watermark, signature, logo, border, frame, UI, HUD, cropped subject, duplicate anatomy, contradictory anatomy, impossible balance, unsupported structures, random wings, random horns, humanoid default, fantasy armor, weapons, cartoon, anime, toy-like materials, excessive neon, excessive glow, oversaturated colors, busy background, motion blur, low resolution, compression artifacts, generic Earth copy, unsupported fantasy styling, traits conflicting with locked canon",1.0.0,canonical
NB2-PLT-PIV-015-COMPANION-CROP-WHOLE-PLANT,PLT-PIV-015-COMPANION-CROP,Companion Crop,whole-plant,Whole Plant Production Render,3:4,"Create a canonical NOVERIS Nano Banana 2 visual for Companion Crop: Whole Plant Production Render.

Canonical archetype:
A canonical companion crop designed as a scientifically plausible plant-like or fungal organism whose anchoring, support, transport, energy capture, growth, reproduction, ecology, and environmental adaptations are internally coherent.

Required visual and biological rules:
• credible anchoring
• coherent support and transport
• functional energy collectors
• reproductive logic
• environment-linked growth

Production request:
Create complete mature organism including roots or anchor system.

Studio-resolved canonical values:
{{canonicalId}}, {{displayName}}, {{scientificName}}, {{originPlanet}}, {{planetType}}, {{biome}}, {{gravity}}, {{atmosphere}}, {{climate}}, {{temperatureRange}}, {{sizeScale}}, {{coloration}}, {{materials}}, {{distinctiveFeatures}}, {{lockedTraits}}, {{rarity}}, {{artDirection}}.

Preserve every locked canonical field exactly. The result must use NOVERIS Scientific Realism: premium AAA science-fiction quality, museum-grade reference presentation, scientifically plausible structure, coherent materials, restrained coloration unless canon requires otherwise, readable silhouette, consistent scale and anatomy or growth across all views, soft neutral studio lighting, pure black background for isolated references, full requested subject visibility, generous negative space, and PSD-friendly extraction. Habitat and biome outputs may use the canonical environment. No baked-in text, labels, watermark, logo, border, or UI.

Create four clearly different but canon-compliant versions. Preserve body plan or growth architecture, structural counts, environmental adaptations, materials, defining features, and locked coloration. Vary only permitted secondary proportions, markings, surface detail, minor ornamentation, natural wear, and pose or growth irregularity.

Recommended aspect ratio: 3:4.","text, labels, watermark, signature, logo, border, frame, UI, HUD, cropped subject, duplicate anatomy, contradictory anatomy, impossible balance, unsupported structures, random wings, random horns, humanoid default, fantasy armor, weapons, cartoon, anime, toy-like materials, excessive neon, excessive glow, oversaturated colors, busy background, motion blur, low resolution, compression artifacts, generic Earth copy, unsupported fantasy styling, traits conflicting with locked canon",1.0.0,canonical
NB2-PLT-PIV-015-COMPANION-CROP-PORTRAIT,PLT-PIV-015-COMPANION-CROP,Companion Crop,portrait,Botanical Portrait,1:1,"Create a canonical NOVERIS Nano Banana 2 visual for Companion Crop: Botanical Portrait.

Canonical archetype:
A canonical companion crop designed as a scientifically plausible plant-like or fungal organism whose anchoring, support, transport, energy capture, growth, reproduction, ecology, and environmental adaptations are internally coherent.

Required visual and biological rules:
• credible anchoring
• coherent support and transport
• functional energy collectors
• reproductive logic
• environment-linked growth

Production request:
Create defining growth form, foliage, collectors and reproduction.

Studio-resolved canonical values:
{{canonicalId}}, {{displayName}}, {{scientificName}}, {{originPlanet}}, {{planetType}}, {{biome}}, {{gravity}}, {{atmosphere}}, {{climate}}, {{temperatureRange}}, {{sizeScale}}, {{coloration}}, {{materials}}, {{distinctiveFeatures}}, {{lockedTraits}}, {{rarity}}, {{artDirection}}.

Preserve every locked canonical field exactly. The result must use NOVERIS Scientific Realism: premium AAA science-fiction quality, museum-grade reference presentation, scientifically plausible structure, coherent materials, restrained coloration unless canon requires otherwise, readable silhouette, consistent scale and anatomy or growth across all views, soft neutral studio lighting, pure black background for isolated references, full requested subject visibility, generous negative space, and PSD-friendly extraction. Habitat and biome outputs may use the canonical environment. No baked-in text, labels, watermark, logo, border, or UI.

Create four clearly different but canon-compliant versions. Preserve body plan or growth architecture, structural counts, environmental adaptations, materials, defining features, and locked coloration. Vary only permitted secondary proportions, markings, surface detail, minor ornamentation, natural wear, and pose or growth irregularity.

Recommended aspect ratio: 1:1.","text, labels, watermark, signature, logo, border, frame, UI, HUD, cropped subject, duplicate anatomy, contradictory anatomy, impossible balance, unsupported structures, random wings, random horns, humanoid default, fantasy armor, weapons, cartoon, anime, toy-like materials, excessive neon, excessive glow, oversaturated colors, busy background, motion blur, low resolution, compression artifacts, generic Earth copy, unsupported fantasy styling, traits conflicting with locked canon",1.0.0,canonical
NB2-PLT-PIV-015-COMPANION-CROP-ORTHO-FRONT,PLT-PIV-015-COMPANION-CROP,Companion Crop,ortho-front,Orthographic Front,3:4,"Create a canonical NOVERIS Nano Banana 2 visual for Companion Crop: Orthographic Front.

Canonical archetype:
A canonical companion crop designed as a scientifically plausible plant-like or fungal organism whose anchoring, support, transport, energy capture, growth, reproduction, ecology, and environmental adaptations are internally coherent.

Required visual and biological rules:
• credible anchoring
• coherent support and transport
• functional energy collectors
• reproductive logic
• environment-linked growth

Production request:
Create exact front orthographic view.

Studio-resolved canonical values:
{{canonicalId}}, {{displayName}}, {{scientificName}}, {{originPlanet}}, {{planetType}}, {{biome}}, {{gravity}}, {{atmosphere}}, {{climate}}, {{temperatureRange}}, {{sizeScale}}, {{coloration}}, {{materials}}, {{distinctiveFeatures}}, {{lockedTraits}}, {{rarity}}, {{artDirection}}.

Preserve every locked canonical field exactly. The result must use NOVERIS Scientific Realism: premium AAA science-fiction quality, museum-grade reference presentation, scientifically plausible structure, coherent materials, restrained coloration unless canon requires otherwise, readable silhouette, consistent scale and anatomy or growth across all views, soft neutral studio lighting, pure black background for isolated references, full requested subject visibility, generous negative space, and PSD-friendly extraction. Habitat and biome outputs may use the canonical environment. No baked-in text, labels, watermark, logo, border, or UI.

Create four clearly different but canon-compliant versions. Preserve body plan or growth architecture, structural counts, environmental adaptations, materials, defining features, and locked coloration. Vary only permitted secondary proportions, markings, surface detail, minor ornamentation, natural wear, and pose or growth irregularity.

Recommended aspect ratio: 3:4.","text, labels, watermark, signature, logo, border, frame, UI, HUD, cropped subject, duplicate anatomy, contradictory anatomy, impossible balance, unsupported structures, random wings, random horns, humanoid default, fantasy armor, weapons, cartoon, anime, toy-like materials, excessive neon, excessive glow, oversaturated colors, busy background, motion blur, low resolution, compression artifacts, generic Earth copy, unsupported fantasy styling, traits conflicting with locked canon",1.0.0,canonical
NB2-PLT-PIV-015-COMPANION-CROP-ORTHO-SIDE,PLT-PIV-015-COMPANION-CROP,Companion Crop,ortho-side,Orthographic Side,3:4,"Create a canonical NOVERIS Nano Banana 2 visual for Companion Crop: Orthographic Side.

Canonical archetype:
A canonical companion crop designed as a scientifically plausible plant-like or fungal organism whose anchoring, support, transport, energy capture, growth, reproduction, ecology, and environmental adaptations are internally coherent.

Required visual and biological rules:
• credible anchoring
• coherent support and transport
• functional energy collectors
• reproductive logic
• environment-linked growth

Production request:
Create exact side orthographic view.

Studio-resolved canonical values:
{{canonicalId}}, {{displayName}}, {{scientificName}}, {{originPlanet}}, {{planetType}}, {{biome}}, {{gravity}}, {{atmosphere}}, {{climate}}, {{temperatureRange}}, {{sizeScale}}, {{coloration}}, {{materials}}, {{distinctiveFeatures}}, {{lockedTraits}}, {{rarity}}, {{artDirection}}.

Preserve every locked canonical field exactly. The result must use NOVERIS Scientific Realism: premium AAA science-fiction quality, museum-grade reference presentation, scientifically plausible structure, coherent materials, restrained coloration unless canon requires otherwise, readable silhouette, consistent scale and anatomy or growth across all views, soft neutral studio lighting, pure black background for isolated references, full requested subject visibility, generous negative space, and PSD-friendly extraction. Habitat and biome outputs may use the canonical environment. No baked-in text, labels, watermark, logo, border, or UI.

Create four clearly different but canon-compliant versions. Preserve body plan or growth architecture, structural counts, environmental adaptations, materials, defining features, and locked coloration. Vary only permitted secondary proportions, markings, surface detail, minor ornamentation, natural wear, and pose or growth irregularity.

Recommended aspect ratio: 3:4.","text, labels, watermark, signature, logo, border, frame, UI, HUD, cropped subject, duplicate anatomy, contradictory anatomy, impossible balance, unsupported structures, random wings, random horns, humanoid default, fantasy armor, weapons, cartoon, anime, toy-like materials, excessive neon, excessive glow, oversaturated colors, busy background, motion blur, low resolution, compression artifacts, generic Earth copy, unsupported fantasy styling, traits conflicting with locked canon",1.0.0,canonical
NB2-PLT-PIV-015-COMPANION-CROP-ORTHO-TOP,PLT-PIV-015-COMPANION-CROP,Companion Crop,ortho-top,Orthographic Top,1:1,"Create a canonical NOVERIS Nano Banana 2 visual for Companion Crop: Orthographic Top.

Canonical archetype:
A canonical companion crop designed as a scientifically plausible plant-like or fungal organism whose anchoring, support, transport, energy capture, growth, reproduction, ecology, and environmental adaptations are internally coherent.

Required visual and biological rules:
• credible anchoring
• coherent support and transport
• functional energy collectors
• reproductive logic
• environment-linked growth

Production request:
Create exact top view showing spread and growth geometry.

Studio-resolved canonical values:
{{canonicalId}}, {{displayName}}, {{scientificName}}, {{originPlanet}}, {{planetType}}, {{biome}}, {{gravity}}, {{atmosphere}}, {{climate}}, {{temperatureRange}}, {{sizeScale}}, {{coloration}}, {{materials}}, {{distinctiveFeatures}}, {{lockedTraits}}, {{rarity}}, {{artDirection}}.

Preserve every locked canonical field exactly. The result must use NOVERIS Scientific Realism: premium AAA science-fiction quality, museum-grade reference presentation, scientifically plausible structure, coherent materials, restrained coloration unless canon requires otherwise, readable silhouette, consistent scale and anatomy or growth across all views, soft neutral studio lighting, pure black background for isolated references, full requested subject visibility, generous negative space, and PSD-friendly extraction. Habitat and biome outputs may use the canonical environment. No baked-in text, labels, watermark, logo, border, or UI.

Create four clearly different but canon-compliant versions. Preserve body plan or growth architecture, structural counts, environmental adaptations, materials, defining features, and locked coloration. Vary only permitted secondary proportions, markings, surface detail, minor ornamentation, natural wear, and pose or growth irregularity.

Recommended aspect ratio: 1:1.","text, labels, watermark, signature, logo, border, frame, UI, HUD, cropped subject, duplicate anatomy, contradictory anatomy, impossible balance, unsupported structures, random wings, random horns, humanoid default, fantasy armor, weapons, cartoon, anime, toy-like materials, excessive neon, excessive glow, oversaturated colors, busy background, motion blur, low resolution, compression artifacts, generic Earth copy, unsupported fantasy styling, traits conflicting with locked canon",1.0.0,canonical
NB2-PLT-PIV-015-COMPANION-CROP-ROOTS,PLT-PIV-015-COMPANION-CROP,Companion Crop,roots,Root or Anchor System,16:9,"Create a canonical NOVERIS Nano Banana 2 visual for Companion Crop: Root or Anchor System.

Canonical archetype:
A canonical companion crop designed as a scientifically plausible plant-like or fungal organism whose anchoring, support, transport, energy capture, growth, reproduction, ecology, and environmental adaptations are internally coherent.

Required visual and biological rules:
• credible anchoring
• coherent support and transport
• functional energy collectors
• reproductive logic
• environment-linked growth

Production request:
Create complete substrate interface and nutrient exchange structures.

Studio-resolved canonical values:
{{canonicalId}}, {{displayName}}, {{scientificName}}, {{originPlanet}}, {{planetType}}, {{biome}}, {{gravity}}, {{atmosphere}}, {{climate}}, {{temperatureRange}}, {{sizeScale}}, {{coloration}}, {{materials}}, {{distinctiveFeatures}}, {{lockedTraits}}, {{rarity}}, {{artDirection}}.

Preserve every locked canonical field exactly. The result must use NOVERIS Scientific Realism: premium AAA science-fiction quality, museum-grade reference presentation, scientifically plausible structure, coherent materials, restrained coloration unless canon requires otherwise, readable silhouette, consistent scale and anatomy or growth across all views, soft neutral studio lighting, pure black background for isolated references, full requested subject visibility, generous negative space, and PSD-friendly extraction. Habitat and biome outputs may use the canonical environment. No baked-in text, labels, watermark, logo, border, or UI.

Create four clearly different but canon-compliant versions. Preserve body plan or growth architecture, structural counts, environmental adaptations, materials, defining features, and locked coloration. Vary only permitted secondary proportions, markings, surface detail, minor ornamentation, natural wear, and pose or growth irregularity.

Recommended aspect ratio: 16:9.","text, labels, watermark, signature, logo, border, frame, UI, HUD, cropped subject, duplicate anatomy, contradictory anatomy, impossible balance, unsupported structures, random wings, random horns, humanoid default, fantasy armor, weapons, cartoon, anime, toy-like materials, excessive neon, excessive glow, oversaturated colors, busy background, motion blur, low resolution, compression artifacts, generic Earth copy, unsupported fantasy styling, traits conflicting with locked canon",1.0.0,canonical
NB2-PLT-PIV-015-COMPANION-CROP-STEMS,PLT-PIV-015-COMPANION-CROP,Companion Crop,stems,"Stem, Trunk or Structural Study",16:9,"Create a canonical NOVERIS Nano Banana 2 visual for Companion Crop: Stem, Trunk or Structural Study.

Canonical archetype:
A canonical companion crop designed as a scientifically plausible plant-like or fungal organism whose anchoring, support, transport, energy capture, growth, reproduction, ecology, and environmental adaptations are internally coherent.

Required visual and biological rules:
• credible anchoring
• coherent support and transport
• functional energy collectors
• reproductive logic
• environment-linked growth

Production request:
Create support and transport architecture.

Studio-resolved canonical values:
{{canonicalId}}, {{displayName}}, {{scientificName}}, {{originPlanet}}, {{planetType}}, {{biome}}, {{gravity}}, {{atmosphere}}, {{climate}}, {{temperatureRange}}, {{sizeScale}}, {{coloration}}, {{materials}}, {{distinctiveFeatures}}, {{lockedTraits}}, {{rarity}}, {{artDirection}}.

Preserve every locked canonical field exactly. The result must use NOVERIS Scientific Realism: premium AAA science-fiction quality, museum-grade reference presentation, scientifically plausible structure, coherent materials, restrained coloration unless canon requires otherwise, readable silhouette, consistent scale and anatomy or growth across all views, soft neutral studio lighting, pure black background for isolated references, full requested subject visibility, generous negative space, and PSD-friendly extraction. Habitat and biome outputs may use the canonical environment. No baked-in text, labels, watermark, logo, border, or UI.

Create four clearly different but canon-compliant versions. Preserve body plan or growth architecture, structural counts, environmental adaptations, materials, defining features, and locked coloration. Vary only permitted secondary proportions, markings, surface detail, minor ornamentation, natural wear, and pose or growth irregularity.

Recommended aspect ratio: 16:9.","text, labels, watermark, signature, logo, border, frame, UI, HUD, cropped subject, duplicate anatomy, contradictory anatomy, impossible balance, unsupported structures, random wings, random horns, humanoid default, fantasy armor, weapons, cartoon, anime, toy-like materials, excessive neon, excessive glow, oversaturated colors, busy background, motion blur, low resolution, compression artifacts, generic Earth copy, unsupported fantasy styling, traits conflicting with locked canon",1.0.0,canonical
NB2-PLT-PIV-015-COMPANION-CROP-COLLECTORS,PLT-PIV-015-COMPANION-CROP,Companion Crop,collectors,Leaves or Collector Study,16:9,"Create a canonical NOVERIS Nano Banana 2 visual for Companion Crop: Leaves or Collector Study.

Canonical archetype:
A canonical companion crop designed as a scientifically plausible plant-like or fungal organism whose anchoring, support, transport, energy capture, growth, reproduction, ecology, and environmental adaptations are internally coherent.

Required visual and biological rules:
• credible anchoring
• coherent support and transport
• functional energy collectors
• reproductive logic
• environment-linked growth

Production request:
Create front, back, edge, juvenile, mature and stressed states.

Studio-resolved canonical values:
{{canonicalId}}, {{displayName}}, {{scientificName}}, {{originPlanet}}, {{planetType}}, {{biome}}, {{gravity}}, {{atmosphere}}, {{climate}}, {{temperatureRange}}, {{sizeScale}}, {{coloration}}, {{materials}}, {{distinctiveFeatures}}, {{lockedTraits}}, {{rarity}}, {{artDirection}}.

Preserve every locked canonical field exactly. The result must use NOVERIS Scientific Realism: premium AAA science-fiction quality, museum-grade reference presentation, scientifically plausible structure, coherent materials, restrained coloration unless canon requires otherwise, readable silhouette, consistent scale and anatomy or growth across all views, soft neutral studio lighting, pure black background for isolated references, full requested subject visibility, generous negative space, and PSD-friendly extraction. Habitat and biome outputs may use the canonical environment. No baked-in text, labels, watermark, logo, border, or UI.

Create four clearly different but canon-compliant versions. Preserve body plan or growth architecture, structural counts, environmental adaptations, materials, defining features, and locked coloration. Vary only permitted secondary proportions, markings, surface detail, minor ornamentation, natural wear, and pose or growth irregularity.

Recommended aspect ratio: 16:9.","text, labels, watermark, signature, logo, border, frame, UI, HUD, cropped subject, duplicate anatomy, contradictory anatomy, impossible balance, unsupported structures, random wings, random horns, humanoid default, fantasy armor, weapons, cartoon, anime, toy-like materials, excessive neon, excessive glow, oversaturated colors, busy background, motion blur, low resolution, compression artifacts, generic Earth copy, unsupported fantasy styling, traits conflicting with locked canon",1.0.0,canonical
NB2-PLT-PIV-015-COMPANION-CROP-REPRODUCTION,PLT-PIV-015-COMPANION-CROP,Companion Crop,reproduction,Reproductive Structure,16:9,"Create a canonical NOVERIS Nano Banana 2 visual for Companion Crop: Reproductive Structure.

Canonical archetype:
A canonical companion crop designed as a scientifically plausible plant-like or fungal organism whose anchoring, support, transport, energy capture, growth, reproduction, ecology, and environmental adaptations are internally coherent.

Required visual and biological rules:
• credible anchoring
• coherent support and transport
• functional energy collectors
• reproductive logic
• environment-linked growth

Production request:
Create flowers, cones, spores, fields or equivalent stages.

Studio-resolved canonical values:
{{canonicalId}}, {{displayName}}, {{scientificName}}, {{originPlanet}}, {{planetType}}, {{biome}}, {{gravity}}, {{atmosphere}}, {{climate}}, {{temperatureRange}}, {{sizeScale}}, {{coloration}}, {{materials}}, {{distinctiveFeatures}}, {{lockedTraits}}, {{rarity}}, {{artDirection}}.

Preserve every locked canonical field exactly. The result must use NOVERIS Scientific Realism: premium AAA science-fiction quality, museum-grade reference presentation, scientifically plausible structure, coherent materials, restrained coloration unless canon requires otherwise, readable silhouette, consistent scale and anatomy or growth across all views, soft neutral studio lighting, pure black background for isolated references, full requested subject visibility, generous negative space, and PSD-friendly extraction. Habitat and biome outputs may use the canonical environment. No baked-in text, labels, watermark, logo, border, or UI.

Create four clearly different but canon-compliant versions. Preserve body plan or growth architecture, structural counts, environmental adaptations, materials, defining features, and locked coloration. Vary only permitted secondary proportions, markings, surface detail, minor ornamentation, natural wear, and pose or growth irregularity.

Recommended aspect ratio: 16:9.","text, labels, watermark, signature, logo, border, frame, UI, HUD, cropped subject, duplicate anatomy, contradictory anatomy, impossible balance, unsupported structures, random wings, random horns, humanoid default, fantasy armor, weapons, cartoon, anime, toy-like materials, excessive neon, excessive glow, oversaturated colors, busy background, motion blur, low resolution, compression artifacts, generic Earth copy, unsupported fantasy styling, traits conflicting with locked canon",1.0.0,canonical
NB2-PLT-PIV-015-COMPANION-CROP-PROPAGULES,PLT-PIV-015-COMPANION-CROP,Companion Crop,propagules,"Seed, Spore or Propagule Study",16:9,"Create a canonical NOVERIS Nano Banana 2 visual for Companion Crop: Seed, Spore or Propagule Study.

Canonical archetype:
A canonical companion crop designed as a scientifically plausible plant-like or fungal organism whose anchoring, support, transport, energy capture, growth, reproduction, ecology, and environmental adaptations are internally coherent.

Required visual and biological rules:
• credible anchoring
• coherent support and transport
• functional energy collectors
• reproductive logic
• environment-linked growth

Production request:
Create dispersal, germination and early establishment.

Studio-resolved canonical values:
{{canonicalId}}, {{displayName}}, {{scientificName}}, {{originPlanet}}, {{planetType}}, {{biome}}, {{gravity}}, {{atmosphere}}, {{climate}}, {{temperatureRange}}, {{sizeScale}}, {{coloration}}, {{materials}}, {{distinctiveFeatures}}, {{lockedTraits}}, {{rarity}}, {{artDirection}}.

Preserve every locked canonical field exactly. The result must use NOVERIS Scientific Realism: premium AAA science-fiction quality, museum-grade reference presentation, scientifically plausible structure, coherent materials, restrained coloration unless canon requires otherwise, readable silhouette, consistent scale and anatomy or growth across all views, soft neutral studio lighting, pure black background for isolated references, full requested subject visibility, generous negative space, and PSD-friendly extraction. Habitat and biome outputs may use the canonical environment. No baked-in text, labels, watermark, logo, border, or UI.

Create four clearly different but canon-compliant versions. Preserve body plan or growth architecture, structural counts, environmental adaptations, materials, defining features, and locked coloration. Vary only permitted secondary proportions, markings, surface detail, minor ornamentation, natural wear, and pose or growth irregularity.

Recommended aspect ratio: 16:9.","text, labels, watermark, signature, logo, border, frame, UI, HUD, cropped subject, duplicate anatomy, contradictory anatomy, impossible balance, unsupported structures, random wings, random horns, humanoid default, fantasy armor, weapons, cartoon, anime, toy-like materials, excessive neon, excessive glow, oversaturated colors, busy background, motion blur, low resolution, compression artifacts, generic Earth copy, unsupported fantasy styling, traits conflicting with locked canon",1.0.0,canonical
NB2-PLT-PIV-015-COMPANION-CROP-CROSS-SECTION,PLT-PIV-015-COMPANION-CROP,Companion Crop,cross-section,Internal Cross Section,16:9,"Create a canonical NOVERIS Nano Banana 2 visual for Companion Crop: Internal Cross Section.

Canonical archetype:
A canonical companion crop designed as a scientifically plausible plant-like or fungal organism whose anchoring, support, transport, energy capture, growth, reproduction, ecology, and environmental adaptations are internally coherent.

Required visual and biological rules:
• credible anchoring
• coherent support and transport
• functional energy collectors
• reproductive logic
• environment-linked growth

Production request:
Create protection, transport, support, storage and reproduction.

Studio-resolved canonical values:
{{canonicalId}}, {{displayName}}, {{scientificName}}, {{originPlanet}}, {{planetType}}, {{biome}}, {{gravity}}, {{atmosphere}}, {{climate}}, {{temperatureRange}}, {{sizeScale}}, {{coloration}}, {{materials}}, {{distinctiveFeatures}}, {{lockedTraits}}, {{rarity}}, {{artDirection}}.

Preserve every locked canonical field exactly. The result must use NOVERIS Scientific Realism: premium AAA science-fiction quality, museum-grade reference presentation, scientifically plausible structure, coherent materials, restrained coloration unless canon requires otherwise, readable silhouette, consistent scale and anatomy or growth across all views, soft neutral studio lighting, pure black background for isolated references, full requested subject visibility, generous negative space, and PSD-friendly extraction. Habitat and biome outputs may use the canonical environment. No baked-in text, labels, watermark, logo, border, or UI.

Create four clearly different but canon-compliant versions. Preserve body plan or growth architecture, structural counts, environmental adaptations, materials, defining features, and locked coloration. Vary only permitted secondary proportions, markings, surface detail, minor ornamentation, natural wear, and pose or growth irregularity.

Recommended aspect ratio: 16:9.","text, labels, watermark, signature, logo, border, frame, UI, HUD, cropped subject, duplicate anatomy, contradictory anatomy, impossible balance, unsupported structures, random wings, random horns, humanoid default, fantasy armor, weapons, cartoon, anime, toy-like materials, excessive neon, excessive glow, oversaturated colors, busy background, motion blur, low resolution, compression artifacts, generic Earth copy, unsupported fantasy styling, traits conflicting with locked canon",1.0.0,canonical
NB2-PLT-PIV-015-COMPANION-CROP-GROWTH,PLT-PIV-015-COMPANION-CROP,Companion Crop,growth,Growth Stages,16:9,"Create a canonical NOVERIS Nano Banana 2 visual for Companion Crop: Growth Stages.

Canonical archetype:
A canonical companion crop designed as a scientifically plausible plant-like or fungal organism whose anchoring, support, transport, energy capture, growth, reproduction, ecology, and environmental adaptations are internally coherent.

Required visual and biological rules:
• credible anchoring
• coherent support and transport
• functional energy collectors
• reproductive logic
• environment-linked growth

Production request:
Create propagule, juvenile, mature, reproductive and senescent stages.

Studio-resolved canonical values:
{{canonicalId}}, {{displayName}}, {{scientificName}}, {{originPlanet}}, {{planetType}}, {{biome}}, {{gravity}}, {{atmosphere}}, {{climate}}, {{temperatureRange}}, {{sizeScale}}, {{coloration}}, {{materials}}, {{distinctiveFeatures}}, {{lockedTraits}}, {{rarity}}, {{artDirection}}.

Preserve every locked canonical field exactly. The result must use NOVERIS Scientific Realism: premium AAA science-fiction quality, museum-grade reference presentation, scientifically plausible structure, coherent materials, restrained coloration unless canon requires otherwise, readable silhouette, consistent scale and anatomy or growth across all views, soft neutral studio lighting, pure black background for isolated references, full requested subject visibility, generous negative space, and PSD-friendly extraction. Habitat and biome outputs may use the canonical environment. No baked-in text, labels, watermark, logo, border, or UI.

Create four clearly different but canon-compliant versions. Preserve body plan or growth architecture, structural counts, environmental adaptations, materials, defining features, and locked coloration. Vary only permitted secondary proportions, markings, surface detail, minor ornamentation, natural wear, and pose or growth irregularity.

Recommended aspect ratio: 16:9.","text, labels, watermark, signature, logo, border, frame, UI, HUD, cropped subject, duplicate anatomy, contradictory anatomy, impossible balance, unsupported structures, random wings, random horns, humanoid default, fantasy armor, weapons, cartoon, anime, toy-like materials, excessive neon, excessive glow, oversaturated colors, busy background, motion blur, low resolution, compression artifacts, generic Earth copy, unsupported fantasy styling, traits conflicting with locked canon",1.0.0,canonical
NB2-PLT-PIV-015-COMPANION-CROP-SEASONAL,PLT-PIV-015-COMPANION-CROP,Companion Crop,seasonal,Seasonal and Stress Variants,16:9,"Create a canonical NOVERIS Nano Banana 2 visual for Companion Crop: Seasonal and Stress Variants.

Canonical archetype:
A canonical companion crop designed as a scientifically plausible plant-like or fungal organism whose anchoring, support, transport, energy capture, growth, reproduction, ecology, and environmental adaptations are internally coherent.

Required visual and biological rules:
• credible anchoring
• coherent support and transport
• functional energy collectors
• reproductive logic
• environment-linked growth

Production request:
Create growth, reproduction, dormancy, damage and recovery.

Studio-resolved canonical values:
{{canonicalId}}, {{displayName}}, {{scientificName}}, {{originPlanet}}, {{planetType}}, {{biome}}, {{gravity}}, {{atmosphere}}, {{climate}}, {{temperatureRange}}, {{sizeScale}}, {{coloration}}, {{materials}}, {{distinctiveFeatures}}, {{lockedTraits}}, {{rarity}}, {{artDirection}}.

Preserve every locked canonical field exactly. The result must use NOVERIS Scientific Realism: premium AAA science-fiction quality, museum-grade reference presentation, scientifically plausible structure, coherent materials, restrained coloration unless canon requires otherwise, readable silhouette, consistent scale and anatomy or growth across all views, soft neutral studio lighting, pure black background for isolated references, full requested subject visibility, generous negative space, and PSD-friendly extraction. Habitat and biome outputs may use the canonical environment. No baked-in text, labels, watermark, logo, border, or UI.

Create four clearly different but canon-compliant versions. Preserve body plan or growth architecture, structural counts, environmental adaptations, materials, defining features, and locked coloration. Vary only permitted secondary proportions, markings, surface detail, minor ornamentation, natural wear, and pose or growth irregularity.

Recommended aspect ratio: 16:9.","text, labels, watermark, signature, logo, border, frame, UI, HUD, cropped subject, duplicate anatomy, contradictory anatomy, impossible balance, unsupported structures, random wings, random horns, humanoid default, fantasy armor, weapons, cartoon, anime, toy-like materials, excessive neon, excessive glow, oversaturated colors, busy background, motion blur, low resolution, compression artifacts, generic Earth copy, unsupported fantasy styling, traits conflicting with locked canon",1.0.0,canonical
NB2-PLT-PIV-015-COMPANION-CROP-HABITAT,PLT-PIV-015-COMPANION-CROP,Companion Crop,habitat,Native Habitat Composition,16:9,"Create a canonical NOVERIS Nano Banana 2 visual for Companion Crop: Native Habitat Composition.

Canonical archetype:
A canonical companion crop designed as a scientifically plausible plant-like or fungal organism whose anchoring, support, transport, energy capture, growth, reproduction, ecology, and environmental adaptations are internally coherent.

Required visual and biological rules:
• credible anchoring
• coherent support and transport
• functional energy collectors
• reproductive logic
• environment-linked growth

Production request:
Create natural population with spacing and age diversity.

Studio-resolved canonical values:
{{canonicalId}}, {{displayName}}, {{scientificName}}, {{originPlanet}}, {{planetType}}, {{biome}}, {{gravity}}, {{atmosphere}}, {{climate}}, {{temperatureRange}}, {{sizeScale}}, {{coloration}}, {{materials}}, {{distinctiveFeatures}}, {{lockedTraits}}, {{rarity}}, {{artDirection}}.

Preserve every locked canonical field exactly. The result must use NOVERIS Scientific Realism: premium AAA science-fiction quality, museum-grade reference presentation, scientifically plausible structure, coherent materials, restrained coloration unless canon requires otherwise, readable silhouette, consistent scale and anatomy or growth across all views, soft neutral studio lighting, pure black background for isolated references, full requested subject visibility, generous negative space, and PSD-friendly extraction. Habitat and biome outputs may use the canonical environment. No baked-in text, labels, watermark, logo, border, or UI.

Create four clearly different but canon-compliant versions. Preserve body plan or growth architecture, structural counts, environmental adaptations, materials, defining features, and locked coloration. Vary only permitted secondary proportions, markings, surface detail, minor ornamentation, natural wear, and pose or growth irregularity.

Recommended aspect ratio: 16:9.","text, labels, watermark, signature, logo, border, frame, UI, HUD, cropped subject, duplicate anatomy, contradictory anatomy, impossible balance, unsupported structures, random wings, random horns, humanoid default, fantasy armor, weapons, cartoon, anime, toy-like materials, excessive neon, excessive glow, oversaturated colors, busy background, motion blur, low resolution, compression artifacts, generic Earth copy, unsupported fantasy styling, traits conflicting with locked canon",1.0.0,canonical
NB2-PLT-PIV-015-COMPANION-CROP-BIOME,PLT-PIV-015-COMPANION-CROP,Companion Crop,biome,Biome Composition,16:9,"Create a canonical NOVERIS Nano Banana 2 visual for Companion Crop: Biome Composition.

Canonical archetype:
A canonical companion crop designed as a scientifically plausible plant-like or fungal organism whose anchoring, support, transport, energy capture, growth, reproduction, ecology, and environmental adaptations are internally coherent.

Required visual and biological rules:
• credible anchoring
• coherent support and transport
• functional energy collectors
• reproductive logic
• environment-linked growth

Production request:
Create coordinated vegetation set at consistent scale.

Studio-resolved canonical values:
{{canonicalId}}, {{displayName}}, {{scientificName}}, {{originPlanet}}, {{planetType}}, {{biome}}, {{gravity}}, {{atmosphere}}, {{climate}}, {{temperatureRange}}, {{sizeScale}}, {{coloration}}, {{materials}}, {{distinctiveFeatures}}, {{lockedTraits}}, {{rarity}}, {{artDirection}}.

Preserve every locked canonical field exactly. The result must use NOVERIS Scientific Realism: premium AAA science-fiction quality, museum-grade reference presentation, scientifically plausible structure, coherent materials, restrained coloration unless canon requires otherwise, readable silhouette, consistent scale and anatomy or growth across all views, soft neutral studio lighting, pure black background for isolated references, full requested subject visibility, generous negative space, and PSD-friendly extraction. Habitat and biome outputs may use the canonical environment. No baked-in text, labels, watermark, logo, border, or UI.

Create four clearly different but canon-compliant versions. Preserve body plan or growth architecture, structural counts, environmental adaptations, materials, defining features, and locked coloration. Vary only permitted secondary proportions, markings, surface detail, minor ornamentation, natural wear, and pose or growth irregularity.

Recommended aspect ratio: 16:9.","text, labels, watermark, signature, logo, border, frame, UI, HUD, cropped subject, duplicate anatomy, contradictory anatomy, impossible balance, unsupported structures, random wings, random horns, humanoid default, fantasy armor, weapons, cartoon, anime, toy-like materials, excessive neon, excessive glow, oversaturated colors, busy background, motion blur, low resolution, compression artifacts, generic Earth copy, unsupported fantasy styling, traits conflicting with locked canon",1.0.0,canonical
NB2-PLT-PIV-015-COMPANION-CROP-DISCOVERY,PLT-PIV-015-COMPANION-CROP,Companion Crop,discovery,Discovery Scan,16:9,"Create a canonical NOVERIS Nano Banana 2 visual for Companion Crop: Discovery Scan.

Canonical archetype:
A canonical companion crop designed as a scientifically plausible plant-like or fungal organism whose anchoring, support, transport, energy capture, growth, reproduction, ecology, and environmental adaptations are internally coherent.

Required visual and biological rules:
• credible anchoring
• coherent support and transport
• functional energy collectors
• reproductive logic
• environment-linked growth

Production request:
Create centered scientific scan source without labels.

Studio-resolved canonical values:
{{canonicalId}}, {{displayName}}, {{scientificName}}, {{originPlanet}}, {{planetType}}, {{biome}}, {{gravity}}, {{atmosphere}}, {{climate}}, {{temperatureRange}}, {{sizeScale}}, {{coloration}}, {{materials}}, {{distinctiveFeatures}}, {{lockedTraits}}, {{rarity}}, {{artDirection}}.

Preserve every locked canonical field exactly. The result must use NOVERIS Scientific Realism: premium AAA science-fiction quality, museum-grade reference presentation, scientifically plausible structure, coherent materials, restrained coloration unless canon requires otherwise, readable silhouette, consistent scale and anatomy or growth across all views, soft neutral studio lighting, pure black background for isolated references, full requested subject visibility, generous negative space, and PSD-friendly extraction. Habitat and biome outputs may use the canonical environment. No baked-in text, labels, watermark, logo, border, or UI.

Create four clearly different but canon-compliant versions. Preserve body plan or growth architecture, structural counts, environmental adaptations, materials, defining features, and locked coloration. Vary only permitted secondary proportions, markings, surface detail, minor ornamentation, natural wear, and pose or growth irregularity.

Recommended aspect ratio: 16:9.","text, labels, watermark, signature, logo, border, frame, UI, HUD, cropped subject, duplicate anatomy, contradictory anatomy, impossible balance, unsupported structures, random wings, random horns, humanoid default, fantasy armor, weapons, cartoon, anime, toy-like materials, excessive neon, excessive glow, oversaturated colors, busy background, motion blur, low resolution, compression artifacts, generic Earth copy, unsupported fantasy styling, traits conflicting with locked canon",1.0.0,canonical
NB2-PLT-PIV-015-COMPANION-CROP-ICON,PLT-PIV-015-COMPANION-CROP,Companion Crop,icon,UI Icon,1:1,"Create a canonical NOVERIS Nano Banana 2 visual for Companion Crop: UI Icon.

Canonical archetype:
A canonical companion crop designed as a scientifically plausible plant-like or fungal organism whose anchoring, support, transport, energy capture, growth, reproduction, ecology, and environmental adaptations are internally coherent.

Required visual and biological rules:
• credible anchoring
• coherent support and transport
• functional energy collectors
• reproductive logic
• environment-linked growth

Production request:
Create isolated silhouette readable at 64 pixels.

Studio-resolved canonical values:
{{canonicalId}}, {{displayName}}, {{scientificName}}, {{originPlanet}}, {{planetType}}, {{biome}}, {{gravity}}, {{atmosphere}}, {{climate}}, {{temperatureRange}}, {{sizeScale}}, {{coloration}}, {{materials}}, {{distinctiveFeatures}}, {{lockedTraits}}, {{rarity}}, {{artDirection}}.

Preserve every locked canonical field exactly. The result must use NOVERIS Scientific Realism: premium AAA science-fiction quality, museum-grade reference presentation, scientifically plausible structure, coherent materials, restrained coloration unless canon requires otherwise, readable silhouette, consistent scale and anatomy or growth across all views, soft neutral studio lighting, pure black background for isolated references, full requested subject visibility, generous negative space, and PSD-friendly extraction. Habitat and biome outputs may use the canonical environment. No baked-in text, labels, watermark, logo, border, or UI.

Create four clearly different but canon-compliant versions. Preserve body plan or growth architecture, structural counts, environmental adaptations, materials, defining features, and locked coloration. Vary only permitted secondary proportions, markings, surface detail, minor ornamentation, natural wear, and pose or growth irregularity.

Recommended aspect ratio: 1:1.","text, labels, watermark, signature, logo, border, frame, UI, HUD, cropped subject, duplicate anatomy, contradictory anatomy, impossible balance, unsupported structures, random wings, random horns, humanoid default, fantasy armor, weapons, cartoon, anime, toy-like materials, excessive neon, excessive glow, oversaturated colors, busy background, motion blur, low resolution, compression artifacts, generic Earth copy, unsupported fantasy styling, traits conflicting with locked canon",1.0.0,canonical
NB2-PLT-PIV-015-COMPANION-CROP-SCALE,PLT-PIV-015-COMPANION-CROP,Companion Crop,scale,Scale Comparison,16:9,"Create a canonical NOVERIS Nano Banana 2 visual for Companion Crop: Scale Comparison.

Canonical archetype:
A canonical companion crop designed as a scientifically plausible plant-like or fungal organism whose anchoring, support, transport, energy capture, growth, reproduction, ecology, and environmental adaptations are internally coherent.

Required visual and biological rules:
• credible anchoring
• coherent support and transport
• functional energy collectors
• reproductive logic
• environment-linked growth

Production request:
Create side view with adult human silhouette and one-meter bar.

Studio-resolved canonical values:
{{canonicalId}}, {{displayName}}, {{scientificName}}, {{originPlanet}}, {{planetType}}, {{biome}}, {{gravity}}, {{atmosphere}}, {{climate}}, {{temperatureRange}}, {{sizeScale}}, {{coloration}}, {{materials}}, {{distinctiveFeatures}}, {{lockedTraits}}, {{rarity}}, {{artDirection}}.

Preserve every locked canonical field exactly. The result must use NOVERIS Scientific Realism: premium AAA science-fiction quality, museum-grade reference presentation, scientifically plausible structure, coherent materials, restrained coloration unless canon requires otherwise, readable silhouette, consistent scale and anatomy or growth across all views, soft neutral studio lighting, pure black background for isolated references, full requested subject visibility, generous negative space, and PSD-friendly extraction. Habitat and biome outputs may use the canonical environment. No baked-in text, labels, watermark, logo, border, or UI.

Create four clearly different but canon-compliant versions. Preserve body plan or growth architecture, structural counts, environmental adaptations, materials, defining features, and locked coloration. Vary only permitted secondary proportions, markings, surface detail, minor ornamentation, natural wear, and pose or growth irregularity.

Recommended aspect ratio: 16:9.","text, labels, watermark, signature, logo, border, frame, UI, HUD, cropped subject, duplicate anatomy, contradictory anatomy, impossible balance, unsupported structures, random wings, random horns, humanoid default, fantasy armor, weapons, cartoon, anime, toy-like materials, excessive neon, excessive glow, oversaturated colors, busy background, motion blur, low resolution, compression artifacts, generic Earth copy, unsupported fantasy styling, traits conflicting with locked canon",1.0.0,canonical
NB2-PLT-PIV-015-COMPANION-CROP-PLATE,PLT-PIV-015-COMPANION-CROP,Companion Crop,plate,Master Botanical Plate,16:9,"Create a canonical NOVERIS Nano Banana 2 visual for Companion Crop: Master Botanical Plate.

Canonical archetype:
A canonical companion crop designed as a scientifically plausible plant-like or fungal organism whose anchoring, support, transport, energy capture, growth, reproduction, ecology, and environmental adaptations are internally coherent.

Required visual and biological rules:
• credible anchoring
• coherent support and transport
• functional energy collectors
• reproductive logic
• environment-linked growth

Production request:
Create whole organism, views, roots, structure, collectors, reproduction, stages, materials and habitat vignette.

Studio-resolved canonical values:
{{canonicalId}}, {{displayName}}, {{scientificName}}, {{originPlanet}}, {{planetType}}, {{biome}}, {{gravity}}, {{atmosphere}}, {{climate}}, {{temperatureRange}}, {{sizeScale}}, {{coloration}}, {{materials}}, {{distinctiveFeatures}}, {{lockedTraits}}, {{rarity}}, {{artDirection}}.

Preserve every locked canonical field exactly. The result must use NOVERIS Scientific Realism: premium AAA science-fiction quality, museum-grade reference presentation, scientifically plausible structure, coherent materials, restrained coloration unless canon requires otherwise, readable silhouette, consistent scale and anatomy or growth across all views, soft neutral studio lighting, pure black background for isolated references, full requested subject visibility, generous negative space, and PSD-friendly extraction. Habitat and biome outputs may use the canonical environment. No baked-in text, labels, watermark, logo, border, or UI.

Create four clearly different but canon-compliant versions. Preserve body plan or growth architecture, structural counts, environmental adaptations, materials, defining features, and locked coloration. Vary only permitted secondary proportions, markings, surface detail, minor ornamentation, natural wear, and pose or growth irregularity.

Recommended aspect ratio: 16:9.","text, labels, watermark, signature, logo, border, frame, UI, HUD, cropped subject, duplicate anatomy, contradictory anatomy, impossible balance, unsupported structures, random wings, random horns, humanoid default, fantasy armor, weapons, cartoon, anime, toy-like materials, excessive neon, excessive glow, oversaturated colors, busy background, motion blur, low resolution, compression artifacts, generic Earth copy, unsupported fantasy styling, traits conflicting with locked canon",1.0.0,canonical
NB2-PLT-PIV-015-COMPANION-CROP-PSD,PLT-PIV-015-COMPANION-CROP,Companion Crop,psd,PSD Extraction Board,16:9,"Create a canonical NOVERIS Nano Banana 2 visual for Companion Crop: PSD Extraction Board.

Canonical archetype:
A canonical companion crop designed as a scientifically plausible plant-like or fungal organism whose anchoring, support, transport, energy capture, growth, reproduction, ecology, and environmental adaptations are internally coherent.

Required visual and biological rules:
• credible anchoring
• coherent support and transport
• functional energy collectors
• reproductive logic
• environment-linked growth

Production request:
Create isolated whole organism, parts, silhouette and material references.

Studio-resolved canonical values:
{{canonicalId}}, {{displayName}}, {{scientificName}}, {{originPlanet}}, {{planetType}}, {{biome}}, {{gravity}}, {{atmosphere}}, {{climate}}, {{temperatureRange}}, {{sizeScale}}, {{coloration}}, {{materials}}, {{distinctiveFeatures}}, {{lockedTraits}}, {{rarity}}, {{artDirection}}.

Preserve every locked canonical field exactly. The result must use NOVERIS Scientific Realism: premium AAA science-fiction quality, museum-grade reference presentation, scientifically plausible structure, coherent materials, restrained coloration unless canon requires otherwise, readable silhouette, consistent scale and anatomy or growth across all views, soft neutral studio lighting, pure black background for isolated references, full requested subject visibility, generous negative space, and PSD-friendly extraction. Habitat and biome outputs may use the canonical environment. No baked-in text, labels, watermark, logo, border, or UI.

Create four clearly different but canon-compliant versions. Preserve body plan or growth architecture, structural counts, environmental adaptations, materials, defining features, and locked coloration. Vary only permitted secondary proportions, markings, surface detail, minor ornamentation, natural wear, and pose or growth irregularity.

Recommended aspect ratio: 16:9.","text, labels, watermark, signature, logo, border, frame, UI, HUD, cropped subject, duplicate anatomy, contradictory anatomy, impossible balance, unsupported structures, random wings, random horns, humanoid default, fantasy armor, weapons, cartoon, anime, toy-like materials, excessive neon, excessive glow, oversaturated colors, busy background, motion blur, low resolution, compression artifacts, generic Earth copy, unsupported fantasy styling, traits conflicting with locked canon",1.0.0,canonical
