promptId,archetypeId,archetypeName,outputType,outputName,aspectRatio,positivePrompt,negativePrompt,version,status
NB2-PLT-PH-001-SNAP-TRAP-PLANT-WHOLE-PLANT,PLT-PH-001-SNAP-TRAP-PLANT,Snap-Trap Plant,whole-plant,Whole Plant Production Render,3:4,"Create a canonical NOVERIS Nano Banana 2 visual for Snap-Trap Plant: Whole Plant Production Render.

Canonical archetype:
A canonical snap-trap plant designed as a scientifically plausible plant-like or fungal organism whose anchoring, support, transport, energy capture, growth, reproduction, ecology, and environmental adaptations are internally coherent.

Required visual and biological rules:
• credible anchoring
• coherent support and transport
• functional energy collectors
• reproductive logic
• environment-linked growth

Production request:
Create complete mature organism including roots or anchor system.

Studio-resolved canonical values:
{{canonicalId}}, {{displayName}}, {{scientificName}}, {{originPlanet}}, {{planetType}}, {{biome}}, {{gravity}}, {{atmosphere}}, {{climate}}, {{temperatureRange}}, {{sizeScale}}, {{coloration}}, {{materials}}, {{distinctiveFeatures}}, {{lockedTraits}}, {{rarity}}, {{artDirection}}.

Preserve every locked canonical field exactly. The result must use NOVERIS Scientific Realism: premium AAA science-fiction quality, museum-grade reference presentation, scientifically plausible structure, coherent materials, restrained coloration unless canon requires otherwise, readable silhouette, consistent scale and anatomy or growth across all views, soft neutral studio lighting, pure black background for isolated references, full requested subject visibility, generous negative space, and PSD-friendly extraction. Habitat and biome outputs may use the canonical environment. No baked-in text, labels, watermark, logo, border, or UI.

Create four clearly different but canon-compliant versions. Preserve body plan or growth architecture, structural counts, environmental adaptations, materials, defining features, and locked coloration. Vary only permitted secondary proportions, markings, surface detail, minor ornamentation, natural wear, and pose or growth irregularity.

Recommended aspect ratio: 3:4.","text, labels, watermark, signature, logo, border, frame, UI, HUD, cropped subject, duplicate anatomy, contradictory anatomy, impossible balance, unsupported structures, random wings, random horns, humanoid default, fantasy armor, weapons, cartoon, anime, toy-like materials, excessive neon, excessive glow, oversaturated colors, busy background, motion blur, low resolution, compression artifacts, generic Earth copy, unsupported fantasy styling, traits conflicting with locked canon",1.0.0,canonical
NB2-PLT-PH-001-SNAP-TRAP-PLANT-PORTRAIT,PLT-PH-001-SNAP-TRAP-PLANT,Snap-Trap Plant,portrait,Botanical Portrait,1:1,"Create a canonical NOVERIS Nano Banana 2 visual for Snap-Trap Plant: Botanical Portrait.

Canonical archetype:
A canonical snap-trap plant designed as a scientifically plausible plant-like or fungal organism whose anchoring, support, transport, energy capture, growth, reproduction, ecology, and environmental adaptations are internally coherent.

Required visual and biological rules:
• credible anchoring
• coherent support and transport
• functional energy collectors
• reproductive logic
• environment-linked growth

Production request:
Create defining growth form, foliage, collectors and reproduction.

Studio-resolved canonical values:
{{canonicalId}}, {{displayName}}, {{scientificName}}, {{originPlanet}}, {{planetType}}, {{biome}}, {{gravity}}, {{atmosphere}}, {{climate}}, {{temperatureRange}}, {{sizeScale}}, {{coloration}}, {{materials}}, {{distinctiveFeatures}}, {{lockedTraits}}, {{rarity}}, {{artDirection}}.

Preserve every locked canonical field exactly. The result must use NOVERIS Scientific Realism: premium AAA science-fiction quality, museum-grade reference presentation, scientifically plausible structure, coherent materials, restrained coloration unless canon requires otherwise, readable silhouette, consistent scale and anatomy or growth across all views, soft neutral studio lighting, pure black background for isolated references, full requested subject visibility, generous negative space, and PSD-friendly extraction. Habitat and biome outputs may use the canonical environment. No baked-in text, labels, watermark, logo, border, or UI.

Create four clearly different but canon-compliant versions. Preserve body plan or growth architecture, structural counts, environmental adaptations, materials, defining features, and locked coloration. Vary only permitted secondary proportions, markings, surface detail, minor ornamentation, natural wear, and pose or growth irregularity.

Recommended aspect ratio: 1:1.","text, labels, watermark, signature, logo, border, frame, UI, HUD, cropped subject, duplicate anatomy, contradictory anatomy, impossible balance, unsupported structures, random wings, random horns, humanoid default, fantasy armor, weapons, cartoon, anime, toy-like materials, excessive neon, excessive glow, oversaturated colors, busy background, motion blur, low resolution, compression artifacts, generic Earth copy, unsupported fantasy styling, traits conflicting with locked canon",1.0.0,canonical
NB2-PLT-PH-001-SNAP-TRAP-PLANT-ORTHO-FRONT,PLT-PH-001-SNAP-TRAP-PLANT,Snap-Trap Plant,ortho-front,Orthographic Front,3:4,"Create a canonical NOVERIS Nano Banana 2 visual for Snap-Trap Plant: Orthographic Front.

Canonical archetype:
A canonical snap-trap plant designed as a scientifically plausible plant-like or fungal organism whose anchoring, support, transport, energy capture, growth, reproduction, ecology, and environmental adaptations are internally coherent.

Required visual and biological rules:
• credible anchoring
• coherent support and transport
• functional energy collectors
• reproductive logic
• environment-linked growth

Production request:
Create exact front orthographic view.

Studio-resolved canonical values:
{{canonicalId}}, {{displayName}}, {{scientificName}}, {{originPlanet}}, {{planetType}}, {{biome}}, {{gravity}}, {{atmosphere}}, {{climate}}, {{temperatureRange}}, {{sizeScale}}, {{coloration}}, {{materials}}, {{distinctiveFeatures}}, {{lockedTraits}}, {{rarity}}, {{artDirection}}.

Preserve every locked canonical field exactly. The result must use NOVERIS Scientific Realism: premium AAA science-fiction quality, museum-grade reference presentation, scientifically plausible structure, coherent materials, restrained coloration unless canon requires otherwise, readable silhouette, consistent scale and anatomy or growth across all views, soft neutral studio lighting, pure black background for isolated references, full requested subject visibility, generous negative space, and PSD-friendly extraction. Habitat and biome outputs may use the canonical environment. No baked-in text, labels, watermark, logo, border, or UI.

Create four clearly different but canon-compliant versions. Preserve body plan or growth architecture, structural counts, environmental adaptations, materials, defining features, and locked coloration. Vary only permitted secondary proportions, markings, surface detail, minor ornamentation, natural wear, and pose or growth irregularity.

Recommended aspect ratio: 3:4.","text, labels, watermark, signature, logo, border, frame, UI, HUD, cropped subject, duplicate anatomy, contradictory anatomy, impossible balance, unsupported structures, random wings, random horns, humanoid default, fantasy armor, weapons, cartoon, anime, toy-like materials, excessive neon, excessive glow, oversaturated colors, busy background, motion blur, low resolution, compression artifacts, generic Earth copy, unsupported fantasy styling, traits conflicting with locked canon",1.0.0,canonical
NB2-PLT-PH-001-SNAP-TRAP-PLANT-ORTHO-SIDE,PLT-PH-001-SNAP-TRAP-PLANT,Snap-Trap Plant,ortho-side,Orthographic Side,3:4,"Create a canonical NOVERIS Nano Banana 2 visual for Snap-Trap Plant: Orthographic Side.

Canonical archetype:
A canonical snap-trap plant designed as a scientifically plausible plant-like or fungal organism whose anchoring, support, transport, energy capture, growth, reproduction, ecology, and environmental adaptations are internally coherent.

Required visual and biological rules:
• credible anchoring
• coherent support and transport
• functional energy collectors
• reproductive logic
• environment-linked growth

Production request:
Create exact side orthographic view.

Studio-resolved canonical values:
{{canonicalId}}, {{displayName}}, {{scientificName}}, {{originPlanet}}, {{planetType}}, {{biome}}, {{gravity}}, {{atmosphere}}, {{climate}}, {{temperatureRange}}, {{sizeScale}}, {{coloration}}, {{materials}}, {{distinctiveFeatures}}, {{lockedTraits}}, {{rarity}}, {{artDirection}}.

Preserve every locked canonical field exactly. The result must use NOVERIS Scientific Realism: premium AAA science-fiction quality, museum-grade reference presentation, scientifically plausible structure, coherent materials, restrained coloration unless canon requires otherwise, readable silhouette, consistent scale and anatomy or growth across all views, soft neutral studio lighting, pure black background for isolated references, full requested subject visibility, generous negative space, and PSD-friendly extraction. Habitat and biome outputs may use the canonical environment. No baked-in text, labels, watermark, logo, border, or UI.

Create four clearly different but canon-compliant versions. Preserve body plan or growth architecture, structural counts, environmental adaptations, materials, defining features, and locked coloration. Vary only permitted secondary proportions, markings, surface detail, minor ornamentation, natural wear, and pose or growth irregularity.

Recommended aspect ratio: 3:4.","text, labels, watermark, signature, logo, border, frame, UI, HUD, cropped subject, duplicate anatomy, contradictory anatomy, impossible balance, unsupported structures, random wings, random horns, humanoid default, fantasy armor, weapons, cartoon, anime, toy-like materials, excessive neon, excessive glow, oversaturated colors, busy background, motion blur, low resolution, compression artifacts, generic Earth copy, unsupported fantasy styling, traits conflicting with locked canon",1.0.0,canonical
NB2-PLT-PH-001-SNAP-TRAP-PLANT-ORTHO-TOP,PLT-PH-001-SNAP-TRAP-PLANT,Snap-Trap Plant,ortho-top,Orthographic Top,1:1,"Create a canonical NOVERIS Nano Banana 2 visual for Snap-Trap Plant: Orthographic Top.

Canonical archetype:
A canonical snap-trap plant designed as a scientifically plausible plant-like or fungal organism whose anchoring, support, transport, energy capture, growth, reproduction, ecology, and environmental adaptations are internally coherent.

Required visual and biological rules:
• credible anchoring
• coherent support and transport
• functional energy collectors
• reproductive logic
• environment-linked growth

Production request:
Create exact top view showing spread and growth geometry.

Studio-resolved canonical values:
{{canonicalId}}, {{displayName}}, {{scientificName}}, {{originPlanet}}, {{planetType}}, {{biome}}, {{gravity}}, {{atmosphere}}, {{climate}}, {{temperatureRange}}, {{sizeScale}}, {{coloration}}, {{materials}}, {{distinctiveFeatures}}, {{lockedTraits}}, {{rarity}}, {{artDirection}}.

Preserve every locked canonical field exactly. The result must use NOVERIS Scientific Realism: premium AAA science-fiction quality, museum-grade reference presentation, scientifically plausible structure, coherent materials, restrained coloration unless canon requires otherwise, readable silhouette, consistent scale and anatomy or growth across all views, soft neutral studio lighting, pure black background for isolated references, full requested subject visibility, generous negative space, and PSD-friendly extraction. Habitat and biome outputs may use the canonical environment. No baked-in text, labels, watermark, logo, border, or UI.

Create four clearly different but canon-compliant versions. Preserve body plan or growth architecture, structural counts, environmental adaptations, materials, defining features, and locked coloration. Vary only permitted secondary proportions, markings, surface detail, minor ornamentation, natural wear, and pose or growth irregularity.

Recommended aspect ratio: 1:1.","text, labels, watermark, signature, logo, border, frame, UI, HUD, cropped subject, duplicate anatomy, contradictory anatomy, impossible balance, unsupported structures, random wings, random horns, humanoid default, fantasy armor, weapons, cartoon, anime, toy-like materials, excessive neon, excessive glow, oversaturated colors, busy background, motion blur, low resolution, compression artifacts, generic Earth copy, unsupported fantasy styling, traits conflicting with locked canon",1.0.0,canonical
NB2-PLT-PH-001-SNAP-TRAP-PLANT-ROOTS,PLT-PH-001-SNAP-TRAP-PLANT,Snap-Trap Plant,roots,Root or Anchor System,16:9,"Create a canonical NOVERIS Nano Banana 2 visual for Snap-Trap Plant: Root or Anchor System.

Canonical archetype:
A canonical snap-trap plant designed as a scientifically plausible plant-like or fungal organism whose anchoring, support, transport, energy capture, growth, reproduction, ecology, and environmental adaptations are internally coherent.

Required visual and biological rules:
• credible anchoring
• coherent support and transport
• functional energy collectors
• reproductive logic
• environment-linked growth

Production request:
Create complete substrate interface and nutrient exchange structures.

Studio-resolved canonical values:
{{canonicalId}}, {{displayName}}, {{scientificName}}, {{originPlanet}}, {{planetType}}, {{biome}}, {{gravity}}, {{atmosphere}}, {{climate}}, {{temperatureRange}}, {{sizeScale}}, {{coloration}}, {{materials}}, {{distinctiveFeatures}}, {{lockedTraits}}, {{rarity}}, {{artDirection}}.

Preserve every locked canonical field exactly. The result must use NOVERIS Scientific Realism: premium AAA science-fiction quality, museum-grade reference presentation, scientifically plausible structure, coherent materials, restrained coloration unless canon requires otherwise, readable silhouette, consistent scale and anatomy or growth across all views, soft neutral studio lighting, pure black background for isolated references, full requested subject visibility, generous negative space, and PSD-friendly extraction. Habitat and biome outputs may use the canonical environment. No baked-in text, labels, watermark, logo, border, or UI.

Create four clearly different but canon-compliant versions. Preserve body plan or growth architecture, structural counts, environmental adaptations, materials, defining features, and locked coloration. Vary only permitted secondary proportions, markings, surface detail, minor ornamentation, natural wear, and pose or growth irregularity.

Recommended aspect ratio: 16:9.","text, labels, watermark, signature, logo, border, frame, UI, HUD, cropped subject, duplicate anatomy, contradictory anatomy, impossible balance, unsupported structures, random wings, random horns, humanoid default, fantasy armor, weapons, cartoon, anime, toy-like materials, excessive neon, excessive glow, oversaturated colors, busy background, motion blur, low resolution, compression artifacts, generic Earth copy, unsupported fantasy styling, traits conflicting with locked canon",1.0.0,canonical
NB2-PLT-PH-001-SNAP-TRAP-PLANT-STEMS,PLT-PH-001-SNAP-TRAP-PLANT,Snap-Trap Plant,stems,"Stem, Trunk or Structural Study",16:9,"Create a canonical NOVERIS Nano Banana 2 visual for Snap-Trap Plant: Stem, Trunk or Structural Study.

Canonical archetype:
A canonical snap-trap plant designed as a scientifically plausible plant-like or fungal organism whose anchoring, support, transport, energy capture, growth, reproduction, ecology, and environmental adaptations are internally coherent.

Required visual and biological rules:
• credible anchoring
• coherent support and transport
• functional energy collectors
• reproductive logic
• environment-linked growth

Production request:
Create support and transport architecture.

Studio-resolved canonical values:
{{canonicalId}}, {{displayName}}, {{scientificName}}, {{originPlanet}}, {{planetType}}, {{biome}}, {{gravity}}, {{atmosphere}}, {{climate}}, {{temperatureRange}}, {{sizeScale}}, {{coloration}}, {{materials}}, {{distinctiveFeatures}}, {{lockedTraits}}, {{rarity}}, {{artDirection}}.

Preserve every locked canonical field exactly. The result must use NOVERIS Scientific Realism: premium AAA science-fiction quality, museum-grade reference presentation, scientifically plausible structure, coherent materials, restrained coloration unless canon requires otherwise, readable silhouette, consistent scale and anatomy or growth across all views, soft neutral studio lighting, pure black background for isolated references, full requested subject visibility, generous negative space, and PSD-friendly extraction. Habitat and biome outputs may use the canonical environment. No baked-in text, labels, watermark, logo, border, or UI.

Create four clearly different but canon-compliant versions. Preserve body plan or growth architecture, structural counts, environmental adaptations, materials, defining features, and locked coloration. Vary only permitted secondary proportions, markings, surface detail, minor ornamentation, natural wear, and pose or growth irregularity.

Recommended aspect ratio: 16:9.","text, labels, watermark, signature, logo, border, frame, UI, HUD, cropped subject, duplicate anatomy, contradictory anatomy, impossible balance, unsupported structures, random wings, random horns, humanoid default, fantasy armor, weapons, cartoon, anime, toy-like materials, excessive neon, excessive glow, oversaturated colors, busy background, motion blur, low resolution, compression artifacts, generic Earth copy, unsupported fantasy styling, traits conflicting with locked canon",1.0.0,canonical
NB2-PLT-PH-001-SNAP-TRAP-PLANT-COLLECTORS,PLT-PH-001-SNAP-TRAP-PLANT,Snap-Trap Plant,collectors,Leaves or Collector Study,16:9,"Create a canonical NOVERIS Nano Banana 2 visual for Snap-Trap Plant: Leaves or Collector Study.

Canonical archetype:
A canonical snap-trap plant designed as a scientifically plausible plant-like or fungal organism whose anchoring, support, transport, energy capture, growth, reproduction, ecology, and environmental adaptations are internally coherent.

Required visual and biological rules:
• credible anchoring
• coherent support and transport
• functional energy collectors
• reproductive logic
• environment-linked growth

Production request:
Create front, back, edge, juvenile, mature and stressed states.

Studio-resolved canonical values:
{{canonicalId}}, {{displayName}}, {{scientificName}}, {{originPlanet}}, {{planetType}}, {{biome}}, {{gravity}}, {{atmosphere}}, {{climate}}, {{temperatureRange}}, {{sizeScale}}, {{coloration}}, {{materials}}, {{distinctiveFeatures}}, {{lockedTraits}}, {{rarity}}, {{artDirection}}.

Preserve every locked canonical field exactly. The result must use NOVERIS Scientific Realism: premium AAA science-fiction quality, museum-grade reference presentation, scientifically plausible structure, coherent materials, restrained coloration unless canon requires otherwise, readable silhouette, consistent scale and anatomy or growth across all views, soft neutral studio lighting, pure black background for isolated references, full requested subject visibility, generous negative space, and PSD-friendly extraction. Habitat and biome outputs may use the canonical environment. No baked-in text, labels, watermark, logo, border, or UI.

Create four clearly different but canon-compliant versions. Preserve body plan or growth architecture, structural counts, environmental adaptations, materials, defining features, and locked coloration. Vary only permitted secondary proportions, markings, surface detail, minor ornamentation, natural wear, and pose or growth irregularity.

Recommended aspect ratio: 16:9.","text, labels, watermark, signature, logo, border, frame, UI, HUD, cropped subject, duplicate anatomy, contradictory anatomy, impossible balance, unsupported structures, random wings, random horns, humanoid default, fantasy armor, weapons, cartoon, anime, toy-like materials, excessive neon, excessive glow, oversaturated colors, busy background, motion blur, low resolution, compression artifacts, generic Earth copy, unsupported fantasy styling, traits conflicting with locked canon",1.0.0,canonical
NB2-PLT-PH-001-SNAP-TRAP-PLANT-REPRODUCTION,PLT-PH-001-SNAP-TRAP-PLANT,Snap-Trap Plant,reproduction,Reproductive Structure,16:9,"Create a canonical NOVERIS Nano Banana 2 visual for Snap-Trap Plant: Reproductive Structure.

Canonical archetype:
A canonical snap-trap plant designed as a scientifically plausible plant-like or fungal organism whose anchoring, support, transport, energy capture, growth, reproduction, ecology, and environmental adaptations are internally coherent.

Required visual and biological rules:
• credible anchoring
• coherent support and transport
• functional energy collectors
• reproductive logic
• environment-linked growth

Production request:
Create flowers, cones, spores, fields or equivalent stages.

Studio-resolved canonical values:
{{canonicalId}}, {{displayName}}, {{scientificName}}, {{originPlanet}}, {{planetType}}, {{biome}}, {{gravity}}, {{atmosphere}}, {{climate}}, {{temperatureRange}}, {{sizeScale}}, {{coloration}}, {{materials}}, {{distinctiveFeatures}}, {{lockedTraits}}, {{rarity}}, {{artDirection}}.

Preserve every locked canonical field exactly. The result must use NOVERIS Scientific Realism: premium AAA science-fiction quality, museum-grade reference presentation, scientifically plausible structure, coherent materials, restrained coloration unless canon requires otherwise, readable silhouette, consistent scale and anatomy or growth across all views, soft neutral studio lighting, pure black background for isolated references, full requested subject visibility, generous negative space, and PSD-friendly extraction. Habitat and biome outputs may use the canonical environment. No baked-in text, labels, watermark, logo, border, or UI.

Create four clearly different but canon-compliant versions. Preserve body plan or growth architecture, structural counts, environmental adaptations, materials, defining features, and locked coloration. Vary only permitted secondary proportions, markings, surface detail, minor ornamentation, natural wear, and pose or growth irregularity.

Recommended aspect ratio: 16:9.","text, labels, watermark, signature, logo, border, frame, UI, HUD, cropped subject, duplicate anatomy, contradictory anatomy, impossible balance, unsupported structures, random wings, random horns, humanoid default, fantasy armor, weapons, cartoon, anime, toy-like materials, excessive neon, excessive glow, oversaturated colors, busy background, motion blur, low resolution, compression artifacts, generic Earth copy, unsupported fantasy styling, traits conflicting with locked canon",1.0.0,canonical
NB2-PLT-PH-001-SNAP-TRAP-PLANT-PROPAGULES,PLT-PH-001-SNAP-TRAP-PLANT,Snap-Trap Plant,propagules,"Seed, Spore or Propagule Study",16:9,"Create a canonical NOVERIS Nano Banana 2 visual for Snap-Trap Plant: Seed, Spore or Propagule Study.

Canonical archetype:
A canonical snap-trap plant designed as a scientifically plausible plant-like or fungal organism whose anchoring, support, transport, energy capture, growth, reproduction, ecology, and environmental adaptations are internally coherent.

Required visual and biological rules:
• credible anchoring
• coherent support and transport
• functional energy collectors
• reproductive logic
• environment-linked growth

Production request:
Create dispersal, germination and early establishment.

Studio-resolved canonical values:
{{canonicalId}}, {{displayName}}, {{scientificName}}, {{originPlanet}}, {{planetType}}, {{biome}}, {{gravity}}, {{atmosphere}}, {{climate}}, {{temperatureRange}}, {{sizeScale}}, {{coloration}}, {{materials}}, {{distinctiveFeatures}}, {{lockedTraits}}, {{rarity}}, {{artDirection}}.

Preserve every locked canonical field exactly. The result must use NOVERIS Scientific Realism: premium AAA science-fiction quality, museum-grade reference presentation, scientifically plausible structure, coherent materials, restrained coloration unless canon requires otherwise, readable silhouette, consistent scale and anatomy or growth across all views, soft neutral studio lighting, pure black background for isolated references, full requested subject visibility, generous negative space, and PSD-friendly extraction. Habitat and biome outputs may use the canonical environment. No baked-in text, labels, watermark, logo, border, or UI.

Create four clearly different but canon-compliant versions. Preserve body plan or growth architecture, structural counts, environmental adaptations, materials, defining features, and locked coloration. Vary only permitted secondary proportions, markings, surface detail, minor ornamentation, natural wear, and pose or growth irregularity.

Recommended aspect ratio: 16:9.","text, labels, watermark, signature, logo, border, frame, UI, HUD, cropped subject, duplicate anatomy, contradictory anatomy, impossible balance, unsupported structures, random wings, random horns, humanoid default, fantasy armor, weapons, cartoon, anime, toy-like materials, excessive neon, excessive glow, oversaturated colors, busy background, motion blur, low resolution, compression artifacts, generic Earth copy, unsupported fantasy styling, traits conflicting with locked canon",1.0.0,canonical
NB2-PLT-PH-001-SNAP-TRAP-PLANT-CROSS-SECTION,PLT-PH-001-SNAP-TRAP-PLANT,Snap-Trap Plant,cross-section,Internal Cross Section,16:9,"Create a canonical NOVERIS Nano Banana 2 visual for Snap-Trap Plant: Internal Cross Section.

Canonical archetype:
A canonical snap-trap plant designed as a scientifically plausible plant-like or fungal organism whose anchoring, support, transport, energy capture, growth, reproduction, ecology, and environmental adaptations are internally coherent.

Required visual and biological rules:
• credible anchoring
• coherent support and transport
• functional energy collectors
• reproductive logic
• environment-linked growth

Production request:
Create protection, transport, support, storage and reproduction.

Studio-resolved canonical values:
{{canonicalId}}, {{displayName}}, {{scientificName}}, {{originPlanet}}, {{planetType}}, {{biome}}, {{gravity}}, {{atmosphere}}, {{climate}}, {{temperatureRange}}, {{sizeScale}}, {{coloration}}, {{materials}}, {{distinctiveFeatures}}, {{lockedTraits}}, {{rarity}}, {{artDirection}}.

Preserve every locked canonical field exactly. The result must use NOVERIS Scientific Realism: premium AAA science-fiction quality, museum-grade reference presentation, scientifically plausible structure, coherent materials, restrained coloration unless canon requires otherwise, readable silhouette, consistent scale and anatomy or growth across all views, soft neutral studio lighting, pure black background for isolated references, full requested subject visibility, generous negative space, and PSD-friendly extraction. Habitat and biome outputs may use the canonical environment. No baked-in text, labels, watermark, logo, border, or UI.

Create four clearly different but canon-compliant versions. Preserve body plan or growth architecture, structural counts, environmental adaptations, materials, defining features, and locked coloration. Vary only permitted secondary proportions, markings, surface detail, minor ornamentation, natural wear, and pose or growth irregularity.

Recommended aspect ratio: 16:9.","text, labels, watermark, signature, logo, border, frame, UI, HUD, cropped subject, duplicate anatomy, contradictory anatomy, impossible balance, unsupported structures, random wings, random horns, humanoid default, fantasy armor, weapons, cartoon, anime, toy-like materials, excessive neon, excessive glow, oversaturated colors, busy background, motion blur, low resolution, compression artifacts, generic Earth copy, unsupported fantasy styling, traits conflicting with locked canon",1.0.0,canonical
NB2-PLT-PH-001-SNAP-TRAP-PLANT-GROWTH,PLT-PH-001-SNAP-TRAP-PLANT,Snap-Trap Plant,growth,Growth Stages,16:9,"Create a canonical NOVERIS Nano Banana 2 visual for Snap-Trap Plant: Growth Stages.

Canonical archetype:
A canonical snap-trap plant designed as a scientifically plausible plant-like or fungal organism whose anchoring, support, transport, energy capture, growth, reproduction, ecology, and environmental adaptations are internally coherent.

Required visual and biological rules:
• credible anchoring
• coherent support and transport
• functional energy collectors
• reproductive logic
• environment-linked growth

Production request:
Create propagule, juvenile, mature, reproductive and senescent stages.

Studio-resolved canonical values:
{{canonicalId}}, {{displayName}}, {{scientificName}}, {{originPlanet}}, {{planetType}}, {{biome}}, {{gravity}}, {{atmosphere}}, {{climate}}, {{temperatureRange}}, {{sizeScale}}, {{coloration}}, {{materials}}, {{distinctiveFeatures}}, {{lockedTraits}}, {{rarity}}, {{artDirection}}.

Preserve every locked canonical field exactly. The result must use NOVERIS Scientific Realism: premium AAA science-fiction quality, museum-grade reference presentation, scientifically plausible structure, coherent materials, restrained coloration unless canon requires otherwise, readable silhouette, consistent scale and anatomy or growth across all views, soft neutral studio lighting, pure black background for isolated references, full requested subject visibility, generous negative space, and PSD-friendly extraction. Habitat and biome outputs may use the canonical environment. No baked-in text, labels, watermark, logo, border, or UI.

Create four clearly different but canon-compliant versions. Preserve body plan or growth architecture, structural counts, environmental adaptations, materials, defining features, and locked coloration. Vary only permitted secondary proportions, markings, surface detail, minor ornamentation, natural wear, and pose or growth irregularity.

Recommended aspect ratio: 16:9.","text, labels, watermark, signature, logo, border, frame, UI, HUD, cropped subject, duplicate anatomy, contradictory anatomy, impossible balance, unsupported structures, random wings, random horns, humanoid default, fantasy armor, weapons, cartoon, anime, toy-like materials, excessive neon, excessive glow, oversaturated colors, busy background, motion blur, low resolution, compression artifacts, generic Earth copy, unsupported fantasy styling, traits conflicting with locked canon",1.0.0,canonical
NB2-PLT-PH-001-SNAP-TRAP-PLANT-SEASONAL,PLT-PH-001-SNAP-TRAP-PLANT,Snap-Trap Plant,seasonal,Seasonal and Stress Variants,16:9,"Create a canonical NOVERIS Nano Banana 2 visual for Snap-Trap Plant: Seasonal and Stress Variants.

Canonical archetype:
A canonical snap-trap plant designed as a scientifically plausible plant-like or fungal organism whose anchoring, support, transport, energy capture, growth, reproduction, ecology, and environmental adaptations are internally coherent.

Required visual and biological rules:
• credible anchoring
• coherent support and transport
• functional energy collectors
• reproductive logic
• environment-linked growth

Production request:
Create growth, reproduction, dormancy, damage and recovery.

Studio-resolved canonical values:
{{canonicalId}}, {{displayName}}, {{scientificName}}, {{originPlanet}}, {{planetType}}, {{biome}}, {{gravity}}, {{atmosphere}}, {{climate}}, {{temperatureRange}}, {{sizeScale}}, {{coloration}}, {{materials}}, {{distinctiveFeatures}}, {{lockedTraits}}, {{rarity}}, {{artDirection}}.

Preserve every locked canonical field exactly. The result must use NOVERIS Scientific Realism: premium AAA science-fiction quality, museum-grade reference presentation, scientifically plausible structure, coherent materials, restrained coloration unless canon requires otherwise, readable silhouette, consistent scale and anatomy or growth across all views, soft neutral studio lighting, pure black background for isolated references, full requested subject visibility, generous negative space, and PSD-friendly extraction. Habitat and biome outputs may use the canonical environment. No baked-in text, labels, watermark, logo, border, or UI.

Create four clearly different but canon-compliant versions. Preserve body plan or growth architecture, structural counts, environmental adaptations, materials, defining features, and locked coloration. Vary only permitted secondary proportions, markings, surface detail, minor ornamentation, natural wear, and pose or growth irregularity.

Recommended aspect ratio: 16:9.","text, labels, watermark, signature, logo, border, frame, UI, HUD, cropped subject, duplicate anatomy, contradictory anatomy, impossible balance, unsupported structures, random wings, random horns, humanoid default, fantasy armor, weapons, cartoon, anime, toy-like materials, excessive neon, excessive glow, oversaturated colors, busy background, motion blur, low resolution, compression artifacts, generic Earth copy, unsupported fantasy styling, traits conflicting with locked canon",1.0.0,canonical
NB2-PLT-PH-001-SNAP-TRAP-PLANT-HABITAT,PLT-PH-001-SNAP-TRAP-PLANT,Snap-Trap Plant,habitat,Native Habitat Composition,16:9,"Create a canonical NOVERIS Nano Banana 2 visual for Snap-Trap Plant: Native Habitat Composition.

Canonical archetype:
A canonical snap-trap plant designed as a scientifically plausible plant-like or fungal organism whose anchoring, support, transport, energy capture, growth, reproduction, ecology, and environmental adaptations are internally coherent.

Required visual and biological rules:
• credible anchoring
• coherent support and transport
• functional energy collectors
• reproductive logic
• environment-linked growth

Production request:
Create natural population with spacing and age diversity.

Studio-resolved canonical values:
{{canonicalId}}, {{displayName}}, {{scientificName}}, {{originPlanet}}, {{planetType}}, {{biome}}, {{gravity}}, {{atmosphere}}, {{climate}}, {{temperatureRange}}, {{sizeScale}}, {{coloration}}, {{materials}}, {{distinctiveFeatures}}, {{lockedTraits}}, {{rarity}}, {{artDirection}}.

Preserve every locked canonical field exactly. The result must use NOVERIS Scientific Realism: premium AAA science-fiction quality, museum-grade reference presentation, scientifically plausible structure, coherent materials, restrained coloration unless canon requires otherwise, readable silhouette, consistent scale and anatomy or growth across all views, soft neutral studio lighting, pure black background for isolated references, full requested subject visibility, generous negative space, and PSD-friendly extraction. Habitat and biome outputs may use the canonical environment. No baked-in text, labels, watermark, logo, border, or UI.

Create four clearly different but canon-compliant versions. Preserve body plan or growth architecture, structural counts, environmental adaptations, materials, defining features, and locked coloration. Vary only permitted secondary proportions, markings, surface detail, minor ornamentation, natural wear, and pose or growth irregularity.

Recommended aspect ratio: 16:9.","text, labels, watermark, signature, logo, border, frame, UI, HUD, cropped subject, duplicate anatomy, contradictory anatomy, impossible balance, unsupported structures, random wings, random horns, humanoid default, fantasy armor, weapons, cartoon, anime, toy-like materials, excessive neon, excessive glow, oversaturated colors, busy background, motion blur, low resolution, compression artifacts, generic Earth copy, unsupported fantasy styling, traits conflicting with locked canon",1.0.0,canonical
NB2-PLT-PH-001-SNAP-TRAP-PLANT-BIOME,PLT-PH-001-SNAP-TRAP-PLANT,Snap-Trap Plant,biome,Biome Composition,16:9,"Create a canonical NOVERIS Nano Banana 2 visual for Snap-Trap Plant: Biome Composition.

Canonical archetype:
A canonical snap-trap plant designed as a scientifically plausible plant-like or fungal organism whose anchoring, support, transport, energy capture, growth, reproduction, ecology, and environmental adaptations are internally coherent.

Required visual and biological rules:
• credible anchoring
• coherent support and transport
• functional energy collectors
• reproductive logic
• environment-linked growth

Production request:
Create coordinated vegetation set at consistent scale.

Studio-resolved canonical values:
{{canonicalId}}, {{displayName}}, {{scientificName}}, {{originPlanet}}, {{planetType}}, {{biome}}, {{gravity}}, {{atmosphere}}, {{climate}}, {{temperatureRange}}, {{sizeScale}}, {{coloration}}, {{materials}}, {{distinctiveFeatures}}, {{lockedTraits}}, {{rarity}}, {{artDirection}}.

Preserve every locked canonical field exactly. The result must use NOVERIS Scientific Realism: premium AAA science-fiction quality, museum-grade reference presentation, scientifically plausible structure, coherent materials, restrained coloration unless canon requires otherwise, readable silhouette, consistent scale and anatomy or growth across all views, soft neutral studio lighting, pure black background for isolated references, full requested subject visibility, generous negative space, and PSD-friendly extraction. Habitat and biome outputs may use the canonical environment. No baked-in text, labels, watermark, logo, border, or UI.

Create four clearly different but canon-compliant versions. Preserve body plan or growth architecture, structural counts, environmental adaptations, materials, defining features, and locked coloration. Vary only permitted secondary proportions, markings, surface detail, minor ornamentation, natural wear, and pose or growth irregularity.

Recommended aspect ratio: 16:9.","text, labels, watermark, signature, logo, border, frame, UI, HUD, cropped subject, duplicate anatomy, contradictory anatomy, impossible balance, unsupported structures, random wings, random horns, humanoid default, fantasy armor, weapons, cartoon, anime, toy-like materials, excessive neon, excessive glow, oversaturated colors, busy background, motion blur, low resolution, compression artifacts, generic Earth copy, unsupported fantasy styling, traits conflicting with locked canon",1.0.0,canonical
NB2-PLT-PH-001-SNAP-TRAP-PLANT-DISCOVERY,PLT-PH-001-SNAP-TRAP-PLANT,Snap-Trap Plant,discovery,Discovery Scan,16:9,"Create a canonical NOVERIS Nano Banana 2 visual for Snap-Trap Plant: Discovery Scan.

Canonical archetype:
A canonical snap-trap plant designed as a scientifically plausible plant-like or fungal organism whose anchoring, support, transport, energy capture, growth, reproduction, ecology, and environmental adaptations are internally coherent.

Required visual and biological rules:
• credible anchoring
• coherent support and transport
• functional energy collectors
• reproductive logic
• environment-linked growth

Production request:
Create centered scientific scan source without labels.

Studio-resolved canonical values:
{{canonicalId}}, {{displayName}}, {{scientificName}}, {{originPlanet}}, {{planetType}}, {{biome}}, {{gravity}}, {{atmosphere}}, {{climate}}, {{temperatureRange}}, {{sizeScale}}, {{coloration}}, {{materials}}, {{distinctiveFeatures}}, {{lockedTraits}}, {{rarity}}, {{artDirection}}.

Preserve every locked canonical field exactly. The result must use NOVERIS Scientific Realism: premium AAA science-fiction quality, museum-grade reference presentation, scientifically plausible structure, coherent materials, restrained coloration unless canon requires otherwise, readable silhouette, consistent scale and anatomy or growth across all views, soft neutral studio lighting, pure black background for isolated references, full requested subject visibility, generous negative space, and PSD-friendly extraction. Habitat and biome outputs may use the canonical environment. No baked-in text, labels, watermark, logo, border, or UI.

Create four clearly different but canon-compliant versions. Preserve body plan or growth architecture, structural counts, environmental adaptations, materials, defining features, and locked coloration. Vary only permitted secondary proportions, markings, surface detail, minor ornamentation, natural wear, and pose or growth irregularity.

Recommended aspect ratio: 16:9.","text, labels, watermark, signature, logo, border, frame, UI, HUD, cropped subject, duplicate anatomy, contradictory anatomy, impossible balance, unsupported structures, random wings, random horns, humanoid default, fantasy armor, weapons, cartoon, anime, toy-like materials, excessive neon, excessive glow, oversaturated colors, busy background, motion blur, low resolution, compression artifacts, generic Earth copy, unsupported fantasy styling, traits conflicting with locked canon",1.0.0,canonical
NB2-PLT-PH-001-SNAP-TRAP-PLANT-ICON,PLT-PH-001-SNAP-TRAP-PLANT,Snap-Trap Plant,icon,UI Icon,1:1,"Create a canonical NOVERIS Nano Banana 2 visual for Snap-Trap Plant: UI Icon.

Canonical archetype:
A canonical snap-trap plant designed as a scientifically plausible plant-like or fungal organism whose anchoring, support, transport, energy capture, growth, reproduction, ecology, and environmental adaptations are internally coherent.

Required visual and biological rules:
• credible anchoring
• coherent support and transport
• functional energy collectors
• reproductive logic
• environment-linked growth

Production request:
Create isolated silhouette readable at 64 pixels.

Studio-resolved canonical values:
{{canonicalId}}, {{displayName}}, {{scientificName}}, {{originPlanet}}, {{planetType}}, {{biome}}, {{gravity}}, {{atmosphere}}, {{climate}}, {{temperatureRange}}, {{sizeScale}}, {{coloration}}, {{materials}}, {{distinctiveFeatures}}, {{lockedTraits}}, {{rarity}}, {{artDirection}}.

Preserve every locked canonical field exactly. The result must use NOVERIS Scientific Realism: premium AAA science-fiction quality, museum-grade reference presentation, scientifically plausible structure, coherent materials, restrained coloration unless canon requires otherwise, readable silhouette, consistent scale and anatomy or growth across all views, soft neutral studio lighting, pure black background for isolated references, full requested subject visibility, generous negative space, and PSD-friendly extraction. Habitat and biome outputs may use the canonical environment. No baked-in text, labels, watermark, logo, border, or UI.

Create four clearly different but canon-compliant versions. Preserve body plan or growth architecture, structural counts, environmental adaptations, materials, defining features, and locked coloration. Vary only permitted secondary proportions, markings, surface detail, minor ornamentation, natural wear, and pose or growth irregularity.

Recommended aspect ratio: 1:1.","text, labels, watermark, signature, logo, border, frame, UI, HUD, cropped subject, duplicate anatomy, contradictory anatomy, impossible balance, unsupported structures, random wings, random horns, humanoid default, fantasy armor, weapons, cartoon, anime, toy-like materials, excessive neon, excessive glow, oversaturated colors, busy background, motion blur, low resolution, compression artifacts, generic Earth copy, unsupported fantasy styling, traits conflicting with locked canon",1.0.0,canonical
NB2-PLT-PH-001-SNAP-TRAP-PLANT-SCALE,PLT-PH-001-SNAP-TRAP-PLANT,Snap-Trap Plant,scale,Scale Comparison,16:9,"Create a canonical NOVERIS Nano Banana 2 visual for Snap-Trap Plant: Scale Comparison.

Canonical archetype:
A canonical snap-trap plant designed as a scientifically plausible plant-like or fungal organism whose anchoring, support, transport, energy capture, growth, reproduction, ecology, and environmental adaptations are internally coherent.

Required visual and biological rules:
• credible anchoring
• coherent support and transport
• functional energy collectors
• reproductive logic
• environment-linked growth

Production request:
Create side view with adult human silhouette and one-meter bar.

Studio-resolved canonical values:
{{canonicalId}}, {{displayName}}, {{scientificName}}, {{originPlanet}}, {{planetType}}, {{biome}}, {{gravity}}, {{atmosphere}}, {{climate}}, {{temperatureRange}}, {{sizeScale}}, {{coloration}}, {{materials}}, {{distinctiveFeatures}}, {{lockedTraits}}, {{rarity}}, {{artDirection}}.

Preserve every locked canonical field exactly. The result must use NOVERIS Scientific Realism: premium AAA science-fiction quality, museum-grade reference presentation, scientifically plausible structure, coherent materials, restrained coloration unless canon requires otherwise, readable silhouette, consistent scale and anatomy or growth across all views, soft neutral studio lighting, pure black background for isolated references, full requested subject visibility, generous negative space, and PSD-friendly extraction. Habitat and biome outputs may use the canonical environment. No baked-in text, labels, watermark, logo, border, or UI.

Create four clearly different but canon-compliant versions. Preserve body plan or growth architecture, structural counts, environmental adaptations, materials, defining features, and locked coloration. Vary only permitted secondary proportions, markings, surface detail, minor ornamentation, natural wear, and pose or growth irregularity.

Recommended aspect ratio: 16:9.","text, labels, watermark, signature, logo, border, frame, UI, HUD, cropped subject, duplicate anatomy, contradictory anatomy, impossible balance, unsupported structures, random wings, random horns, humanoid default, fantasy armor, weapons, cartoon, anime, toy-like materials, excessive neon, excessive glow, oversaturated colors, busy background, motion blur, low resolution, compression artifacts, generic Earth copy, unsupported fantasy styling, traits conflicting with locked canon",1.0.0,canonical
NB2-PLT-PH-001-SNAP-TRAP-PLANT-PLATE,PLT-PH-001-SNAP-TRAP-PLANT,Snap-Trap Plant,plate,Master Botanical Plate,16:9,"Create a canonical NOVERIS Nano Banana 2 visual for Snap-Trap Plant: Master Botanical Plate.

Canonical archetype:
A canonical snap-trap plant designed as a scientifically plausible plant-like or fungal organism whose anchoring, support, transport, energy capture, growth, reproduction, ecology, and environmental adaptations are internally coherent.

Required visual and biological rules:
• credible anchoring
• coherent support and transport
• functional energy collectors
• reproductive logic
• environment-linked growth

Production request:
Create whole organism, views, roots, structure, collectors, reproduction, stages, materials and habitat vignette.

Studio-resolved canonical values:
{{canonicalId}}, {{displayName}}, {{scientificName}}, {{originPlanet}}, {{planetType}}, {{biome}}, {{gravity}}, {{atmosphere}}, {{climate}}, {{temperatureRange}}, {{sizeScale}}, {{coloration}}, {{materials}}, {{distinctiveFeatures}}, {{lockedTraits}}, {{rarity}}, {{artDirection}}.

Preserve every locked canonical field exactly. The result must use NOVERIS Scientific Realism: premium AAA science-fiction quality, museum-grade reference presentation, scientifically plausible structure, coherent materials, restrained coloration unless canon requires otherwise, readable silhouette, consistent scale and anatomy or growth across all views, soft neutral studio lighting, pure black background for isolated references, full requested subject visibility, generous negative space, and PSD-friendly extraction. Habitat and biome outputs may use the canonical environment. No baked-in text, labels, watermark, logo, border, or UI.

Create four clearly different but canon-compliant versions. Preserve body plan or growth architecture, structural counts, environmental adaptations, materials, defining features, and locked coloration. Vary only permitted secondary proportions, markings, surface detail, minor ornamentation, natural wear, and pose or growth irregularity.

Recommended aspect ratio: 16:9.","text, labels, watermark, signature, logo, border, frame, UI, HUD, cropped subject, duplicate anatomy, contradictory anatomy, impossible balance, unsupported structures, random wings, random horns, humanoid default, fantasy armor, weapons, cartoon, anime, toy-like materials, excessive neon, excessive glow, oversaturated colors, busy background, motion blur, low resolution, compression artifacts, generic Earth copy, unsupported fantasy styling, traits conflicting with locked canon",1.0.0,canonical
NB2-PLT-PH-001-SNAP-TRAP-PLANT-PSD,PLT-PH-001-SNAP-TRAP-PLANT,Snap-Trap Plant,psd,PSD Extraction Board,16:9,"Create a canonical NOVERIS Nano Banana 2 visual for Snap-Trap Plant: PSD Extraction Board.

Canonical archetype:
A canonical snap-trap plant designed as a scientifically plausible plant-like or fungal organism whose anchoring, support, transport, energy capture, growth, reproduction, ecology, and environmental adaptations are internally coherent.

Required visual and biological rules:
• credible anchoring
• coherent support and transport
• functional energy collectors
• reproductive logic
• environment-linked growth

Production request:
Create isolated whole organism, parts, silhouette and material references.

Studio-resolved canonical values:
{{canonicalId}}, {{displayName}}, {{scientificName}}, {{originPlanet}}, {{planetType}}, {{biome}}, {{gravity}}, {{atmosphere}}, {{climate}}, {{temperatureRange}}, {{sizeScale}}, {{coloration}}, {{materials}}, {{distinctiveFeatures}}, {{lockedTraits}}, {{rarity}}, {{artDirection}}.

Preserve every locked canonical field exactly. The result must use NOVERIS Scientific Realism: premium AAA science-fiction quality, museum-grade reference presentation, scientifically plausible structure, coherent materials, restrained coloration unless canon requires otherwise, readable silhouette, consistent scale and anatomy or growth across all views, soft neutral studio lighting, pure black background for isolated references, full requested subject visibility, generous negative space, and PSD-friendly extraction. Habitat and biome outputs may use the canonical environment. No baked-in text, labels, watermark, logo, border, or UI.

Create four clearly different but canon-compliant versions. Preserve body plan or growth architecture, structural counts, environmental adaptations, materials, defining features, and locked coloration. Vary only permitted secondary proportions, markings, surface detail, minor ornamentation, natural wear, and pose or growth irregularity.

Recommended aspect ratio: 16:9.","text, labels, watermark, signature, logo, border, frame, UI, HUD, cropped subject, duplicate anatomy, contradictory anatomy, impossible balance, unsupported structures, random wings, random horns, humanoid default, fantasy armor, weapons, cartoon, anime, toy-like materials, excessive neon, excessive glow, oversaturated colors, busy background, motion blur, low resolution, compression artifacts, generic Earth copy, unsupported fantasy styling, traits conflicting with locked canon",1.0.0,canonical
NB2-PLT-PH-002-PITFALL-PLANT-WHOLE-PLANT,PLT-PH-002-PITFALL-PLANT,Pitfall Plant,whole-plant,Whole Plant Production Render,3:4,"Create a canonical NOVERIS Nano Banana 2 visual for Pitfall Plant: Whole Plant Production Render.

Canonical archetype:
A canonical pitfall plant designed as a scientifically plausible plant-like or fungal organism whose anchoring, support, transport, energy capture, growth, reproduction, ecology, and environmental adaptations are internally coherent.

Required visual and biological rules:
• credible anchoring
• coherent support and transport
• functional energy collectors
• reproductive logic
• environment-linked growth

Production request:
Create complete mature organism including roots or anchor system.

Studio-resolved canonical values:
{{canonicalId}}, {{displayName}}, {{scientificName}}, {{originPlanet}}, {{planetType}}, {{biome}}, {{gravity}}, {{atmosphere}}, {{climate}}, {{temperatureRange}}, {{sizeScale}}, {{coloration}}, {{materials}}, {{distinctiveFeatures}}, {{lockedTraits}}, {{rarity}}, {{artDirection}}.

Preserve every locked canonical field exactly. The result must use NOVERIS Scientific Realism: premium AAA science-fiction quality, museum-grade reference presentation, scientifically plausible structure, coherent materials, restrained coloration unless canon requires otherwise, readable silhouette, consistent scale and anatomy or growth across all views, soft neutral studio lighting, pure black background for isolated references, full requested subject visibility, generous negative space, and PSD-friendly extraction. Habitat and biome outputs may use the canonical environment. No baked-in text, labels, watermark, logo, border, or UI.

Create four clearly different but canon-compliant versions. Preserve body plan or growth architecture, structural counts, environmental adaptations, materials, defining features, and locked coloration. Vary only permitted secondary proportions, markings, surface detail, minor ornamentation, natural wear, and pose or growth irregularity.

Recommended aspect ratio: 3:4.","text, labels, watermark, signature, logo, border, frame, UI, HUD, cropped subject, duplicate anatomy, contradictory anatomy, impossible balance, unsupported structures, random wings, random horns, humanoid default, fantasy armor, weapons, cartoon, anime, toy-like materials, excessive neon, excessive glow, oversaturated colors, busy background, motion blur, low resolution, compression artifacts, generic Earth copy, unsupported fantasy styling, traits conflicting with locked canon",1.0.0,canonical
NB2-PLT-PH-002-PITFALL-PLANT-PORTRAIT,PLT-PH-002-PITFALL-PLANT,Pitfall Plant,portrait,Botanical Portrait,1:1,"Create a canonical NOVERIS Nano Banana 2 visual for Pitfall Plant: Botanical Portrait.

Canonical archetype:
A canonical pitfall plant designed as a scientifically plausible plant-like or fungal organism whose anchoring, support, transport, energy capture, growth, reproduction, ecology, and environmental adaptations are internally coherent.

Required visual and biological rules:
• credible anchoring
• coherent support and transport
• functional energy collectors
• reproductive logic
• environment-linked growth

Production request:
Create defining growth form, foliage, collectors and reproduction.

Studio-resolved canonical values:
{{canonicalId}}, {{displayName}}, {{scientificName}}, {{originPlanet}}, {{planetType}}, {{biome}}, {{gravity}}, {{atmosphere}}, {{climate}}, {{temperatureRange}}, {{sizeScale}}, {{coloration}}, {{materials}}, {{distinctiveFeatures}}, {{lockedTraits}}, {{rarity}}, {{artDirection}}.

Preserve every locked canonical field exactly. The result must use NOVERIS Scientific Realism: premium AAA science-fiction quality, museum-grade reference presentation, scientifically plausible structure, coherent materials, restrained coloration unless canon requires otherwise, readable silhouette, consistent scale and anatomy or growth across all views, soft neutral studio lighting, pure black background for isolated references, full requested subject visibility, generous negative space, and PSD-friendly extraction. Habitat and biome outputs may use the canonical environment. No baked-in text, labels, watermark, logo, border, or UI.

Create four clearly different but canon-compliant versions. Preserve body plan or growth architecture, structural counts, environmental adaptations, materials, defining features, and locked coloration. Vary only permitted secondary proportions, markings, surface detail, minor ornamentation, natural wear, and pose or growth irregularity.

Recommended aspect ratio: 1:1.","text, labels, watermark, signature, logo, border, frame, UI, HUD, cropped subject, duplicate anatomy, contradictory anatomy, impossible balance, unsupported structures, random wings, random horns, humanoid default, fantasy armor, weapons, cartoon, anime, toy-like materials, excessive neon, excessive glow, oversaturated colors, busy background, motion blur, low resolution, compression artifacts, generic Earth copy, unsupported fantasy styling, traits conflicting with locked canon",1.0.0,canonical
NB2-PLT-PH-002-PITFALL-PLANT-ORTHO-FRONT,PLT-PH-002-PITFALL-PLANT,Pitfall Plant,ortho-front,Orthographic Front,3:4,"Create a canonical NOVERIS Nano Banana 2 visual for Pitfall Plant: Orthographic Front.

Canonical archetype:
A canonical pitfall plant designed as a scientifically plausible plant-like or fungal organism whose anchoring, support, transport, energy capture, growth, reproduction, ecology, and environmental adaptations are internally coherent.

Required visual and biological rules:
• credible anchoring
• coherent support and transport
• functional energy collectors
• reproductive logic
• environment-linked growth

Production request:
Create exact front orthographic view.

Studio-resolved canonical values:
{{canonicalId}}, {{displayName}}, {{scientificName}}, {{originPlanet}}, {{planetType}}, {{biome}}, {{gravity}}, {{atmosphere}}, {{climate}}, {{temperatureRange}}, {{sizeScale}}, {{coloration}}, {{materials}}, {{distinctiveFeatures}}, {{lockedTraits}}, {{rarity}}, {{artDirection}}.

Preserve every locked canonical field exactly. The result must use NOVERIS Scientific Realism: premium AAA science-fiction quality, museum-grade reference presentation, scientifically plausible structure, coherent materials, restrained coloration unless canon requires otherwise, readable silhouette, consistent scale and anatomy or growth across all views, soft neutral studio lighting, pure black background for isolated references, full requested subject visibility, generous negative space, and PSD-friendly extraction. Habitat and biome outputs may use the canonical environment. No baked-in text, labels, watermark, logo, border, or UI.

Create four clearly different but canon-compliant versions. Preserve body plan or growth architecture, structural counts, environmental adaptations, materials, defining features, and locked coloration. Vary only permitted secondary proportions, markings, surface detail, minor ornamentation, natural wear, and pose or growth irregularity.

Recommended aspect ratio: 3:4.","text, labels, watermark, signature, logo, border, frame, UI, HUD, cropped subject, duplicate anatomy, contradictory anatomy, impossible balance, unsupported structures, random wings, random horns, humanoid default, fantasy armor, weapons, cartoon, anime, toy-like materials, excessive neon, excessive glow, oversaturated colors, busy background, motion blur, low resolution, compression artifacts, generic Earth copy, unsupported fantasy styling, traits conflicting with locked canon",1.0.0,canonical
NB2-PLT-PH-002-PITFALL-PLANT-ORTHO-SIDE,PLT-PH-002-PITFALL-PLANT,Pitfall Plant,ortho-side,Orthographic Side,3:4,"Create a canonical NOVERIS Nano Banana 2 visual for Pitfall Plant: Orthographic Side.

Canonical archetype:
A canonical pitfall plant designed as a scientifically plausible plant-like or fungal organism whose anchoring, support, transport, energy capture, growth, reproduction, ecology, and environmental adaptations are internally coherent.

Required visual and biological rules:
• credible anchoring
• coherent support and transport
• functional energy collectors
• reproductive logic
• environment-linked growth

Production request:
Create exact side orthographic view.

Studio-resolved canonical values:
{{canonicalId}}, {{displayName}}, {{scientificName}}, {{originPlanet}}, {{planetType}}, {{biome}}, {{gravity}}, {{atmosphere}}, {{climate}}, {{temperatureRange}}, {{sizeScale}}, {{coloration}}, {{materials}}, {{distinctiveFeatures}}, {{lockedTraits}}, {{rarity}}, {{artDirection}}.

Preserve every locked canonical field exactly. The result must use NOVERIS Scientific Realism: premium AAA science-fiction quality, museum-grade reference presentation, scientifically plausible structure, coherent materials, restrained coloration unless canon requires otherwise, readable silhouette, consistent scale and anatomy or growth across all views, soft neutral studio lighting, pure black background for isolated references, full requested subject visibility, generous negative space, and PSD-friendly extraction. Habitat and biome outputs may use the canonical environment. No baked-in text, labels, watermark, logo, border, or UI.

Create four clearly different but canon-compliant versions. Preserve body plan or growth architecture, structural counts, environmental adaptations, materials, defining features, and locked coloration. Vary only permitted secondary proportions, markings, surface detail, minor ornamentation, natural wear, and pose or growth irregularity.

Recommended aspect ratio: 3:4.","text, labels, watermark, signature, logo, border, frame, UI, HUD, cropped subject, duplicate anatomy, contradictory anatomy, impossible balance, unsupported structures, random wings, random horns, humanoid default, fantasy armor, weapons, cartoon, anime, toy-like materials, excessive neon, excessive glow, oversaturated colors, busy background, motion blur, low resolution, compression artifacts, generic Earth copy, unsupported fantasy styling, traits conflicting with locked canon",1.0.0,canonical
NB2-PLT-PH-002-PITFALL-PLANT-ORTHO-TOP,PLT-PH-002-PITFALL-PLANT,Pitfall Plant,ortho-top,Orthographic Top,1:1,"Create a canonical NOVERIS Nano Banana 2 visual for Pitfall Plant: Orthographic Top.

Canonical archetype:
A canonical pitfall plant designed as a scientifically plausible plant-like or fungal organism whose anchoring, support, transport, energy capture, growth, reproduction, ecology, and environmental adaptations are internally coherent.

Required visual and biological rules:
• credible anchoring
• coherent support and transport
• functional energy collectors
• reproductive logic
• environment-linked growth

Production request:
Create exact top view showing spread and growth geometry.

Studio-resolved canonical values:
{{canonicalId}}, {{displayName}}, {{scientificName}}, {{originPlanet}}, {{planetType}}, {{biome}}, {{gravity}}, {{atmosphere}}, {{climate}}, {{temperatureRange}}, {{sizeScale}}, {{coloration}}, {{materials}}, {{distinctiveFeatures}}, {{lockedTraits}}, {{rarity}}, {{artDirection}}.

Preserve every locked canonical field exactly. The result must use NOVERIS Scientific Realism: premium AAA science-fiction quality, museum-grade reference presentation, scientifically plausible structure, coherent materials, restrained coloration unless canon requires otherwise, readable silhouette, consistent scale and anatomy or growth across all views, soft neutral studio lighting, pure black background for isolated references, full requested subject visibility, generous negative space, and PSD-friendly extraction. Habitat and biome outputs may use the canonical environment. No baked-in text, labels, watermark, logo, border, or UI.

Create four clearly different but canon-compliant versions. Preserve body plan or growth architecture, structural counts, environmental adaptations, materials, defining features, and locked coloration. Vary only permitted secondary proportions, markings, surface detail, minor ornamentation, natural wear, and pose or growth irregularity.

Recommended aspect ratio: 1:1.","text, labels, watermark, signature, logo, border, frame, UI, HUD, cropped subject, duplicate anatomy, contradictory anatomy, impossible balance, unsupported structures, random wings, random horns, humanoid default, fantasy armor, weapons, cartoon, anime, toy-like materials, excessive neon, excessive glow, oversaturated colors, busy background, motion blur, low resolution, compression artifacts, generic Earth copy, unsupported fantasy styling, traits conflicting with locked canon",1.0.0,canonical
NB2-PLT-PH-002-PITFALL-PLANT-ROOTS,PLT-PH-002-PITFALL-PLANT,Pitfall Plant,roots,Root or Anchor System,16:9,"Create a canonical NOVERIS Nano Banana 2 visual for Pitfall Plant: Root or Anchor System.

Canonical archetype:
A canonical pitfall plant designed as a scientifically plausible plant-like or fungal organism whose anchoring, support, transport, energy capture, growth, reproduction, ecology, and environmental adaptations are internally coherent.

Required visual and biological rules:
• credible anchoring
• coherent support and transport
• functional energy collectors
• reproductive logic
• environment-linked growth

Production request:
Create complete substrate interface and nutrient exchange structures.

Studio-resolved canonical values:
{{canonicalId}}, {{displayName}}, {{scientificName}}, {{originPlanet}}, {{planetType}}, {{biome}}, {{gravity}}, {{atmosphere}}, {{climate}}, {{temperatureRange}}, {{sizeScale}}, {{coloration}}, {{materials}}, {{distinctiveFeatures}}, {{lockedTraits}}, {{rarity}}, {{artDirection}}.

Preserve every locked canonical field exactly. The result must use NOVERIS Scientific Realism: premium AAA science-fiction quality, museum-grade reference presentation, scientifically plausible structure, coherent materials, restrained coloration unless canon requires otherwise, readable silhouette, consistent scale and anatomy or growth across all views, soft neutral studio lighting, pure black background for isolated references, full requested subject visibility, generous negative space, and PSD-friendly extraction. Habitat and biome outputs may use the canonical environment. No baked-in text, labels, watermark, logo, border, or UI.

Create four clearly different but canon-compliant versions. Preserve body plan or growth architecture, structural counts, environmental adaptations, materials, defining features, and locked coloration. Vary only permitted secondary proportions, markings, surface detail, minor ornamentation, natural wear, and pose or growth irregularity.

Recommended aspect ratio: 16:9.","text, labels, watermark, signature, logo, border, frame, UI, HUD, cropped subject, duplicate anatomy, contradictory anatomy, impossible balance, unsupported structures, random wings, random horns, humanoid default, fantasy armor, weapons, cartoon, anime, toy-like materials, excessive neon, excessive glow, oversaturated colors, busy background, motion blur, low resolution, compression artifacts, generic Earth copy, unsupported fantasy styling, traits conflicting with locked canon",1.0.0,canonical
NB2-PLT-PH-002-PITFALL-PLANT-STEMS,PLT-PH-002-PITFALL-PLANT,Pitfall Plant,stems,"Stem, Trunk or Structural Study",16:9,"Create a canonical NOVERIS Nano Banana 2 visual for Pitfall Plant: Stem, Trunk or Structural Study.

Canonical archetype:
A canonical pitfall plant designed as a scientifically plausible plant-like or fungal organism whose anchoring, support, transport, energy capture, growth, reproduction, ecology, and environmental adaptations are internally coherent.

Required visual and biological rules:
• credible anchoring
• coherent support and transport
• functional energy collectors
• reproductive logic
• environment-linked growth

Production request:
Create support and transport architecture.

Studio-resolved canonical values:
{{canonicalId}}, {{displayName}}, {{scientificName}}, {{originPlanet}}, {{planetType}}, {{biome}}, {{gravity}}, {{atmosphere}}, {{climate}}, {{temperatureRange}}, {{sizeScale}}, {{coloration}}, {{materials}}, {{distinctiveFeatures}}, {{lockedTraits}}, {{rarity}}, {{artDirection}}.

Preserve every locked canonical field exactly. The result must use NOVERIS Scientific Realism: premium AAA science-fiction quality, museum-grade reference presentation, scientifically plausible structure, coherent materials, restrained coloration unless canon requires otherwise, readable silhouette, consistent scale and anatomy or growth across all views, soft neutral studio lighting, pure black background for isolated references, full requested subject visibility, generous negative space, and PSD-friendly extraction. Habitat and biome outputs may use the canonical environment. No baked-in text, labels, watermark, logo, border, or UI.

Create four clearly different but canon-compliant versions. Preserve body plan or growth architecture, structural counts, environmental adaptations, materials, defining features, and locked coloration. Vary only permitted secondary proportions, markings, surface detail, minor ornamentation, natural wear, and pose or growth irregularity.

Recommended aspect ratio: 16:9.","text, labels, watermark, signature, logo, border, frame, UI, HUD, cropped subject, duplicate anatomy, contradictory anatomy, impossible balance, unsupported structures, random wings, random horns, humanoid default, fantasy armor, weapons, cartoon, anime, toy-like materials, excessive neon, excessive glow, oversaturated colors, busy background, motion blur, low resolution, compression artifacts, generic Earth copy, unsupported fantasy styling, traits conflicting with locked canon",1.0.0,canonical
NB2-PLT-PH-002-PITFALL-PLANT-COLLECTORS,PLT-PH-002-PITFALL-PLANT,Pitfall Plant,collectors,Leaves or Collector Study,16:9,"Create a canonical NOVERIS Nano Banana 2 visual for Pitfall Plant: Leaves or Collector Study.

Canonical archetype:
A canonical pitfall plant designed as a scientifically plausible plant-like or fungal organism whose anchoring, support, transport, energy capture, growth, reproduction, ecology, and environmental adaptations are internally coherent.

Required visual and biological rules:
• credible anchoring
• coherent support and transport
• functional energy collectors
• reproductive logic
• environment-linked growth

Production request:
Create front, back, edge, juvenile, mature and stressed states.

Studio-resolved canonical values:
{{canonicalId}}, {{displayName}}, {{scientificName}}, {{originPlanet}}, {{planetType}}, {{biome}}, {{gravity}}, {{atmosphere}}, {{climate}}, {{temperatureRange}}, {{sizeScale}}, {{coloration}}, {{materials}}, {{distinctiveFeatures}}, {{lockedTraits}}, {{rarity}}, {{artDirection}}.

Preserve every locked canonical field exactly. The result must use NOVERIS Scientific Realism: premium AAA science-fiction quality, museum-grade reference presentation, scientifically plausible structure, coherent materials, restrained coloration unless canon requires otherwise, readable silhouette, consistent scale and anatomy or growth across all views, soft neutral studio lighting, pure black background for isolated references, full requested subject visibility, generous negative space, and PSD-friendly extraction. Habitat and biome outputs may use the canonical environment. No baked-in text, labels, watermark, logo, border, or UI.

Create four clearly different but canon-compliant versions. Preserve body plan or growth architecture, structural counts, environmental adaptations, materials, defining features, and locked coloration. Vary only permitted secondary proportions, markings, surface detail, minor ornamentation, natural wear, and pose or growth irregularity.

Recommended aspect ratio: 16:9.","text, labels, watermark, signature, logo, border, frame, UI, HUD, cropped subject, duplicate anatomy, contradictory anatomy, impossible balance, unsupported structures, random wings, random horns, humanoid default, fantasy armor, weapons, cartoon, anime, toy-like materials, excessive neon, excessive glow, oversaturated colors, busy background, motion blur, low resolution, compression artifacts, generic Earth copy, unsupported fantasy styling, traits conflicting with locked canon",1.0.0,canonical
NB2-PLT-PH-002-PITFALL-PLANT-REPRODUCTION,PLT-PH-002-PITFALL-PLANT,Pitfall Plant,reproduction,Reproductive Structure,16:9,"Create a canonical NOVERIS Nano Banana 2 visual for Pitfall Plant: Reproductive Structure.

Canonical archetype:
A canonical pitfall plant designed as a scientifically plausible plant-like or fungal organism whose anchoring, support, transport, energy capture, growth, reproduction, ecology, and environmental adaptations are internally coherent.

Required visual and biological rules:
• credible anchoring
• coherent support and transport
• functional energy collectors
• reproductive logic
• environment-linked growth

Production request:
Create flowers, cones, spores, fields or equivalent stages.

Studio-resolved canonical values:
{{canonicalId}}, {{displayName}}, {{scientificName}}, {{originPlanet}}, {{planetType}}, {{biome}}, {{gravity}}, {{atmosphere}}, {{climate}}, {{temperatureRange}}, {{sizeScale}}, {{coloration}}, {{materials}}, {{distinctiveFeatures}}, {{lockedTraits}}, {{rarity}}, {{artDirection}}.

Preserve every locked canonical field exactly. The result must use NOVERIS Scientific Realism: premium AAA science-fiction quality, museum-grade reference presentation, scientifically plausible structure, coherent materials, restrained coloration unless canon requires otherwise, readable silhouette, consistent scale and anatomy or growth across all views, soft neutral studio lighting, pure black background for isolated references, full requested subject visibility, generous negative space, and PSD-friendly extraction. Habitat and biome outputs may use the canonical environment. No baked-in text, labels, watermark, logo, border, or UI.

Create four clearly different but canon-compliant versions. Preserve body plan or growth architecture, structural counts, environmental adaptations, materials, defining features, and locked coloration. Vary only permitted secondary proportions, markings, surface detail, minor ornamentation, natural wear, and pose or growth irregularity.

Recommended aspect ratio: 16:9.","text, labels, watermark, signature, logo, border, frame, UI, HUD, cropped subject, duplicate anatomy, contradictory anatomy, impossible balance, unsupported structures, random wings, random horns, humanoid default, fantasy armor, weapons, cartoon, anime, toy-like materials, excessive neon, excessive glow, oversaturated colors, busy background, motion blur, low resolution, compression artifacts, generic Earth copy, unsupported fantasy styling, traits conflicting with locked canon",1.0.0,canonical
NB2-PLT-PH-002-PITFALL-PLANT-PROPAGULES,PLT-PH-002-PITFALL-PLANT,Pitfall Plant,propagules,"Seed, Spore or Propagule Study",16:9,"Create a canonical NOVERIS Nano Banana 2 visual for Pitfall Plant: Seed, Spore or Propagule Study.

Canonical archetype:
A canonical pitfall plant designed as a scientifically plausible plant-like or fungal organism whose anchoring, support, transport, energy capture, growth, reproduction, ecology, and environmental adaptations are internally coherent.

Required visual and biological rules:
• credible anchoring
• coherent support and transport
• functional energy collectors
• reproductive logic
• environment-linked growth

Production request:
Create dispersal, germination and early establishment.

Studio-resolved canonical values:
{{canonicalId}}, {{displayName}}, {{scientificName}}, {{originPlanet}}, {{planetType}}, {{biome}}, {{gravity}}, {{atmosphere}}, {{climate}}, {{temperatureRange}}, {{sizeScale}}, {{coloration}}, {{materials}}, {{distinctiveFeatures}}, {{lockedTraits}}, {{rarity}}, {{artDirection}}.

Preserve every locked canonical field exactly. The result must use NOVERIS Scientific Realism: premium AAA science-fiction quality, museum-grade reference presentation, scientifically plausible structure, coherent materials, restrained coloration unless canon requires otherwise, readable silhouette, consistent scale and anatomy or growth across all views, soft neutral studio lighting, pure black background for isolated references, full requested subject visibility, generous negative space, and PSD-friendly extraction. Habitat and biome outputs may use the canonical environment. No baked-in text, labels, watermark, logo, border, or UI.

Create four clearly different but canon-compliant versions. Preserve body plan or growth architecture, structural counts, environmental adaptations, materials, defining features, and locked coloration. Vary only permitted secondary proportions, markings, surface detail, minor ornamentation, natural wear, and pose or growth irregularity.

Recommended aspect ratio: 16:9.","text, labels, watermark, signature, logo, border, frame, UI, HUD, cropped subject, duplicate anatomy, contradictory anatomy, impossible balance, unsupported structures, random wings, random horns, humanoid default, fantasy armor, weapons, cartoon, anime, toy-like materials, excessive neon, excessive glow, oversaturated colors, busy background, motion blur, low resolution, compression artifacts, generic Earth copy, unsupported fantasy styling, traits conflicting with locked canon",1.0.0,canonical
NB2-PLT-PH-002-PITFALL-PLANT-CROSS-SECTION,PLT-PH-002-PITFALL-PLANT,Pitfall Plant,cross-section,Internal Cross Section,16:9,"Create a canonical NOVERIS Nano Banana 2 visual for Pitfall Plant: Internal Cross Section.

Canonical archetype:
A canonical pitfall plant designed as a scientifically plausible plant-like or fungal organism whose anchoring, support, transport, energy capture, growth, reproduction, ecology, and environmental adaptations are internally coherent.

Required visual and biological rules:
• credible anchoring
• coherent support and transport
• functional energy collectors
• reproductive logic
• environment-linked growth

Production request:
Create protection, transport, support, storage and reproduction.

Studio-resolved canonical values:
{{canonicalId}}, {{displayName}}, {{scientificName}}, {{originPlanet}}, {{planetType}}, {{biome}}, {{gravity}}, {{atmosphere}}, {{climate}}, {{temperatureRange}}, {{sizeScale}}, {{coloration}}, {{materials}}, {{distinctiveFeatures}}, {{lockedTraits}}, {{rarity}}, {{artDirection}}.

Preserve every locked canonical field exactly. The result must use NOVERIS Scientific Realism: premium AAA science-fiction quality, museum-grade reference presentation, scientifically plausible structure, coherent materials, restrained coloration unless canon requires otherwise, readable silhouette, consistent scale and anatomy or growth across all views, soft neutral studio lighting, pure black background for isolated references, full requested subject visibility, generous negative space, and PSD-friendly extraction. Habitat and biome outputs may use the canonical environment. No baked-in text, labels, watermark, logo, border, or UI.

Create four clearly different but canon-compliant versions. Preserve body plan or growth architecture, structural counts, environmental adaptations, materials, defining features, and locked coloration. Vary only permitted secondary proportions, markings, surface detail, minor ornamentation, natural wear, and pose or growth irregularity.

Recommended aspect ratio: 16:9.","text, labels, watermark, signature, logo, border, frame, UI, HUD, cropped subject, duplicate anatomy, contradictory anatomy, impossible balance, unsupported structures, random wings, random horns, humanoid default, fantasy armor, weapons, cartoon, anime, toy-like materials, excessive neon, excessive glow, oversaturated colors, busy background, motion blur, low resolution, compression artifacts, generic Earth copy, unsupported fantasy styling, traits conflicting with locked canon",1.0.0,canonical
NB2-PLT-PH-002-PITFALL-PLANT-GROWTH,PLT-PH-002-PITFALL-PLANT,Pitfall Plant,growth,Growth Stages,16:9,"Create a canonical NOVERIS Nano Banana 2 visual for Pitfall Plant: Growth Stages.

Canonical archetype:
A canonical pitfall plant designed as a scientifically plausible plant-like or fungal organism whose anchoring, support, transport, energy capture, growth, reproduction, ecology, and environmental adaptations are internally coherent.

Required visual and biological rules:
• credible anchoring
• coherent support and transport
• functional energy collectors
• reproductive logic
• environment-linked growth

Production request:
Create propagule, juvenile, mature, reproductive and senescent stages.

Studio-resolved canonical values:
{{canonicalId}}, {{displayName}}, {{scientificName}}, {{originPlanet}}, {{planetType}}, {{biome}}, {{gravity}}, {{atmosphere}}, {{climate}}, {{temperatureRange}}, {{sizeScale}}, {{coloration}}, {{materials}}, {{distinctiveFeatures}}, {{lockedTraits}}, {{rarity}}, {{artDirection}}.

Preserve every locked canonical field exactly. The result must use NOVERIS Scientific Realism: premium AAA science-fiction quality, museum-grade reference presentation, scientifically plausible structure, coherent materials, restrained coloration unless canon requires otherwise, readable silhouette, consistent scale and anatomy or growth across all views, soft neutral studio lighting, pure black background for isolated references, full requested subject visibility, generous negative space, and PSD-friendly extraction. Habitat and biome outputs may use the canonical environment. No baked-in text, labels, watermark, logo, border, or UI.

Create four clearly different but canon-compliant versions. Preserve body plan or growth architecture, structural counts, environmental adaptations, materials, defining features, and locked coloration. Vary only permitted secondary proportions, markings, surface detail, minor ornamentation, natural wear, and pose or growth irregularity.

Recommended aspect ratio: 16:9.","text, labels, watermark, signature, logo, border, frame, UI, HUD, cropped subject, duplicate anatomy, contradictory anatomy, impossible balance, unsupported structures, random wings, random horns, humanoid default, fantasy armor, weapons, cartoon, anime, toy-like materials, excessive neon, excessive glow, oversaturated colors, busy background, motion blur, low resolution, compression artifacts, generic Earth copy, unsupported fantasy styling, traits conflicting with locked canon",1.0.0,canonical
NB2-PLT-PH-002-PITFALL-PLANT-SEASONAL,PLT-PH-002-PITFALL-PLANT,Pitfall Plant,seasonal,Seasonal and Stress Variants,16:9,"Create a canonical NOVERIS Nano Banana 2 visual for Pitfall Plant: Seasonal and Stress Variants.

Canonical archetype:
A canonical pitfall plant designed as a scientifically plausible plant-like or fungal organism whose anchoring, support, transport, energy capture, growth, reproduction, ecology, and environmental adaptations are internally coherent.

Required visual and biological rules:
• credible anchoring
• coherent support and transport
• functional energy collectors
• reproductive logic
• environment-linked growth

Production request:
Create growth, reproduction, dormancy, damage and recovery.

Studio-resolved canonical values:
{{canonicalId}}, {{displayName}}, {{scientificName}}, {{originPlanet}}, {{planetType}}, {{biome}}, {{gravity}}, {{atmosphere}}, {{climate}}, {{temperatureRange}}, {{sizeScale}}, {{coloration}}, {{materials}}, {{distinctiveFeatures}}, {{lockedTraits}}, {{rarity}}, {{artDirection}}.

Preserve every locked canonical field exactly. The result must use NOVERIS Scientific Realism: premium AAA science-fiction quality, museum-grade reference presentation, scientifically plausible structure, coherent materials, restrained coloration unless canon requires otherwise, readable silhouette, consistent scale and anatomy or growth across all views, soft neutral studio lighting, pure black background for isolated references, full requested subject visibility, generous negative space, and PSD-friendly extraction. Habitat and biome outputs may use the canonical environment. No baked-in text, labels, watermark, logo, border, or UI.

Create four clearly different but canon-compliant versions. Preserve body plan or growth architecture, structural counts, environmental adaptations, materials, defining features, and locked coloration. Vary only permitted secondary proportions, markings, surface detail, minor ornamentation, natural wear, and pose or growth irregularity.

Recommended aspect ratio: 16:9.","text, labels, watermark, signature, logo, border, frame, UI, HUD, cropped subject, duplicate anatomy, contradictory anatomy, impossible balance, unsupported structures, random wings, random horns, humanoid default, fantasy armor, weapons, cartoon, anime, toy-like materials, excessive neon, excessive glow, oversaturated colors, busy background, motion blur, low resolution, compression artifacts, generic Earth copy, unsupported fantasy styling, traits conflicting with locked canon",1.0.0,canonical
NB2-PLT-PH-002-PITFALL-PLANT-HABITAT,PLT-PH-002-PITFALL-PLANT,Pitfall Plant,habitat,Native Habitat Composition,16:9,"Create a canonical NOVERIS Nano Banana 2 visual for Pitfall Plant: Native Habitat Composition.

Canonical archetype:
A canonical pitfall plant designed as a scientifically plausible plant-like or fungal organism whose anchoring, support, transport, energy capture, growth, reproduction, ecology, and environmental adaptations are internally coherent.

Required visual and biological rules:
• credible anchoring
• coherent support and transport
• functional energy collectors
• reproductive logic
• environment-linked growth

Production request:
Create natural population with spacing and age diversity.

Studio-resolved canonical values:
{{canonicalId}}, {{displayName}}, {{scientificName}}, {{originPlanet}}, {{planetType}}, {{biome}}, {{gravity}}, {{atmosphere}}, {{climate}}, {{temperatureRange}}, {{sizeScale}}, {{coloration}}, {{materials}}, {{distinctiveFeatures}}, {{lockedTraits}}, {{rarity}}, {{artDirection}}.

Preserve every locked canonical field exactly. The result must use NOVERIS Scientific Realism: premium AAA science-fiction quality, museum-grade reference presentation, scientifically plausible structure, coherent materials, restrained coloration unless canon requires otherwise, readable silhouette, consistent scale and anatomy or growth across all views, soft neutral studio lighting, pure black background for isolated references, full requested subject visibility, generous negative space, and PSD-friendly extraction. Habitat and biome outputs may use the canonical environment. No baked-in text, labels, watermark, logo, border, or UI.

Create four clearly different but canon-compliant versions. Preserve body plan or growth architecture, structural counts, environmental adaptations, materials, defining features, and locked coloration. Vary only permitted secondary proportions, markings, surface detail, minor ornamentation, natural wear, and pose or growth irregularity.

Recommended aspect ratio: 16:9.","text, labels, watermark, signature, logo, border, frame, UI, HUD, cropped subject, duplicate anatomy, contradictory anatomy, impossible balance, unsupported structures, random wings, random horns, humanoid default, fantasy armor, weapons, cartoon, anime, toy-like materials, excessive neon, excessive glow, oversaturated colors, busy background, motion blur, low resolution, compression artifacts, generic Earth copy, unsupported fantasy styling, traits conflicting with locked canon",1.0.0,canonical
NB2-PLT-PH-002-PITFALL-PLANT-BIOME,PLT-PH-002-PITFALL-PLANT,Pitfall Plant,biome,Biome Composition,16:9,"Create a canonical NOVERIS Nano Banana 2 visual for Pitfall Plant: Biome Composition.

Canonical archetype:
A canonical pitfall plant designed as a scientifically plausible plant-like or fungal organism whose anchoring, support, transport, energy capture, growth, reproduction, ecology, and environmental adaptations are internally coherent.

Required visual and biological rules:
• credible anchoring
• coherent support and transport
• functional energy collectors
• reproductive logic
• environment-linked growth

Production request:
Create coordinated vegetation set at consistent scale.

Studio-resolved canonical values:
{{canonicalId}}, {{displayName}}, {{scientificName}}, {{originPlanet}}, {{planetType}}, {{biome}}, {{gravity}}, {{atmosphere}}, {{climate}}, {{temperatureRange}}, {{sizeScale}}, {{coloration}}, {{materials}}, {{distinctiveFeatures}}, {{lockedTraits}}, {{rarity}}, {{artDirection}}.

Preserve every locked canonical field exactly. The result must use NOVERIS Scientific Realism: premium AAA science-fiction quality, museum-grade reference presentation, scientifically plausible structure, coherent materials, restrained coloration unless canon requires otherwise, readable silhouette, consistent scale and anatomy or growth across all views, soft neutral studio lighting, pure black background for isolated references, full requested subject visibility, generous negative space, and PSD-friendly extraction. Habitat and biome outputs may use the canonical environment. No baked-in text, labels, watermark, logo, border, or UI.

Create four clearly different but canon-compliant versions. Preserve body plan or growth architecture, structural counts, environmental adaptations, materials, defining features, and locked coloration. Vary only permitted secondary proportions, markings, surface detail, minor ornamentation, natural wear, and pose or growth irregularity.

Recommended aspect ratio: 16:9.","text, labels, watermark, signature, logo, border, frame, UI, HUD, cropped subject, duplicate anatomy, contradictory anatomy, impossible balance, unsupported structures, random wings, random horns, humanoid default, fantasy armor, weapons, cartoon, anime, toy-like materials, excessive neon, excessive glow, oversaturated colors, busy background, motion blur, low resolution, compression artifacts, generic Earth copy, unsupported fantasy styling, traits conflicting with locked canon",1.0.0,canonical
NB2-PLT-PH-002-PITFALL-PLANT-DISCOVERY,PLT-PH-002-PITFALL-PLANT,Pitfall Plant,discovery,Discovery Scan,16:9,"Create a canonical NOVERIS Nano Banana 2 visual for Pitfall Plant: Discovery Scan.

Canonical archetype:
A canonical pitfall plant designed as a scientifically plausible plant-like or fungal organism whose anchoring, support, transport, energy capture, growth, reproduction, ecology, and environmental adaptations are internally coherent.

Required visual and biological rules:
• credible anchoring
• coherent support and transport
• functional energy collectors
• reproductive logic
• environment-linked growth

Production request:
Create centered scientific scan source without labels.

Studio-resolved canonical values:
{{canonicalId}}, {{displayName}}, {{scientificName}}, {{originPlanet}}, {{planetType}}, {{biome}}, {{gravity}}, {{atmosphere}}, {{climate}}, {{temperatureRange}}, {{sizeScale}}, {{coloration}}, {{materials}}, {{distinctiveFeatures}}, {{lockedTraits}}, {{rarity}}, {{artDirection}}.

Preserve every locked canonical field exactly. The result must use NOVERIS Scientific Realism: premium AAA science-fiction quality, museum-grade reference presentation, scientifically plausible structure, coherent materials, restrained coloration unless canon requires otherwise, readable silhouette, consistent scale and anatomy or growth across all views, soft neutral studio lighting, pure black background for isolated references, full requested subject visibility, generous negative space, and PSD-friendly extraction. Habitat and biome outputs may use the canonical environment. No baked-in text, labels, watermark, logo, border, or UI.

Create four clearly different but canon-compliant versions. Preserve body plan or growth architecture, structural counts, environmental adaptations, materials, defining features, and locked coloration. Vary only permitted secondary proportions, markings, surface detail, minor ornamentation, natural wear, and pose or growth irregularity.

Recommended aspect ratio: 16:9.","text, labels, watermark, signature, logo, border, frame, UI, HUD, cropped subject, duplicate anatomy, contradictory anatomy, impossible balance, unsupported structures, random wings, random horns, humanoid default, fantasy armor, weapons, cartoon, anime, toy-like materials, excessive neon, excessive glow, oversaturated colors, busy background, motion blur, low resolution, compression artifacts, generic Earth copy, unsupported fantasy styling, traits conflicting with locked canon",1.0.0,canonical
NB2-PLT-PH-002-PITFALL-PLANT-ICON,PLT-PH-002-PITFALL-PLANT,Pitfall Plant,icon,UI Icon,1:1,"Create a canonical NOVERIS Nano Banana 2 visual for Pitfall Plant: UI Icon.

Canonical archetype:
A canonical pitfall plant designed as a scientifically plausible plant-like or fungal organism whose anchoring, support, transport, energy capture, growth, reproduction, ecology, and environmental adaptations are internally coherent.

Required visual and biological rules:
• credible anchoring
• coherent support and transport
• functional energy collectors
• reproductive logic
• environment-linked growth

Production request:
Create isolated silhouette readable at 64 pixels.

Studio-resolved canonical values:
{{canonicalId}}, {{displayName}}, {{scientificName}}, {{originPlanet}}, {{planetType}}, {{biome}}, {{gravity}}, {{atmosphere}}, {{climate}}, {{temperatureRange}}, {{sizeScale}}, {{coloration}}, {{materials}}, {{distinctiveFeatures}}, {{lockedTraits}}, {{rarity}}, {{artDirection}}.

Preserve every locked canonical field exactly. The result must use NOVERIS Scientific Realism: premium AAA science-fiction quality, museum-grade reference presentation, scientifically plausible structure, coherent materials, restrained coloration unless canon requires otherwise, readable silhouette, consistent scale and anatomy or growth across all views, soft neutral studio lighting, pure black background for isolated references, full requested subject visibility, generous negative space, and PSD-friendly extraction. Habitat and biome outputs may use the canonical environment. No baked-in text, labels, watermark, logo, border, or UI.

Create four clearly different but canon-compliant versions. Preserve body plan or growth architecture, structural counts, environmental adaptations, materials, defining features, and locked coloration. Vary only permitted secondary proportions, markings, surface detail, minor ornamentation, natural wear, and pose or growth irregularity.

Recommended aspect ratio: 1:1.","text, labels, watermark, signature, logo, border, frame, UI, HUD, cropped subject, duplicate anatomy, contradictory anatomy, impossible balance, unsupported structures, random wings, random horns, humanoid default, fantasy armor, weapons, cartoon, anime, toy-like materials, excessive neon, excessive glow, oversaturated colors, busy background, motion blur, low resolution, compression artifacts, generic Earth copy, unsupported fantasy styling, traits conflicting with locked canon",1.0.0,canonical
NB2-PLT-PH-002-PITFALL-PLANT-SCALE,PLT-PH-002-PITFALL-PLANT,Pitfall Plant,scale,Scale Comparison,16:9,"Create a canonical NOVERIS Nano Banana 2 visual for Pitfall Plant: Scale Comparison.

Canonical archetype:
A canonical pitfall plant designed as a scientifically plausible plant-like or fungal organism whose anchoring, support, transport, energy capture, growth, reproduction, ecology, and environmental adaptations are internally coherent.

Required visual and biological rules:
• credible anchoring
• coherent support and transport
• functional energy collectors
• reproductive logic
• environment-linked growth

Production request:
Create side view with adult human silhouette and one-meter bar.

Studio-resolved canonical values:
{{canonicalId}}, {{displayName}}, {{scientificName}}, {{originPlanet}}, {{planetType}}, {{biome}}, {{gravity}}, {{atmosphere}}, {{climate}}, {{temperatureRange}}, {{sizeScale}}, {{coloration}}, {{materials}}, {{distinctiveFeatures}}, {{lockedTraits}}, {{rarity}}, {{artDirection}}.

Preserve every locked canonical field exactly. The result must use NOVERIS Scientific Realism: premium AAA science-fiction quality, museum-grade reference presentation, scientifically plausible structure, coherent materials, restrained coloration unless canon requires otherwise, readable silhouette, consistent scale and anatomy or growth across all views, soft neutral studio lighting, pure black background for isolated references, full requested subject visibility, generous negative space, and PSD-friendly extraction. Habitat and biome outputs may use the canonical environment. No baked-in text, labels, watermark, logo, border, or UI.

Create four clearly different but canon-compliant versions. Preserve body plan or growth architecture, structural counts, environmental adaptations, materials, defining features, and locked coloration. Vary only permitted secondary proportions, markings, surface detail, minor ornamentation, natural wear, and pose or growth irregularity.

Recommended aspect ratio: 16:9.","text, labels, watermark, signature, logo, border, frame, UI, HUD, cropped subject, duplicate anatomy, contradictory anatomy, impossible balance, unsupported structures, random wings, random horns, humanoid default, fantasy armor, weapons, cartoon, anime, toy-like materials, excessive neon, excessive glow, oversaturated colors, busy background, motion blur, low resolution, compression artifacts, generic Earth copy, unsupported fantasy styling, traits conflicting with locked canon",1.0.0,canonical
NB2-PLT-PH-002-PITFALL-PLANT-PLATE,PLT-PH-002-PITFALL-PLANT,Pitfall Plant,plate,Master Botanical Plate,16:9,"Create a canonical NOVERIS Nano Banana 2 visual for Pitfall Plant: Master Botanical Plate.

Canonical archetype:
A canonical pitfall plant designed as a scientifically plausible plant-like or fungal organism whose anchoring, support, transport, energy capture, growth, reproduction, ecology, and environmental adaptations are internally coherent.

Required visual and biological rules:
• credible anchoring
• coherent support and transport
• functional energy collectors
• reproductive logic
• environment-linked growth

Production request:
Create whole organism, views, roots, structure, collectors, reproduction, stages, materials and habitat vignette.

Studio-resolved canonical values:
{{canonicalId}}, {{displayName}}, {{scientificName}}, {{originPlanet}}, {{planetType}}, {{biome}}, {{gravity}}, {{atmosphere}}, {{climate}}, {{temperatureRange}}, {{sizeScale}}, {{coloration}}, {{materials}}, {{distinctiveFeatures}}, {{lockedTraits}}, {{rarity}}, {{artDirection}}.

Preserve every locked canonical field exactly. The result must use NOVERIS Scientific Realism: premium AAA science-fiction quality, museum-grade reference presentation, scientifically plausible structure, coherent materials, restrained coloration unless canon requires otherwise, readable silhouette, consistent scale and anatomy or growth across all views, soft neutral studio lighting, pure black background for isolated references, full requested subject visibility, generous negative space, and PSD-friendly extraction. Habitat and biome outputs may use the canonical environment. No baked-in text, labels, watermark, logo, border, or UI.

Create four clearly different but canon-compliant versions. Preserve body plan or growth architecture, structural counts, environmental adaptations, materials, defining features, and locked coloration. Vary only permitted secondary proportions, markings, surface detail, minor ornamentation, natural wear, and pose or growth irregularity.

Recommended aspect ratio: 16:9.","text, labels, watermark, signature, logo, border, frame, UI, HUD, cropped subject, duplicate anatomy, contradictory anatomy, impossible balance, unsupported structures, random wings, random horns, humanoid default, fantasy armor, weapons, cartoon, anime, toy-like materials, excessive neon, excessive glow, oversaturated colors, busy background, motion blur, low resolution, compression artifacts, generic Earth copy, unsupported fantasy styling, traits conflicting with locked canon",1.0.0,canonical
NB2-PLT-PH-002-PITFALL-PLANT-PSD,PLT-PH-002-PITFALL-PLANT,Pitfall Plant,psd,PSD Extraction Board,16:9,"Create a canonical NOVERIS Nano Banana 2 visual for Pitfall Plant: PSD Extraction Board.

Canonical archetype:
A canonical pitfall plant designed as a scientifically plausible plant-like or fungal organism whose anchoring, support, transport, energy capture, growth, reproduction, ecology, and environmental adaptations are internally coherent.

Required visual and biological rules:
• credible anchoring
• coherent support and transport
• functional energy collectors
• reproductive logic
• environment-linked growth

Production request:
Create isolated whole organism, parts, silhouette and material references.

Studio-resolved canonical values:
{{canonicalId}}, {{displayName}}, {{scientificName}}, {{originPlanet}}, {{planetType}}, {{biome}}, {{gravity}}, {{atmosphere}}, {{climate}}, {{temperatureRange}}, {{sizeScale}}, {{coloration}}, {{materials}}, {{distinctiveFeatures}}, {{lockedTraits}}, {{rarity}}, {{artDirection}}.

Preserve every locked canonical field exactly. The result must use NOVERIS Scientific Realism: premium AAA science-fiction quality, museum-grade reference presentation, scientifically plausible structure, coherent materials, restrained coloration unless canon requires otherwise, readable silhouette, consistent scale and anatomy or growth across all views, soft neutral studio lighting, pure black background for isolated references, full requested subject visibility, generous negative space, and PSD-friendly extraction. Habitat and biome outputs may use the canonical environment. No baked-in text, labels, watermark, logo, border, or UI.

Create four clearly different but canon-compliant versions. Preserve body plan or growth architecture, structural counts, environmental adaptations, materials, defining features, and locked coloration. Vary only permitted secondary proportions, markings, surface detail, minor ornamentation, natural wear, and pose or growth irregularity.

Recommended aspect ratio: 16:9.","text, labels, watermark, signature, logo, border, frame, UI, HUD, cropped subject, duplicate anatomy, contradictory anatomy, impossible balance, unsupported structures, random wings, random horns, humanoid default, fantasy armor, weapons, cartoon, anime, toy-like materials, excessive neon, excessive glow, oversaturated colors, busy background, motion blur, low resolution, compression artifacts, generic Earth copy, unsupported fantasy styling, traits conflicting with locked canon",1.0.0,canonical
NB2-PLT-PH-003-ADHESIVE-TRAP-PLANT-WHOLE-PLANT,PLT-PH-003-ADHESIVE-TRAP-PLANT,Adhesive-Trap Plant,whole-plant,Whole Plant Production Render,3:4,"Create a canonical NOVERIS Nano Banana 2 visual for Adhesive-Trap Plant: Whole Plant Production Render.

Canonical archetype:
A canonical adhesive-trap plant designed as a scientifically plausible plant-like or fungal organism whose anchoring, support, transport, energy capture, growth, reproduction, ecology, and environmental adaptations are internally coherent.

Required visual and biological rules:
• credible anchoring
• coherent support and transport
• functional energy collectors
• reproductive logic
• environment-linked growth

Production request:
Create complete mature organism including roots or anchor system.

Studio-resolved canonical values:
{{canonicalId}}, {{displayName}}, {{scientificName}}, {{originPlanet}}, {{planetType}}, {{biome}}, {{gravity}}, {{atmosphere}}, {{climate}}, {{temperatureRange}}, {{sizeScale}}, {{coloration}}, {{materials}}, {{distinctiveFeatures}}, {{lockedTraits}}, {{rarity}}, {{artDirection}}.

Preserve every locked canonical field exactly. The result must use NOVERIS Scientific Realism: premium AAA science-fiction quality, museum-grade reference presentation, scientifically plausible structure, coherent materials, restrained coloration unless canon requires otherwise, readable silhouette, consistent scale and anatomy or growth across all views, soft neutral studio lighting, pure black background for isolated references, full requested subject visibility, generous negative space, and PSD-friendly extraction. Habitat and biome outputs may use the canonical environment. No baked-in text, labels, watermark, logo, border, or UI.

Create four clearly different but canon-compliant versions. Preserve body plan or growth architecture, structural counts, environmental adaptations, materials, defining features, and locked coloration. Vary only permitted secondary proportions, markings, surface detail, minor ornamentation, natural wear, and pose or growth irregularity.

Recommended aspect ratio: 3:4.","text, labels, watermark, signature, logo, border, frame, UI, HUD, cropped subject, duplicate anatomy, contradictory anatomy, impossible balance, unsupported structures, random wings, random horns, humanoid default, fantasy armor, weapons, cartoon, anime, toy-like materials, excessive neon, excessive glow, oversaturated colors, busy background, motion blur, low resolution, compression artifacts, generic Earth copy, unsupported fantasy styling, traits conflicting with locked canon",1.0.0,canonical
NB2-PLT-PH-003-ADHESIVE-TRAP-PLANT-PORTRAIT,PLT-PH-003-ADHESIVE-TRAP-PLANT,Adhesive-Trap Plant,portrait,Botanical Portrait,1:1,"Create a canonical NOVERIS Nano Banana 2 visual for Adhesive-Trap Plant: Botanical Portrait.

Canonical archetype:
A canonical adhesive-trap plant designed as a scientifically plausible plant-like or fungal organism whose anchoring, support, transport, energy capture, growth, reproduction, ecology, and environmental adaptations are internally coherent.

Required visual and biological rules:
• credible anchoring
• coherent support and transport
• functional energy collectors
• reproductive logic
• environment-linked growth

Production request:
Create defining growth form, foliage, collectors and reproduction.

Studio-resolved canonical values:
{{canonicalId}}, {{displayName}}, {{scientificName}}, {{originPlanet}}, {{planetType}}, {{biome}}, {{gravity}}, {{atmosphere}}, {{climate}}, {{temperatureRange}}, {{sizeScale}}, {{coloration}}, {{materials}}, {{distinctiveFeatures}}, {{lockedTraits}}, {{rarity}}, {{artDirection}}.

Preserve every locked canonical field exactly. The result must use NOVERIS Scientific Realism: premium AAA science-fiction quality, museum-grade reference presentation, scientifically plausible structure, coherent materials, restrained coloration unless canon requires otherwise, readable silhouette, consistent scale and anatomy or growth across all views, soft neutral studio lighting, pure black background for isolated references, full requested subject visibility, generous negative space, and PSD-friendly extraction. Habitat and biome outputs may use the canonical environment. No baked-in text, labels, watermark, logo, border, or UI.

Create four clearly different but canon-compliant versions. Preserve body plan or growth architecture, structural counts, environmental adaptations, materials, defining features, and locked coloration. Vary only permitted secondary proportions, markings, surface detail, minor ornamentation, natural wear, and pose or growth irregularity.

Recommended aspect ratio: 1:1.","text, labels, watermark, signature, logo, border, frame, UI, HUD, cropped subject, duplicate anatomy, contradictory anatomy, impossible balance, unsupported structures, random wings, random horns, humanoid default, fantasy armor, weapons, cartoon, anime, toy-like materials, excessive neon, excessive glow, oversaturated colors, busy background, motion blur, low resolution, compression artifacts, generic Earth copy, unsupported fantasy styling, traits conflicting with locked canon",1.0.0,canonical
NB2-PLT-PH-003-ADHESIVE-TRAP-PLANT-ORTHO-FRONT,PLT-PH-003-ADHESIVE-TRAP-PLANT,Adhesive-Trap Plant,ortho-front,Orthographic Front,3:4,"Create a canonical NOVERIS Nano Banana 2 visual for Adhesive-Trap Plant: Orthographic Front.

Canonical archetype:
A canonical adhesive-trap plant designed as a scientifically plausible plant-like or fungal organism whose anchoring, support, transport, energy capture, growth, reproduction, ecology, and environmental adaptations are internally coherent.

Required visual and biological rules:
• credible anchoring
• coherent support and transport
• functional energy collectors
• reproductive logic
• environment-linked growth

Production request:
Create exact front orthographic view.

Studio-resolved canonical values:
{{canonicalId}}, {{displayName}}, {{scientificName}}, {{originPlanet}}, {{planetType}}, {{biome}}, {{gravity}}, {{atmosphere}}, {{climate}}, {{temperatureRange}}, {{sizeScale}}, {{coloration}}, {{materials}}, {{distinctiveFeatures}}, {{lockedTraits}}, {{rarity}}, {{artDirection}}.

Preserve every locked canonical field exactly. The result must use NOVERIS Scientific Realism: premium AAA science-fiction quality, museum-grade reference presentation, scientifically plausible structure, coherent materials, restrained coloration unless canon requires otherwise, readable silhouette, consistent scale and anatomy or growth across all views, soft neutral studio lighting, pure black background for isolated references, full requested subject visibility, generous negative space, and PSD-friendly extraction. Habitat and biome outputs may use the canonical environment. No baked-in text, labels, watermark, logo, border, or UI.

Create four clearly different but canon-compliant versions. Preserve body plan or growth architecture, structural counts, environmental adaptations, materials, defining features, and locked coloration. Vary only permitted secondary proportions, markings, surface detail, minor ornamentation, natural wear, and pose or growth irregularity.

Recommended aspect ratio: 3:4.","text, labels, watermark, signature, logo, border, frame, UI, HUD, cropped subject, duplicate anatomy, contradictory anatomy, impossible balance, unsupported structures, random wings, random horns, humanoid default, fantasy armor, weapons, cartoon, anime, toy-like materials, excessive neon, excessive glow, oversaturated colors, busy background, motion blur, low resolution, compression artifacts, generic Earth copy, unsupported fantasy styling, traits conflicting with locked canon",1.0.0,canonical
NB2-PLT-PH-003-ADHESIVE-TRAP-PLANT-ORTHO-SIDE,PLT-PH-003-ADHESIVE-TRAP-PLANT,Adhesive-Trap Plant,ortho-side,Orthographic Side,3:4,"Create a canonical NOVERIS Nano Banana 2 visual for Adhesive-Trap Plant: Orthographic Side.

Canonical archetype:
A canonical adhesive-trap plant designed as a scientifically plausible plant-like or fungal organism whose anchoring, support, transport, energy capture, growth, reproduction, ecology, and environmental adaptations are internally coherent.

Required visual and biological rules:
• credible anchoring
• coherent support and transport
• functional energy collectors
• reproductive logic
• environment-linked growth

Production request:
Create exact side orthographic view.

Studio-resolved canonical values:
{{canonicalId}}, {{displayName}}, {{scientificName}}, {{originPlanet}}, {{planetType}}, {{biome}}, {{gravity}}, {{atmosphere}}, {{climate}}, {{temperatureRange}}, {{sizeScale}}, {{coloration}}, {{materials}}, {{distinctiveFeatures}}, {{lockedTraits}}, {{rarity}}, {{artDirection}}.

Preserve every locked canonical field exactly. The result must use NOVERIS Scientific Realism: premium AAA science-fiction quality, museum-grade reference presentation, scientifically plausible structure, coherent materials, restrained coloration unless canon requires otherwise, readable silhouette, consistent scale and anatomy or growth across all views, soft neutral studio lighting, pure black background for isolated references, full requested subject visibility, generous negative space, and PSD-friendly extraction. Habitat and biome outputs may use the canonical environment. No baked-in text, labels, watermark, logo, border, or UI.

Create four clearly different but canon-compliant versions. Preserve body plan or growth architecture, structural counts, environmental adaptations, materials, defining features, and locked coloration. Vary only permitted secondary proportions, markings, surface detail, minor ornamentation, natural wear, and pose or growth irregularity.

Recommended aspect ratio: 3:4.","text, labels, watermark, signature, logo, border, frame, UI, HUD, cropped subject, duplicate anatomy, contradictory anatomy, impossible balance, unsupported structures, random wings, random horns, humanoid default, fantasy armor, weapons, cartoon, anime, toy-like materials, excessive neon, excessive glow, oversaturated colors, busy background, motion blur, low resolution, compression artifacts, generic Earth copy, unsupported fantasy styling, traits conflicting with locked canon",1.0.0,canonical
NB2-PLT-PH-003-ADHESIVE-TRAP-PLANT-ORTHO-TOP,PLT-PH-003-ADHESIVE-TRAP-PLANT,Adhesive-Trap Plant,ortho-top,Orthographic Top,1:1,"Create a canonical NOVERIS Nano Banana 2 visual for Adhesive-Trap Plant: Orthographic Top.

Canonical archetype:
A canonical adhesive-trap plant designed as a scientifically plausible plant-like or fungal organism whose anchoring, support, transport, energy capture, growth, reproduction, ecology, and environmental adaptations are internally coherent.

Required visual and biological rules:
• credible anchoring
• coherent support and transport
• functional energy collectors
• reproductive logic
• environment-linked growth

Production request:
Create exact top view showing spread and growth geometry.

Studio-resolved canonical values:
{{canonicalId}}, {{displayName}}, {{scientificName}}, {{originPlanet}}, {{planetType}}, {{biome}}, {{gravity}}, {{atmosphere}}, {{climate}}, {{temperatureRange}}, {{sizeScale}}, {{coloration}}, {{materials}}, {{distinctiveFeatures}}, {{lockedTraits}}, {{rarity}}, {{artDirection}}.

Preserve every locked canonical field exactly. The result must use NOVERIS Scientific Realism: premium AAA science-fiction quality, museum-grade reference presentation, scientifically plausible structure, coherent materials, restrained coloration unless canon requires otherwise, readable silhouette, consistent scale and anatomy or growth across all views, soft neutral studio lighting, pure black background for isolated references, full requested subject visibility, generous negative space, and PSD-friendly extraction. Habitat and biome outputs may use the canonical environment. No baked-in text, labels, watermark, logo, border, or UI.

Create four clearly different but canon-compliant versions. Preserve body plan or growth architecture, structural counts, environmental adaptations, materials, defining features, and locked coloration. Vary only permitted secondary proportions, markings, surface detail, minor ornamentation, natural wear, and pose or growth irregularity.

Recommended aspect ratio: 1:1.","text, labels, watermark, signature, logo, border, frame, UI, HUD, cropped subject, duplicate anatomy, contradictory anatomy, impossible balance, unsupported structures, random wings, random horns, humanoid default, fantasy armor, weapons, cartoon, anime, toy-like materials, excessive neon, excessive glow, oversaturated colors, busy background, motion blur, low resolution, compression artifacts, generic Earth copy, unsupported fantasy styling, traits conflicting with locked canon",1.0.0,canonical
NB2-PLT-PH-003-ADHESIVE-TRAP-PLANT-ROOTS,PLT-PH-003-ADHESIVE-TRAP-PLANT,Adhesive-Trap Plant,roots,Root or Anchor System,16:9,"Create a canonical NOVERIS Nano Banana 2 visual for Adhesive-Trap Plant: Root or Anchor System.

Canonical archetype:
A canonical adhesive-trap plant designed as a scientifically plausible plant-like or fungal organism whose anchoring, support, transport, energy capture, growth, reproduction, ecology, and environmental adaptations are internally coherent.

Required visual and biological rules:
• credible anchoring
• coherent support and transport
• functional energy collectors
• reproductive logic
• environment-linked growth

Production request:
Create complete substrate interface and nutrient exchange structures.

Studio-resolved canonical values:
{{canonicalId}}, {{displayName}}, {{scientificName}}, {{originPlanet}}, {{planetType}}, {{biome}}, {{gravity}}, {{atmosphere}}, {{climate}}, {{temperatureRange}}, {{sizeScale}}, {{coloration}}, {{materials}}, {{distinctiveFeatures}}, {{lockedTraits}}, {{rarity}}, {{artDirection}}.

Preserve every locked canonical field exactly. The result must use NOVERIS Scientific Realism: premium AAA science-fiction quality, museum-grade reference presentation, scientifically plausible structure, coherent materials, restrained coloration unless canon requires otherwise, readable silhouette, consistent scale and anatomy or growth across all views, soft neutral studio lighting, pure black background for isolated references, full requested subject visibility, generous negative space, and PSD-friendly extraction. Habitat and biome outputs may use the canonical environment. No baked-in text, labels, watermark, logo, border, or UI.

Create four clearly different but canon-compliant versions. Preserve body plan or growth architecture, structural counts, environmental adaptations, materials, defining features, and locked coloration. Vary only permitted secondary proportions, markings, surface detail, minor ornamentation, natural wear, and pose or growth irregularity.

Recommended aspect ratio: 16:9.","text, labels, watermark, signature, logo, border, frame, UI, HUD, cropped subject, duplicate anatomy, contradictory anatomy, impossible balance, unsupported structures, random wings, random horns, humanoid default, fantasy armor, weapons, cartoon, anime, toy-like materials, excessive neon, excessive glow, oversaturated colors, busy background, motion blur, low resolution, compression artifacts, generic Earth copy, unsupported fantasy styling, traits conflicting with locked canon",1.0.0,canonical
NB2-PLT-PH-003-ADHESIVE-TRAP-PLANT-STEMS,PLT-PH-003-ADHESIVE-TRAP-PLANT,Adhesive-Trap Plant,stems,"Stem, Trunk or Structural Study",16:9,"Create a canonical NOVERIS Nano Banana 2 visual for Adhesive-Trap Plant: Stem, Trunk or Structural Study.

Canonical archetype:
A canonical adhesive-trap plant designed as a scientifically plausible plant-like or fungal organism whose anchoring, support, transport, energy capture, growth, reproduction, ecology, and environmental adaptations are internally coherent.

Required visual and biological rules:
• credible anchoring
• coherent support and transport
• functional energy collectors
• reproductive logic
• environment-linked growth

Production request:
Create support and transport architecture.

Studio-resolved canonical values:
{{canonicalId}}, {{displayName}}, {{scientificName}}, {{originPlanet}}, {{planetType}}, {{biome}}, {{gravity}}, {{atmosphere}}, {{climate}}, {{temperatureRange}}, {{sizeScale}}, {{coloration}}, {{materials}}, {{distinctiveFeatures}}, {{lockedTraits}}, {{rarity}}, {{artDirection}}.

Preserve every locked canonical field exactly. The result must use NOVERIS Scientific Realism: premium AAA science-fiction quality, museum-grade reference presentation, scientifically plausible structure, coherent materials, restrained coloration unless canon requires otherwise, readable silhouette, consistent scale and anatomy or growth across all views, soft neutral studio lighting, pure black background for isolated references, full requested subject visibility, generous negative space, and PSD-friendly extraction. Habitat and biome outputs may use the canonical environment. No baked-in text, labels, watermark, logo, border, or UI.

Create four clearly different but canon-compliant versions. Preserve body plan or growth architecture, structural counts, environmental adaptations, materials, defining features, and locked coloration. Vary only permitted secondary proportions, markings, surface detail, minor ornamentation, natural wear, and pose or growth irregularity.

Recommended aspect ratio: 16:9.","text, labels, watermark, signature, logo, border, frame, UI, HUD, cropped subject, duplicate anatomy, contradictory anatomy, impossible balance, unsupported structures, random wings, random horns, humanoid default, fantasy armor, weapons, cartoon, anime, toy-like materials, excessive neon, excessive glow, oversaturated colors, busy background, motion blur, low resolution, compression artifacts, generic Earth copy, unsupported fantasy styling, traits conflicting with locked canon",1.0.0,canonical
NB2-PLT-PH-003-ADHESIVE-TRAP-PLANT-COLLECTORS,PLT-PH-003-ADHESIVE-TRAP-PLANT,Adhesive-Trap Plant,collectors,Leaves or Collector Study,16:9,"Create a canonical NOVERIS Nano Banana 2 visual for Adhesive-Trap Plant: Leaves or Collector Study.

Canonical archetype:
A canonical adhesive-trap plant designed as a scientifically plausible plant-like or fungal organism whose anchoring, support, transport, energy capture, growth, reproduction, ecology, and environmental adaptations are internally coherent.

Required visual and biological rules:
• credible anchoring
• coherent support and transport
• functional energy collectors
• reproductive logic
• environment-linked growth

Production request:
Create front, back, edge, juvenile, mature and stressed states.

Studio-resolved canonical values:
{{canonicalId}}, {{displayName}}, {{scientificName}}, {{originPlanet}}, {{planetType}}, {{biome}}, {{gravity}}, {{atmosphere}}, {{climate}}, {{temperatureRange}}, {{sizeScale}}, {{coloration}}, {{materials}}, {{distinctiveFeatures}}, {{lockedTraits}}, {{rarity}}, {{artDirection}}.

Preserve every locked canonical field exactly. The result must use NOVERIS Scientific Realism: premium AAA science-fiction quality, museum-grade reference presentation, scientifically plausible structure, coherent materials, restrained coloration unless canon requires otherwise, readable silhouette, consistent scale and anatomy or growth across all views, soft neutral studio lighting, pure black background for isolated references, full requested subject visibility, generous negative space, and PSD-friendly extraction. Habitat and biome outputs may use the canonical environment. No baked-in text, labels, watermark, logo, border, or UI.

Create four clearly different but canon-compliant versions. Preserve body plan or growth architecture, structural counts, environmental adaptations, materials, defining features, and locked coloration. Vary only permitted secondary proportions, markings, surface detail, minor ornamentation, natural wear, and pose or growth irregularity.

Recommended aspect ratio: 16:9.","text, labels, watermark, signature, logo, border, frame, UI, HUD, cropped subject, duplicate anatomy, contradictory anatomy, impossible balance, unsupported structures, random wings, random horns, humanoid default, fantasy armor, weapons, cartoon, anime, toy-like materials, excessive neon, excessive glow, oversaturated colors, busy background, motion blur, low resolution, compression artifacts, generic Earth copy, unsupported fantasy styling, traits conflicting with locked canon",1.0.0,canonical
NB2-PLT-PH-003-ADHESIVE-TRAP-PLANT-REPRODUCTION,PLT-PH-003-ADHESIVE-TRAP-PLANT,Adhesive-Trap Plant,reproduction,Reproductive Structure,16:9,"Create a canonical NOVERIS Nano Banana 2 visual for Adhesive-Trap Plant: Reproductive Structure.

Canonical archetype:
A canonical adhesive-trap plant designed as a scientifically plausible plant-like or fungal organism whose anchoring, support, transport, energy capture, growth, reproduction, ecology, and environmental adaptations are internally coherent.

Required visual and biological rules:
• credible anchoring
• coherent support and transport
• functional energy collectors
• reproductive logic
• environment-linked growth

Production request:
Create flowers, cones, spores, fields or equivalent stages.

Studio-resolved canonical values:
{{canonicalId}}, {{displayName}}, {{scientificName}}, {{originPlanet}}, {{planetType}}, {{biome}}, {{gravity}}, {{atmosphere}}, {{climate}}, {{temperatureRange}}, {{sizeScale}}, {{coloration}}, {{materials}}, {{distinctiveFeatures}}, {{lockedTraits}}, {{rarity}}, {{artDirection}}.

Preserve every locked canonical field exactly. The result must use NOVERIS Scientific Realism: premium AAA science-fiction quality, museum-grade reference presentation, scientifically plausible structure, coherent materials, restrained coloration unless canon requires otherwise, readable silhouette, consistent scale and anatomy or growth across all views, soft neutral studio lighting, pure black background for isolated references, full requested subject visibility, generous negative space, and PSD-friendly extraction. Habitat and biome outputs may use the canonical environment. No baked-in text, labels, watermark, logo, border, or UI.

Create four clearly different but canon-compliant versions. Preserve body plan or growth architecture, structural counts, environmental adaptations, materials, defining features, and locked coloration. Vary only permitted secondary proportions, markings, surface detail, minor ornamentation, natural wear, and pose or growth irregularity.

Recommended aspect ratio: 16:9.","text, labels, watermark, signature, logo, border, frame, UI, HUD, cropped subject, duplicate anatomy, contradictory anatomy, impossible balance, unsupported structures, random wings, random horns, humanoid default, fantasy armor, weapons, cartoon, anime, toy-like materials, excessive neon, excessive glow, oversaturated colors, busy background, motion blur, low resolution, compression artifacts, generic Earth copy, unsupported fantasy styling, traits conflicting with locked canon",1.0.0,canonical
NB2-PLT-PH-003-ADHESIVE-TRAP-PLANT-PROPAGULES,PLT-PH-003-ADHESIVE-TRAP-PLANT,Adhesive-Trap Plant,propagules,"Seed, Spore or Propagule Study",16:9,"Create a canonical NOVERIS Nano Banana 2 visual for Adhesive-Trap Plant: Seed, Spore or Propagule Study.

Canonical archetype:
A canonical adhesive-trap plant designed as a scientifically plausible plant-like or fungal organism whose anchoring, support, transport, energy capture, growth, reproduction, ecology, and environmental adaptations are internally coherent.

Required visual and biological rules:
• credible anchoring
• coherent support and transport
• functional energy collectors
• reproductive logic
• environment-linked growth

Production request:
Create dispersal, germination and early establishment.

Studio-resolved canonical values:
{{canonicalId}}, {{displayName}}, {{scientificName}}, {{originPlanet}}, {{planetType}}, {{biome}}, {{gravity}}, {{atmosphere}}, {{climate}}, {{temperatureRange}}, {{sizeScale}}, {{coloration}}, {{materials}}, {{distinctiveFeatures}}, {{lockedTraits}}, {{rarity}}, {{artDirection}}.

Preserve every locked canonical field exactly. The result must use NOVERIS Scientific Realism: premium AAA science-fiction quality, museum-grade reference presentation, scientifically plausible structure, coherent materials, restrained coloration unless canon requires otherwise, readable silhouette, consistent scale and anatomy or growth across all views, soft neutral studio lighting, pure black background for isolated references, full requested subject visibility, generous negative space, and PSD-friendly extraction. Habitat and biome outputs may use the canonical environment. No baked-in text, labels, watermark, logo, border, or UI.

Create four clearly different but canon-compliant versions. Preserve body plan or growth architecture, structural counts, environmental adaptations, materials, defining features, and locked coloration. Vary only permitted secondary proportions, markings, surface detail, minor ornamentation, natural wear, and pose or growth irregularity.

Recommended aspect ratio: 16:9.","text, labels, watermark, signature, logo, border, frame, UI, HUD, cropped subject, duplicate anatomy, contradictory anatomy, impossible balance, unsupported structures, random wings, random horns, humanoid default, fantasy armor, weapons, cartoon, anime, toy-like materials, excessive neon, excessive glow, oversaturated colors, busy background, motion blur, low resolution, compression artifacts, generic Earth copy, unsupported fantasy styling, traits conflicting with locked canon",1.0.0,canonical
NB2-PLT-PH-003-ADHESIVE-TRAP-PLANT-CROSS-SECTION,PLT-PH-003-ADHESIVE-TRAP-PLANT,Adhesive-Trap Plant,cross-section,Internal Cross Section,16:9,"Create a canonical NOVERIS Nano Banana 2 visual for Adhesive-Trap Plant: Internal Cross Section.

Canonical archetype:
A canonical adhesive-trap plant designed as a scientifically plausible plant-like or fungal organism whose anchoring, support, transport, energy capture, growth, reproduction, ecology, and environmental adaptations are internally coherent.

Required visual and biological rules:
• credible anchoring
• coherent support and transport
• functional energy collectors
• reproductive logic
• environment-linked growth

Production request:
Create protection, transport, support, storage and reproduction.

Studio-resolved canonical values:
{{canonicalId}}, {{displayName}}, {{scientificName}}, {{originPlanet}}, {{planetType}}, {{biome}}, {{gravity}}, {{atmosphere}}, {{climate}}, {{temperatureRange}}, {{sizeScale}}, {{coloration}}, {{materials}}, {{distinctiveFeatures}}, {{lockedTraits}}, {{rarity}}, {{artDirection}}.

Preserve every locked canonical field exactly. The result must use NOVERIS Scientific Realism: premium AAA science-fiction quality, museum-grade reference presentation, scientifically plausible structure, coherent materials, restrained coloration unless canon requires otherwise, readable silhouette, consistent scale and anatomy or growth across all views, soft neutral studio lighting, pure black background for isolated references, full requested subject visibility, generous negative space, and PSD-friendly extraction. Habitat and biome outputs may use the canonical environment. No baked-in text, labels, watermark, logo, border, or UI.

Create four clearly different but canon-compliant versions. Preserve body plan or growth architecture, structural counts, environmental adaptations, materials, defining features, and locked coloration. Vary only permitted secondary proportions, markings, surface detail, minor ornamentation, natural wear, and pose or growth irregularity.

Recommended aspect ratio: 16:9.","text, labels, watermark, signature, logo, border, frame, UI, HUD, cropped subject, duplicate anatomy, contradictory anatomy, impossible balance, unsupported structures, random wings, random horns, humanoid default, fantasy armor, weapons, cartoon, anime, toy-like materials, excessive neon, excessive glow, oversaturated colors, busy background, motion blur, low resolution, compression artifacts, generic Earth copy, unsupported fantasy styling, traits conflicting with locked canon",1.0.0,canonical
NB2-PLT-PH-003-ADHESIVE-TRAP-PLANT-GROWTH,PLT-PH-003-ADHESIVE-TRAP-PLANT,Adhesive-Trap Plant,growth,Growth Stages,16:9,"Create a canonical NOVERIS Nano Banana 2 visual for Adhesive-Trap Plant: Growth Stages.

Canonical archetype:
A canonical adhesive-trap plant designed as a scientifically plausible plant-like or fungal organism whose anchoring, support, transport, energy capture, growth, reproduction, ecology, and environmental adaptations are internally coherent.

Required visual and biological rules:
• credible anchoring
• coherent support and transport
• functional energy collectors
• reproductive logic
• environment-linked growth

Production request:
Create propagule, juvenile, mature, reproductive and senescent stages.

Studio-resolved canonical values:
{{canonicalId}}, {{displayName}}, {{scientificName}}, {{originPlanet}}, {{planetType}}, {{biome}}, {{gravity}}, {{atmosphere}}, {{climate}}, {{temperatureRange}}, {{sizeScale}}, {{coloration}}, {{materials}}, {{distinctiveFeatures}}, {{lockedTraits}}, {{rarity}}, {{artDirection}}.

Preserve every locked canonical field exactly. The result must use NOVERIS Scientific Realism: premium AAA science-fiction quality, museum-grade reference presentation, scientifically plausible structure, coherent materials, restrained coloration unless canon requires otherwise, readable silhouette, consistent scale and anatomy or growth across all views, soft neutral studio lighting, pure black background for isolated references, full requested subject visibility, generous negative space, and PSD-friendly extraction. Habitat and biome outputs may use the canonical environment. No baked-in text, labels, watermark, logo, border, or UI.

Create four clearly different but canon-compliant versions. Preserve body plan or growth architecture, structural counts, environmental adaptations, materials, defining features, and locked coloration. Vary only permitted secondary proportions, markings, surface detail, minor ornamentation, natural wear, and pose or growth irregularity.

Recommended aspect ratio: 16:9.","text, labels, watermark, signature, logo, border, frame, UI, HUD, cropped subject, duplicate anatomy, contradictory anatomy, impossible balance, unsupported structures, random wings, random horns, humanoid default, fantasy armor, weapons, cartoon, anime, toy-like materials, excessive neon, excessive glow, oversaturated colors, busy background, motion blur, low resolution, compression artifacts, generic Earth copy, unsupported fantasy styling, traits conflicting with locked canon",1.0.0,canonical
NB2-PLT-PH-003-ADHESIVE-TRAP-PLANT-SEASONAL,PLT-PH-003-ADHESIVE-TRAP-PLANT,Adhesive-Trap Plant,seasonal,Seasonal and Stress Variants,16:9,"Create a canonical NOVERIS Nano Banana 2 visual for Adhesive-Trap Plant: Seasonal and Stress Variants.

Canonical archetype:
A canonical adhesive-trap plant designed as a scientifically plausible plant-like or fungal organism whose anchoring, support, transport, energy capture, growth, reproduction, ecology, and environmental adaptations are internally coherent.

Required visual and biological rules:
• credible anchoring
• coherent support and transport
• functional energy collectors
• reproductive logic
• environment-linked growth

Production request:
Create growth, reproduction, dormancy, damage and recovery.

Studio-resolved canonical values:
{{canonicalId}}, {{displayName}}, {{scientificName}}, {{originPlanet}}, {{planetType}}, {{biome}}, {{gravity}}, {{atmosphere}}, {{climate}}, {{temperatureRange}}, {{sizeScale}}, {{coloration}}, {{materials}}, {{distinctiveFeatures}}, {{lockedTraits}}, {{rarity}}, {{artDirection}}.

Preserve every locked canonical field exactly. The result must use NOVERIS Scientific Realism: premium AAA science-fiction quality, museum-grade reference presentation, scientifically plausible structure, coherent materials, restrained coloration unless canon requires otherwise, readable silhouette, consistent scale and anatomy or growth across all views, soft neutral studio lighting, pure black background for isolated references, full requested subject visibility, generous negative space, and PSD-friendly extraction. Habitat and biome outputs may use the canonical environment. No baked-in text, labels, watermark, logo, border, or UI.

Create four clearly different but canon-compliant versions. Preserve body plan or growth architecture, structural counts, environmental adaptations, materials, defining features, and locked coloration. Vary only permitted secondary proportions, markings, surface detail, minor ornamentation, natural wear, and pose or growth irregularity.

Recommended aspect ratio: 16:9.","text, labels, watermark, signature, logo, border, frame, UI, HUD, cropped subject, duplicate anatomy, contradictory anatomy, impossible balance, unsupported structures, random wings, random horns, humanoid default, fantasy armor, weapons, cartoon, anime, toy-like materials, excessive neon, excessive glow, oversaturated colors, busy background, motion blur, low resolution, compression artifacts, generic Earth copy, unsupported fantasy styling, traits conflicting with locked canon",1.0.0,canonical
NB2-PLT-PH-003-ADHESIVE-TRAP-PLANT-HABITAT,PLT-PH-003-ADHESIVE-TRAP-PLANT,Adhesive-Trap Plant,habitat,Native Habitat Composition,16:9,"Create a canonical NOVERIS Nano Banana 2 visual for Adhesive-Trap Plant: Native Habitat Composition.

Canonical archetype:
A canonical adhesive-trap plant designed as a scientifically plausible plant-like or fungal organism whose anchoring, support, transport, energy capture, growth, reproduction, ecology, and environmental adaptations are internally coherent.

Required visual and biological rules:
• credible anchoring
• coherent support and transport
• functional energy collectors
• reproductive logic
• environment-linked growth

Production request:
Create natural population with spacing and age diversity.

Studio-resolved canonical values:
{{canonicalId}}, {{displayName}}, {{scientificName}}, {{originPlanet}}, {{planetType}}, {{biome}}, {{gravity}}, {{atmosphere}}, {{climate}}, {{temperatureRange}}, {{sizeScale}}, {{coloration}}, {{materials}}, {{distinctiveFeatures}}, {{lockedTraits}}, {{rarity}}, {{artDirection}}.

Preserve every locked canonical field exactly. The result must use NOVERIS Scientific Realism: premium AAA science-fiction quality, museum-grade reference presentation, scientifically plausible structure, coherent materials, restrained coloration unless canon requires otherwise, readable silhouette, consistent scale and anatomy or growth across all views, soft neutral studio lighting, pure black background for isolated references, full requested subject visibility, generous negative space, and PSD-friendly extraction. Habitat and biome outputs may use the canonical environment. No baked-in text, labels, watermark, logo, border, or UI.

Create four clearly different but canon-compliant versions. Preserve body plan or growth architecture, structural counts, environmental adaptations, materials, defining features, and locked coloration. Vary only permitted secondary proportions, markings, surface detail, minor ornamentation, natural wear, and pose or growth irregularity.

Recommended aspect ratio: 16:9.","text, labels, watermark, signature, logo, border, frame, UI, HUD, cropped subject, duplicate anatomy, contradictory anatomy, impossible balance, unsupported structures, random wings, random horns, humanoid default, fantasy armor, weapons, cartoon, anime, toy-like materials, excessive neon, excessive glow, oversaturated colors, busy background, motion blur, low resolution, compression artifacts, generic Earth copy, unsupported fantasy styling, traits conflicting with locked canon",1.0.0,canonical
NB2-PLT-PH-003-ADHESIVE-TRAP-PLANT-BIOME,PLT-PH-003-ADHESIVE-TRAP-PLANT,Adhesive-Trap Plant,biome,Biome Composition,16:9,"Create a canonical NOVERIS Nano Banana 2 visual for Adhesive-Trap Plant: Biome Composition.

Canonical archetype:
A canonical adhesive-trap plant designed as a scientifically plausible plant-like or fungal organism whose anchoring, support, transport, energy capture, growth, reproduction, ecology, and environmental adaptations are internally coherent.

Required visual and biological rules:
• credible anchoring
• coherent support and transport
• functional energy collectors
• reproductive logic
• environment-linked growth

Production request:
Create coordinated vegetation set at consistent scale.

Studio-resolved canonical values:
{{canonicalId}}, {{displayName}}, {{scientificName}}, {{originPlanet}}, {{planetType}}, {{biome}}, {{gravity}}, {{atmosphere}}, {{climate}}, {{temperatureRange}}, {{sizeScale}}, {{coloration}}, {{materials}}, {{distinctiveFeatures}}, {{lockedTraits}}, {{rarity}}, {{artDirection}}.

Preserve every locked canonical field exactly. The result must use NOVERIS Scientific Realism: premium AAA science-fiction quality, museum-grade reference presentation, scientifically plausible structure, coherent materials, restrained coloration unless canon requires otherwise, readable silhouette, consistent scale and anatomy or growth across all views, soft neutral studio lighting, pure black background for isolated references, full requested subject visibility, generous negative space, and PSD-friendly extraction. Habitat and biome outputs may use the canonical environment. No baked-in text, labels, watermark, logo, border, or UI.

Create four clearly different but canon-compliant versions. Preserve body plan or growth architecture, structural counts, environmental adaptations, materials, defining features, and locked coloration. Vary only permitted secondary proportions, markings, surface detail, minor ornamentation, natural wear, and pose or growth irregularity.

Recommended aspect ratio: 16:9.","text, labels, watermark, signature, logo, border, frame, UI, HUD, cropped subject, duplicate anatomy, contradictory anatomy, impossible balance, unsupported structures, random wings, random horns, humanoid default, fantasy armor, weapons, cartoon, anime, toy-like materials, excessive neon, excessive glow, oversaturated colors, busy background, motion blur, low resolution, compression artifacts, generic Earth copy, unsupported fantasy styling, traits conflicting with locked canon",1.0.0,canonical
NB2-PLT-PH-003-ADHESIVE-TRAP-PLANT-DISCOVERY,PLT-PH-003-ADHESIVE-TRAP-PLANT,Adhesive-Trap Plant,discovery,Discovery Scan,16:9,"Create a canonical NOVERIS Nano Banana 2 visual for Adhesive-Trap Plant: Discovery Scan.

Canonical archetype:
A canonical adhesive-trap plant designed as a scientifically plausible plant-like or fungal organism whose anchoring, support, transport, energy capture, growth, reproduction, ecology, and environmental adaptations are internally coherent.

Required visual and biological rules:
• credible anchoring
• coherent support and transport
• functional energy collectors
• reproductive logic
• environment-linked growth

Production request:
Create centered scientific scan source without labels.

Studio-resolved canonical values:
{{canonicalId}}, {{displayName}}, {{scientificName}}, {{originPlanet}}, {{planetType}}, {{biome}}, {{gravity}}, {{atmosphere}}, {{climate}}, {{temperatureRange}}, {{sizeScale}}, {{coloration}}, {{materials}}, {{distinctiveFeatures}}, {{lockedTraits}}, {{rarity}}, {{artDirection}}.

Preserve every locked canonical field exactly. The result must use NOVERIS Scientific Realism: premium AAA science-fiction quality, museum-grade reference presentation, scientifically plausible structure, coherent materials, restrained coloration unless canon requires otherwise, readable silhouette, consistent scale and anatomy or growth across all views, soft neutral studio lighting, pure black background for isolated references, full requested subject visibility, generous negative space, and PSD-friendly extraction. Habitat and biome outputs may use the canonical environment. No baked-in text, labels, watermark, logo, border, or UI.

Create four clearly different but canon-compliant versions. Preserve body plan or growth architecture, structural counts, environmental adaptations, materials, defining features, and locked coloration. Vary only permitted secondary proportions, markings, surface detail, minor ornamentation, natural wear, and pose or growth irregularity.

Recommended aspect ratio: 16:9.","text, labels, watermark, signature, logo, border, frame, UI, HUD, cropped subject, duplicate anatomy, contradictory anatomy, impossible balance, unsupported structures, random wings, random horns, humanoid default, fantasy armor, weapons, cartoon, anime, toy-like materials, excessive neon, excessive glow, oversaturated colors, busy background, motion blur, low resolution, compression artifacts, generic Earth copy, unsupported fantasy styling, traits conflicting with locked canon",1.0.0,canonical
NB2-PLT-PH-003-ADHESIVE-TRAP-PLANT-ICON,PLT-PH-003-ADHESIVE-TRAP-PLANT,Adhesive-Trap Plant,icon,UI Icon,1:1,"Create a canonical NOVERIS Nano Banana 2 visual for Adhesive-Trap Plant: UI Icon.

Canonical archetype:
A canonical adhesive-trap plant designed as a scientifically plausible plant-like or fungal organism whose anchoring, support, transport, energy capture, growth, reproduction, ecology, and environmental adaptations are internally coherent.

Required visual and biological rules:
• credible anchoring
• coherent support and transport
• functional energy collectors
• reproductive logic
• environment-linked growth

Production request:
Create isolated silhouette readable at 64 pixels.

Studio-resolved canonical values:
{{canonicalId}}, {{displayName}}, {{scientificName}}, {{originPlanet}}, {{planetType}}, {{biome}}, {{gravity}}, {{atmosphere}}, {{climate}}, {{temperatureRange}}, {{sizeScale}}, {{coloration}}, {{materials}}, {{distinctiveFeatures}}, {{lockedTraits}}, {{rarity}}, {{artDirection}}.

Preserve every locked canonical field exactly. The result must use NOVERIS Scientific Realism: premium AAA science-fiction quality, museum-grade reference presentation, scientifically plausible structure, coherent materials, restrained coloration unless canon requires otherwise, readable silhouette, consistent scale and anatomy or growth across all views, soft neutral studio lighting, pure black background for isolated references, full requested subject visibility, generous negative space, and PSD-friendly extraction. Habitat and biome outputs may use the canonical environment. No baked-in text, labels, watermark, logo, border, or UI.

Create four clearly different but canon-compliant versions. Preserve body plan or growth architecture, structural counts, environmental adaptations, materials, defining features, and locked coloration. Vary only permitted secondary proportions, markings, surface detail, minor ornamentation, natural wear, and pose or growth irregularity.

Recommended aspect ratio: 1:1.","text, labels, watermark, signature, logo, border, frame, UI, HUD, cropped subject, duplicate anatomy, contradictory anatomy, impossible balance, unsupported structures, random wings, random horns, humanoid default, fantasy armor, weapons, cartoon, anime, toy-like materials, excessive neon, excessive glow, oversaturated colors, busy background, motion blur, low resolution, compression artifacts, generic Earth copy, unsupported fantasy styling, traits conflicting with locked canon",1.0.0,canonical
NB2-PLT-PH-003-ADHESIVE-TRAP-PLANT-SCALE,PLT-PH-003-ADHESIVE-TRAP-PLANT,Adhesive-Trap Plant,scale,Scale Comparison,16:9,"Create a canonical NOVERIS Nano Banana 2 visual for Adhesive-Trap Plant: Scale Comparison.

Canonical archetype:
A canonical adhesive-trap plant designed as a scientifically plausible plant-like or fungal organism whose anchoring, support, transport, energy capture, growth, reproduction, ecology, and environmental adaptations are internally coherent.

Required visual and biological rules:
• credible anchoring
• coherent support and transport
• functional energy collectors
• reproductive logic
• environment-linked growth

Production request:
Create side view with adult human silhouette and one-meter bar.

Studio-resolved canonical values:
{{canonicalId}}, {{displayName}}, {{scientificName}}, {{originPlanet}}, {{planetType}}, {{biome}}, {{gravity}}, {{atmosphere}}, {{climate}}, {{temperatureRange}}, {{sizeScale}}, {{coloration}}, {{materials}}, {{distinctiveFeatures}}, {{lockedTraits}}, {{rarity}}, {{artDirection}}.

Preserve every locked canonical field exactly. The result must use NOVERIS Scientific Realism: premium AAA science-fiction quality, museum-grade reference presentation, scientifically plausible structure, coherent materials, restrained coloration unless canon requires otherwise, readable silhouette, consistent scale and anatomy or growth across all views, soft neutral studio lighting, pure black background for isolated references, full requested subject visibility, generous negative space, and PSD-friendly extraction. Habitat and biome outputs may use the canonical environment. No baked-in text, labels, watermark, logo, border, or UI.

Create four clearly different but canon-compliant versions. Preserve body plan or growth architecture, structural counts, environmental adaptations, materials, defining features, and locked coloration. Vary only permitted secondary proportions, markings, surface detail, minor ornamentation, natural wear, and pose or growth irregularity.

Recommended aspect ratio: 16:9.","text, labels, watermark, signature, logo, border, frame, UI, HUD, cropped subject, duplicate anatomy, contradictory anatomy, impossible balance, unsupported structures, random wings, random horns, humanoid default, fantasy armor, weapons, cartoon, anime, toy-like materials, excessive neon, excessive glow, oversaturated colors, busy background, motion blur, low resolution, compression artifacts, generic Earth copy, unsupported fantasy styling, traits conflicting with locked canon",1.0.0,canonical
NB2-PLT-PH-003-ADHESIVE-TRAP-PLANT-PLATE,PLT-PH-003-ADHESIVE-TRAP-PLANT,Adhesive-Trap Plant,plate,Master Botanical Plate,16:9,"Create a canonical NOVERIS Nano Banana 2 visual for Adhesive-Trap Plant: Master Botanical Plate.

Canonical archetype:
A canonical adhesive-trap plant designed as a scientifically plausible plant-like or fungal organism whose anchoring, support, transport, energy capture, growth, reproduction, ecology, and environmental adaptations are internally coherent.

Required visual and biological rules:
• credible anchoring
• coherent support and transport
• functional energy collectors
• reproductive logic
• environment-linked growth

Production request:
Create whole organism, views, roots, structure, collectors, reproduction, stages, materials and habitat vignette.

Studio-resolved canonical values:
{{canonicalId}}, {{displayName}}, {{scientificName}}, {{originPlanet}}, {{planetType}}, {{biome}}, {{gravity}}, {{atmosphere}}, {{climate}}, {{temperatureRange}}, {{sizeScale}}, {{coloration}}, {{materials}}, {{distinctiveFeatures}}, {{lockedTraits}}, {{rarity}}, {{artDirection}}.

Preserve every locked canonical field exactly. The result must use NOVERIS Scientific Realism: premium AAA science-fiction quality, museum-grade reference presentation, scientifically plausible structure, coherent materials, restrained coloration unless canon requires otherwise, readable silhouette, consistent scale and anatomy or growth across all views, soft neutral studio lighting, pure black background for isolated references, full requested subject visibility, generous negative space, and PSD-friendly extraction. Habitat and biome outputs may use the canonical environment. No baked-in text, labels, watermark, logo, border, or UI.

Create four clearly different but canon-compliant versions. Preserve body plan or growth architecture, structural counts, environmental adaptations, materials, defining features, and locked coloration. Vary only permitted secondary proportions, markings, surface detail, minor ornamentation, natural wear, and pose or growth irregularity.

Recommended aspect ratio: 16:9.","text, labels, watermark, signature, logo, border, frame, UI, HUD, cropped subject, duplicate anatomy, contradictory anatomy, impossible balance, unsupported structures, random wings, random horns, humanoid default, fantasy armor, weapons, cartoon, anime, toy-like materials, excessive neon, excessive glow, oversaturated colors, busy background, motion blur, low resolution, compression artifacts, generic Earth copy, unsupported fantasy styling, traits conflicting with locked canon",1.0.0,canonical
NB2-PLT-PH-003-ADHESIVE-TRAP-PLANT-PSD,PLT-PH-003-ADHESIVE-TRAP-PLANT,Adhesive-Trap Plant,psd,PSD Extraction Board,16:9,"Create a canonical NOVERIS Nano Banana 2 visual for Adhesive-Trap Plant: PSD Extraction Board.

Canonical archetype:
A canonical adhesive-trap plant designed as a scientifically plausible plant-like or fungal organism whose anchoring, support, transport, energy capture, growth, reproduction, ecology, and environmental adaptations are internally coherent.

Required visual and biological rules:
• credible anchoring
• coherent support and transport
• functional energy collectors
• reproductive logic
• environment-linked growth

Production request:
Create isolated whole organism, parts, silhouette and material references.

Studio-resolved canonical values:
{{canonicalId}}, {{displayName}}, {{scientificName}}, {{originPlanet}}, {{planetType}}, {{biome}}, {{gravity}}, {{atmosphere}}, {{climate}}, {{temperatureRange}}, {{sizeScale}}, {{coloration}}, {{materials}}, {{distinctiveFeatures}}, {{lockedTraits}}, {{rarity}}, {{artDirection}}.

Preserve every locked canonical field exactly. The result must use NOVERIS Scientific Realism: premium AAA science-fiction quality, museum-grade reference presentation, scientifically plausible structure, coherent materials, restrained coloration unless canon requires otherwise, readable silhouette, consistent scale and anatomy or growth across all views, soft neutral studio lighting, pure black background for isolated references, full requested subject visibility, generous negative space, and PSD-friendly extraction. Habitat and biome outputs may use the canonical environment. No baked-in text, labels, watermark, logo, border, or UI.

Create four clearly different but canon-compliant versions. Preserve body plan or growth architecture, structural counts, environmental adaptations, materials, defining features, and locked coloration. Vary only permitted secondary proportions, markings, surface detail, minor ornamentation, natural wear, and pose or growth irregularity.

Recommended aspect ratio: 16:9.","text, labels, watermark, signature, logo, border, frame, UI, HUD, cropped subject, duplicate anatomy, contradictory anatomy, impossible balance, unsupported structures, random wings, random horns, humanoid default, fantasy armor, weapons, cartoon, anime, toy-like materials, excessive neon, excessive glow, oversaturated colors, busy background, motion blur, low resolution, compression artifacts, generic Earth copy, unsupported fantasy styling, traits conflicting with locked canon",1.0.0,canonical
NB2-PLT-PH-004-SUCTION-TRAP-PLANT-WHOLE-PLANT,PLT-PH-004-SUCTION-TRAP-PLANT,Suction-Trap Plant,whole-plant,Whole Plant Production Render,3:4,"Create a canonical NOVERIS Nano Banana 2 visual for Suction-Trap Plant: Whole Plant Production Render.

Canonical archetype:
A canonical suction-trap plant designed as a scientifically plausible plant-like or fungal organism whose anchoring, support, transport, energy capture, growth, reproduction, ecology, and environmental adaptations are internally coherent.

Required visual and biological rules:
• credible anchoring
• coherent support and transport
• functional energy collectors
• reproductive logic
• environment-linked growth

Production request:
Create complete mature organism including roots or anchor system.

Studio-resolved canonical values:
{{canonicalId}}, {{displayName}}, {{scientificName}}, {{originPlanet}}, {{planetType}}, {{biome}}, {{gravity}}, {{atmosphere}}, {{climate}}, {{temperatureRange}}, {{sizeScale}}, {{coloration}}, {{materials}}, {{distinctiveFeatures}}, {{lockedTraits}}, {{rarity}}, {{artDirection}}.

Preserve every locked canonical field exactly. The result must use NOVERIS Scientific Realism: premium AAA science-fiction quality, museum-grade reference presentation, scientifically plausible structure, coherent materials, restrained coloration unless canon requires otherwise, readable silhouette, consistent scale and anatomy or growth across all views, soft neutral studio lighting, pure black background for isolated references, full requested subject visibility, generous negative space, and PSD-friendly extraction. Habitat and biome outputs may use the canonical environment. No baked-in text, labels, watermark, logo, border, or UI.

Create four clearly different but canon-compliant versions. Preserve body plan or growth architecture, structural counts, environmental adaptations, materials, defining features, and locked coloration. Vary only permitted secondary proportions, markings, surface detail, minor ornamentation, natural wear, and pose or growth irregularity.

Recommended aspect ratio: 3:4.","text, labels, watermark, signature, logo, border, frame, UI, HUD, cropped subject, duplicate anatomy, contradictory anatomy, impossible balance, unsupported structures, random wings, random horns, humanoid default, fantasy armor, weapons, cartoon, anime, toy-like materials, excessive neon, excessive glow, oversaturated colors, busy background, motion blur, low resolution, compression artifacts, generic Earth copy, unsupported fantasy styling, traits conflicting with locked canon",1.0.0,canonical
NB2-PLT-PH-004-SUCTION-TRAP-PLANT-PORTRAIT,PLT-PH-004-SUCTION-TRAP-PLANT,Suction-Trap Plant,portrait,Botanical Portrait,1:1,"Create a canonical NOVERIS Nano Banana 2 visual for Suction-Trap Plant: Botanical Portrait.

Canonical archetype:
A canonical suction-trap plant designed as a scientifically plausible plant-like or fungal organism whose anchoring, support, transport, energy capture, growth, reproduction, ecology, and environmental adaptations are internally coherent.

Required visual and biological rules:
• credible anchoring
• coherent support and transport
• functional energy collectors
• reproductive logic
• environment-linked growth

Production request:
Create defining growth form, foliage, collectors and reproduction.

Studio-resolved canonical values:
{{canonicalId}}, {{displayName}}, {{scientificName}}, {{originPlanet}}, {{planetType}}, {{biome}}, {{gravity}}, {{atmosphere}}, {{climate}}, {{temperatureRange}}, {{sizeScale}}, {{coloration}}, {{materials}}, {{distinctiveFeatures}}, {{lockedTraits}}, {{rarity}}, {{artDirection}}.

Preserve every locked canonical field exactly. The result must use NOVERIS Scientific Realism: premium AAA science-fiction quality, museum-grade reference presentation, scientifically plausible structure, coherent materials, restrained coloration unless canon requires otherwise, readable silhouette, consistent scale and anatomy or growth across all views, soft neutral studio lighting, pure black background for isolated references, full requested subject visibility, generous negative space, and PSD-friendly extraction. Habitat and biome outputs may use the canonical environment. No baked-in text, labels, watermark, logo, border, or UI.

Create four clearly different but canon-compliant versions. Preserve body plan or growth architecture, structural counts, environmental adaptations, materials, defining features, and locked coloration. Vary only permitted secondary proportions, markings, surface detail, minor ornamentation, natural wear, and pose or growth irregularity.

Recommended aspect ratio: 1:1.","text, labels, watermark, signature, logo, border, frame, UI, HUD, cropped subject, duplicate anatomy, contradictory anatomy, impossible balance, unsupported structures, random wings, random horns, humanoid default, fantasy armor, weapons, cartoon, anime, toy-like materials, excessive neon, excessive glow, oversaturated colors, busy background, motion blur, low resolution, compression artifacts, generic Earth copy, unsupported fantasy styling, traits conflicting with locked canon",1.0.0,canonical
NB2-PLT-PH-004-SUCTION-TRAP-PLANT-ORTHO-FRONT,PLT-PH-004-SUCTION-TRAP-PLANT,Suction-Trap Plant,ortho-front,Orthographic Front,3:4,"Create a canonical NOVERIS Nano Banana 2 visual for Suction-Trap Plant: Orthographic Front.

Canonical archetype:
A canonical suction-trap plant designed as a scientifically plausible plant-like or fungal organism whose anchoring, support, transport, energy capture, growth, reproduction, ecology, and environmental adaptations are internally coherent.

Required visual and biological rules:
• credible anchoring
• coherent support and transport
• functional energy collectors
• reproductive logic
• environment-linked growth

Production request:
Create exact front orthographic view.

Studio-resolved canonical values:
{{canonicalId}}, {{displayName}}, {{scientificName}}, {{originPlanet}}, {{planetType}}, {{biome}}, {{gravity}}, {{atmosphere}}, {{climate}}, {{temperatureRange}}, {{sizeScale}}, {{coloration}}, {{materials}}, {{distinctiveFeatures}}, {{lockedTraits}}, {{rarity}}, {{artDirection}}.

Preserve every locked canonical field exactly. The result must use NOVERIS Scientific Realism: premium AAA science-fiction quality, museum-grade reference presentation, scientifically plausible structure, coherent materials, restrained coloration unless canon requires otherwise, readable silhouette, consistent scale and anatomy or growth across all views, soft neutral studio lighting, pure black background for isolated references, full requested subject visibility, generous negative space, and PSD-friendly extraction. Habitat and biome outputs may use the canonical environment. No baked-in text, labels, watermark, logo, border, or UI.

Create four clearly different but canon-compliant versions. Preserve body plan or growth architecture, structural counts, environmental adaptations, materials, defining features, and locked coloration. Vary only permitted secondary proportions, markings, surface detail, minor ornamentation, natural wear, and pose or growth irregularity.

Recommended aspect ratio: 3:4.","text, labels, watermark, signature, logo, border, frame, UI, HUD, cropped subject, duplicate anatomy, contradictory anatomy, impossible balance, unsupported structures, random wings, random horns, humanoid default, fantasy armor, weapons, cartoon, anime, toy-like materials, excessive neon, excessive glow, oversaturated colors, busy background, motion blur, low resolution, compression artifacts, generic Earth copy, unsupported fantasy styling, traits conflicting with locked canon",1.0.0,canonical
NB2-PLT-PH-004-SUCTION-TRAP-PLANT-ORTHO-SIDE,PLT-PH-004-SUCTION-TRAP-PLANT,Suction-Trap Plant,ortho-side,Orthographic Side,3:4,"Create a canonical NOVERIS Nano Banana 2 visual for Suction-Trap Plant: Orthographic Side.

Canonical archetype:
A canonical suction-trap plant designed as a scientifically plausible plant-like or fungal organism whose anchoring, support, transport, energy capture, growth, reproduction, ecology, and environmental adaptations are internally coherent.

Required visual and biological rules:
• credible anchoring
• coherent support and transport
• functional energy collectors
• reproductive logic
• environment-linked growth

Production request:
Create exact side orthographic view.

Studio-resolved canonical values:
{{canonicalId}}, {{displayName}}, {{scientificName}}, {{originPlanet}}, {{planetType}}, {{biome}}, {{gravity}}, {{atmosphere}}, {{climate}}, {{temperatureRange}}, {{sizeScale}}, {{coloration}}, {{materials}}, {{distinctiveFeatures}}, {{lockedTraits}}, {{rarity}}, {{artDirection}}.

Preserve every locked canonical field exactly. The result must use NOVERIS Scientific Realism: premium AAA science-fiction quality, museum-grade reference presentation, scientifically plausible structure, coherent materials, restrained coloration unless canon requires otherwise, readable silhouette, consistent scale and anatomy or growth across all views, soft neutral studio lighting, pure black background for isolated references, full requested subject visibility, generous negative space, and PSD-friendly extraction. Habitat and biome outputs may use the canonical environment. No baked-in text, labels, watermark, logo, border, or UI.

Create four clearly different but canon-compliant versions. Preserve body plan or growth architecture, structural counts, environmental adaptations, materials, defining features, and locked coloration. Vary only permitted secondary proportions, markings, surface detail, minor ornamentation, natural wear, and pose or growth irregularity.

Recommended aspect ratio: 3:4.","text, labels, watermark, signature, logo, border, frame, UI, HUD, cropped subject, duplicate anatomy, contradictory anatomy, impossible balance, unsupported structures, random wings, random horns, humanoid default, fantasy armor, weapons, cartoon, anime, toy-like materials, excessive neon, excessive glow, oversaturated colors, busy background, motion blur, low resolution, compression artifacts, generic Earth copy, unsupported fantasy styling, traits conflicting with locked canon",1.0.0,canonical
NB2-PLT-PH-004-SUCTION-TRAP-PLANT-ORTHO-TOP,PLT-PH-004-SUCTION-TRAP-PLANT,Suction-Trap Plant,ortho-top,Orthographic Top,1:1,"Create a canonical NOVERIS Nano Banana 2 visual for Suction-Trap Plant: Orthographic Top.

Canonical archetype:
A canonical suction-trap plant designed as a scientifically plausible plant-like or fungal organism whose anchoring, support, transport, energy capture, growth, reproduction, ecology, and environmental adaptations are internally coherent.

Required visual and biological rules:
• credible anchoring
• coherent support and transport
• functional energy collectors
• reproductive logic
• environment-linked growth

Production request:
Create exact top view showing spread and growth geometry.

Studio-resolved canonical values:
{{canonicalId}}, {{displayName}}, {{scientificName}}, {{originPlanet}}, {{planetType}}, {{biome}}, {{gravity}}, {{atmosphere}}, {{climate}}, {{temperatureRange}}, {{sizeScale}}, {{coloration}}, {{materials}}, {{distinctiveFeatures}}, {{lockedTraits}}, {{rarity}}, {{artDirection}}.

Preserve every locked canonical field exactly. The result must use NOVERIS Scientific Realism: premium AAA science-fiction quality, museum-grade reference presentation, scientifically plausible structure, coherent materials, restrained coloration unless canon requires otherwise, readable silhouette, consistent scale and anatomy or growth across all views, soft neutral studio lighting, pure black background for isolated references, full requested subject visibility, generous negative space, and PSD-friendly extraction. Habitat and biome outputs may use the canonical environment. No baked-in text, labels, watermark, logo, border, or UI.

Create four clearly different but canon-compliant versions. Preserve body plan or growth architecture, structural counts, environmental adaptations, materials, defining features, and locked coloration. Vary only permitted secondary proportions, markings, surface detail, minor ornamentation, natural wear, and pose or growth irregularity.

Recommended aspect ratio: 1:1.","text, labels, watermark, signature, logo, border, frame, UI, HUD, cropped subject, duplicate anatomy, contradictory anatomy, impossible balance, unsupported structures, random wings, random horns, humanoid default, fantasy armor, weapons, cartoon, anime, toy-like materials, excessive neon, excessive glow, oversaturated colors, busy background, motion blur, low resolution, compression artifacts, generic Earth copy, unsupported fantasy styling, traits conflicting with locked canon",1.0.0,canonical
NB2-PLT-PH-004-SUCTION-TRAP-PLANT-ROOTS,PLT-PH-004-SUCTION-TRAP-PLANT,Suction-Trap Plant,roots,Root or Anchor System,16:9,"Create a canonical NOVERIS Nano Banana 2 visual for Suction-Trap Plant: Root or Anchor System.

Canonical archetype:
A canonical suction-trap plant designed as a scientifically plausible plant-like or fungal organism whose anchoring, support, transport, energy capture, growth, reproduction, ecology, and environmental adaptations are internally coherent.

Required visual and biological rules:
• credible anchoring
• coherent support and transport
• functional energy collectors
• reproductive logic
• environment-linked growth

Production request:
Create complete substrate interface and nutrient exchange structures.

Studio-resolved canonical values:
{{canonicalId}}, {{displayName}}, {{scientificName}}, {{originPlanet}}, {{planetType}}, {{biome}}, {{gravity}}, {{atmosphere}}, {{climate}}, {{temperatureRange}}, {{sizeScale}}, {{coloration}}, {{materials}}, {{distinctiveFeatures}}, {{lockedTraits}}, {{rarity}}, {{artDirection}}.

Preserve every locked canonical field exactly. The result must use NOVERIS Scientific Realism: premium AAA science-fiction quality, museum-grade reference presentation, scientifically plausible structure, coherent materials, restrained coloration unless canon requires otherwise, readable silhouette, consistent scale and anatomy or growth across all views, soft neutral studio lighting, pure black background for isolated references, full requested subject visibility, generous negative space, and PSD-friendly extraction. Habitat and biome outputs may use the canonical environment. No baked-in text, labels, watermark, logo, border, or UI.

Create four clearly different but canon-compliant versions. Preserve body plan or growth architecture, structural counts, environmental adaptations, materials, defining features, and locked coloration. Vary only permitted secondary proportions, markings, surface detail, minor ornamentation, natural wear, and pose or growth irregularity.

Recommended aspect ratio: 16:9.","text, labels, watermark, signature, logo, border, frame, UI, HUD, cropped subject, duplicate anatomy, contradictory anatomy, impossible balance, unsupported structures, random wings, random horns, humanoid default, fantasy armor, weapons, cartoon, anime, toy-like materials, excessive neon, excessive glow, oversaturated colors, busy background, motion blur, low resolution, compression artifacts, generic Earth copy, unsupported fantasy styling, traits conflicting with locked canon",1.0.0,canonical
NB2-PLT-PH-004-SUCTION-TRAP-PLANT-STEMS,PLT-PH-004-SUCTION-TRAP-PLANT,Suction-Trap Plant,stems,"Stem, Trunk or Structural Study",16:9,"Create a canonical NOVERIS Nano Banana 2 visual for Suction-Trap Plant: Stem, Trunk or Structural Study.

Canonical archetype:
A canonical suction-trap plant designed as a scientifically plausible plant-like or fungal organism whose anchoring, support, transport, energy capture, growth, reproduction, ecology, and environmental adaptations are internally coherent.

Required visual and biological rules:
• credible anchoring
• coherent support and transport
• functional energy collectors
• reproductive logic
• environment-linked growth

Production request:
Create support and transport architecture.

Studio-resolved canonical values:
{{canonicalId}}, {{displayName}}, {{scientificName}}, {{originPlanet}}, {{planetType}}, {{biome}}, {{gravity}}, {{atmosphere}}, {{climate}}, {{temperatureRange}}, {{sizeScale}}, {{coloration}}, {{materials}}, {{distinctiveFeatures}}, {{lockedTraits}}, {{rarity}}, {{artDirection}}.

Preserve every locked canonical field exactly. The result must use NOVERIS Scientific Realism: premium AAA science-fiction quality, museum-grade reference presentation, scientifically plausible structure, coherent materials, restrained coloration unless canon requires otherwise, readable silhouette, consistent scale and anatomy or growth across all views, soft neutral studio lighting, pure black background for isolated references, full requested subject visibility, generous negative space, and PSD-friendly extraction. Habitat and biome outputs may use the canonical environment. No baked-in text, labels, watermark, logo, border, or UI.

Create four clearly different but canon-compliant versions. Preserve body plan or growth architecture, structural counts, environmental adaptations, materials, defining features, and locked coloration. Vary only permitted secondary proportions, markings, surface detail, minor ornamentation, natural wear, and pose or growth irregularity.

Recommended aspect ratio: 16:9.","text, labels, watermark, signature, logo, border, frame, UI, HUD, cropped subject, duplicate anatomy, contradictory anatomy, impossible balance, unsupported structures, random wings, random horns, humanoid default, fantasy armor, weapons, cartoon, anime, toy-like materials, excessive neon, excessive glow, oversaturated colors, busy background, motion blur, low resolution, compression artifacts, generic Earth copy, unsupported fantasy styling, traits conflicting with locked canon",1.0.0,canonical
NB2-PLT-PH-004-SUCTION-TRAP-PLANT-COLLECTORS,PLT-PH-004-SUCTION-TRAP-PLANT,Suction-Trap Plant,collectors,Leaves or Collector Study,16:9,"Create a canonical NOVERIS Nano Banana 2 visual for Suction-Trap Plant: Leaves or Collector Study.

Canonical archetype:
A canonical suction-trap plant designed as a scientifically plausible plant-like or fungal organism whose anchoring, support, transport, energy capture, growth, reproduction, ecology, and environmental adaptations are internally coherent.

Required visual and biological rules:
• credible anchoring
• coherent support and transport
• functional energy collectors
• reproductive logic
• environment-linked growth

Production request:
Create front, back, edge, juvenile, mature and stressed states.

Studio-resolved canonical values:
{{canonicalId}}, {{displayName}}, {{scientificName}}, {{originPlanet}}, {{planetType}}, {{biome}}, {{gravity}}, {{atmosphere}}, {{climate}}, {{temperatureRange}}, {{sizeScale}}, {{coloration}}, {{materials}}, {{distinctiveFeatures}}, {{lockedTraits}}, {{rarity}}, {{artDirection}}.

Preserve every locked canonical field exactly. The result must use NOVERIS Scientific Realism: premium AAA science-fiction quality, museum-grade reference presentation, scientifically plausible structure, coherent materials, restrained coloration unless canon requires otherwise, readable silhouette, consistent scale and anatomy or growth across all views, soft neutral studio lighting, pure black background for isolated references, full requested subject visibility, generous negative space, and PSD-friendly extraction. Habitat and biome outputs may use the canonical environment. No baked-in text, labels, watermark, logo, border, or UI.

Create four clearly different but canon-compliant versions. Preserve body plan or growth architecture, structural counts, environmental adaptations, materials, defining features, and locked coloration. Vary only permitted secondary proportions, markings, surface detail, minor ornamentation, natural wear, and pose or growth irregularity.

Recommended aspect ratio: 16:9.","text, labels, watermark, signature, logo, border, frame, UI, HUD, cropped subject, duplicate anatomy, contradictory anatomy, impossible balance, unsupported structures, random wings, random horns, humanoid default, fantasy armor, weapons, cartoon, anime, toy-like materials, excessive neon, excessive glow, oversaturated colors, busy background, motion blur, low resolution, compression artifacts, generic Earth copy, unsupported fantasy styling, traits conflicting with locked canon",1.0.0,canonical
NB2-PLT-PH-004-SUCTION-TRAP-PLANT-REPRODUCTION,PLT-PH-004-SUCTION-TRAP-PLANT,Suction-Trap Plant,reproduction,Reproductive Structure,16:9,"Create a canonical NOVERIS Nano Banana 2 visual for Suction-Trap Plant: Reproductive Structure.

Canonical archetype:
A canonical suction-trap plant designed as a scientifically plausible plant-like or fungal organism whose anchoring, support, transport, energy capture, growth, reproduction, ecology, and environmental adaptations are internally coherent.

Required visual and biological rules:
• credible anchoring
• coherent support and transport
• functional energy collectors
• reproductive logic
• environment-linked growth

Production request:
Create flowers, cones, spores, fields or equivalent stages.

Studio-resolved canonical values:
{{canonicalId}}, {{displayName}}, {{scientificName}}, {{originPlanet}}, {{planetType}}, {{biome}}, {{gravity}}, {{atmosphere}}, {{climate}}, {{temperatureRange}}, {{sizeScale}}, {{coloration}}, {{materials}}, {{distinctiveFeatures}}, {{lockedTraits}}, {{rarity}}, {{artDirection}}.

Preserve every locked canonical field exactly. The result must use NOVERIS Scientific Realism: premium AAA science-fiction quality, museum-grade reference presentation, scientifically plausible structure, coherent materials, restrained coloration unless canon requires otherwise, readable silhouette, consistent scale and anatomy or growth across all views, soft neutral studio lighting, pure black background for isolated references, full requested subject visibility, generous negative space, and PSD-friendly extraction. Habitat and biome outputs may use the canonical environment. No baked-in text, labels, watermark, logo, border, or UI.

Create four clearly different but canon-compliant versions. Preserve body plan or growth architecture, structural counts, environmental adaptations, materials, defining features, and locked coloration. Vary only permitted secondary proportions, markings, surface detail, minor ornamentation, natural wear, and pose or growth irregularity.

Recommended aspect ratio: 16:9.","text, labels, watermark, signature, logo, border, frame, UI, HUD, cropped subject, duplicate anatomy, contradictory anatomy, impossible balance, unsupported structures, random wings, random horns, humanoid default, fantasy armor, weapons, cartoon, anime, toy-like materials, excessive neon, excessive glow, oversaturated colors, busy background, motion blur, low resolution, compression artifacts, generic Earth copy, unsupported fantasy styling, traits conflicting with locked canon",1.0.0,canonical
NB2-PLT-PH-004-SUCTION-TRAP-PLANT-PROPAGULES,PLT-PH-004-SUCTION-TRAP-PLANT,Suction-Trap Plant,propagules,"Seed, Spore or Propagule Study",16:9,"Create a canonical NOVERIS Nano Banana 2 visual for Suction-Trap Plant: Seed, Spore or Propagule Study.

Canonical archetype:
A canonical suction-trap plant designed as a scientifically plausible plant-like or fungal organism whose anchoring, support, transport, energy capture, growth, reproduction, ecology, and environmental adaptations are internally coherent.

Required visual and biological rules:
• credible anchoring
• coherent support and transport
• functional energy collectors
• reproductive logic
• environment-linked growth

Production request:
Create dispersal, germination and early establishment.

Studio-resolved canonical values:
{{canonicalId}}, {{displayName}}, {{scientificName}}, {{originPlanet}}, {{planetType}}, {{biome}}, {{gravity}}, {{atmosphere}}, {{climate}}, {{temperatureRange}}, {{sizeScale}}, {{coloration}}, {{materials}}, {{distinctiveFeatures}}, {{lockedTraits}}, {{rarity}}, {{artDirection}}.

Preserve every locked canonical field exactly. The result must use NOVERIS Scientific Realism: premium AAA science-fiction quality, museum-grade reference presentation, scientifically plausible structure, coherent materials, restrained coloration unless canon requires otherwise, readable silhouette, consistent scale and anatomy or growth across all views, soft neutral studio lighting, pure black background for isolated references, full requested subject visibility, generous negative space, and PSD-friendly extraction. Habitat and biome outputs may use the canonical environment. No baked-in text, labels, watermark, logo, border, or UI.

Create four clearly different but canon-compliant versions. Preserve body plan or growth architecture, structural counts, environmental adaptations, materials, defining features, and locked coloration. Vary only permitted secondary proportions, markings, surface detail, minor ornamentation, natural wear, and pose or growth irregularity.

Recommended aspect ratio: 16:9.","text, labels, watermark, signature, logo, border, frame, UI, HUD, cropped subject, duplicate anatomy, contradictory anatomy, impossible balance, unsupported structures, random wings, random horns, humanoid default, fantasy armor, weapons, cartoon, anime, toy-like materials, excessive neon, excessive glow, oversaturated colors, busy background, motion blur, low resolution, compression artifacts, generic Earth copy, unsupported fantasy styling, traits conflicting with locked canon",1.0.0,canonical
NB2-PLT-PH-004-SUCTION-TRAP-PLANT-CROSS-SECTION,PLT-PH-004-SUCTION-TRAP-PLANT,Suction-Trap Plant,cross-section,Internal Cross Section,16:9,"Create a canonical NOVERIS Nano Banana 2 visual for Suction-Trap Plant: Internal Cross Section.

Canonical archetype:
A canonical suction-trap plant designed as a scientifically plausible plant-like or fungal organism whose anchoring, support, transport, energy capture, growth, reproduction, ecology, and environmental adaptations are internally coherent.

Required visual and biological rules:
• credible anchoring
• coherent support and transport
• functional energy collectors
• reproductive logic
• environment-linked growth

Production request:
Create protection, transport, support, storage and reproduction.

Studio-resolved canonical values:
{{canonicalId}}, {{displayName}}, {{scientificName}}, {{originPlanet}}, {{planetType}}, {{biome}}, {{gravity}}, {{atmosphere}}, {{climate}}, {{temperatureRange}}, {{sizeScale}}, {{coloration}}, {{materials}}, {{distinctiveFeatures}}, {{lockedTraits}}, {{rarity}}, {{artDirection}}.

Preserve every locked canonical field exactly. The result must use NOVERIS Scientific Realism: premium AAA science-fiction quality, museum-grade reference presentation, scientifically plausible structure, coherent materials, restrained coloration unless canon requires otherwise, readable silhouette, consistent scale and anatomy or growth across all views, soft neutral studio lighting, pure black background for isolated references, full requested subject visibility, generous negative space, and PSD-friendly extraction. Habitat and biome outputs may use the canonical environment. No baked-in text, labels, watermark, logo, border, or UI.

Create four clearly different but canon-compliant versions. Preserve body plan or growth architecture, structural counts, environmental adaptations, materials, defining features, and locked coloration. Vary only permitted secondary proportions, markings, surface detail, minor ornamentation, natural wear, and pose or growth irregularity.

Recommended aspect ratio: 16:9.","text, labels, watermark, signature, logo, border, frame, UI, HUD, cropped subject, duplicate anatomy, contradictory anatomy, impossible balance, unsupported structures, random wings, random horns, humanoid default, fantasy armor, weapons, cartoon, anime, toy-like materials, excessive neon, excessive glow, oversaturated colors, busy background, motion blur, low resolution, compression artifacts, generic Earth copy, unsupported fantasy styling, traits conflicting with locked canon",1.0.0,canonical
NB2-PLT-PH-004-SUCTION-TRAP-PLANT-GROWTH,PLT-PH-004-SUCTION-TRAP-PLANT,Suction-Trap Plant,growth,Growth Stages,16:9,"Create a canonical NOVERIS Nano Banana 2 visual for Suction-Trap Plant: Growth Stages.

Canonical archetype:
A canonical suction-trap plant designed as a scientifically plausible plant-like or fungal organism whose anchoring, support, transport, energy capture, growth, reproduction, ecology, and environmental adaptations are internally coherent.

Required visual and biological rules:
• credible anchoring
• coherent support and transport
• functional energy collectors
• reproductive logic
• environment-linked growth

Production request:
Create propagule, juvenile, mature, reproductive and senescent stages.

Studio-resolved canonical values:
{{canonicalId}}, {{displayName}}, {{scientificName}}, {{originPlanet}}, {{planetType}}, {{biome}}, {{gravity}}, {{atmosphere}}, {{climate}}, {{temperatureRange}}, {{sizeScale}}, {{coloration}}, {{materials}}, {{distinctiveFeatures}}, {{lockedTraits}}, {{rarity}}, {{artDirection}}.

Preserve every locked canonical field exactly. The result must use NOVERIS Scientific Realism: premium AAA science-fiction quality, museum-grade reference presentation, scientifically plausible structure, coherent materials, restrained coloration unless canon requires otherwise, readable silhouette, consistent scale and anatomy or growth across all views, soft neutral studio lighting, pure black background for isolated references, full requested subject visibility, generous negative space, and PSD-friendly extraction. Habitat and biome outputs may use the canonical environment. No baked-in text, labels, watermark, logo, border, or UI.

Create four clearly different but canon-compliant versions. Preserve body plan or growth architecture, structural counts, environmental adaptations, materials, defining features, and locked coloration. Vary only permitted secondary proportions, markings, surface detail, minor ornamentation, natural wear, and pose or growth irregularity.

Recommended aspect ratio: 16:9.","text, labels, watermark, signature, logo, border, frame, UI, HUD, cropped subject, duplicate anatomy, contradictory anatomy, impossible balance, unsupported structures, random wings, random horns, humanoid default, fantasy armor, weapons, cartoon, anime, toy-like materials, excessive neon, excessive glow, oversaturated colors, busy background, motion blur, low resolution, compression artifacts, generic Earth copy, unsupported fantasy styling, traits conflicting with locked canon",1.0.0,canonical
NB2-PLT-PH-004-SUCTION-TRAP-PLANT-SEASONAL,PLT-PH-004-SUCTION-TRAP-PLANT,Suction-Trap Plant,seasonal,Seasonal and Stress Variants,16:9,"Create a canonical NOVERIS Nano Banana 2 visual for Suction-Trap Plant: Seasonal and Stress Variants.

Canonical archetype:
A canonical suction-trap plant designed as a scientifically plausible plant-like or fungal organism whose anchoring, support, transport, energy capture, growth, reproduction, ecology, and environmental adaptations are internally coherent.

Required visual and biological rules:
• credible anchoring
• coherent support and transport
• functional energy collectors
• reproductive logic
• environment-linked growth

Production request:
Create growth, reproduction, dormancy, damage and recovery.

Studio-resolved canonical values:
{{canonicalId}}, {{displayName}}, {{scientificName}}, {{originPlanet}}, {{planetType}}, {{biome}}, {{gravity}}, {{atmosphere}}, {{climate}}, {{temperatureRange}}, {{sizeScale}}, {{coloration}}, {{materials}}, {{distinctiveFeatures}}, {{lockedTraits}}, {{rarity}}, {{artDirection}}.

Preserve every locked canonical field exactly. The result must use NOVERIS Scientific Realism: premium AAA science-fiction quality, museum-grade reference presentation, scientifically plausible structure, coherent materials, restrained coloration unless canon requires otherwise, readable silhouette, consistent scale and anatomy or growth across all views, soft neutral studio lighting, pure black background for isolated references, full requested subject visibility, generous negative space, and PSD-friendly extraction. Habitat and biome outputs may use the canonical environment. No baked-in text, labels, watermark, logo, border, or UI.

Create four clearly different but canon-compliant versions. Preserve body plan or growth architecture, structural counts, environmental adaptations, materials, defining features, and locked coloration. Vary only permitted secondary proportions, markings, surface detail, minor ornamentation, natural wear, and pose or growth irregularity.

Recommended aspect ratio: 16:9.","text, labels, watermark, signature, logo, border, frame, UI, HUD, cropped subject, duplicate anatomy, contradictory anatomy, impossible balance, unsupported structures, random wings, random horns, humanoid default, fantasy armor, weapons, cartoon, anime, toy-like materials, excessive neon, excessive glow, oversaturated colors, busy background, motion blur, low resolution, compression artifacts, generic Earth copy, unsupported fantasy styling, traits conflicting with locked canon",1.0.0,canonical
NB2-PLT-PH-004-SUCTION-TRAP-PLANT-HABITAT,PLT-PH-004-SUCTION-TRAP-PLANT,Suction-Trap Plant,habitat,Native Habitat Composition,16:9,"Create a canonical NOVERIS Nano Banana 2 visual for Suction-Trap Plant: Native Habitat Composition.

Canonical archetype:
A canonical suction-trap plant designed as a scientifically plausible plant-like or fungal organism whose anchoring, support, transport, energy capture, growth, reproduction, ecology, and environmental adaptations are internally coherent.

Required visual and biological rules:
• credible anchoring
• coherent support and transport
• functional energy collectors
• reproductive logic
• environment-linked growth

Production request:
Create natural population with spacing and age diversity.

Studio-resolved canonical values:
{{canonicalId}}, {{displayName}}, {{scientificName}}, {{originPlanet}}, {{planetType}}, {{biome}}, {{gravity}}, {{atmosphere}}, {{climate}}, {{temperatureRange}}, {{sizeScale}}, {{coloration}}, {{materials}}, {{distinctiveFeatures}}, {{lockedTraits}}, {{rarity}}, {{artDirection}}.

Preserve every locked canonical field exactly. The result must use NOVERIS Scientific Realism: premium AAA science-fiction quality, museum-grade reference presentation, scientifically plausible structure, coherent materials, restrained coloration unless canon requires otherwise, readable silhouette, consistent scale and anatomy or growth across all views, soft neutral studio lighting, pure black background for isolated references, full requested subject visibility, generous negative space, and PSD-friendly extraction. Habitat and biome outputs may use the canonical environment. No baked-in text, labels, watermark, logo, border, or UI.

Create four clearly different but canon-compliant versions. Preserve body plan or growth architecture, structural counts, environmental adaptations, materials, defining features, and locked coloration. Vary only permitted secondary proportions, markings, surface detail, minor ornamentation, natural wear, and pose or growth irregularity.

Recommended aspect ratio: 16:9.","text, labels, watermark, signature, logo, border, frame, UI, HUD, cropped subject, duplicate anatomy, contradictory anatomy, impossible balance, unsupported structures, random wings, random horns, humanoid default, fantasy armor, weapons, cartoon, anime, toy-like materials, excessive neon, excessive glow, oversaturated colors, busy background, motion blur, low resolution, compression artifacts, generic Earth copy, unsupported fantasy styling, traits conflicting with locked canon",1.0.0,canonical
NB2-PLT-PH-004-SUCTION-TRAP-PLANT-BIOME,PLT-PH-004-SUCTION-TRAP-PLANT,Suction-Trap Plant,biome,Biome Composition,16:9,"Create a canonical NOVERIS Nano Banana 2 visual for Suction-Trap Plant: Biome Composition.

Canonical archetype:
A canonical suction-trap plant designed as a scientifically plausible plant-like or fungal organism whose anchoring, support, transport, energy capture, growth, reproduction, ecology, and environmental adaptations are internally coherent.

Required visual and biological rules:
• credible anchoring
• coherent support and transport
• functional energy collectors
• reproductive logic
• environment-linked growth

Production request:
Create coordinated vegetation set at consistent scale.

Studio-resolved canonical values:
{{canonicalId}}, {{displayName}}, {{scientificName}}, {{originPlanet}}, {{planetType}}, {{biome}}, {{gravity}}, {{atmosphere}}, {{climate}}, {{temperatureRange}}, {{sizeScale}}, {{coloration}}, {{materials}}, {{distinctiveFeatures}}, {{lockedTraits}}, {{rarity}}, {{artDirection}}.

Preserve every locked canonical field exactly. The result must use NOVERIS Scientific Realism: premium AAA science-fiction quality, museum-grade reference presentation, scientifically plausible structure, coherent materials, restrained coloration unless canon requires otherwise, readable silhouette, consistent scale and anatomy or growth across all views, soft neutral studio lighting, pure black background for isolated references, full requested subject visibility, generous negative space, and PSD-friendly extraction. Habitat and biome outputs may use the canonical environment. No baked-in text, labels, watermark, logo, border, or UI.

Create four clearly different but canon-compliant versions. Preserve body plan or growth architecture, structural counts, environmental adaptations, materials, defining features, and locked coloration. Vary only permitted secondary proportions, markings, surface detail, minor ornamentation, natural wear, and pose or growth irregularity.

Recommended aspect ratio: 16:9.","text, labels, watermark, signature, logo, border, frame, UI, HUD, cropped subject, duplicate anatomy, contradictory anatomy, impossible balance, unsupported structures, random wings, random horns, humanoid default, fantasy armor, weapons, cartoon, anime, toy-like materials, excessive neon, excessive glow, oversaturated colors, busy background, motion blur, low resolution, compression artifacts, generic Earth copy, unsupported fantasy styling, traits conflicting with locked canon",1.0.0,canonical
NB2-PLT-PH-004-SUCTION-TRAP-PLANT-DISCOVERY,PLT-PH-004-SUCTION-TRAP-PLANT,Suction-Trap Plant,discovery,Discovery Scan,16:9,"Create a canonical NOVERIS Nano Banana 2 visual for Suction-Trap Plant: Discovery Scan.

Canonical archetype:
A canonical suction-trap plant designed as a scientifically plausible plant-like or fungal organism whose anchoring, support, transport, energy capture, growth, reproduction, ecology, and environmental adaptations are internally coherent.

Required visual and biological rules:
• credible anchoring
• coherent support and transport
• functional energy collectors
• reproductive logic
• environment-linked growth

Production request:
Create centered scientific scan source without labels.

Studio-resolved canonical values:
{{canonicalId}}, {{displayName}}, {{scientificName}}, {{originPlanet}}, {{planetType}}, {{biome}}, {{gravity}}, {{atmosphere}}, {{climate}}, {{temperatureRange}}, {{sizeScale}}, {{coloration}}, {{materials}}, {{distinctiveFeatures}}, {{lockedTraits}}, {{rarity}}, {{artDirection}}.

Preserve every locked canonical field exactly. The result must use NOVERIS Scientific Realism: premium AAA science-fiction quality, museum-grade reference presentation, scientifically plausible structure, coherent materials, restrained coloration unless canon requires otherwise, readable silhouette, consistent scale and anatomy or growth across all views, soft neutral studio lighting, pure black background for isolated references, full requested subject visibility, generous negative space, and PSD-friendly extraction. Habitat and biome outputs may use the canonical environment. No baked-in text, labels, watermark, logo, border, or UI.

Create four clearly different but canon-compliant versions. Preserve body plan or growth architecture, structural counts, environmental adaptations, materials, defining features, and locked coloration. Vary only permitted secondary proportions, markings, surface detail, minor ornamentation, natural wear, and pose or growth irregularity.

Recommended aspect ratio: 16:9.","text, labels, watermark, signature, logo, border, frame, UI, HUD, cropped subject, duplicate anatomy, contradictory anatomy, impossible balance, unsupported structures, random wings, random horns, humanoid default, fantasy armor, weapons, cartoon, anime, toy-like materials, excessive neon, excessive glow, oversaturated colors, busy background, motion blur, low resolution, compression artifacts, generic Earth copy, unsupported fantasy styling, traits conflicting with locked canon",1.0.0,canonical
NB2-PLT-PH-004-SUCTION-TRAP-PLANT-ICON,PLT-PH-004-SUCTION-TRAP-PLANT,Suction-Trap Plant,icon,UI Icon,1:1,"Create a canonical NOVERIS Nano Banana 2 visual for Suction-Trap Plant: UI Icon.

Canonical archetype:
A canonical suction-trap plant designed as a scientifically plausible plant-like or fungal organism whose anchoring, support, transport, energy capture, growth, reproduction, ecology, and environmental adaptations are internally coherent.

Required visual and biological rules:
• credible anchoring
• coherent support and transport
• functional energy collectors
• reproductive logic
• environment-linked growth

Production request:
Create isolated silhouette readable at 64 pixels.

Studio-resolved canonical values:
{{canonicalId}}, {{displayName}}, {{scientificName}}, {{originPlanet}}, {{planetType}}, {{biome}}, {{gravity}}, {{atmosphere}}, {{climate}}, {{temperatureRange}}, {{sizeScale}}, {{coloration}}, {{materials}}, {{distinctiveFeatures}}, {{lockedTraits}}, {{rarity}}, {{artDirection}}.

Preserve every locked canonical field exactly. The result must use NOVERIS Scientific Realism: premium AAA science-fiction quality, museum-grade reference presentation, scientifically plausible structure, coherent materials, restrained coloration unless canon requires otherwise, readable silhouette, consistent scale and anatomy or growth across all views, soft neutral studio lighting, pure black background for isolated references, full requested subject visibility, generous negative space, and PSD-friendly extraction. Habitat and biome outputs may use the canonical environment. No baked-in text, labels, watermark, logo, border, or UI.

Create four clearly different but canon-compliant versions. Preserve body plan or growth architecture, structural counts, environmental adaptations, materials, defining features, and locked coloration. Vary only permitted secondary proportions, markings, surface detail, minor ornamentation, natural wear, and pose or growth irregularity.

Recommended aspect ratio: 1:1.","text, labels, watermark, signature, logo, border, frame, UI, HUD, cropped subject, duplicate anatomy, contradictory anatomy, impossible balance, unsupported structures, random wings, random horns, humanoid default, fantasy armor, weapons, cartoon, anime, toy-like materials, excessive neon, excessive glow, oversaturated colors, busy background, motion blur, low resolution, compression artifacts, generic Earth copy, unsupported fantasy styling, traits conflicting with locked canon",1.0.0,canonical
NB2-PLT-PH-004-SUCTION-TRAP-PLANT-SCALE,PLT-PH-004-SUCTION-TRAP-PLANT,Suction-Trap Plant,scale,Scale Comparison,16:9,"Create a canonical NOVERIS Nano Banana 2 visual for Suction-Trap Plant: Scale Comparison.

Canonical archetype:
A canonical suction-trap plant designed as a scientifically plausible plant-like or fungal organism whose anchoring, support, transport, energy capture, growth, reproduction, ecology, and environmental adaptations are internally coherent.

Required visual and biological rules:
• credible anchoring
• coherent support and transport
• functional energy collectors
• reproductive logic
• environment-linked growth

Production request:
Create side view with adult human silhouette and one-meter bar.

Studio-resolved canonical values:
{{canonicalId}}, {{displayName}}, {{scientificName}}, {{originPlanet}}, {{planetType}}, {{biome}}, {{gravity}}, {{atmosphere}}, {{climate}}, {{temperatureRange}}, {{sizeScale}}, {{coloration}}, {{materials}}, {{distinctiveFeatures}}, {{lockedTraits}}, {{rarity}}, {{artDirection}}.

Preserve every locked canonical field exactly. The result must use NOVERIS Scientific Realism: premium AAA science-fiction quality, museum-grade reference presentation, scientifically plausible structure, coherent materials, restrained coloration unless canon requires otherwise, readable silhouette, consistent scale and anatomy or growth across all views, soft neutral studio lighting, pure black background for isolated references, full requested subject visibility, generous negative space, and PSD-friendly extraction. Habitat and biome outputs may use the canonical environment. No baked-in text, labels, watermark, logo, border, or UI.

Create four clearly different but canon-compliant versions. Preserve body plan or growth architecture, structural counts, environmental adaptations, materials, defining features, and locked coloration. Vary only permitted secondary proportions, markings, surface detail, minor ornamentation, natural wear, and pose or growth irregularity.

Recommended aspect ratio: 16:9.","text, labels, watermark, signature, logo, border, frame, UI, HUD, cropped subject, duplicate anatomy, contradictory anatomy, impossible balance, unsupported structures, random wings, random horns, humanoid default, fantasy armor, weapons, cartoon, anime, toy-like materials, excessive neon, excessive glow, oversaturated colors, busy background, motion blur, low resolution, compression artifacts, generic Earth copy, unsupported fantasy styling, traits conflicting with locked canon",1.0.0,canonical
NB2-PLT-PH-004-SUCTION-TRAP-PLANT-PLATE,PLT-PH-004-SUCTION-TRAP-PLANT,Suction-Trap Plant,plate,Master Botanical Plate,16:9,"Create a canonical NOVERIS Nano Banana 2 visual for Suction-Trap Plant: Master Botanical Plate.

Canonical archetype:
A canonical suction-trap plant designed as a scientifically plausible plant-like or fungal organism whose anchoring, support, transport, energy capture, growth, reproduction, ecology, and environmental adaptations are internally coherent.

Required visual and biological rules:
• credible anchoring
• coherent support and transport
• functional energy collectors
• reproductive logic
• environment-linked growth

Production request:
Create whole organism, views, roots, structure, collectors, reproduction, stages, materials and habitat vignette.

Studio-resolved canonical values:
{{canonicalId}}, {{displayName}}, {{scientificName}}, {{originPlanet}}, {{planetType}}, {{biome}}, {{gravity}}, {{atmosphere}}, {{climate}}, {{temperatureRange}}, {{sizeScale}}, {{coloration}}, {{materials}}, {{distinctiveFeatures}}, {{lockedTraits}}, {{rarity}}, {{artDirection}}.

Preserve every locked canonical field exactly. The result must use NOVERIS Scientific Realism: premium AAA science-fiction quality, museum-grade reference presentation, scientifically plausible structure, coherent materials, restrained coloration unless canon requires otherwise, readable silhouette, consistent scale and anatomy or growth across all views, soft neutral studio lighting, pure black background for isolated references, full requested subject visibility, generous negative space, and PSD-friendly extraction. Habitat and biome outputs may use the canonical environment. No baked-in text, labels, watermark, logo, border, or UI.

Create four clearly different but canon-compliant versions. Preserve body plan or growth architecture, structural counts, environmental adaptations, materials, defining features, and locked coloration. Vary only permitted secondary proportions, markings, surface detail, minor ornamentation, natural wear, and pose or growth irregularity.

Recommended aspect ratio: 16:9.","text, labels, watermark, signature, logo, border, frame, UI, HUD, cropped subject, duplicate anatomy, contradictory anatomy, impossible balance, unsupported structures, random wings, random horns, humanoid default, fantasy armor, weapons, cartoon, anime, toy-like materials, excessive neon, excessive glow, oversaturated colors, busy background, motion blur, low resolution, compression artifacts, generic Earth copy, unsupported fantasy styling, traits conflicting with locked canon",1.0.0,canonical
NB2-PLT-PH-004-SUCTION-TRAP-PLANT-PSD,PLT-PH-004-SUCTION-TRAP-PLANT,Suction-Trap Plant,psd,PSD Extraction Board,16:9,"Create a canonical NOVERIS Nano Banana 2 visual for Suction-Trap Plant: PSD Extraction Board.

Canonical archetype:
A canonical suction-trap plant designed as a scientifically plausible plant-like or fungal organism whose anchoring, support, transport, energy capture, growth, reproduction, ecology, and environmental adaptations are internally coherent.

Required visual and biological rules:
• credible anchoring
• coherent support and transport
• functional energy collectors
• reproductive logic
• environment-linked growth

Production request:
Create isolated whole organism, parts, silhouette and material references.

Studio-resolved canonical values:
{{canonicalId}}, {{displayName}}, {{scientificName}}, {{originPlanet}}, {{planetType}}, {{biome}}, {{gravity}}, {{atmosphere}}, {{climate}}, {{temperatureRange}}, {{sizeScale}}, {{coloration}}, {{materials}}, {{distinctiveFeatures}}, {{lockedTraits}}, {{rarity}}, {{artDirection}}.

Preserve every locked canonical field exactly. The result must use NOVERIS Scientific Realism: premium AAA science-fiction quality, museum-grade reference presentation, scientifically plausible structure, coherent materials, restrained coloration unless canon requires otherwise, readable silhouette, consistent scale and anatomy or growth across all views, soft neutral studio lighting, pure black background for isolated references, full requested subject visibility, generous negative space, and PSD-friendly extraction. Habitat and biome outputs may use the canonical environment. No baked-in text, labels, watermark, logo, border, or UI.

Create four clearly different but canon-compliant versions. Preserve body plan or growth architecture, structural counts, environmental adaptations, materials, defining features, and locked coloration. Vary only permitted secondary proportions, markings, surface detail, minor ornamentation, natural wear, and pose or growth irregularity.

Recommended aspect ratio: 16:9.","text, labels, watermark, signature, logo, border, frame, UI, HUD, cropped subject, duplicate anatomy, contradictory anatomy, impossible balance, unsupported structures, random wings, random horns, humanoid default, fantasy armor, weapons, cartoon, anime, toy-like materials, excessive neon, excessive glow, oversaturated colors, busy background, motion blur, low resolution, compression artifacts, generic Earth copy, unsupported fantasy styling, traits conflicting with locked canon",1.0.0,canonical
NB2-PLT-PH-005-ACTIVE-CARNIVOROUS-PLANT-WHOLE-PLANT,PLT-PH-005-ACTIVE-CARNIVOROUS-PLANT,Active Carnivorous Plant,whole-plant,Whole Plant Production Render,3:4,"Create a canonical NOVERIS Nano Banana 2 visual for Active Carnivorous Plant: Whole Plant Production Render.

Canonical archetype:
A canonical active carnivorous plant designed as a scientifically plausible plant-like or fungal organism whose anchoring, support, transport, energy capture, growth, reproduction, ecology, and environmental adaptations are internally coherent.

Required visual and biological rules:
• credible anchoring
• coherent support and transport
• functional energy collectors
• reproductive logic
• environment-linked growth

Production request:
Create complete mature organism including roots or anchor system.

Studio-resolved canonical values:
{{canonicalId}}, {{displayName}}, {{scientificName}}, {{originPlanet}}, {{planetType}}, {{biome}}, {{gravity}}, {{atmosphere}}, {{climate}}, {{temperatureRange}}, {{sizeScale}}, {{coloration}}, {{materials}}, {{distinctiveFeatures}}, {{lockedTraits}}, {{rarity}}, {{artDirection}}.

Preserve every locked canonical field exactly. The result must use NOVERIS Scientific Realism: premium AAA science-fiction quality, museum-grade reference presentation, scientifically plausible structure, coherent materials, restrained coloration unless canon requires otherwise, readable silhouette, consistent scale and anatomy or growth across all views, soft neutral studio lighting, pure black background for isolated references, full requested subject visibility, generous negative space, and PSD-friendly extraction. Habitat and biome outputs may use the canonical environment. No baked-in text, labels, watermark, logo, border, or UI.

Create four clearly different but canon-compliant versions. Preserve body plan or growth architecture, structural counts, environmental adaptations, materials, defining features, and locked coloration. Vary only permitted secondary proportions, markings, surface detail, minor ornamentation, natural wear, and pose or growth irregularity.

Recommended aspect ratio: 3:4.","text, labels, watermark, signature, logo, border, frame, UI, HUD, cropped subject, duplicate anatomy, contradictory anatomy, impossible balance, unsupported structures, random wings, random horns, humanoid default, fantasy armor, weapons, cartoon, anime, toy-like materials, excessive neon, excessive glow, oversaturated colors, busy background, motion blur, low resolution, compression artifacts, generic Earth copy, unsupported fantasy styling, traits conflicting with locked canon",1.0.0,canonical
NB2-PLT-PH-005-ACTIVE-CARNIVOROUS-PLANT-PORTRAIT,PLT-PH-005-ACTIVE-CARNIVOROUS-PLANT,Active Carnivorous Plant,portrait,Botanical Portrait,1:1,"Create a canonical NOVERIS Nano Banana 2 visual for Active Carnivorous Plant: Botanical Portrait.

Canonical archetype:
A canonical active carnivorous plant designed as a scientifically plausible plant-like or fungal organism whose anchoring, support, transport, energy capture, growth, reproduction, ecology, and environmental adaptations are internally coherent.

Required visual and biological rules:
• credible anchoring
• coherent support and transport
• functional energy collectors
• reproductive logic
• environment-linked growth

Production request:
Create defining growth form, foliage, collectors and reproduction.

Studio-resolved canonical values:
{{canonicalId}}, {{displayName}}, {{scientificName}}, {{originPlanet}}, {{planetType}}, {{biome}}, {{gravity}}, {{atmosphere}}, {{climate}}, {{temperatureRange}}, {{sizeScale}}, {{coloration}}, {{materials}}, {{distinctiveFeatures}}, {{lockedTraits}}, {{rarity}}, {{artDirection}}.

Preserve every locked canonical field exactly. The result must use NOVERIS Scientific Realism: premium AAA science-fiction quality, museum-grade reference presentation, scientifically plausible structure, coherent materials, restrained coloration unless canon requires otherwise, readable silhouette, consistent scale and anatomy or growth across all views, soft neutral studio lighting, pure black background for isolated references, full requested subject visibility, generous negative space, and PSD-friendly extraction. Habitat and biome outputs may use the canonical environment. No baked-in text, labels, watermark, logo, border, or UI.

Create four clearly different but canon-compliant versions. Preserve body plan or growth architecture, structural counts, environmental adaptations, materials, defining features, and locked coloration. Vary only permitted secondary proportions, markings, surface detail, minor ornamentation, natural wear, and pose or growth irregularity.

Recommended aspect ratio: 1:1.","text, labels, watermark, signature, logo, border, frame, UI, HUD, cropped subject, duplicate anatomy, contradictory anatomy, impossible balance, unsupported structures, random wings, random horns, humanoid default, fantasy armor, weapons, cartoon, anime, toy-like materials, excessive neon, excessive glow, oversaturated colors, busy background, motion blur, low resolution, compression artifacts, generic Earth copy, unsupported fantasy styling, traits conflicting with locked canon",1.0.0,canonical
NB2-PLT-PH-005-ACTIVE-CARNIVOROUS-PLANT-ORTHO-FRONT,PLT-PH-005-ACTIVE-CARNIVOROUS-PLANT,Active Carnivorous Plant,ortho-front,Orthographic Front,3:4,"Create a canonical NOVERIS Nano Banana 2 visual for Active Carnivorous Plant: Orthographic Front.

Canonical archetype:
A canonical active carnivorous plant designed as a scientifically plausible plant-like or fungal organism whose anchoring, support, transport, energy capture, growth, reproduction, ecology, and environmental adaptations are internally coherent.

Required visual and biological rules:
• credible anchoring
• coherent support and transport
• functional energy collectors
• reproductive logic
• environment-linked growth

Production request:
Create exact front orthographic view.

Studio-resolved canonical values:
{{canonicalId}}, {{displayName}}, {{scientificName}}, {{originPlanet}}, {{planetType}}, {{biome}}, {{gravity}}, {{atmosphere}}, {{climate}}, {{temperatureRange}}, {{sizeScale}}, {{coloration}}, {{materials}}, {{distinctiveFeatures}}, {{lockedTraits}}, {{rarity}}, {{artDirection}}.

Preserve every locked canonical field exactly. The result must use NOVERIS Scientific Realism: premium AAA science-fiction quality, museum-grade reference presentation, scientifically plausible structure, coherent materials, restrained coloration unless canon requires otherwise, readable silhouette, consistent scale and anatomy or growth across all views, soft neutral studio lighting, pure black background for isolated references, full requested subject visibility, generous negative space, and PSD-friendly extraction. Habitat and biome outputs may use the canonical environment. No baked-in text, labels, watermark, logo, border, or UI.

Create four clearly different but canon-compliant versions. Preserve body plan or growth architecture, structural counts, environmental adaptations, materials, defining features, and locked coloration. Vary only permitted secondary proportions, markings, surface detail, minor ornamentation, natural wear, and pose or growth irregularity.

Recommended aspect ratio: 3:4.","text, labels, watermark, signature, logo, border, frame, UI, HUD, cropped subject, duplicate anatomy, contradictory anatomy, impossible balance, unsupported structures, random wings, random horns, humanoid default, fantasy armor, weapons, cartoon, anime, toy-like materials, excessive neon, excessive glow, oversaturated colors, busy background, motion blur, low resolution, compression artifacts, generic Earth copy, unsupported fantasy styling, traits conflicting with locked canon",1.0.0,canonical
NB2-PLT-PH-005-ACTIVE-CARNIVOROUS-PLANT-ORTHO-SIDE,PLT-PH-005-ACTIVE-CARNIVOROUS-PLANT,Active Carnivorous Plant,ortho-side,Orthographic Side,3:4,"Create a canonical NOVERIS Nano Banana 2 visual for Active Carnivorous Plant: Orthographic Side.

Canonical archetype:
A canonical active carnivorous plant designed as a scientifically plausible plant-like or fungal organism whose anchoring, support, transport, energy capture, growth, reproduction, ecology, and environmental adaptations are internally coherent.

Required visual and biological rules:
• credible anchoring
• coherent support and transport
• functional energy collectors
• reproductive logic
• environment-linked growth

Production request:
Create exact side orthographic view.

Studio-resolved canonical values:
{{canonicalId}}, {{displayName}}, {{scientificName}}, {{originPlanet}}, {{planetType}}, {{biome}}, {{gravity}}, {{atmosphere}}, {{climate}}, {{temperatureRange}}, {{sizeScale}}, {{coloration}}, {{materials}}, {{distinctiveFeatures}}, {{lockedTraits}}, {{rarity}}, {{artDirection}}.

Preserve every locked canonical field exactly. The result must use NOVERIS Scientific Realism: premium AAA science-fiction quality, museum-grade reference presentation, scientifically plausible structure, coherent materials, restrained coloration unless canon requires otherwise, readable silhouette, consistent scale and anatomy or growth across all views, soft neutral studio lighting, pure black background for isolated references, full requested subject visibility, generous negative space, and PSD-friendly extraction. Habitat and biome outputs may use the canonical environment. No baked-in text, labels, watermark, logo, border, or UI.

Create four clearly different but canon-compliant versions. Preserve body plan or growth architecture, structural counts, environmental adaptations, materials, defining features, and locked coloration. Vary only permitted secondary proportions, markings, surface detail, minor ornamentation, natural wear, and pose or growth irregularity.

Recommended aspect ratio: 3:4.","text, labels, watermark, signature, logo, border, frame, UI, HUD, cropped subject, duplicate anatomy, contradictory anatomy, impossible balance, unsupported structures, random wings, random horns, humanoid default, fantasy armor, weapons, cartoon, anime, toy-like materials, excessive neon, excessive glow, oversaturated colors, busy background, motion blur, low resolution, compression artifacts, generic Earth copy, unsupported fantasy styling, traits conflicting with locked canon",1.0.0,canonical
NB2-PLT-PH-005-ACTIVE-CARNIVOROUS-PLANT-ORTHO-TOP,PLT-PH-005-ACTIVE-CARNIVOROUS-PLANT,Active Carnivorous Plant,ortho-top,Orthographic Top,1:1,"Create a canonical NOVERIS Nano Banana 2 visual for Active Carnivorous Plant: Orthographic Top.

Canonical archetype:
A canonical active carnivorous plant designed as a scientifically plausible plant-like or fungal organism whose anchoring, support, transport, energy capture, growth, reproduction, ecology, and environmental adaptations are internally coherent.

Required visual and biological rules:
• credible anchoring
• coherent support and transport
• functional energy collectors
• reproductive logic
• environment-linked growth

Production request:
Create exact top view showing spread and growth geometry.

Studio-resolved canonical values:
{{canonicalId}}, {{displayName}}, {{scientificName}}, {{originPlanet}}, {{planetType}}, {{biome}}, {{gravity}}, {{atmosphere}}, {{climate}}, {{temperatureRange}}, {{sizeScale}}, {{coloration}}, {{materials}}, {{distinctiveFeatures}}, {{lockedTraits}}, {{rarity}}, {{artDirection}}.

Preserve every locked canonical field exactly. The result must use NOVERIS Scientific Realism: premium AAA science-fiction quality, museum-grade reference presentation, scientifically plausible structure, coherent materials, restrained coloration unless canon requires otherwise, readable silhouette, consistent scale and anatomy or growth across all views, soft neutral studio lighting, pure black background for isolated references, full requested subject visibility, generous negative space, and PSD-friendly extraction. Habitat and biome outputs may use the canonical environment. No baked-in text, labels, watermark, logo, border, or UI.

Create four clearly different but canon-compliant versions. Preserve body plan or growth architecture, structural counts, environmental adaptations, materials, defining features, and locked coloration. Vary only permitted secondary proportions, markings, surface detail, minor ornamentation, natural wear, and pose or growth irregularity.

Recommended aspect ratio: 1:1.","text, labels, watermark, signature, logo, border, frame, UI, HUD, cropped subject, duplicate anatomy, contradictory anatomy, impossible balance, unsupported structures, random wings, random horns, humanoid default, fantasy armor, weapons, cartoon, anime, toy-like materials, excessive neon, excessive glow, oversaturated colors, busy background, motion blur, low resolution, compression artifacts, generic Earth copy, unsupported fantasy styling, traits conflicting with locked canon",1.0.0,canonical
NB2-PLT-PH-005-ACTIVE-CARNIVOROUS-PLANT-ROOTS,PLT-PH-005-ACTIVE-CARNIVOROUS-PLANT,Active Carnivorous Plant,roots,Root or Anchor System,16:9,"Create a canonical NOVERIS Nano Banana 2 visual for Active Carnivorous Plant: Root or Anchor System.

Canonical archetype:
A canonical active carnivorous plant designed as a scientifically plausible plant-like or fungal organism whose anchoring, support, transport, energy capture, growth, reproduction, ecology, and environmental adaptations are internally coherent.

Required visual and biological rules:
• credible anchoring
• coherent support and transport
• functional energy collectors
• reproductive logic
• environment-linked growth

Production request:
Create complete substrate interface and nutrient exchange structures.

Studio-resolved canonical values:
{{canonicalId}}, {{displayName}}, {{scientificName}}, {{originPlanet}}, {{planetType}}, {{biome}}, {{gravity}}, {{atmosphere}}, {{climate}}, {{temperatureRange}}, {{sizeScale}}, {{coloration}}, {{materials}}, {{distinctiveFeatures}}, {{lockedTraits}}, {{rarity}}, {{artDirection}}.

Preserve every locked canonical field exactly. The result must use NOVERIS Scientific Realism: premium AAA science-fiction quality, museum-grade reference presentation, scientifically plausible structure, coherent materials, restrained coloration unless canon requires otherwise, readable silhouette, consistent scale and anatomy or growth across all views, soft neutral studio lighting, pure black background for isolated references, full requested subject visibility, generous negative space, and PSD-friendly extraction. Habitat and biome outputs may use the canonical environment. No baked-in text, labels, watermark, logo, border, or UI.

Create four clearly different but canon-compliant versions. Preserve body plan or growth architecture, structural counts, environmental adaptations, materials, defining features, and locked coloration. Vary only permitted secondary proportions, markings, surface detail, minor ornamentation, natural wear, and pose or growth irregularity.

Recommended aspect ratio: 16:9.","text, labels, watermark, signature, logo, border, frame, UI, HUD, cropped subject, duplicate anatomy, contradictory anatomy, impossible balance, unsupported structures, random wings, random horns, humanoid default, fantasy armor, weapons, cartoon, anime, toy-like materials, excessive neon, excessive glow, oversaturated colors, busy background, motion blur, low resolution, compression artifacts, generic Earth copy, unsupported fantasy styling, traits conflicting with locked canon",1.0.0,canonical
NB2-PLT-PH-005-ACTIVE-CARNIVOROUS-PLANT-STEMS,PLT-PH-005-ACTIVE-CARNIVOROUS-PLANT,Active Carnivorous Plant,stems,"Stem, Trunk or Structural Study",16:9,"Create a canonical NOVERIS Nano Banana 2 visual for Active Carnivorous Plant: Stem, Trunk or Structural Study.

Canonical archetype:
A canonical active carnivorous plant designed as a scientifically plausible plant-like or fungal organism whose anchoring, support, transport, energy capture, growth, reproduction, ecology, and environmental adaptations are internally coherent.

Required visual and biological rules:
• credible anchoring
• coherent support and transport
• functional energy collectors
• reproductive logic
• environment-linked growth

Production request:
Create support and transport architecture.

Studio-resolved canonical values:
{{canonicalId}}, {{displayName}}, {{scientificName}}, {{originPlanet}}, {{planetType}}, {{biome}}, {{gravity}}, {{atmosphere}}, {{climate}}, {{temperatureRange}}, {{sizeScale}}, {{coloration}}, {{materials}}, {{distinctiveFeatures}}, {{lockedTraits}}, {{rarity}}, {{artDirection}}.

Preserve every locked canonical field exactly. The result must use NOVERIS Scientific Realism: premium AAA science-fiction quality, museum-grade reference presentation, scientifically plausible structure, coherent materials, restrained coloration unless canon requires otherwise, readable silhouette, consistent scale and anatomy or growth across all views, soft neutral studio lighting, pure black background for isolated references, full requested subject visibility, generous negative space, and PSD-friendly extraction. Habitat and biome outputs may use the canonical environment. No baked-in text, labels, watermark, logo, border, or UI.

Create four clearly different but canon-compliant versions. Preserve body plan or growth architecture, structural counts, environmental adaptations, materials, defining features, and locked coloration. Vary only permitted secondary proportions, markings, surface detail, minor ornamentation, natural wear, and pose or growth irregularity.

Recommended aspect ratio: 16:9.","text, labels, watermark, signature, logo, border, frame, UI, HUD, cropped subject, duplicate anatomy, contradictory anatomy, impossible balance, unsupported structures, random wings, random horns, humanoid default, fantasy armor, weapons, cartoon, anime, toy-like materials, excessive neon, excessive glow, oversaturated colors, busy background, motion blur, low resolution, compression artifacts, generic Earth copy, unsupported fantasy styling, traits conflicting with locked canon",1.0.0,canonical
NB2-PLT-PH-005-ACTIVE-CARNIVOROUS-PLANT-COLLECTORS,PLT-PH-005-ACTIVE-CARNIVOROUS-PLANT,Active Carnivorous Plant,collectors,Leaves or Collector Study,16:9,"Create a canonical NOVERIS Nano Banana 2 visual for Active Carnivorous Plant: Leaves or Collector Study.

Canonical archetype:
A canonical active carnivorous plant designed as a scientifically plausible plant-like or fungal organism whose anchoring, support, transport, energy capture, growth, reproduction, ecology, and environmental adaptations are internally coherent.

Required visual and biological rules:
• credible anchoring
• coherent support and transport
• functional energy collectors
• reproductive logic
• environment-linked growth

Production request:
Create front, back, edge, juvenile, mature and stressed states.

Studio-resolved canonical values:
{{canonicalId}}, {{displayName}}, {{scientificName}}, {{originPlanet}}, {{planetType}}, {{biome}}, {{gravity}}, {{atmosphere}}, {{climate}}, {{temperatureRange}}, {{sizeScale}}, {{coloration}}, {{materials}}, {{distinctiveFeatures}}, {{lockedTraits}}, {{rarity}}, {{artDirection}}.

Preserve every locked canonical field exactly. The result must use NOVERIS Scientific Realism: premium AAA science-fiction quality, museum-grade reference presentation, scientifically plausible structure, coherent materials, restrained coloration unless canon requires otherwise, readable silhouette, consistent scale and anatomy or growth across all views, soft neutral studio lighting, pure black background for isolated references, full requested subject visibility, generous negative space, and PSD-friendly extraction. Habitat and biome outputs may use the canonical environment. No baked-in text, labels, watermark, logo, border, or UI.

Create four clearly different but canon-compliant versions. Preserve body plan or growth architecture, structural counts, environmental adaptations, materials, defining features, and locked coloration. Vary only permitted secondary proportions, markings, surface detail, minor ornamentation, natural wear, and pose or growth irregularity.

Recommended aspect ratio: 16:9.","text, labels, watermark, signature, logo, border, frame, UI, HUD, cropped subject, duplicate anatomy, contradictory anatomy, impossible balance, unsupported structures, random wings, random horns, humanoid default, fantasy armor, weapons, cartoon, anime, toy-like materials, excessive neon, excessive glow, oversaturated colors, busy background, motion blur, low resolution, compression artifacts, generic Earth copy, unsupported fantasy styling, traits conflicting with locked canon",1.0.0,canonical
NB2-PLT-PH-005-ACTIVE-CARNIVOROUS-PLANT-REPRODUCTION,PLT-PH-005-ACTIVE-CARNIVOROUS-PLANT,Active Carnivorous Plant,reproduction,Reproductive Structure,16:9,"Create a canonical NOVERIS Nano Banana 2 visual for Active Carnivorous Plant: Reproductive Structure.

Canonical archetype:
A canonical active carnivorous plant designed as a scientifically plausible plant-like or fungal organism whose anchoring, support, transport, energy capture, growth, reproduction, ecology, and environmental adaptations are internally coherent.

Required visual and biological rules:
• credible anchoring
• coherent support and transport
• functional energy collectors
• reproductive logic
• environment-linked growth

Production request:
Create flowers, cones, spores, fields or equivalent stages.

Studio-resolved canonical values:
{{canonicalId}}, {{displayName}}, {{scientificName}}, {{originPlanet}}, {{planetType}}, {{biome}}, {{gravity}}, {{atmosphere}}, {{climate}}, {{temperatureRange}}, {{sizeScale}}, {{coloration}}, {{materials}}, {{distinctiveFeatures}}, {{lockedTraits}}, {{rarity}}, {{artDirection}}.

Preserve every locked canonical field exactly. The result must use NOVERIS Scientific Realism: premium AAA science-fiction quality, museum-grade reference presentation, scientifically plausible structure, coherent materials, restrained coloration unless canon requires otherwise, readable silhouette, consistent scale and anatomy or growth across all views, soft neutral studio lighting, pure black background for isolated references, full requested subject visibility, generous negative space, and PSD-friendly extraction. Habitat and biome outputs may use the canonical environment. No baked-in text, labels, watermark, logo, border, or UI.

Create four clearly different but canon-compliant versions. Preserve body plan or growth architecture, structural counts, environmental adaptations, materials, defining features, and locked coloration. Vary only permitted secondary proportions, markings, surface detail, minor ornamentation, natural wear, and pose or growth irregularity.

Recommended aspect ratio: 16:9.","text, labels, watermark, signature, logo, border, frame, UI, HUD, cropped subject, duplicate anatomy, contradictory anatomy, impossible balance, unsupported structures, random wings, random horns, humanoid default, fantasy armor, weapons, cartoon, anime, toy-like materials, excessive neon, excessive glow, oversaturated colors, busy background, motion blur, low resolution, compression artifacts, generic Earth copy, unsupported fantasy styling, traits conflicting with locked canon",1.0.0,canonical
NB2-PLT-PH-005-ACTIVE-CARNIVOROUS-PLANT-PROPAGULES,PLT-PH-005-ACTIVE-CARNIVOROUS-PLANT,Active Carnivorous Plant,propagules,"Seed, Spore or Propagule Study",16:9,"Create a canonical NOVERIS Nano Banana 2 visual for Active Carnivorous Plant: Seed, Spore or Propagule Study.

Canonical archetype:
A canonical active carnivorous plant designed as a scientifically plausible plant-like or fungal organism whose anchoring, support, transport, energy capture, growth, reproduction, ecology, and environmental adaptations are internally coherent.

Required visual and biological rules:
• credible anchoring
• coherent support and transport
• functional energy collectors
• reproductive logic
• environment-linked growth

Production request:
Create dispersal, germination and early establishment.

Studio-resolved canonical values:
{{canonicalId}}, {{displayName}}, {{scientificName}}, {{originPlanet}}, {{planetType}}, {{biome}}, {{gravity}}, {{atmosphere}}, {{climate}}, {{temperatureRange}}, {{sizeScale}}, {{coloration}}, {{materials}}, {{distinctiveFeatures}}, {{lockedTraits}}, {{rarity}}, {{artDirection}}.

Preserve every locked canonical field exactly. The result must use NOVERIS Scientific Realism: premium AAA science-fiction quality, museum-grade reference presentation, scientifically plausible structure, coherent materials, restrained coloration unless canon requires otherwise, readable silhouette, consistent scale and anatomy or growth across all views, soft neutral studio lighting, pure black background for isolated references, full requested subject visibility, generous negative space, and PSD-friendly extraction. Habitat and biome outputs may use the canonical environment. No baked-in text, labels, watermark, logo, border, or UI.

Create four clearly different but canon-compliant versions. Preserve body plan or growth architecture, structural counts, environmental adaptations, materials, defining features, and locked coloration. Vary only permitted secondary proportions, markings, surface detail, minor ornamentation, natural wear, and pose or growth irregularity.

Recommended aspect ratio: 16:9.","text, labels, watermark, signature, logo, border, frame, UI, HUD, cropped subject, duplicate anatomy, contradictory anatomy, impossible balance, unsupported structures, random wings, random horns, humanoid default, fantasy armor, weapons, cartoon, anime, toy-like materials, excessive neon, excessive glow, oversaturated colors, busy background, motion blur, low resolution, compression artifacts, generic Earth copy, unsupported fantasy styling, traits conflicting with locked canon",1.0.0,canonical
NB2-PLT-PH-005-ACTIVE-CARNIVOROUS-PLANT-CROSS-SECTION,PLT-PH-005-ACTIVE-CARNIVOROUS-PLANT,Active Carnivorous Plant,cross-section,Internal Cross Section,16:9,"Create a canonical NOVERIS Nano Banana 2 visual for Active Carnivorous Plant: Internal Cross Section.

Canonical archetype:
A canonical active carnivorous plant designed as a scientifically plausible plant-like or fungal organism whose anchoring, support, transport, energy capture, growth, reproduction, ecology, and environmental adaptations are internally coherent.

Required visual and biological rules:
• credible anchoring
• coherent support and transport
• functional energy collectors
• reproductive logic
• environment-linked growth

Production request:
Create protection, transport, support, storage and reproduction.

Studio-resolved canonical values:
{{canonicalId}}, {{displayName}}, {{scientificName}}, {{originPlanet}}, {{planetType}}, {{biome}}, {{gravity}}, {{atmosphere}}, {{climate}}, {{temperatureRange}}, {{sizeScale}}, {{coloration}}, {{materials}}, {{distinctiveFeatures}}, {{lockedTraits}}, {{rarity}}, {{artDirection}}.

Preserve every locked canonical field exactly. The result must use NOVERIS Scientific Realism: premium AAA science-fiction quality, museum-grade reference presentation, scientifically plausible structure, coherent materials, restrained coloration unless canon requires otherwise, readable silhouette, consistent scale and anatomy or growth across all views, soft neutral studio lighting, pure black background for isolated references, full requested subject visibility, generous negative space, and PSD-friendly extraction. Habitat and biome outputs may use the canonical environment. No baked-in text, labels, watermark, logo, border, or UI.

Create four clearly different but canon-compliant versions. Preserve body plan or growth architecture, structural counts, environmental adaptations, materials, defining features, and locked coloration. Vary only permitted secondary proportions, markings, surface detail, minor ornamentation, natural wear, and pose or growth irregularity.

Recommended aspect ratio: 16:9.","text, labels, watermark, signature, logo, border, frame, UI, HUD, cropped subject, duplicate anatomy, contradictory anatomy, impossible balance, unsupported structures, random wings, random horns, humanoid default, fantasy armor, weapons, cartoon, anime, toy-like materials, excessive neon, excessive glow, oversaturated colors, busy background, motion blur, low resolution, compression artifacts, generic Earth copy, unsupported fantasy styling, traits conflicting with locked canon",1.0.0,canonical
NB2-PLT-PH-005-ACTIVE-CARNIVOROUS-PLANT-GROWTH,PLT-PH-005-ACTIVE-CARNIVOROUS-PLANT,Active Carnivorous Plant,growth,Growth Stages,16:9,"Create a canonical NOVERIS Nano Banana 2 visual for Active Carnivorous Plant: Growth Stages.

Canonical archetype:
A canonical active carnivorous plant designed as a scientifically plausible plant-like or fungal organism whose anchoring, support, transport, energy capture, growth, reproduction, ecology, and environmental adaptations are internally coherent.

Required visual and biological rules:
• credible anchoring
• coherent support and transport
• functional energy collectors
• reproductive logic
• environment-linked growth

Production request:
Create propagule, juvenile, mature, reproductive and senescent stages.

Studio-resolved canonical values:
{{canonicalId}}, {{displayName}}, {{scientificName}}, {{originPlanet}}, {{planetType}}, {{biome}}, {{gravity}}, {{atmosphere}}, {{climate}}, {{temperatureRange}}, {{sizeScale}}, {{coloration}}, {{materials}}, {{distinctiveFeatures}}, {{lockedTraits}}, {{rarity}}, {{artDirection}}.

Preserve every locked canonical field exactly. The result must use NOVERIS Scientific Realism: premium AAA science-fiction quality, museum-grade reference presentation, scientifically plausible structure, coherent materials, restrained coloration unless canon requires otherwise, readable silhouette, consistent scale and anatomy or growth across all views, soft neutral studio lighting, pure black background for isolated references, full requested subject visibility, generous negative space, and PSD-friendly extraction. Habitat and biome outputs may use the canonical environment. No baked-in text, labels, watermark, logo, border, or UI.

Create four clearly different but canon-compliant versions. Preserve body plan or growth architecture, structural counts, environmental adaptations, materials, defining features, and locked coloration. Vary only permitted secondary proportions, markings, surface detail, minor ornamentation, natural wear, and pose or growth irregularity.

Recommended aspect ratio: 16:9.","text, labels, watermark, signature, logo, border, frame, UI, HUD, cropped subject, duplicate anatomy, contradictory anatomy, impossible balance, unsupported structures, random wings, random horns, humanoid default, fantasy armor, weapons, cartoon, anime, toy-like materials, excessive neon, excessive glow, oversaturated colors, busy background, motion blur, low resolution, compression artifacts, generic Earth copy, unsupported fantasy styling, traits conflicting with locked canon",1.0.0,canonical
NB2-PLT-PH-005-ACTIVE-CARNIVOROUS-PLANT-SEASONAL,PLT-PH-005-ACTIVE-CARNIVOROUS-PLANT,Active Carnivorous Plant,seasonal,Seasonal and Stress Variants,16:9,"Create a canonical NOVERIS Nano Banana 2 visual for Active Carnivorous Plant: Seasonal and Stress Variants.

Canonical archetype:
A canonical active carnivorous plant designed as a scientifically plausible plant-like or fungal organism whose anchoring, support, transport, energy capture, growth, reproduction, ecology, and environmental adaptations are internally coherent.

Required visual and biological rules:
• credible anchoring
• coherent support and transport
• functional energy collectors
• reproductive logic
• environment-linked growth

Production request:
Create growth, reproduction, dormancy, damage and recovery.

Studio-resolved canonical values:
{{canonicalId}}, {{displayName}}, {{scientificName}}, {{originPlanet}}, {{planetType}}, {{biome}}, {{gravity}}, {{atmosphere}}, {{climate}}, {{temperatureRange}}, {{sizeScale}}, {{coloration}}, {{materials}}, {{distinctiveFeatures}}, {{lockedTraits}}, {{rarity}}, {{artDirection}}.

Preserve every locked canonical field exactly. The result must use NOVERIS Scientific Realism: premium AAA science-fiction quality, museum-grade reference presentation, scientifically plausible structure, coherent materials, restrained coloration unless canon requires otherwise, readable silhouette, consistent scale and anatomy or growth across all views, soft neutral studio lighting, pure black background for isolated references, full requested subject visibility, generous negative space, and PSD-friendly extraction. Habitat and biome outputs may use the canonical environment. No baked-in text, labels, watermark, logo, border, or UI.

Create four clearly different but canon-compliant versions. Preserve body plan or growth architecture, structural counts, environmental adaptations, materials, defining features, and locked coloration. Vary only permitted secondary proportions, markings, surface detail, minor ornamentation, natural wear, and pose or growth irregularity.

Recommended aspect ratio: 16:9.","text, labels, watermark, signature, logo, border, frame, UI, HUD, cropped subject, duplicate anatomy, contradictory anatomy, impossible balance, unsupported structures, random wings, random horns, humanoid default, fantasy armor, weapons, cartoon, anime, toy-like materials, excessive neon, excessive glow, oversaturated colors, busy background, motion blur, low resolution, compression artifacts, generic Earth copy, unsupported fantasy styling, traits conflicting with locked canon",1.0.0,canonical
NB2-PLT-PH-005-ACTIVE-CARNIVOROUS-PLANT-HABITAT,PLT-PH-005-ACTIVE-CARNIVOROUS-PLANT,Active Carnivorous Plant,habitat,Native Habitat Composition,16:9,"Create a canonical NOVERIS Nano Banana 2 visual for Active Carnivorous Plant: Native Habitat Composition.

Canonical archetype:
A canonical active carnivorous plant designed as a scientifically plausible plant-like or fungal organism whose anchoring, support, transport, energy capture, growth, reproduction, ecology, and environmental adaptations are internally coherent.

Required visual and biological rules:
• credible anchoring
• coherent support and transport
• functional energy collectors
• reproductive logic
• environment-linked growth

Production request:
Create natural population with spacing and age diversity.

Studio-resolved canonical values:
{{canonicalId}}, {{displayName}}, {{scientificName}}, {{originPlanet}}, {{planetType}}, {{biome}}, {{gravity}}, {{atmosphere}}, {{climate}}, {{temperatureRange}}, {{sizeScale}}, {{coloration}}, {{materials}}, {{distinctiveFeatures}}, {{lockedTraits}}, {{rarity}}, {{artDirection}}.

Preserve every locked canonical field exactly. The result must use NOVERIS Scientific Realism: premium AAA science-fiction quality, museum-grade reference presentation, scientifically plausible structure, coherent materials, restrained coloration unless canon requires otherwise, readable silhouette, consistent scale and anatomy or growth across all views, soft neutral studio lighting, pure black background for isolated references, full requested subject visibility, generous negative space, and PSD-friendly extraction. Habitat and biome outputs may use the canonical environment. No baked-in text, labels, watermark, logo, border, or UI.

Create four clearly different but canon-compliant versions. Preserve body plan or growth architecture, structural counts, environmental adaptations, materials, defining features, and locked coloration. Vary only permitted secondary proportions, markings, surface detail, minor ornamentation, natural wear, and pose or growth irregularity.

Recommended aspect ratio: 16:9.","text, labels, watermark, signature, logo, border, frame, UI, HUD, cropped subject, duplicate anatomy, contradictory anatomy, impossible balance, unsupported structures, random wings, random horns, humanoid default, fantasy armor, weapons, cartoon, anime, toy-like materials, excessive neon, excessive glow, oversaturated colors, busy background, motion blur, low resolution, compression artifacts, generic Earth copy, unsupported fantasy styling, traits conflicting with locked canon",1.0.0,canonical
NB2-PLT-PH-005-ACTIVE-CARNIVOROUS-PLANT-BIOME,PLT-PH-005-ACTIVE-CARNIVOROUS-PLANT,Active Carnivorous Plant,biome,Biome Composition,16:9,"Create a canonical NOVERIS Nano Banana 2 visual for Active Carnivorous Plant: Biome Composition.

Canonical archetype:
A canonical active carnivorous plant designed as a scientifically plausible plant-like or fungal organism whose anchoring, support, transport, energy capture, growth, reproduction, ecology, and environmental adaptations are internally coherent.

Required visual and biological rules:
• credible anchoring
• coherent support and transport
• functional energy collectors
• reproductive logic
• environment-linked growth

Production request:
Create coordinated vegetation set at consistent scale.

Studio-resolved canonical values:
{{canonicalId}}, {{displayName}}, {{scientificName}}, {{originPlanet}}, {{planetType}}, {{biome}}, {{gravity}}, {{atmosphere}}, {{climate}}, {{temperatureRange}}, {{sizeScale}}, {{coloration}}, {{materials}}, {{distinctiveFeatures}}, {{lockedTraits}}, {{rarity}}, {{artDirection}}.

Preserve every locked canonical field exactly. The result must use NOVERIS Scientific Realism: premium AAA science-fiction quality, museum-grade reference presentation, scientifically plausible structure, coherent materials, restrained coloration unless canon requires otherwise, readable silhouette, consistent scale and anatomy or growth across all views, soft neutral studio lighting, pure black background for isolated references, full requested subject visibility, generous negative space, and PSD-friendly extraction. Habitat and biome outputs may use the canonical environment. No baked-in text, labels, watermark, logo, border, or UI.

Create four clearly different but canon-compliant versions. Preserve body plan or growth architecture, structural counts, environmental adaptations, materials, defining features, and locked coloration. Vary only permitted secondary proportions, markings, surface detail, minor ornamentation, natural wear, and pose or growth irregularity.

Recommended aspect ratio: 16:9.","text, labels, watermark, signature, logo, border, frame, UI, HUD, cropped subject, duplicate anatomy, contradictory anatomy, impossible balance, unsupported structures, random wings, random horns, humanoid default, fantasy armor, weapons, cartoon, anime, toy-like materials, excessive neon, excessive glow, oversaturated colors, busy background, motion blur, low resolution, compression artifacts, generic Earth copy, unsupported fantasy styling, traits conflicting with locked canon",1.0.0,canonical
NB2-PLT-PH-005-ACTIVE-CARNIVOROUS-PLANT-DISCOVERY,PLT-PH-005-ACTIVE-CARNIVOROUS-PLANT,Active Carnivorous Plant,discovery,Discovery Scan,16:9,"Create a canonical NOVERIS Nano Banana 2 visual for Active Carnivorous Plant: Discovery Scan.

Canonical archetype:
A canonical active carnivorous plant designed as a scientifically plausible plant-like or fungal organism whose anchoring, support, transport, energy capture, growth, reproduction, ecology, and environmental adaptations are internally coherent.

Required visual and biological rules:
• credible anchoring
• coherent support and transport
• functional energy collectors
• reproductive logic
• environment-linked growth

Production request:
Create centered scientific scan source without labels.

Studio-resolved canonical values:
{{canonicalId}}, {{displayName}}, {{scientificName}}, {{originPlanet}}, {{planetType}}, {{biome}}, {{gravity}}, {{atmosphere}}, {{climate}}, {{temperatureRange}}, {{sizeScale}}, {{coloration}}, {{materials}}, {{distinctiveFeatures}}, {{lockedTraits}}, {{rarity}}, {{artDirection}}.

Preserve every locked canonical field exactly. The result must use NOVERIS Scientific Realism: premium AAA science-fiction quality, museum-grade reference presentation, scientifically plausible structure, coherent materials, restrained coloration unless canon requires otherwise, readable silhouette, consistent scale and anatomy or growth across all views, soft neutral studio lighting, pure black background for isolated references, full requested subject visibility, generous negative space, and PSD-friendly extraction. Habitat and biome outputs may use the canonical environment. No baked-in text, labels, watermark, logo, border, or UI.

Create four clearly different but canon-compliant versions. Preserve body plan or growth architecture, structural counts, environmental adaptations, materials, defining features, and locked coloration. Vary only permitted secondary proportions, markings, surface detail, minor ornamentation, natural wear, and pose or growth irregularity.

Recommended aspect ratio: 16:9.","text, labels, watermark, signature, logo, border, frame, UI, HUD, cropped subject, duplicate anatomy, contradictory anatomy, impossible balance, unsupported structures, random wings, random horns, humanoid default, fantasy armor, weapons, cartoon, anime, toy-like materials, excessive neon, excessive glow, oversaturated colors, busy background, motion blur, low resolution, compression artifacts, generic Earth copy, unsupported fantasy styling, traits conflicting with locked canon",1.0.0,canonical
NB2-PLT-PH-005-ACTIVE-CARNIVOROUS-PLANT-ICON,PLT-PH-005-ACTIVE-CARNIVOROUS-PLANT,Active Carnivorous Plant,icon,UI Icon,1:1,"Create a canonical NOVERIS Nano Banana 2 visual for Active Carnivorous Plant: UI Icon.

Canonical archetype:
A canonical active carnivorous plant designed as a scientifically plausible plant-like or fungal organism whose anchoring, support, transport, energy capture, growth, reproduction, ecology, and environmental adaptations are internally coherent.

Required visual and biological rules:
• credible anchoring
• coherent support and transport
• functional energy collectors
• reproductive logic
• environment-linked growth

Production request:
Create isolated silhouette readable at 64 pixels.

Studio-resolved canonical values:
{{canonicalId}}, {{displayName}}, {{scientificName}}, {{originPlanet}}, {{planetType}}, {{biome}}, {{gravity}}, {{atmosphere}}, {{climate}}, {{temperatureRange}}, {{sizeScale}}, {{coloration}}, {{materials}}, {{distinctiveFeatures}}, {{lockedTraits}}, {{rarity}}, {{artDirection}}.

Preserve every locked canonical field exactly. The result must use NOVERIS Scientific Realism: premium AAA science-fiction quality, museum-grade reference presentation, scientifically plausible structure, coherent materials, restrained coloration unless canon requires otherwise, readable silhouette, consistent scale and anatomy or growth across all views, soft neutral studio lighting, pure black background for isolated references, full requested subject visibility, generous negative space, and PSD-friendly extraction. Habitat and biome outputs may use the canonical environment. No baked-in text, labels, watermark, logo, border, or UI.

Create four clearly different but canon-compliant versions. Preserve body plan or growth architecture, structural counts, environmental adaptations, materials, defining features, and locked coloration. Vary only permitted secondary proportions, markings, surface detail, minor ornamentation, natural wear, and pose or growth irregularity.

Recommended aspect ratio: 1:1.","text, labels, watermark, signature, logo, border, frame, UI, HUD, cropped subject, duplicate anatomy, contradictory anatomy, impossible balance, unsupported structures, random wings, random horns, humanoid default, fantasy armor, weapons, cartoon, anime, toy-like materials, excessive neon, excessive glow, oversaturated colors, busy background, motion blur, low resolution, compression artifacts, generic Earth copy, unsupported fantasy styling, traits conflicting with locked canon",1.0.0,canonical
NB2-PLT-PH-005-ACTIVE-CARNIVOROUS-PLANT-SCALE,PLT-PH-005-ACTIVE-CARNIVOROUS-PLANT,Active Carnivorous Plant,scale,Scale Comparison,16:9,"Create a canonical NOVERIS Nano Banana 2 visual for Active Carnivorous Plant: Scale Comparison.

Canonical archetype:
A canonical active carnivorous plant designed as a scientifically plausible plant-like or fungal organism whose anchoring, support, transport, energy capture, growth, reproduction, ecology, and environmental adaptations are internally coherent.

Required visual and biological rules:
• credible anchoring
• coherent support and transport
• functional energy collectors
• reproductive logic
• environment-linked growth

Production request:
Create side view with adult human silhouette and one-meter bar.

Studio-resolved canonical values:
{{canonicalId}}, {{displayName}}, {{scientificName}}, {{originPlanet}}, {{planetType}}, {{biome}}, {{gravity}}, {{atmosphere}}, {{climate}}, {{temperatureRange}}, {{sizeScale}}, {{coloration}}, {{materials}}, {{distinctiveFeatures}}, {{lockedTraits}}, {{rarity}}, {{artDirection}}.

Preserve every locked canonical field exactly. The result must use NOVERIS Scientific Realism: premium AAA science-fiction quality, museum-grade reference presentation, scientifically plausible structure, coherent materials, restrained coloration unless canon requires otherwise, readable silhouette, consistent scale and anatomy or growth across all views, soft neutral studio lighting, pure black background for isolated references, full requested subject visibility, generous negative space, and PSD-friendly extraction. Habitat and biome outputs may use the canonical environment. No baked-in text, labels, watermark, logo, border, or UI.

Create four clearly different but canon-compliant versions. Preserve body plan or growth architecture, structural counts, environmental adaptations, materials, defining features, and locked coloration. Vary only permitted secondary proportions, markings, surface detail, minor ornamentation, natural wear, and pose or growth irregularity.

Recommended aspect ratio: 16:9.","text, labels, watermark, signature, logo, border, frame, UI, HUD, cropped subject, duplicate anatomy, contradictory anatomy, impossible balance, unsupported structures, random wings, random horns, humanoid default, fantasy armor, weapons, cartoon, anime, toy-like materials, excessive neon, excessive glow, oversaturated colors, busy background, motion blur, low resolution, compression artifacts, generic Earth copy, unsupported fantasy styling, traits conflicting with locked canon",1.0.0,canonical
NB2-PLT-PH-005-ACTIVE-CARNIVOROUS-PLANT-PLATE,PLT-PH-005-ACTIVE-CARNIVOROUS-PLANT,Active Carnivorous Plant,plate,Master Botanical Plate,16:9,"Create a canonical NOVERIS Nano Banana 2 visual for Active Carnivorous Plant: Master Botanical Plate.

Canonical archetype:
A canonical active carnivorous plant designed as a scientifically plausible plant-like or fungal organism whose anchoring, support, transport, energy capture, growth, reproduction, ecology, and environmental adaptations are internally coherent.

Required visual and biological rules:
• credible anchoring
• coherent support and transport
• functional energy collectors
• reproductive logic
• environment-linked growth

Production request:
Create whole organism, views, roots, structure, collectors, reproduction, stages, materials and habitat vignette.

Studio-resolved canonical values:
{{canonicalId}}, {{displayName}}, {{scientificName}}, {{originPlanet}}, {{planetType}}, {{biome}}, {{gravity}}, {{atmosphere}}, {{climate}}, {{temperatureRange}}, {{sizeScale}}, {{coloration}}, {{materials}}, {{distinctiveFeatures}}, {{lockedTraits}}, {{rarity}}, {{artDirection}}.

Preserve every locked canonical field exactly. The result must use NOVERIS Scientific Realism: premium AAA science-fiction quality, museum-grade reference presentation, scientifically plausible structure, coherent materials, restrained coloration unless canon requires otherwise, readable silhouette, consistent scale and anatomy or growth across all views, soft neutral studio lighting, pure black background for isolated references, full requested subject visibility, generous negative space, and PSD-friendly extraction. Habitat and biome outputs may use the canonical environment. No baked-in text, labels, watermark, logo, border, or UI.

Create four clearly different but canon-compliant versions. Preserve body plan or growth architecture, structural counts, environmental adaptations, materials, defining features, and locked coloration. Vary only permitted secondary proportions, markings, surface detail, minor ornamentation, natural wear, and pose or growth irregularity.

Recommended aspect ratio: 16:9.","text, labels, watermark, signature, logo, border, frame, UI, HUD, cropped subject, duplicate anatomy, contradictory anatomy, impossible balance, unsupported structures, random wings, random horns, humanoid default, fantasy armor, weapons, cartoon, anime, toy-like materials, excessive neon, excessive glow, oversaturated colors, busy background, motion blur, low resolution, compression artifacts, generic Earth copy, unsupported fantasy styling, traits conflicting with locked canon",1.0.0,canonical
NB2-PLT-PH-005-ACTIVE-CARNIVOROUS-PLANT-PSD,PLT-PH-005-ACTIVE-CARNIVOROUS-PLANT,Active Carnivorous Plant,psd,PSD Extraction Board,16:9,"Create a canonical NOVERIS Nano Banana 2 visual for Active Carnivorous Plant: PSD Extraction Board.

Canonical archetype:
A canonical active carnivorous plant designed as a scientifically plausible plant-like or fungal organism whose anchoring, support, transport, energy capture, growth, reproduction, ecology, and environmental adaptations are internally coherent.

Required visual and biological rules:
• credible anchoring
• coherent support and transport
• functional energy collectors
• reproductive logic
• environment-linked growth

Production request:
Create isolated whole organism, parts, silhouette and material references.

Studio-resolved canonical values:
{{canonicalId}}, {{displayName}}, {{scientificName}}, {{originPlanet}}, {{planetType}}, {{biome}}, {{gravity}}, {{atmosphere}}, {{climate}}, {{temperatureRange}}, {{sizeScale}}, {{coloration}}, {{materials}}, {{distinctiveFeatures}}, {{lockedTraits}}, {{rarity}}, {{artDirection}}.

Preserve every locked canonical field exactly. The result must use NOVERIS Scientific Realism: premium AAA science-fiction quality, museum-grade reference presentation, scientifically plausible structure, coherent materials, restrained coloration unless canon requires otherwise, readable silhouette, consistent scale and anatomy or growth across all views, soft neutral studio lighting, pure black background for isolated references, full requested subject visibility, generous negative space, and PSD-friendly extraction. Habitat and biome outputs may use the canonical environment. No baked-in text, labels, watermark, logo, border, or UI.

Create four clearly different but canon-compliant versions. Preserve body plan or growth architecture, structural counts, environmental adaptations, materials, defining features, and locked coloration. Vary only permitted secondary proportions, markings, surface detail, minor ornamentation, natural wear, and pose or growth irregularity.

Recommended aspect ratio: 16:9.","text, labels, watermark, signature, logo, border, frame, UI, HUD, cropped subject, duplicate anatomy, contradictory anatomy, impossible balance, unsupported structures, random wings, random horns, humanoid default, fantasy armor, weapons, cartoon, anime, toy-like materials, excessive neon, excessive glow, oversaturated colors, busy background, motion blur, low resolution, compression artifacts, generic Earth copy, unsupported fantasy styling, traits conflicting with locked canon",1.0.0,canonical
NB2-PLT-PH-006-PARASITIC-PLANT-WHOLE-PLANT,PLT-PH-006-PARASITIC-PLANT,Parasitic Plant,whole-plant,Whole Plant Production Render,3:4,"Create a canonical NOVERIS Nano Banana 2 visual for Parasitic Plant: Whole Plant Production Render.

Canonical archetype:
A canonical parasitic plant designed as a scientifically plausible plant-like or fungal organism whose anchoring, support, transport, energy capture, growth, reproduction, ecology, and environmental adaptations are internally coherent.

Required visual and biological rules:
• credible anchoring
• coherent support and transport
• functional energy collectors
• reproductive logic
• environment-linked growth

Production request:
Create complete mature organism including roots or anchor system.

Studio-resolved canonical values:
{{canonicalId}}, {{displayName}}, {{scientificName}}, {{originPlanet}}, {{planetType}}, {{biome}}, {{gravity}}, {{atmosphere}}, {{climate}}, {{temperatureRange}}, {{sizeScale}}, {{coloration}}, {{materials}}, {{distinctiveFeatures}}, {{lockedTraits}}, {{rarity}}, {{artDirection}}.

Preserve every locked canonical field exactly. The result must use NOVERIS Scientific Realism: premium AAA science-fiction quality, museum-grade reference presentation, scientifically plausible structure, coherent materials, restrained coloration unless canon requires otherwise, readable silhouette, consistent scale and anatomy or growth across all views, soft neutral studio lighting, pure black background for isolated references, full requested subject visibility, generous negative space, and PSD-friendly extraction. Habitat and biome outputs may use the canonical environment. No baked-in text, labels, watermark, logo, border, or UI.

Create four clearly different but canon-compliant versions. Preserve body plan or growth architecture, structural counts, environmental adaptations, materials, defining features, and locked coloration. Vary only permitted secondary proportions, markings, surface detail, minor ornamentation, natural wear, and pose or growth irregularity.

Recommended aspect ratio: 3:4.","text, labels, watermark, signature, logo, border, frame, UI, HUD, cropped subject, duplicate anatomy, contradictory anatomy, impossible balance, unsupported structures, random wings, random horns, humanoid default, fantasy armor, weapons, cartoon, anime, toy-like materials, excessive neon, excessive glow, oversaturated colors, busy background, motion blur, low resolution, compression artifacts, generic Earth copy, unsupported fantasy styling, traits conflicting with locked canon",1.0.0,canonical
NB2-PLT-PH-006-PARASITIC-PLANT-PORTRAIT,PLT-PH-006-PARASITIC-PLANT,Parasitic Plant,portrait,Botanical Portrait,1:1,"Create a canonical NOVERIS Nano Banana 2 visual for Parasitic Plant: Botanical Portrait.

Canonical archetype:
A canonical parasitic plant designed as a scientifically plausible plant-like or fungal organism whose anchoring, support, transport, energy capture, growth, reproduction, ecology, and environmental adaptations are internally coherent.

Required visual and biological rules:
• credible anchoring
• coherent support and transport
• functional energy collectors
• reproductive logic
• environment-linked growth

Production request:
Create defining growth form, foliage, collectors and reproduction.

Studio-resolved canonical values:
{{canonicalId}}, {{displayName}}, {{scientificName}}, {{originPlanet}}, {{planetType}}, {{biome}}, {{gravity}}, {{atmosphere}}, {{climate}}, {{temperatureRange}}, {{sizeScale}}, {{coloration}}, {{materials}}, {{distinctiveFeatures}}, {{lockedTraits}}, {{rarity}}, {{artDirection}}.

Preserve every locked canonical field exactly. The result must use NOVERIS Scientific Realism: premium AAA science-fiction quality, museum-grade reference presentation, scientifically plausible structure, coherent materials, restrained coloration unless canon requires otherwise, readable silhouette, consistent scale and anatomy or growth across all views, soft neutral studio lighting, pure black background for isolated references, full requested subject visibility, generous negative space, and PSD-friendly extraction. Habitat and biome outputs may use the canonical environment. No baked-in text, labels, watermark, logo, border, or UI.

Create four clearly different but canon-compliant versions. Preserve body plan or growth architecture, structural counts, environmental adaptations, materials, defining features, and locked coloration. Vary only permitted secondary proportions, markings, surface detail, minor ornamentation, natural wear, and pose or growth irregularity.

Recommended aspect ratio: 1:1.","text, labels, watermark, signature, logo, border, frame, UI, HUD, cropped subject, duplicate anatomy, contradictory anatomy, impossible balance, unsupported structures, random wings, random horns, humanoid default, fantasy armor, weapons, cartoon, anime, toy-like materials, excessive neon, excessive glow, oversaturated colors, busy background, motion blur, low resolution, compression artifacts, generic Earth copy, unsupported fantasy styling, traits conflicting with locked canon",1.0.0,canonical
NB2-PLT-PH-006-PARASITIC-PLANT-ORTHO-FRONT,PLT-PH-006-PARASITIC-PLANT,Parasitic Plant,ortho-front,Orthographic Front,3:4,"Create a canonical NOVERIS Nano Banana 2 visual for Parasitic Plant: Orthographic Front.

Canonical archetype:
A canonical parasitic plant designed as a scientifically plausible plant-like or fungal organism whose anchoring, support, transport, energy capture, growth, reproduction, ecology, and environmental adaptations are internally coherent.

Required visual and biological rules:
• credible anchoring
• coherent support and transport
• functional energy collectors
• reproductive logic
• environment-linked growth

Production request:
Create exact front orthographic view.

Studio-resolved canonical values:
{{canonicalId}}, {{displayName}}, {{scientificName}}, {{originPlanet}}, {{planetType}}, {{biome}}, {{gravity}}, {{atmosphere}}, {{climate}}, {{temperatureRange}}, {{sizeScale}}, {{coloration}}, {{materials}}, {{distinctiveFeatures}}, {{lockedTraits}}, {{rarity}}, {{artDirection}}.

Preserve every locked canonical field exactly. The result must use NOVERIS Scientific Realism: premium AAA science-fiction quality, museum-grade reference presentation, scientifically plausible structure, coherent materials, restrained coloration unless canon requires otherwise, readable silhouette, consistent scale and anatomy or growth across all views, soft neutral studio lighting, pure black background for isolated references, full requested subject visibility, generous negative space, and PSD-friendly extraction. Habitat and biome outputs may use the canonical environment. No baked-in text, labels, watermark, logo, border, or UI.

Create four clearly different but canon-compliant versions. Preserve body plan or growth architecture, structural counts, environmental adaptations, materials, defining features, and locked coloration. Vary only permitted secondary proportions, markings, surface detail, minor ornamentation, natural wear, and pose or growth irregularity.

Recommended aspect ratio: 3:4.","text, labels, watermark, signature, logo, border, frame, UI, HUD, cropped subject, duplicate anatomy, contradictory anatomy, impossible balance, unsupported structures, random wings, random horns, humanoid default, fantasy armor, weapons, cartoon, anime, toy-like materials, excessive neon, excessive glow, oversaturated colors, busy background, motion blur, low resolution, compression artifacts, generic Earth copy, unsupported fantasy styling, traits conflicting with locked canon",1.0.0,canonical
NB2-PLT-PH-006-PARASITIC-PLANT-ORTHO-SIDE,PLT-PH-006-PARASITIC-PLANT,Parasitic Plant,ortho-side,Orthographic Side,3:4,"Create a canonical NOVERIS Nano Banana 2 visual for Parasitic Plant: Orthographic Side.

Canonical archetype:
A canonical parasitic plant designed as a scientifically plausible plant-like or fungal organism whose anchoring, support, transport, energy capture, growth, reproduction, ecology, and environmental adaptations are internally coherent.

Required visual and biological rules:
• credible anchoring
• coherent support and transport
• functional energy collectors
• reproductive logic
• environment-linked growth

Production request:
Create exact side orthographic view.

Studio-resolved canonical values:
{{canonicalId}}, {{displayName}}, {{scientificName}}, {{originPlanet}}, {{planetType}}, {{biome}}, {{gravity}}, {{atmosphere}}, {{climate}}, {{temperatureRange}}, {{sizeScale}}, {{coloration}}, {{materials}}, {{distinctiveFeatures}}, {{lockedTraits}}, {{rarity}}, {{artDirection}}.

Preserve every locked canonical field exactly. The result must use NOVERIS Scientific Realism: premium AAA science-fiction quality, museum-grade reference presentation, scientifically plausible structure, coherent materials, restrained coloration unless canon requires otherwise, readable silhouette, consistent scale and anatomy or growth across all views, soft neutral studio lighting, pure black background for isolated references, full requested subject visibility, generous negative space, and PSD-friendly extraction. Habitat and biome outputs may use the canonical environment. No baked-in text, labels, watermark, logo, border, or UI.

Create four clearly different but canon-compliant versions. Preserve body plan or growth architecture, structural counts, environmental adaptations, materials, defining features, and locked coloration. Vary only permitted secondary proportions, markings, surface detail, minor ornamentation, natural wear, and pose or growth irregularity.

Recommended aspect ratio: 3:4.","text, labels, watermark, signature, logo, border, frame, UI, HUD, cropped subject, duplicate anatomy, contradictory anatomy, impossible balance, unsupported structures, random wings, random horns, humanoid default, fantasy armor, weapons, cartoon, anime, toy-like materials, excessive neon, excessive glow, oversaturated colors, busy background, motion blur, low resolution, compression artifacts, generic Earth copy, unsupported fantasy styling, traits conflicting with locked canon",1.0.0,canonical
NB2-PLT-PH-006-PARASITIC-PLANT-ORTHO-TOP,PLT-PH-006-PARASITIC-PLANT,Parasitic Plant,ortho-top,Orthographic Top,1:1,"Create a canonical NOVERIS Nano Banana 2 visual for Parasitic Plant: Orthographic Top.

Canonical archetype:
A canonical parasitic plant designed as a scientifically plausible plant-like or fungal organism whose anchoring, support, transport, energy capture, growth, reproduction, ecology, and environmental adaptations are internally coherent.

Required visual and biological rules:
• credible anchoring
• coherent support and transport
• functional energy collectors
• reproductive logic
• environment-linked growth

Production request:
Create exact top view showing spread and growth geometry.

Studio-resolved canonical values:
{{canonicalId}}, {{displayName}}, {{scientificName}}, {{originPlanet}}, {{planetType}}, {{biome}}, {{gravity}}, {{atmosphere}}, {{climate}}, {{temperatureRange}}, {{sizeScale}}, {{coloration}}, {{materials}}, {{distinctiveFeatures}}, {{lockedTraits}}, {{rarity}}, {{artDirection}}.

Preserve every locked canonical field exactly. The result must use NOVERIS Scientific Realism: premium AAA science-fiction quality, museum-grade reference presentation, scientifically plausible structure, coherent materials, restrained coloration unless canon requires otherwise, readable silhouette, consistent scale and anatomy or growth across all views, soft neutral studio lighting, pure black background for isolated references, full requested subject visibility, generous negative space, and PSD-friendly extraction. Habitat and biome outputs may use the canonical environment. No baked-in text, labels, watermark, logo, border, or UI.

Create four clearly different but canon-compliant versions. Preserve body plan or growth architecture, structural counts, environmental adaptations, materials, defining features, and locked coloration. Vary only permitted secondary proportions, markings, surface detail, minor ornamentation, natural wear, and pose or growth irregularity.

Recommended aspect ratio: 1:1.","text, labels, watermark, signature, logo, border, frame, UI, HUD, cropped subject, duplicate anatomy, contradictory anatomy, impossible balance, unsupported structures, random wings, random horns, humanoid default, fantasy armor, weapons, cartoon, anime, toy-like materials, excessive neon, excessive glow, oversaturated colors, busy background, motion blur, low resolution, compression artifacts, generic Earth copy, unsupported fantasy styling, traits conflicting with locked canon",1.0.0,canonical
NB2-PLT-PH-006-PARASITIC-PLANT-ROOTS,PLT-PH-006-PARASITIC-PLANT,Parasitic Plant,roots,Root or Anchor System,16:9,"Create a canonical NOVERIS Nano Banana 2 visual for Parasitic Plant: Root or Anchor System.

Canonical archetype:
A canonical parasitic plant designed as a scientifically plausible plant-like or fungal organism whose anchoring, support, transport, energy capture, growth, reproduction, ecology, and environmental adaptations are internally coherent.

Required visual and biological rules:
• credible anchoring
• coherent support and transport
• functional energy collectors
• reproductive logic
• environment-linked growth

Production request:
Create complete substrate interface and nutrient exchange structures.

Studio-resolved canonical values:
{{canonicalId}}, {{displayName}}, {{scientificName}}, {{originPlanet}}, {{planetType}}, {{biome}}, {{gravity}}, {{atmosphere}}, {{climate}}, {{temperatureRange}}, {{sizeScale}}, {{coloration}}, {{materials}}, {{distinctiveFeatures}}, {{lockedTraits}}, {{rarity}}, {{artDirection}}.

Preserve every locked canonical field exactly. The result must use NOVERIS Scientific Realism: premium AAA science-fiction quality, museum-grade reference presentation, scientifically plausible structure, coherent materials, restrained coloration unless canon requires otherwise, readable silhouette, consistent scale and anatomy or growth across all views, soft neutral studio lighting, pure black background for isolated references, full requested subject visibility, generous negative space, and PSD-friendly extraction. Habitat and biome outputs may use the canonical environment. No baked-in text, labels, watermark, logo, border, or UI.

Create four clearly different but canon-compliant versions. Preserve body plan or growth architecture, structural counts, environmental adaptations, materials, defining features, and locked coloration. Vary only permitted secondary proportions, markings, surface detail, minor ornamentation, natural wear, and pose or growth irregularity.

Recommended aspect ratio: 16:9.","text, labels, watermark, signature, logo, border, frame, UI, HUD, cropped subject, duplicate anatomy, contradictory anatomy, impossible balance, unsupported structures, random wings, random horns, humanoid default, fantasy armor, weapons, cartoon, anime, toy-like materials, excessive neon, excessive glow, oversaturated colors, busy background, motion blur, low resolution, compression artifacts, generic Earth copy, unsupported fantasy styling, traits conflicting with locked canon",1.0.0,canonical
NB2-PLT-PH-006-PARASITIC-PLANT-STEMS,PLT-PH-006-PARASITIC-PLANT,Parasitic Plant,stems,"Stem, Trunk or Structural Study",16:9,"Create a canonical NOVERIS Nano Banana 2 visual for Parasitic Plant: Stem, Trunk or Structural Study.

Canonical archetype:
A canonical parasitic plant designed as a scientifically plausible plant-like or fungal organism whose anchoring, support, transport, energy capture, growth, reproduction, ecology, and environmental adaptations are internally coherent.

Required visual and biological rules:
• credible anchoring
• coherent support and transport
• functional energy collectors
• reproductive logic
• environment-linked growth

Production request:
Create support and transport architecture.

Studio-resolved canonical values:
{{canonicalId}}, {{displayName}}, {{scientificName}}, {{originPlanet}}, {{planetType}}, {{biome}}, {{gravity}}, {{atmosphere}}, {{climate}}, {{temperatureRange}}, {{sizeScale}}, {{coloration}}, {{materials}}, {{distinctiveFeatures}}, {{lockedTraits}}, {{rarity}}, {{artDirection}}.

Preserve every locked canonical field exactly. The result must use NOVERIS Scientific Realism: premium AAA science-fiction quality, museum-grade reference presentation, scientifically plausible structure, coherent materials, restrained coloration unless canon requires otherwise, readable silhouette, consistent scale and anatomy or growth across all views, soft neutral studio lighting, pure black background for isolated references, full requested subject visibility, generous negative space, and PSD-friendly extraction. Habitat and biome outputs may use the canonical environment. No baked-in text, labels, watermark, logo, border, or UI.

Create four clearly different but canon-compliant versions. Preserve body plan or growth architecture, structural counts, environmental adaptations, materials, defining features, and locked coloration. Vary only permitted secondary proportions, markings, surface detail, minor ornamentation, natural wear, and pose or growth irregularity.

Recommended aspect ratio: 16:9.","text, labels, watermark, signature, logo, border, frame, UI, HUD, cropped subject, duplicate anatomy, contradictory anatomy, impossible balance, unsupported structures, random wings, random horns, humanoid default, fantasy armor, weapons, cartoon, anime, toy-like materials, excessive neon, excessive glow, oversaturated colors, busy background, motion blur, low resolution, compression artifacts, generic Earth copy, unsupported fantasy styling, traits conflicting with locked canon",1.0.0,canonical
NB2-PLT-PH-006-PARASITIC-PLANT-COLLECTORS,PLT-PH-006-PARASITIC-PLANT,Parasitic Plant,collectors,Leaves or Collector Study,16:9,"Create a canonical NOVERIS Nano Banana 2 visual for Parasitic Plant: Leaves or Collector Study.

Canonical archetype:
A canonical parasitic plant designed as a scientifically plausible plant-like or fungal organism whose anchoring, support, transport, energy capture, growth, reproduction, ecology, and environmental adaptations are internally coherent.

Required visual and biological rules:
• credible anchoring
• coherent support and transport
• functional energy collectors
• reproductive logic
• environment-linked growth

Production request:
Create front, back, edge, juvenile, mature and stressed states.

Studio-resolved canonical values:
{{canonicalId}}, {{displayName}}, {{scientificName}}, {{originPlanet}}, {{planetType}}, {{biome}}, {{gravity}}, {{atmosphere}}, {{climate}}, {{temperatureRange}}, {{sizeScale}}, {{coloration}}, {{materials}}, {{distinctiveFeatures}}, {{lockedTraits}}, {{rarity}}, {{artDirection}}.

Preserve every locked canonical field exactly. The result must use NOVERIS Scientific Realism: premium AAA science-fiction quality, museum-grade reference presentation, scientifically plausible structure, coherent materials, restrained coloration unless canon requires otherwise, readable silhouette, consistent scale and anatomy or growth across all views, soft neutral studio lighting, pure black background for isolated references, full requested subject visibility, generous negative space, and PSD-friendly extraction. Habitat and biome outputs may use the canonical environment. No baked-in text, labels, watermark, logo, border, or UI.

Create four clearly different but canon-compliant versions. Preserve body plan or growth architecture, structural counts, environmental adaptations, materials, defining features, and locked coloration. Vary only permitted secondary proportions, markings, surface detail, minor ornamentation, natural wear, and pose or growth irregularity.

Recommended aspect ratio: 16:9.","text, labels, watermark, signature, logo, border, frame, UI, HUD, cropped subject, duplicate anatomy, contradictory anatomy, impossible balance, unsupported structures, random wings, random horns, humanoid default, fantasy armor, weapons, cartoon, anime, toy-like materials, excessive neon, excessive glow, oversaturated colors, busy background, motion blur, low resolution, compression artifacts, generic Earth copy, unsupported fantasy styling, traits conflicting with locked canon",1.0.0,canonical
NB2-PLT-PH-006-PARASITIC-PLANT-REPRODUCTION,PLT-PH-006-PARASITIC-PLANT,Parasitic Plant,reproduction,Reproductive Structure,16:9,"Create a canonical NOVERIS Nano Banana 2 visual for Parasitic Plant: Reproductive Structure.

Canonical archetype:
A canonical parasitic plant designed as a scientifically plausible plant-like or fungal organism whose anchoring, support, transport, energy capture, growth, reproduction, ecology, and environmental adaptations are internally coherent.

Required visual and biological rules:
• credible anchoring
• coherent support and transport
• functional energy collectors
• reproductive logic
• environment-linked growth

Production request:
Create flowers, cones, spores, fields or equivalent stages.

Studio-resolved canonical values:
{{canonicalId}}, {{displayName}}, {{scientificName}}, {{originPlanet}}, {{planetType}}, {{biome}}, {{gravity}}, {{atmosphere}}, {{climate}}, {{temperatureRange}}, {{sizeScale}}, {{coloration}}, {{materials}}, {{distinctiveFeatures}}, {{lockedTraits}}, {{rarity}}, {{artDirection}}.

Preserve every locked canonical field exactly. The result must use NOVERIS Scientific Realism: premium AAA science-fiction quality, museum-grade reference presentation, scientifically plausible structure, coherent materials, restrained coloration unless canon requires otherwise, readable silhouette, consistent scale and anatomy or growth across all views, soft neutral studio lighting, pure black background for isolated references, full requested subject visibility, generous negative space, and PSD-friendly extraction. Habitat and biome outputs may use the canonical environment. No baked-in text, labels, watermark, logo, border, or UI.

Create four clearly different but canon-compliant versions. Preserve body plan or growth architecture, structural counts, environmental adaptations, materials, defining features, and locked coloration. Vary only permitted secondary proportions, markings, surface detail, minor ornamentation, natural wear, and pose or growth irregularity.

Recommended aspect ratio: 16:9.","text, labels, watermark, signature, logo, border, frame, UI, HUD, cropped subject, duplicate anatomy, contradictory anatomy, impossible balance, unsupported structures, random wings, random horns, humanoid default, fantasy armor, weapons, cartoon, anime, toy-like materials, excessive neon, excessive glow, oversaturated colors, busy background, motion blur, low resolution, compression artifacts, generic Earth copy, unsupported fantasy styling, traits conflicting with locked canon",1.0.0,canonical
NB2-PLT-PH-006-PARASITIC-PLANT-PROPAGULES,PLT-PH-006-PARASITIC-PLANT,Parasitic Plant,propagules,"Seed, Spore or Propagule Study",16:9,"Create a canonical NOVERIS Nano Banana 2 visual for Parasitic Plant: Seed, Spore or Propagule Study.

Canonical archetype:
A canonical parasitic plant designed as a scientifically plausible plant-like or fungal organism whose anchoring, support, transport, energy capture, growth, reproduction, ecology, and environmental adaptations are internally coherent.

Required visual and biological rules:
• credible anchoring
• coherent support and transport
• functional energy collectors
• reproductive logic
• environment-linked growth

Production request:
Create dispersal, germination and early establishment.

Studio-resolved canonical values:
{{canonicalId}}, {{displayName}}, {{scientificName}}, {{originPlanet}}, {{planetType}}, {{biome}}, {{gravity}}, {{atmosphere}}, {{climate}}, {{temperatureRange}}, {{sizeScale}}, {{coloration}}, {{materials}}, {{distinctiveFeatures}}, {{lockedTraits}}, {{rarity}}, {{artDirection}}.

Preserve every locked canonical field exactly. The result must use NOVERIS Scientific Realism: premium AAA science-fiction quality, museum-grade reference presentation, scientifically plausible structure, coherent materials, restrained coloration unless canon requires otherwise, readable silhouette, consistent scale and anatomy or growth across all views, soft neutral studio lighting, pure black background for isolated references, full requested subject visibility, generous negative space, and PSD-friendly extraction. Habitat and biome outputs may use the canonical environment. No baked-in text, labels, watermark, logo, border, or UI.

Create four clearly different but canon-compliant versions. Preserve body plan or growth architecture, structural counts, environmental adaptations, materials, defining features, and locked coloration. Vary only permitted secondary proportions, markings, surface detail, minor ornamentation, natural wear, and pose or growth irregularity.

Recommended aspect ratio: 16:9.","text, labels, watermark, signature, logo, border, frame, UI, HUD, cropped subject, duplicate anatomy, contradictory anatomy, impossible balance, unsupported structures, random wings, random horns, humanoid default, fantasy armor, weapons, cartoon, anime, toy-like materials, excessive neon, excessive glow, oversaturated colors, busy background, motion blur, low resolution, compression artifacts, generic Earth copy, unsupported fantasy styling, traits conflicting with locked canon",1.0.0,canonical
NB2-PLT-PH-006-PARASITIC-PLANT-CROSS-SECTION,PLT-PH-006-PARASITIC-PLANT,Parasitic Plant,cross-section,Internal Cross Section,16:9,"Create a canonical NOVERIS Nano Banana 2 visual for Parasitic Plant: Internal Cross Section.

Canonical archetype:
A canonical parasitic plant designed as a scientifically plausible plant-like or fungal organism whose anchoring, support, transport, energy capture, growth, reproduction, ecology, and environmental adaptations are internally coherent.

Required visual and biological rules:
• credible anchoring
• coherent support and transport
• functional energy collectors
• reproductive logic
• environment-linked growth

Production request:
Create protection, transport, support, storage and reproduction.

Studio-resolved canonical values:
{{canonicalId}}, {{displayName}}, {{scientificName}}, {{originPlanet}}, {{planetType}}, {{biome}}, {{gravity}}, {{atmosphere}}, {{climate}}, {{temperatureRange}}, {{sizeScale}}, {{coloration}}, {{materials}}, {{distinctiveFeatures}}, {{lockedTraits}}, {{rarity}}, {{artDirection}}.

Preserve every locked canonical field exactly. The result must use NOVERIS Scientific Realism: premium AAA science-fiction quality, museum-grade reference presentation, scientifically plausible structure, coherent materials, restrained coloration unless canon requires otherwise, readable silhouette, consistent scale and anatomy or growth across all views, soft neutral studio lighting, pure black background for isolated references, full requested subject visibility, generous negative space, and PSD-friendly extraction. Habitat and biome outputs may use the canonical environment. No baked-in text, labels, watermark, logo, border, or UI.

Create four clearly different but canon-compliant versions. Preserve body plan or growth architecture, structural counts, environmental adaptations, materials, defining features, and locked coloration. Vary only permitted secondary proportions, markings, surface detail, minor ornamentation, natural wear, and pose or growth irregularity.

Recommended aspect ratio: 16:9.","text, labels, watermark, signature, logo, border, frame, UI, HUD, cropped subject, duplicate anatomy, contradictory anatomy, impossible balance, unsupported structures, random wings, random horns, humanoid default, fantasy armor, weapons, cartoon, anime, toy-like materials, excessive neon, excessive glow, oversaturated colors, busy background, motion blur, low resolution, compression artifacts, generic Earth copy, unsupported fantasy styling, traits conflicting with locked canon",1.0.0,canonical
NB2-PLT-PH-006-PARASITIC-PLANT-GROWTH,PLT-PH-006-PARASITIC-PLANT,Parasitic Plant,growth,Growth Stages,16:9,"Create a canonical NOVERIS Nano Banana 2 visual for Parasitic Plant: Growth Stages.

Canonical archetype:
A canonical parasitic plant designed as a scientifically plausible plant-like or fungal organism whose anchoring, support, transport, energy capture, growth, reproduction, ecology, and environmental adaptations are internally coherent.

Required visual and biological rules:
• credible anchoring
• coherent support and transport
• functional energy collectors
• reproductive logic
• environment-linked growth

Production request:
Create propagule, juvenile, mature, reproductive and senescent stages.

Studio-resolved canonical values:
{{canonicalId}}, {{displayName}}, {{scientificName}}, {{originPlanet}}, {{planetType}}, {{biome}}, {{gravity}}, {{atmosphere}}, {{climate}}, {{temperatureRange}}, {{sizeScale}}, {{coloration}}, {{materials}}, {{distinctiveFeatures}}, {{lockedTraits}}, {{rarity}}, {{artDirection}}.

Preserve every locked canonical field exactly. The result must use NOVERIS Scientific Realism: premium AAA science-fiction quality, museum-grade reference presentation, scientifically plausible structure, coherent materials, restrained coloration unless canon requires otherwise, readable silhouette, consistent scale and anatomy or growth across all views, soft neutral studio lighting, pure black background for isolated references, full requested subject visibility, generous negative space, and PSD-friendly extraction. Habitat and biome outputs may use the canonical environment. No baked-in text, labels, watermark, logo, border, or UI.

Create four clearly different but canon-compliant versions. Preserve body plan or growth architecture, structural counts, environmental adaptations, materials, defining features, and locked coloration. Vary only permitted secondary proportions, markings, surface detail, minor ornamentation, natural wear, and pose or growth irregularity.

Recommended aspect ratio: 16:9.","text, labels, watermark, signature, logo, border, frame, UI, HUD, cropped subject, duplicate anatomy, contradictory anatomy, impossible balance, unsupported structures, random wings, random horns, humanoid default, fantasy armor, weapons, cartoon, anime, toy-like materials, excessive neon, excessive glow, oversaturated colors, busy background, motion blur, low resolution, compression artifacts, generic Earth copy, unsupported fantasy styling, traits conflicting with locked canon",1.0.0,canonical
NB2-PLT-PH-006-PARASITIC-PLANT-SEASONAL,PLT-PH-006-PARASITIC-PLANT,Parasitic Plant,seasonal,Seasonal and Stress Variants,16:9,"Create a canonical NOVERIS Nano Banana 2 visual for Parasitic Plant: Seasonal and Stress Variants.

Canonical archetype:
A canonical parasitic plant designed as a scientifically plausible plant-like or fungal organism whose anchoring, support, transport, energy capture, growth, reproduction, ecology, and environmental adaptations are internally coherent.

Required visual and biological rules:
• credible anchoring
• coherent support and transport
• functional energy collectors
• reproductive logic
• environment-linked growth

Production request:
Create growth, reproduction, dormancy, damage and recovery.

Studio-resolved canonical values:
{{canonicalId}}, {{displayName}}, {{scientificName}}, {{originPlanet}}, {{planetType}}, {{biome}}, {{gravity}}, {{atmosphere}}, {{climate}}, {{temperatureRange}}, {{sizeScale}}, {{coloration}}, {{materials}}, {{distinctiveFeatures}}, {{lockedTraits}}, {{rarity}}, {{artDirection}}.

Preserve every locked canonical field exactly. The result must use NOVERIS Scientific Realism: premium AAA science-fiction quality, museum-grade reference presentation, scientifically plausible structure, coherent materials, restrained coloration unless canon requires otherwise, readable silhouette, consistent scale and anatomy or growth across all views, soft neutral studio lighting, pure black background for isolated references, full requested subject visibility, generous negative space, and PSD-friendly extraction. Habitat and biome outputs may use the canonical environment. No baked-in text, labels, watermark, logo, border, or UI.

Create four clearly different but canon-compliant versions. Preserve body plan or growth architecture, structural counts, environmental adaptations, materials, defining features, and locked coloration. Vary only permitted secondary proportions, markings, surface detail, minor ornamentation, natural wear, and pose or growth irregularity.

Recommended aspect ratio: 16:9.","text, labels, watermark, signature, logo, border, frame, UI, HUD, cropped subject, duplicate anatomy, contradictory anatomy, impossible balance, unsupported structures, random wings, random horns, humanoid default, fantasy armor, weapons, cartoon, anime, toy-like materials, excessive neon, excessive glow, oversaturated colors, busy background, motion blur, low resolution, compression artifacts, generic Earth copy, unsupported fantasy styling, traits conflicting with locked canon",1.0.0,canonical
NB2-PLT-PH-006-PARASITIC-PLANT-HABITAT,PLT-PH-006-PARASITIC-PLANT,Parasitic Plant,habitat,Native Habitat Composition,16:9,"Create a canonical NOVERIS Nano Banana 2 visual for Parasitic Plant: Native Habitat Composition.

Canonical archetype:
A canonical parasitic plant designed as a scientifically plausible plant-like or fungal organism whose anchoring, support, transport, energy capture, growth, reproduction, ecology, and environmental adaptations are internally coherent.

Required visual and biological rules:
• credible anchoring
• coherent support and transport
• functional energy collectors
• reproductive logic
• environment-linked growth

Production request:
Create natural population with spacing and age diversity.

Studio-resolved canonical values:
{{canonicalId}}, {{displayName}}, {{scientificName}}, {{originPlanet}}, {{planetType}}, {{biome}}, {{gravity}}, {{atmosphere}}, {{climate}}, {{temperatureRange}}, {{sizeScale}}, {{coloration}}, {{materials}}, {{distinctiveFeatures}}, {{lockedTraits}}, {{rarity}}, {{artDirection}}.

Preserve every locked canonical field exactly. The result must use NOVERIS Scientific Realism: premium AAA science-fiction quality, museum-grade reference presentation, scientifically plausible structure, coherent materials, restrained coloration unless canon requires otherwise, readable silhouette, consistent scale and anatomy or growth across all views, soft neutral studio lighting, pure black background for isolated references, full requested subject visibility, generous negative space, and PSD-friendly extraction. Habitat and biome outputs may use the canonical environment. No baked-in text, labels, watermark, logo, border, or UI.

Create four clearly different but canon-compliant versions. Preserve body plan or growth architecture, structural counts, environmental adaptations, materials, defining features, and locked coloration. Vary only permitted secondary proportions, markings, surface detail, minor ornamentation, natural wear, and pose or growth irregularity.

Recommended aspect ratio: 16:9.","text, labels, watermark, signature, logo, border, frame, UI, HUD, cropped subject, duplicate anatomy, contradictory anatomy, impossible balance, unsupported structures, random wings, random horns, humanoid default, fantasy armor, weapons, cartoon, anime, toy-like materials, excessive neon, excessive glow, oversaturated colors, busy background, motion blur, low resolution, compression artifacts, generic Earth copy, unsupported fantasy styling, traits conflicting with locked canon",1.0.0,canonical
NB2-PLT-PH-006-PARASITIC-PLANT-BIOME,PLT-PH-006-PARASITIC-PLANT,Parasitic Plant,biome,Biome Composition,16:9,"Create a canonical NOVERIS Nano Banana 2 visual for Parasitic Plant: Biome Composition.

Canonical archetype:
A canonical parasitic plant designed as a scientifically plausible plant-like or fungal organism whose anchoring, support, transport, energy capture, growth, reproduction, ecology, and environmental adaptations are internally coherent.

Required visual and biological rules:
• credible anchoring
• coherent support and transport
• functional energy collectors
• reproductive logic
• environment-linked growth

Production request:
Create coordinated vegetation set at consistent scale.

Studio-resolved canonical values:
{{canonicalId}}, {{displayName}}, {{scientificName}}, {{originPlanet}}, {{planetType}}, {{biome}}, {{gravity}}, {{atmosphere}}, {{climate}}, {{temperatureRange}}, {{sizeScale}}, {{coloration}}, {{materials}}, {{distinctiveFeatures}}, {{lockedTraits}}, {{rarity}}, {{artDirection}}.

Preserve every locked canonical field exactly. The result must use NOVERIS Scientific Realism: premium AAA science-fiction quality, museum-grade reference presentation, scientifically plausible structure, coherent materials, restrained coloration unless canon requires otherwise, readable silhouette, consistent scale and anatomy or growth across all views, soft neutral studio lighting, pure black background for isolated references, full requested subject visibility, generous negative space, and PSD-friendly extraction. Habitat and biome outputs may use the canonical environment. No baked-in text, labels, watermark, logo, border, or UI.

Create four clearly different but canon-compliant versions. Preserve body plan or growth architecture, structural counts, environmental adaptations, materials, defining features, and locked coloration. Vary only permitted secondary proportions, markings, surface detail, minor ornamentation, natural wear, and pose or growth irregularity.

Recommended aspect ratio: 16:9.","text, labels, watermark, signature, logo, border, frame, UI, HUD, cropped subject, duplicate anatomy, contradictory anatomy, impossible balance, unsupported structures, random wings, random horns, humanoid default, fantasy armor, weapons, cartoon, anime, toy-like materials, excessive neon, excessive glow, oversaturated colors, busy background, motion blur, low resolution, compression artifacts, generic Earth copy, unsupported fantasy styling, traits conflicting with locked canon",1.0.0,canonical
NB2-PLT-PH-006-PARASITIC-PLANT-DISCOVERY,PLT-PH-006-PARASITIC-PLANT,Parasitic Plant,discovery,Discovery Scan,16:9,"Create a canonical NOVERIS Nano Banana 2 visual for Parasitic Plant: Discovery Scan.

Canonical archetype:
A canonical parasitic plant designed as a scientifically plausible plant-like or fungal organism whose anchoring, support, transport, energy capture, growth, reproduction, ecology, and environmental adaptations are internally coherent.

Required visual and biological rules:
• credible anchoring
• coherent support and transport
• functional energy collectors
• reproductive logic
• environment-linked growth

Production request:
Create centered scientific scan source without labels.

Studio-resolved canonical values:
{{canonicalId}}, {{displayName}}, {{scientificName}}, {{originPlanet}}, {{planetType}}, {{biome}}, {{gravity}}, {{atmosphere}}, {{climate}}, {{temperatureRange}}, {{sizeScale}}, {{coloration}}, {{materials}}, {{distinctiveFeatures}}, {{lockedTraits}}, {{rarity}}, {{artDirection}}.

Preserve every locked canonical field exactly. The result must use NOVERIS Scientific Realism: premium AAA science-fiction quality, museum-grade reference presentation, scientifically plausible structure, coherent materials, restrained coloration unless canon requires otherwise, readable silhouette, consistent scale and anatomy or growth across all views, soft neutral studio lighting, pure black background for isolated references, full requested subject visibility, generous negative space, and PSD-friendly extraction. Habitat and biome outputs may use the canonical environment. No baked-in text, labels, watermark, logo, border, or UI.

Create four clearly different but canon-compliant versions. Preserve body plan or growth architecture, structural counts, environmental adaptations, materials, defining features, and locked coloration. Vary only permitted secondary proportions, markings, surface detail, minor ornamentation, natural wear, and pose or growth irregularity.

Recommended aspect ratio: 16:9.","text, labels, watermark, signature, logo, border, frame, UI, HUD, cropped subject, duplicate anatomy, contradictory anatomy, impossible balance, unsupported structures, random wings, random horns, humanoid default, fantasy armor, weapons, cartoon, anime, toy-like materials, excessive neon, excessive glow, oversaturated colors, busy background, motion blur, low resolution, compression artifacts, generic Earth copy, unsupported fantasy styling, traits conflicting with locked canon",1.0.0,canonical
NB2-PLT-PH-006-PARASITIC-PLANT-ICON,PLT-PH-006-PARASITIC-PLANT,Parasitic Plant,icon,UI Icon,1:1,"Create a canonical NOVERIS Nano Banana 2 visual for Parasitic Plant: UI Icon.

Canonical archetype:
A canonical parasitic plant designed as a scientifically plausible plant-like or fungal organism whose anchoring, support, transport, energy capture, growth, reproduction, ecology, and environmental adaptations are internally coherent.

Required visual and biological rules:
• credible anchoring
• coherent support and transport
• functional energy collectors
• reproductive logic
• environment-linked growth

Production request:
Create isolated silhouette readable at 64 pixels.

Studio-resolved canonical values:
{{canonicalId}}, {{displayName}}, {{scientificName}}, {{originPlanet}}, {{planetType}}, {{biome}}, {{gravity}}, {{atmosphere}}, {{climate}}, {{temperatureRange}}, {{sizeScale}}, {{coloration}}, {{materials}}, {{distinctiveFeatures}}, {{lockedTraits}}, {{rarity}}, {{artDirection}}.

Preserve every locked canonical field exactly. The result must use NOVERIS Scientific Realism: premium AAA science-fiction quality, museum-grade reference presentation, scientifically plausible structure, coherent materials, restrained coloration unless canon requires otherwise, readable silhouette, consistent scale and anatomy or growth across all views, soft neutral studio lighting, pure black background for isolated references, full requested subject visibility, generous negative space, and PSD-friendly extraction. Habitat and biome outputs may use the canonical environment. No baked-in text, labels, watermark, logo, border, or UI.

Create four clearly different but canon-compliant versions. Preserve body plan or growth architecture, structural counts, environmental adaptations, materials, defining features, and locked coloration. Vary only permitted secondary proportions, markings, surface detail, minor ornamentation, natural wear, and pose or growth irregularity.

Recommended aspect ratio: 1:1.","text, labels, watermark, signature, logo, border, frame, UI, HUD, cropped subject, duplicate anatomy, contradictory anatomy, impossible balance, unsupported structures, random wings, random horns, humanoid default, fantasy armor, weapons, cartoon, anime, toy-like materials, excessive neon, excessive glow, oversaturated colors, busy background, motion blur, low resolution, compression artifacts, generic Earth copy, unsupported fantasy styling, traits conflicting with locked canon",1.0.0,canonical
NB2-PLT-PH-006-PARASITIC-PLANT-SCALE,PLT-PH-006-PARASITIC-PLANT,Parasitic Plant,scale,Scale Comparison,16:9,"Create a canonical NOVERIS Nano Banana 2 visual for Parasitic Plant: Scale Comparison.

Canonical archetype:
A canonical parasitic plant designed as a scientifically plausible plant-like or fungal organism whose anchoring, support, transport, energy capture, growth, reproduction, ecology, and environmental adaptations are internally coherent.

Required visual and biological rules:
• credible anchoring
• coherent support and transport
• functional energy collectors
• reproductive logic
• environment-linked growth

Production request:
Create side view with adult human silhouette and one-meter bar.

Studio-resolved canonical values:
{{canonicalId}}, {{displayName}}, {{scientificName}}, {{originPlanet}}, {{planetType}}, {{biome}}, {{gravity}}, {{atmosphere}}, {{climate}}, {{temperatureRange}}, {{sizeScale}}, {{coloration}}, {{materials}}, {{distinctiveFeatures}}, {{lockedTraits}}, {{rarity}}, {{artDirection}}.

Preserve every locked canonical field exactly. The result must use NOVERIS Scientific Realism: premium AAA science-fiction quality, museum-grade reference presentation, scientifically plausible structure, coherent materials, restrained coloration unless canon requires otherwise, readable silhouette, consistent scale and anatomy or growth across all views, soft neutral studio lighting, pure black background for isolated references, full requested subject visibility, generous negative space, and PSD-friendly extraction. Habitat and biome outputs may use the canonical environment. No baked-in text, labels, watermark, logo, border, or UI.

Create four clearly different but canon-compliant versions. Preserve body plan or growth architecture, structural counts, environmental adaptations, materials, defining features, and locked coloration. Vary only permitted secondary proportions, markings, surface detail, minor ornamentation, natural wear, and pose or growth irregularity.

Recommended aspect ratio: 16:9.","text, labels, watermark, signature, logo, border, frame, UI, HUD, cropped subject, duplicate anatomy, contradictory anatomy, impossible balance, unsupported structures, random wings, random horns, humanoid default, fantasy armor, weapons, cartoon, anime, toy-like materials, excessive neon, excessive glow, oversaturated colors, busy background, motion blur, low resolution, compression artifacts, generic Earth copy, unsupported fantasy styling, traits conflicting with locked canon",1.0.0,canonical
NB2-PLT-PH-006-PARASITIC-PLANT-PLATE,PLT-PH-006-PARASITIC-PLANT,Parasitic Plant,plate,Master Botanical Plate,16:9,"Create a canonical NOVERIS Nano Banana 2 visual for Parasitic Plant: Master Botanical Plate.

Canonical archetype:
A canonical parasitic plant designed as a scientifically plausible plant-like or fungal organism whose anchoring, support, transport, energy capture, growth, reproduction, ecology, and environmental adaptations are internally coherent.

Required visual and biological rules:
• credible anchoring
• coherent support and transport
• functional energy collectors
• reproductive logic
• environment-linked growth

Production request:
Create whole organism, views, roots, structure, collectors, reproduction, stages, materials and habitat vignette.

Studio-resolved canonical values:
{{canonicalId}}, {{displayName}}, {{scientificName}}, {{originPlanet}}, {{planetType}}, {{biome}}, {{gravity}}, {{atmosphere}}, {{climate}}, {{temperatureRange}}, {{sizeScale}}, {{coloration}}, {{materials}}, {{distinctiveFeatures}}, {{lockedTraits}}, {{rarity}}, {{artDirection}}.

Preserve every locked canonical field exactly. The result must use NOVERIS Scientific Realism: premium AAA science-fiction quality, museum-grade reference presentation, scientifically plausible structure, coherent materials, restrained coloration unless canon requires otherwise, readable silhouette, consistent scale and anatomy or growth across all views, soft neutral studio lighting, pure black background for isolated references, full requested subject visibility, generous negative space, and PSD-friendly extraction. Habitat and biome outputs may use the canonical environment. No baked-in text, labels, watermark, logo, border, or UI.

Create four clearly different but canon-compliant versions. Preserve body plan or growth architecture, structural counts, environmental adaptations, materials, defining features, and locked coloration. Vary only permitted secondary proportions, markings, surface detail, minor ornamentation, natural wear, and pose or growth irregularity.

Recommended aspect ratio: 16:9.","text, labels, watermark, signature, logo, border, frame, UI, HUD, cropped subject, duplicate anatomy, contradictory anatomy, impossible balance, unsupported structures, random wings, random horns, humanoid default, fantasy armor, weapons, cartoon, anime, toy-like materials, excessive neon, excessive glow, oversaturated colors, busy background, motion blur, low resolution, compression artifacts, generic Earth copy, unsupported fantasy styling, traits conflicting with locked canon",1.0.0,canonical
NB2-PLT-PH-006-PARASITIC-PLANT-PSD,PLT-PH-006-PARASITIC-PLANT,Parasitic Plant,psd,PSD Extraction Board,16:9,"Create a canonical NOVERIS Nano Banana 2 visual for Parasitic Plant: PSD Extraction Board.

Canonical archetype:
A canonical parasitic plant designed as a scientifically plausible plant-like or fungal organism whose anchoring, support, transport, energy capture, growth, reproduction, ecology, and environmental adaptations are internally coherent.

Required visual and biological rules:
• credible anchoring
• coherent support and transport
• functional energy collectors
• reproductive logic
• environment-linked growth

Production request:
Create isolated whole organism, parts, silhouette and material references.

Studio-resolved canonical values:
{{canonicalId}}, {{displayName}}, {{scientificName}}, {{originPlanet}}, {{planetType}}, {{biome}}, {{gravity}}, {{atmosphere}}, {{climate}}, {{temperatureRange}}, {{sizeScale}}, {{coloration}}, {{materials}}, {{distinctiveFeatures}}, {{lockedTraits}}, {{rarity}}, {{artDirection}}.

Preserve every locked canonical field exactly. The result must use NOVERIS Scientific Realism: premium AAA science-fiction quality, museum-grade reference presentation, scientifically plausible structure, coherent materials, restrained coloration unless canon requires otherwise, readable silhouette, consistent scale and anatomy or growth across all views, soft neutral studio lighting, pure black background for isolated references, full requested subject visibility, generous negative space, and PSD-friendly extraction. Habitat and biome outputs may use the canonical environment. No baked-in text, labels, watermark, logo, border, or UI.

Create four clearly different but canon-compliant versions. Preserve body plan or growth architecture, structural counts, environmental adaptations, materials, defining features, and locked coloration. Vary only permitted secondary proportions, markings, surface detail, minor ornamentation, natural wear, and pose or growth irregularity.

Recommended aspect ratio: 16:9.","text, labels, watermark, signature, logo, border, frame, UI, HUD, cropped subject, duplicate anatomy, contradictory anatomy, impossible balance, unsupported structures, random wings, random horns, humanoid default, fantasy armor, weapons, cartoon, anime, toy-like materials, excessive neon, excessive glow, oversaturated colors, busy background, motion blur, low resolution, compression artifacts, generic Earth copy, unsupported fantasy styling, traits conflicting with locked canon",1.0.0,canonical
NB2-PLT-PH-007-ROOT-PARASITE-WHOLE-PLANT,PLT-PH-007-ROOT-PARASITE,Root Parasite,whole-plant,Whole Plant Production Render,3:4,"Create a canonical NOVERIS Nano Banana 2 visual for Root Parasite: Whole Plant Production Render.

Canonical archetype:
A canonical root parasite designed as a scientifically plausible plant-like or fungal organism whose anchoring, support, transport, energy capture, growth, reproduction, ecology, and environmental adaptations are internally coherent.

Required visual and biological rules:
• credible anchoring
• coherent support and transport
• functional energy collectors
• reproductive logic
• environment-linked growth

Production request:
Create complete mature organism including roots or anchor system.

Studio-resolved canonical values:
{{canonicalId}}, {{displayName}}, {{scientificName}}, {{originPlanet}}, {{planetType}}, {{biome}}, {{gravity}}, {{atmosphere}}, {{climate}}, {{temperatureRange}}, {{sizeScale}}, {{coloration}}, {{materials}}, {{distinctiveFeatures}}, {{lockedTraits}}, {{rarity}}, {{artDirection}}.

Preserve every locked canonical field exactly. The result must use NOVERIS Scientific Realism: premium AAA science-fiction quality, museum-grade reference presentation, scientifically plausible structure, coherent materials, restrained coloration unless canon requires otherwise, readable silhouette, consistent scale and anatomy or growth across all views, soft neutral studio lighting, pure black background for isolated references, full requested subject visibility, generous negative space, and PSD-friendly extraction. Habitat and biome outputs may use the canonical environment. No baked-in text, labels, watermark, logo, border, or UI.

Create four clearly different but canon-compliant versions. Preserve body plan or growth architecture, structural counts, environmental adaptations, materials, defining features, and locked coloration. Vary only permitted secondary proportions, markings, surface detail, minor ornamentation, natural wear, and pose or growth irregularity.

Recommended aspect ratio: 3:4.","text, labels, watermark, signature, logo, border, frame, UI, HUD, cropped subject, duplicate anatomy, contradictory anatomy, impossible balance, unsupported structures, random wings, random horns, humanoid default, fantasy armor, weapons, cartoon, anime, toy-like materials, excessive neon, excessive glow, oversaturated colors, busy background, motion blur, low resolution, compression artifacts, generic Earth copy, unsupported fantasy styling, traits conflicting with locked canon",1.0.0,canonical
NB2-PLT-PH-007-ROOT-PARASITE-PORTRAIT,PLT-PH-007-ROOT-PARASITE,Root Parasite,portrait,Botanical Portrait,1:1,"Create a canonical NOVERIS Nano Banana 2 visual for Root Parasite: Botanical Portrait.

Canonical archetype:
A canonical root parasite designed as a scientifically plausible plant-like or fungal organism whose anchoring, support, transport, energy capture, growth, reproduction, ecology, and environmental adaptations are internally coherent.

Required visual and biological rules:
• credible anchoring
• coherent support and transport
• functional energy collectors
• reproductive logic
• environment-linked growth

Production request:
Create defining growth form, foliage, collectors and reproduction.

Studio-resolved canonical values:
{{canonicalId}}, {{displayName}}, {{scientificName}}, {{originPlanet}}, {{planetType}}, {{biome}}, {{gravity}}, {{atmosphere}}, {{climate}}, {{temperatureRange}}, {{sizeScale}}, {{coloration}}, {{materials}}, {{distinctiveFeatures}}, {{lockedTraits}}, {{rarity}}, {{artDirection}}.

Preserve every locked canonical field exactly. The result must use NOVERIS Scientific Realism: premium AAA science-fiction quality, museum-grade reference presentation, scientifically plausible structure, coherent materials, restrained coloration unless canon requires otherwise, readable silhouette, consistent scale and anatomy or growth across all views, soft neutral studio lighting, pure black background for isolated references, full requested subject visibility, generous negative space, and PSD-friendly extraction. Habitat and biome outputs may use the canonical environment. No baked-in text, labels, watermark, logo, border, or UI.

Create four clearly different but canon-compliant versions. Preserve body plan or growth architecture, structural counts, environmental adaptations, materials, defining features, and locked coloration. Vary only permitted secondary proportions, markings, surface detail, minor ornamentation, natural wear, and pose or growth irregularity.

Recommended aspect ratio: 1:1.","text, labels, watermark, signature, logo, border, frame, UI, HUD, cropped subject, duplicate anatomy, contradictory anatomy, impossible balance, unsupported structures, random wings, random horns, humanoid default, fantasy armor, weapons, cartoon, anime, toy-like materials, excessive neon, excessive glow, oversaturated colors, busy background, motion blur, low resolution, compression artifacts, generic Earth copy, unsupported fantasy styling, traits conflicting with locked canon",1.0.0,canonical
NB2-PLT-PH-007-ROOT-PARASITE-ORTHO-FRONT,PLT-PH-007-ROOT-PARASITE,Root Parasite,ortho-front,Orthographic Front,3:4,"Create a canonical NOVERIS Nano Banana 2 visual for Root Parasite: Orthographic Front.

Canonical archetype:
A canonical root parasite designed as a scientifically plausible plant-like or fungal organism whose anchoring, support, transport, energy capture, growth, reproduction, ecology, and environmental adaptations are internally coherent.

Required visual and biological rules:
• credible anchoring
• coherent support and transport
• functional energy collectors
• reproductive logic
• environment-linked growth

Production request:
Create exact front orthographic view.

Studio-resolved canonical values:
{{canonicalId}}, {{displayName}}, {{scientificName}}, {{originPlanet}}, {{planetType}}, {{biome}}, {{gravity}}, {{atmosphere}}, {{climate}}, {{temperatureRange}}, {{sizeScale}}, {{coloration}}, {{materials}}, {{distinctiveFeatures}}, {{lockedTraits}}, {{rarity}}, {{artDirection}}.

Preserve every locked canonical field exactly. The result must use NOVERIS Scientific Realism: premium AAA science-fiction quality, museum-grade reference presentation, scientifically plausible structure, coherent materials, restrained coloration unless canon requires otherwise, readable silhouette, consistent scale and anatomy or growth across all views, soft neutral studio lighting, pure black background for isolated references, full requested subject visibility, generous negative space, and PSD-friendly extraction. Habitat and biome outputs may use the canonical environment. No baked-in text, labels, watermark, logo, border, or UI.

Create four clearly different but canon-compliant versions. Preserve body plan or growth architecture, structural counts, environmental adaptations, materials, defining features, and locked coloration. Vary only permitted secondary proportions, markings, surface detail, minor ornamentation, natural wear, and pose or growth irregularity.

Recommended aspect ratio: 3:4.","text, labels, watermark, signature, logo, border, frame, UI, HUD, cropped subject, duplicate anatomy, contradictory anatomy, impossible balance, unsupported structures, random wings, random horns, humanoid default, fantasy armor, weapons, cartoon, anime, toy-like materials, excessive neon, excessive glow, oversaturated colors, busy background, motion blur, low resolution, compression artifacts, generic Earth copy, unsupported fantasy styling, traits conflicting with locked canon",1.0.0,canonical
NB2-PLT-PH-007-ROOT-PARASITE-ORTHO-SIDE,PLT-PH-007-ROOT-PARASITE,Root Parasite,ortho-side,Orthographic Side,3:4,"Create a canonical NOVERIS Nano Banana 2 visual for Root Parasite: Orthographic Side.

Canonical archetype:
A canonical root parasite designed as a scientifically plausible plant-like or fungal organism whose anchoring, support, transport, energy capture, growth, reproduction, ecology, and environmental adaptations are internally coherent.

Required visual and biological rules:
• credible anchoring
• coherent support and transport
• functional energy collectors
• reproductive logic
• environment-linked growth

Production request:
Create exact side orthographic view.

Studio-resolved canonical values:
{{canonicalId}}, {{displayName}}, {{scientificName}}, {{originPlanet}}, {{planetType}}, {{biome}}, {{gravity}}, {{atmosphere}}, {{climate}}, {{temperatureRange}}, {{sizeScale}}, {{coloration}}, {{materials}}, {{distinctiveFeatures}}, {{lockedTraits}}, {{rarity}}, {{artDirection}}.

Preserve every locked canonical field exactly. The result must use NOVERIS Scientific Realism: premium AAA science-fiction quality, museum-grade reference presentation, scientifically plausible structure, coherent materials, restrained coloration unless canon requires otherwise, readable silhouette, consistent scale and anatomy or growth across all views, soft neutral studio lighting, pure black background for isolated references, full requested subject visibility, generous negative space, and PSD-friendly extraction. Habitat and biome outputs may use the canonical environment. No baked-in text, labels, watermark, logo, border, or UI.

Create four clearly different but canon-compliant versions. Preserve body plan or growth architecture, structural counts, environmental adaptations, materials, defining features, and locked coloration. Vary only permitted secondary proportions, markings, surface detail, minor ornamentation, natural wear, and pose or growth irregularity.

Recommended aspect ratio: 3:4.","text, labels, watermark, signature, logo, border, frame, UI, HUD, cropped subject, duplicate anatomy, contradictory anatomy, impossible balance, unsupported structures, random wings, random horns, humanoid default, fantasy armor, weapons, cartoon, anime, toy-like materials, excessive neon, excessive glow, oversaturated colors, busy background, motion blur, low resolution, compression artifacts, generic Earth copy, unsupported fantasy styling, traits conflicting with locked canon",1.0.0,canonical
NB2-PLT-PH-007-ROOT-PARASITE-ORTHO-TOP,PLT-PH-007-ROOT-PARASITE,Root Parasite,ortho-top,Orthographic Top,1:1,"Create a canonical NOVERIS Nano Banana 2 visual for Root Parasite: Orthographic Top.

Canonical archetype:
A canonical root parasite designed as a scientifically plausible plant-like or fungal organism whose anchoring, support, transport, energy capture, growth, reproduction, ecology, and environmental adaptations are internally coherent.

Required visual and biological rules:
• credible anchoring
• coherent support and transport
• functional energy collectors
• reproductive logic
• environment-linked growth

Production request:
Create exact top view showing spread and growth geometry.

Studio-resolved canonical values:
{{canonicalId}}, {{displayName}}, {{scientificName}}, {{originPlanet}}, {{planetType}}, {{biome}}, {{gravity}}, {{atmosphere}}, {{climate}}, {{temperatureRange}}, {{sizeScale}}, {{coloration}}, {{materials}}, {{distinctiveFeatures}}, {{lockedTraits}}, {{rarity}}, {{artDirection}}.

Preserve every locked canonical field exactly. The result must use NOVERIS Scientific Realism: premium AAA science-fiction quality, museum-grade reference presentation, scientifically plausible structure, coherent materials, restrained coloration unless canon requires otherwise, readable silhouette, consistent scale and anatomy or growth across all views, soft neutral studio lighting, pure black background for isolated references, full requested subject visibility, generous negative space, and PSD-friendly extraction. Habitat and biome outputs may use the canonical environment. No baked-in text, labels, watermark, logo, border, or UI.

Create four clearly different but canon-compliant versions. Preserve body plan or growth architecture, structural counts, environmental adaptations, materials, defining features, and locked coloration. Vary only permitted secondary proportions, markings, surface detail, minor ornamentation, natural wear, and pose or growth irregularity.

Recommended aspect ratio: 1:1.","text, labels, watermark, signature, logo, border, frame, UI, HUD, cropped subject, duplicate anatomy, contradictory anatomy, impossible balance, unsupported structures, random wings, random horns, humanoid default, fantasy armor, weapons, cartoon, anime, toy-like materials, excessive neon, excessive glow, oversaturated colors, busy background, motion blur, low resolution, compression artifacts, generic Earth copy, unsupported fantasy styling, traits conflicting with locked canon",1.0.0,canonical
NB2-PLT-PH-007-ROOT-PARASITE-ROOTS,PLT-PH-007-ROOT-PARASITE,Root Parasite,roots,Root or Anchor System,16:9,"Create a canonical NOVERIS Nano Banana 2 visual for Root Parasite: Root or Anchor System.

Canonical archetype:
A canonical root parasite designed as a scientifically plausible plant-like or fungal organism whose anchoring, support, transport, energy capture, growth, reproduction, ecology, and environmental adaptations are internally coherent.

Required visual and biological rules:
• credible anchoring
• coherent support and transport
• functional energy collectors
• reproductive logic
• environment-linked growth

Production request:
Create complete substrate interface and nutrient exchange structures.

Studio-resolved canonical values:
{{canonicalId}}, {{displayName}}, {{scientificName}}, {{originPlanet}}, {{planetType}}, {{biome}}, {{gravity}}, {{atmosphere}}, {{climate}}, {{temperatureRange}}, {{sizeScale}}, {{coloration}}, {{materials}}, {{distinctiveFeatures}}, {{lockedTraits}}, {{rarity}}, {{artDirection}}.

Preserve every locked canonical field exactly. The result must use NOVERIS Scientific Realism: premium AAA science-fiction quality, museum-grade reference presentation, scientifically plausible structure, coherent materials, restrained coloration unless canon requires otherwise, readable silhouette, consistent scale and anatomy or growth across all views, soft neutral studio lighting, pure black background for isolated references, full requested subject visibility, generous negative space, and PSD-friendly extraction. Habitat and biome outputs may use the canonical environment. No baked-in text, labels, watermark, logo, border, or UI.

Create four clearly different but canon-compliant versions. Preserve body plan or growth architecture, structural counts, environmental adaptations, materials, defining features, and locked coloration. Vary only permitted secondary proportions, markings, surface detail, minor ornamentation, natural wear, and pose or growth irregularity.

Recommended aspect ratio: 16:9.","text, labels, watermark, signature, logo, border, frame, UI, HUD, cropped subject, duplicate anatomy, contradictory anatomy, impossible balance, unsupported structures, random wings, random horns, humanoid default, fantasy armor, weapons, cartoon, anime, toy-like materials, excessive neon, excessive glow, oversaturated colors, busy background, motion blur, low resolution, compression artifacts, generic Earth copy, unsupported fantasy styling, traits conflicting with locked canon",1.0.0,canonical
NB2-PLT-PH-007-ROOT-PARASITE-STEMS,PLT-PH-007-ROOT-PARASITE,Root Parasite,stems,"Stem, Trunk or Structural Study",16:9,"Create a canonical NOVERIS Nano Banana 2 visual for Root Parasite: Stem, Trunk or Structural Study.

Canonical archetype:
A canonical root parasite designed as a scientifically plausible plant-like or fungal organism whose anchoring, support, transport, energy capture, growth, reproduction, ecology, and environmental adaptations are internally coherent.

Required visual and biological rules:
• credible anchoring
• coherent support and transport
• functional energy collectors
• reproductive logic
• environment-linked growth

Production request:
Create support and transport architecture.

Studio-resolved canonical values:
{{canonicalId}}, {{displayName}}, {{scientificName}}, {{originPlanet}}, {{planetType}}, {{biome}}, {{gravity}}, {{atmosphere}}, {{climate}}, {{temperatureRange}}, {{sizeScale}}, {{coloration}}, {{materials}}, {{distinctiveFeatures}}, {{lockedTraits}}, {{rarity}}, {{artDirection}}.

Preserve every locked canonical field exactly. The result must use NOVERIS Scientific Realism: premium AAA science-fiction quality, museum-grade reference presentation, scientifically plausible structure, coherent materials, restrained coloration unless canon requires otherwise, readable silhouette, consistent scale and anatomy or growth across all views, soft neutral studio lighting, pure black background for isolated references, full requested subject visibility, generous negative space, and PSD-friendly extraction. Habitat and biome outputs may use the canonical environment. No baked-in text, labels, watermark, logo, border, or UI.

Create four clearly different but canon-compliant versions. Preserve body plan or growth architecture, structural counts, environmental adaptations, materials, defining features, and locked coloration. Vary only permitted secondary proportions, markings, surface detail, minor ornamentation, natural wear, and pose or growth irregularity.

Recommended aspect ratio: 16:9.","text, labels, watermark, signature, logo, border, frame, UI, HUD, cropped subject, duplicate anatomy, contradictory anatomy, impossible balance, unsupported structures, random wings, random horns, humanoid default, fantasy armor, weapons, cartoon, anime, toy-like materials, excessive neon, excessive glow, oversaturated colors, busy background, motion blur, low resolution, compression artifacts, generic Earth copy, unsupported fantasy styling, traits conflicting with locked canon",1.0.0,canonical
NB2-PLT-PH-007-ROOT-PARASITE-COLLECTORS,PLT-PH-007-ROOT-PARASITE,Root Parasite,collectors,Leaves or Collector Study,16:9,"Create a canonical NOVERIS Nano Banana 2 visual for Root Parasite: Leaves or Collector Study.

Canonical archetype:
A canonical root parasite designed as a scientifically plausible plant-like or fungal organism whose anchoring, support, transport, energy capture, growth, reproduction, ecology, and environmental adaptations are internally coherent.

Required visual and biological rules:
• credible anchoring
• coherent support and transport
• functional energy collectors
• reproductive logic
• environment-linked growth

Production request:
Create front, back, edge, juvenile, mature and stressed states.

Studio-resolved canonical values:
{{canonicalId}}, {{displayName}}, {{scientificName}}, {{originPlanet}}, {{planetType}}, {{biome}}, {{gravity}}, {{atmosphere}}, {{climate}}, {{temperatureRange}}, {{sizeScale}}, {{coloration}}, {{materials}}, {{distinctiveFeatures}}, {{lockedTraits}}, {{rarity}}, {{artDirection}}.

Preserve every locked canonical field exactly. The result must use NOVERIS Scientific Realism: premium AAA science-fiction quality, museum-grade reference presentation, scientifically plausible structure, coherent materials, restrained coloration unless canon requires otherwise, readable silhouette, consistent scale and anatomy or growth across all views, soft neutral studio lighting, pure black background for isolated references, full requested subject visibility, generous negative space, and PSD-friendly extraction. Habitat and biome outputs may use the canonical environment. No baked-in text, labels, watermark, logo, border, or UI.

Create four clearly different but canon-compliant versions. Preserve body plan or growth architecture, structural counts, environmental adaptations, materials, defining features, and locked coloration. Vary only permitted secondary proportions, markings, surface detail, minor ornamentation, natural wear, and pose or growth irregularity.

Recommended aspect ratio: 16:9.","text, labels, watermark, signature, logo, border, frame, UI, HUD, cropped subject, duplicate anatomy, contradictory anatomy, impossible balance, unsupported structures, random wings, random horns, humanoid default, fantasy armor, weapons, cartoon, anime, toy-like materials, excessive neon, excessive glow, oversaturated colors, busy background, motion blur, low resolution, compression artifacts, generic Earth copy, unsupported fantasy styling, traits conflicting with locked canon",1.0.0,canonical
NB2-PLT-PH-007-ROOT-PARASITE-REPRODUCTION,PLT-PH-007-ROOT-PARASITE,Root Parasite,reproduction,Reproductive Structure,16:9,"Create a canonical NOVERIS Nano Banana 2 visual for Root Parasite: Reproductive Structure.

Canonical archetype:
A canonical root parasite designed as a scientifically plausible plant-like or fungal organism whose anchoring, support, transport, energy capture, growth, reproduction, ecology, and environmental adaptations are internally coherent.

Required visual and biological rules:
• credible anchoring
• coherent support and transport
• functional energy collectors
• reproductive logic
• environment-linked growth

Production request:
Create flowers, cones, spores, fields or equivalent stages.

Studio-resolved canonical values:
{{canonicalId}}, {{displayName}}, {{scientificName}}, {{originPlanet}}, {{planetType}}, {{biome}}, {{gravity}}, {{atmosphere}}, {{climate}}, {{temperatureRange}}, {{sizeScale}}, {{coloration}}, {{materials}}, {{distinctiveFeatures}}, {{lockedTraits}}, {{rarity}}, {{artDirection}}.

Preserve every locked canonical field exactly. The result must use NOVERIS Scientific Realism: premium AAA science-fiction quality, museum-grade reference presentation, scientifically plausible structure, coherent materials, restrained coloration unless canon requires otherwise, readable silhouette, consistent scale and anatomy or growth across all views, soft neutral studio lighting, pure black background for isolated references, full requested subject visibility, generous negative space, and PSD-friendly extraction. Habitat and biome outputs may use the canonical environment. No baked-in text, labels, watermark, logo, border, or UI.

Create four clearly different but canon-compliant versions. Preserve body plan or growth architecture, structural counts, environmental adaptations, materials, defining features, and locked coloration. Vary only permitted secondary proportions, markings, surface detail, minor ornamentation, natural wear, and pose or growth irregularity.

Recommended aspect ratio: 16:9.","text, labels, watermark, signature, logo, border, frame, UI, HUD, cropped subject, duplicate anatomy, contradictory anatomy, impossible balance, unsupported structures, random wings, random horns, humanoid default, fantasy armor, weapons, cartoon, anime, toy-like materials, excessive neon, excessive glow, oversaturated colors, busy background, motion blur, low resolution, compression artifacts, generic Earth copy, unsupported fantasy styling, traits conflicting with locked canon",1.0.0,canonical
NB2-PLT-PH-007-ROOT-PARASITE-PROPAGULES,PLT-PH-007-ROOT-PARASITE,Root Parasite,propagules,"Seed, Spore or Propagule Study",16:9,"Create a canonical NOVERIS Nano Banana 2 visual for Root Parasite: Seed, Spore or Propagule Study.

Canonical archetype:
A canonical root parasite designed as a scientifically plausible plant-like or fungal organism whose anchoring, support, transport, energy capture, growth, reproduction, ecology, and environmental adaptations are internally coherent.

Required visual and biological rules:
• credible anchoring
• coherent support and transport
• functional energy collectors
• reproductive logic
• environment-linked growth

Production request:
Create dispersal, germination and early establishment.

Studio-resolved canonical values:
{{canonicalId}}, {{displayName}}, {{scientificName}}, {{originPlanet}}, {{planetType}}, {{biome}}, {{gravity}}, {{atmosphere}}, {{climate}}, {{temperatureRange}}, {{sizeScale}}, {{coloration}}, {{materials}}, {{distinctiveFeatures}}, {{lockedTraits}}, {{rarity}}, {{artDirection}}.

Preserve every locked canonical field exactly. The result must use NOVERIS Scientific Realism: premium AAA science-fiction quality, museum-grade reference presentation, scientifically plausible structure, coherent materials, restrained coloration unless canon requires otherwise, readable silhouette, consistent scale and anatomy or growth across all views, soft neutral studio lighting, pure black background for isolated references, full requested subject visibility, generous negative space, and PSD-friendly extraction. Habitat and biome outputs may use the canonical environment. No baked-in text, labels, watermark, logo, border, or UI.

Create four clearly different but canon-compliant versions. Preserve body plan or growth architecture, structural counts, environmental adaptations, materials, defining features, and locked coloration. Vary only permitted secondary proportions, markings, surface detail, minor ornamentation, natural wear, and pose or growth irregularity.

Recommended aspect ratio: 16:9.","text, labels, watermark, signature, logo, border, frame, UI, HUD, cropped subject, duplicate anatomy, contradictory anatomy, impossible balance, unsupported structures, random wings, random horns, humanoid default, fantasy armor, weapons, cartoon, anime, toy-like materials, excessive neon, excessive glow, oversaturated colors, busy background, motion blur, low resolution, compression artifacts, generic Earth copy, unsupported fantasy styling, traits conflicting with locked canon",1.0.0,canonical
NB2-PLT-PH-007-ROOT-PARASITE-CROSS-SECTION,PLT-PH-007-ROOT-PARASITE,Root Parasite,cross-section,Internal Cross Section,16:9,"Create a canonical NOVERIS Nano Banana 2 visual for Root Parasite: Internal Cross Section.

Canonical archetype:
A canonical root parasite designed as a scientifically plausible plant-like or fungal organism whose anchoring, support, transport, energy capture, growth, reproduction, ecology, and environmental adaptations are internally coherent.

Required visual and biological rules:
• credible anchoring
• coherent support and transport
• functional energy collectors
• reproductive logic
• environment-linked growth

Production request:
Create protection, transport, support, storage and reproduction.

Studio-resolved canonical values:
{{canonicalId}}, {{displayName}}, {{scientificName}}, {{originPlanet}}, {{planetType}}, {{biome}}, {{gravity}}, {{atmosphere}}, {{climate}}, {{temperatureRange}}, {{sizeScale}}, {{coloration}}, {{materials}}, {{distinctiveFeatures}}, {{lockedTraits}}, {{rarity}}, {{artDirection}}.

Preserve every locked canonical field exactly. The result must use NOVERIS Scientific Realism: premium AAA science-fiction quality, museum-grade reference presentation, scientifically plausible structure, coherent materials, restrained coloration unless canon requires otherwise, readable silhouette, consistent scale and anatomy or growth across all views, soft neutral studio lighting, pure black background for isolated references, full requested subject visibility, generous negative space, and PSD-friendly extraction. Habitat and biome outputs may use the canonical environment. No baked-in text, labels, watermark, logo, border, or UI.

Create four clearly different but canon-compliant versions. Preserve body plan or growth architecture, structural counts, environmental adaptations, materials, defining features, and locked coloration. Vary only permitted secondary proportions, markings, surface detail, minor ornamentation, natural wear, and pose or growth irregularity.

Recommended aspect ratio: 16:9.","text, labels, watermark, signature, logo, border, frame, UI, HUD, cropped subject, duplicate anatomy, contradictory anatomy, impossible balance, unsupported structures, random wings, random horns, humanoid default, fantasy armor, weapons, cartoon, anime, toy-like materials, excessive neon, excessive glow, oversaturated colors, busy background, motion blur, low resolution, compression artifacts, generic Earth copy, unsupported fantasy styling, traits conflicting with locked canon",1.0.0,canonical
NB2-PLT-PH-007-ROOT-PARASITE-GROWTH,PLT-PH-007-ROOT-PARASITE,Root Parasite,growth,Growth Stages,16:9,"Create a canonical NOVERIS Nano Banana 2 visual for Root Parasite: Growth Stages.

Canonical archetype:
A canonical root parasite designed as a scientifically plausible plant-like or fungal organism whose anchoring, support, transport, energy capture, growth, reproduction, ecology, and environmental adaptations are internally coherent.

Required visual and biological rules:
• credible anchoring
• coherent support and transport
• functional energy collectors
• reproductive logic
• environment-linked growth

Production request:
Create propagule, juvenile, mature, reproductive and senescent stages.

Studio-resolved canonical values:
{{canonicalId}}, {{displayName}}, {{scientificName}}, {{originPlanet}}, {{planetType}}, {{biome}}, {{gravity}}, {{atmosphere}}, {{climate}}, {{temperatureRange}}, {{sizeScale}}, {{coloration}}, {{materials}}, {{distinctiveFeatures}}, {{lockedTraits}}, {{rarity}}, {{artDirection}}.

Preserve every locked canonical field exactly. The result must use NOVERIS Scientific Realism: premium AAA science-fiction quality, museum-grade reference presentation, scientifically plausible structure, coherent materials, restrained coloration unless canon requires otherwise, readable silhouette, consistent scale and anatomy or growth across all views, soft neutral studio lighting, pure black background for isolated references, full requested subject visibility, generous negative space, and PSD-friendly extraction. Habitat and biome outputs may use the canonical environment. No baked-in text, labels, watermark, logo, border, or UI.

Create four clearly different but canon-compliant versions. Preserve body plan or growth architecture, structural counts, environmental adaptations, materials, defining features, and locked coloration. Vary only permitted secondary proportions, markings, surface detail, minor ornamentation, natural wear, and pose or growth irregularity.

Recommended aspect ratio: 16:9.","text, labels, watermark, signature, logo, border, frame, UI, HUD, cropped subject, duplicate anatomy, contradictory anatomy, impossible balance, unsupported structures, random wings, random horns, humanoid default, fantasy armor, weapons, cartoon, anime, toy-like materials, excessive neon, excessive glow, oversaturated colors, busy background, motion blur, low resolution, compression artifacts, generic Earth copy, unsupported fantasy styling, traits conflicting with locked canon",1.0.0,canonical
NB2-PLT-PH-007-ROOT-PARASITE-SEASONAL,PLT-PH-007-ROOT-PARASITE,Root Parasite,seasonal,Seasonal and Stress Variants,16:9,"Create a canonical NOVERIS Nano Banana 2 visual for Root Parasite: Seasonal and Stress Variants.

Canonical archetype:
A canonical root parasite designed as a scientifically plausible plant-like or fungal organism whose anchoring, support, transport, energy capture, growth, reproduction, ecology, and environmental adaptations are internally coherent.

Required visual and biological rules:
• credible anchoring
• coherent support and transport
• functional energy collectors
• reproductive logic
• environment-linked growth

Production request:
Create growth, reproduction, dormancy, damage and recovery.

Studio-resolved canonical values:
{{canonicalId}}, {{displayName}}, {{scientificName}}, {{originPlanet}}, {{planetType}}, {{biome}}, {{gravity}}, {{atmosphere}}, {{climate}}, {{temperatureRange}}, {{sizeScale}}, {{coloration}}, {{materials}}, {{distinctiveFeatures}}, {{lockedTraits}}, {{rarity}}, {{artDirection}}.

Preserve every locked canonical field exactly. The result must use NOVERIS Scientific Realism: premium AAA science-fiction quality, museum-grade reference presentation, scientifically plausible structure, coherent materials, restrained coloration unless canon requires otherwise, readable silhouette, consistent scale and anatomy or growth across all views, soft neutral studio lighting, pure black background for isolated references, full requested subject visibility, generous negative space, and PSD-friendly extraction. Habitat and biome outputs may use the canonical environment. No baked-in text, labels, watermark, logo, border, or UI.

Create four clearly different but canon-compliant versions. Preserve body plan or growth architecture, structural counts, environmental adaptations, materials, defining features, and locked coloration. Vary only permitted secondary proportions, markings, surface detail, minor ornamentation, natural wear, and pose or growth irregularity.

Recommended aspect ratio: 16:9.","text, labels, watermark, signature, logo, border, frame, UI, HUD, cropped subject, duplicate anatomy, contradictory anatomy, impossible balance, unsupported structures, random wings, random horns, humanoid default, fantasy armor, weapons, cartoon, anime, toy-like materials, excessive neon, excessive glow, oversaturated colors, busy background, motion blur, low resolution, compression artifacts, generic Earth copy, unsupported fantasy styling, traits conflicting with locked canon",1.0.0,canonical
NB2-PLT-PH-007-ROOT-PARASITE-HABITAT,PLT-PH-007-ROOT-PARASITE,Root Parasite,habitat,Native Habitat Composition,16:9,"Create a canonical NOVERIS Nano Banana 2 visual for Root Parasite: Native Habitat Composition.

Canonical archetype:
A canonical root parasite designed as a scientifically plausible plant-like or fungal organism whose anchoring, support, transport, energy capture, growth, reproduction, ecology, and environmental adaptations are internally coherent.

Required visual and biological rules:
• credible anchoring
• coherent support and transport
• functional energy collectors
• reproductive logic
• environment-linked growth

Production request:
Create natural population with spacing and age diversity.

Studio-resolved canonical values:
{{canonicalId}}, {{displayName}}, {{scientificName}}, {{originPlanet}}, {{planetType}}, {{biome}}, {{gravity}}, {{atmosphere}}, {{climate}}, {{temperatureRange}}, {{sizeScale}}, {{coloration}}, {{materials}}, {{distinctiveFeatures}}, {{lockedTraits}}, {{rarity}}, {{artDirection}}.

Preserve every locked canonical field exactly. The result must use NOVERIS Scientific Realism: premium AAA science-fiction quality, museum-grade reference presentation, scientifically plausible structure, coherent materials, restrained coloration unless canon requires otherwise, readable silhouette, consistent scale and anatomy or growth across all views, soft neutral studio lighting, pure black background for isolated references, full requested subject visibility, generous negative space, and PSD-friendly extraction. Habitat and biome outputs may use the canonical environment. No baked-in text, labels, watermark, logo, border, or UI.

Create four clearly different but canon-compliant versions. Preserve body plan or growth architecture, structural counts, environmental adaptations, materials, defining features, and locked coloration. Vary only permitted secondary proportions, markings, surface detail, minor ornamentation, natural wear, and pose or growth irregularity.

Recommended aspect ratio: 16:9.","text, labels, watermark, signature, logo, border, frame, UI, HUD, cropped subject, duplicate anatomy, contradictory anatomy, impossible balance, unsupported structures, random wings, random horns, humanoid default, fantasy armor, weapons, cartoon, anime, toy-like materials, excessive neon, excessive glow, oversaturated colors, busy background, motion blur, low resolution, compression artifacts, generic Earth copy, unsupported fantasy styling, traits conflicting with locked canon",1.0.0,canonical
NB2-PLT-PH-007-ROOT-PARASITE-BIOME,PLT-PH-007-ROOT-PARASITE,Root Parasite,biome,Biome Composition,16:9,"Create a canonical NOVERIS Nano Banana 2 visual for Root Parasite: Biome Composition.

Canonical archetype:
A canonical root parasite designed as a scientifically plausible plant-like or fungal organism whose anchoring, support, transport, energy capture, growth, reproduction, ecology, and environmental adaptations are internally coherent.

Required visual and biological rules:
• credible anchoring
• coherent support and transport
• functional energy collectors
• reproductive logic
• environment-linked growth

Production request:
Create coordinated vegetation set at consistent scale.

Studio-resolved canonical values:
{{canonicalId}}, {{displayName}}, {{scientificName}}, {{originPlanet}}, {{planetType}}, {{biome}}, {{gravity}}, {{atmosphere}}, {{climate}}, {{temperatureRange}}, {{sizeScale}}, {{coloration}}, {{materials}}, {{distinctiveFeatures}}, {{lockedTraits}}, {{rarity}}, {{artDirection}}.

Preserve every locked canonical field exactly. The result must use NOVERIS Scientific Realism: premium AAA science-fiction quality, museum-grade reference presentation, scientifically plausible structure, coherent materials, restrained coloration unless canon requires otherwise, readable silhouette, consistent scale and anatomy or growth across all views, soft neutral studio lighting, pure black background for isolated references, full requested subject visibility, generous negative space, and PSD-friendly extraction. Habitat and biome outputs may use the canonical environment. No baked-in text, labels, watermark, logo, border, or UI.

Create four clearly different but canon-compliant versions. Preserve body plan or growth architecture, structural counts, environmental adaptations, materials, defining features, and locked coloration. Vary only permitted secondary proportions, markings, surface detail, minor ornamentation, natural wear, and pose or growth irregularity.

Recommended aspect ratio: 16:9.","text, labels, watermark, signature, logo, border, frame, UI, HUD, cropped subject, duplicate anatomy, contradictory anatomy, impossible balance, unsupported structures, random wings, random horns, humanoid default, fantasy armor, weapons, cartoon, anime, toy-like materials, excessive neon, excessive glow, oversaturated colors, busy background, motion blur, low resolution, compression artifacts, generic Earth copy, unsupported fantasy styling, traits conflicting with locked canon",1.0.0,canonical
NB2-PLT-PH-007-ROOT-PARASITE-DISCOVERY,PLT-PH-007-ROOT-PARASITE,Root Parasite,discovery,Discovery Scan,16:9,"Create a canonical NOVERIS Nano Banana 2 visual for Root Parasite: Discovery Scan.

Canonical archetype:
A canonical root parasite designed as a scientifically plausible plant-like or fungal organism whose anchoring, support, transport, energy capture, growth, reproduction, ecology, and environmental adaptations are internally coherent.

Required visual and biological rules:
• credible anchoring
• coherent support and transport
• functional energy collectors
• reproductive logic
• environment-linked growth

Production request:
Create centered scientific scan source without labels.

Studio-resolved canonical values:
{{canonicalId}}, {{displayName}}, {{scientificName}}, {{originPlanet}}, {{planetType}}, {{biome}}, {{gravity}}, {{atmosphere}}, {{climate}}, {{temperatureRange}}, {{sizeScale}}, {{coloration}}, {{materials}}, {{distinctiveFeatures}}, {{lockedTraits}}, {{rarity}}, {{artDirection}}.

Preserve every locked canonical field exactly. The result must use NOVERIS Scientific Realism: premium AAA science-fiction quality, museum-grade reference presentation, scientifically plausible structure, coherent materials, restrained coloration unless canon requires otherwise, readable silhouette, consistent scale and anatomy or growth across all views, soft neutral studio lighting, pure black background for isolated references, full requested subject visibility, generous negative space, and PSD-friendly extraction. Habitat and biome outputs may use the canonical environment. No baked-in text, labels, watermark, logo, border, or UI.

Create four clearly different but canon-compliant versions. Preserve body plan or growth architecture, structural counts, environmental adaptations, materials, defining features, and locked coloration. Vary only permitted secondary proportions, markings, surface detail, minor ornamentation, natural wear, and pose or growth irregularity.

Recommended aspect ratio: 16:9.","text, labels, watermark, signature, logo, border, frame, UI, HUD, cropped subject, duplicate anatomy, contradictory anatomy, impossible balance, unsupported structures, random wings, random horns, humanoid default, fantasy armor, weapons, cartoon, anime, toy-like materials, excessive neon, excessive glow, oversaturated colors, busy background, motion blur, low resolution, compression artifacts, generic Earth copy, unsupported fantasy styling, traits conflicting with locked canon",1.0.0,canonical
NB2-PLT-PH-007-ROOT-PARASITE-ICON,PLT-PH-007-ROOT-PARASITE,Root Parasite,icon,UI Icon,1:1,"Create a canonical NOVERIS Nano Banana 2 visual for Root Parasite: UI Icon.

Canonical archetype:
A canonical root parasite designed as a scientifically plausible plant-like or fungal organism whose anchoring, support, transport, energy capture, growth, reproduction, ecology, and environmental adaptations are internally coherent.

Required visual and biological rules:
• credible anchoring
• coherent support and transport
• functional energy collectors
• reproductive logic
• environment-linked growth

Production request:
Create isolated silhouette readable at 64 pixels.

Studio-resolved canonical values:
{{canonicalId}}, {{displayName}}, {{scientificName}}, {{originPlanet}}, {{planetType}}, {{biome}}, {{gravity}}, {{atmosphere}}, {{climate}}, {{temperatureRange}}, {{sizeScale}}, {{coloration}}, {{materials}}, {{distinctiveFeatures}}, {{lockedTraits}}, {{rarity}}, {{artDirection}}.

Preserve every locked canonical field exactly. The result must use NOVERIS Scientific Realism: premium AAA science-fiction quality, museum-grade reference presentation, scientifically plausible structure, coherent materials, restrained coloration unless canon requires otherwise, readable silhouette, consistent scale and anatomy or growth across all views, soft neutral studio lighting, pure black background for isolated references, full requested subject visibility, generous negative space, and PSD-friendly extraction. Habitat and biome outputs may use the canonical environment. No baked-in text, labels, watermark, logo, border, or UI.

Create four clearly different but canon-compliant versions. Preserve body plan or growth architecture, structural counts, environmental adaptations, materials, defining features, and locked coloration. Vary only permitted secondary proportions, markings, surface detail, minor ornamentation, natural wear, and pose or growth irregularity.

Recommended aspect ratio: 1:1.","text, labels, watermark, signature, logo, border, frame, UI, HUD, cropped subject, duplicate anatomy, contradictory anatomy, impossible balance, unsupported structures, random wings, random horns, humanoid default, fantasy armor, weapons, cartoon, anime, toy-like materials, excessive neon, excessive glow, oversaturated colors, busy background, motion blur, low resolution, compression artifacts, generic Earth copy, unsupported fantasy styling, traits conflicting with locked canon",1.0.0,canonical
NB2-PLT-PH-007-ROOT-PARASITE-SCALE,PLT-PH-007-ROOT-PARASITE,Root Parasite,scale,Scale Comparison,16:9,"Create a canonical NOVERIS Nano Banana 2 visual for Root Parasite: Scale Comparison.

Canonical archetype:
A canonical root parasite designed as a scientifically plausible plant-like or fungal organism whose anchoring, support, transport, energy capture, growth, reproduction, ecology, and environmental adaptations are internally coherent.

Required visual and biological rules:
• credible anchoring
• coherent support and transport
• functional energy collectors
• reproductive logic
• environment-linked growth

Production request:
Create side view with adult human silhouette and one-meter bar.

Studio-resolved canonical values:
{{canonicalId}}, {{displayName}}, {{scientificName}}, {{originPlanet}}, {{planetType}}, {{biome}}, {{gravity}}, {{atmosphere}}, {{climate}}, {{temperatureRange}}, {{sizeScale}}, {{coloration}}, {{materials}}, {{distinctiveFeatures}}, {{lockedTraits}}, {{rarity}}, {{artDirection}}.

Preserve every locked canonical field exactly. The result must use NOVERIS Scientific Realism: premium AAA science-fiction quality, museum-grade reference presentation, scientifically plausible structure, coherent materials, restrained coloration unless canon requires otherwise, readable silhouette, consistent scale and anatomy or growth across all views, soft neutral studio lighting, pure black background for isolated references, full requested subject visibility, generous negative space, and PSD-friendly extraction. Habitat and biome outputs may use the canonical environment. No baked-in text, labels, watermark, logo, border, or UI.

Create four clearly different but canon-compliant versions. Preserve body plan or growth architecture, structural counts, environmental adaptations, materials, defining features, and locked coloration. Vary only permitted secondary proportions, markings, surface detail, minor ornamentation, natural wear, and pose or growth irregularity.

Recommended aspect ratio: 16:9.","text, labels, watermark, signature, logo, border, frame, UI, HUD, cropped subject, duplicate anatomy, contradictory anatomy, impossible balance, unsupported structures, random wings, random horns, humanoid default, fantasy armor, weapons, cartoon, anime, toy-like materials, excessive neon, excessive glow, oversaturated colors, busy background, motion blur, low resolution, compression artifacts, generic Earth copy, unsupported fantasy styling, traits conflicting with locked canon",1.0.0,canonical
NB2-PLT-PH-007-ROOT-PARASITE-PLATE,PLT-PH-007-ROOT-PARASITE,Root Parasite,plate,Master Botanical Plate,16:9,"Create a canonical NOVERIS Nano Banana 2 visual for Root Parasite: Master Botanical Plate.

Canonical archetype:
A canonical root parasite designed as a scientifically plausible plant-like or fungal organism whose anchoring, support, transport, energy capture, growth, reproduction, ecology, and environmental adaptations are internally coherent.

Required visual and biological rules:
• credible anchoring
• coherent support and transport
• functional energy collectors
• reproductive logic
• environment-linked growth

Production request:
Create whole organism, views, roots, structure, collectors, reproduction, stages, materials and habitat vignette.

Studio-resolved canonical values:
{{canonicalId}}, {{displayName}}, {{scientificName}}, {{originPlanet}}, {{planetType}}, {{biome}}, {{gravity}}, {{atmosphere}}, {{climate}}, {{temperatureRange}}, {{sizeScale}}, {{coloration}}, {{materials}}, {{distinctiveFeatures}}, {{lockedTraits}}, {{rarity}}, {{artDirection}}.

Preserve every locked canonical field exactly. The result must use NOVERIS Scientific Realism: premium AAA science-fiction quality, museum-grade reference presentation, scientifically plausible structure, coherent materials, restrained coloration unless canon requires otherwise, readable silhouette, consistent scale and anatomy or growth across all views, soft neutral studio lighting, pure black background for isolated references, full requested subject visibility, generous negative space, and PSD-friendly extraction. Habitat and biome outputs may use the canonical environment. No baked-in text, labels, watermark, logo, border, or UI.

Create four clearly different but canon-compliant versions. Preserve body plan or growth architecture, structural counts, environmental adaptations, materials, defining features, and locked coloration. Vary only permitted secondary proportions, markings, surface detail, minor ornamentation, natural wear, and pose or growth irregularity.

Recommended aspect ratio: 16:9.","text, labels, watermark, signature, logo, border, frame, UI, HUD, cropped subject, duplicate anatomy, contradictory anatomy, impossible balance, unsupported structures, random wings, random horns, humanoid default, fantasy armor, weapons, cartoon, anime, toy-like materials, excessive neon, excessive glow, oversaturated colors, busy background, motion blur, low resolution, compression artifacts, generic Earth copy, unsupported fantasy styling, traits conflicting with locked canon",1.0.0,canonical
NB2-PLT-PH-007-ROOT-PARASITE-PSD,PLT-PH-007-ROOT-PARASITE,Root Parasite,psd,PSD Extraction Board,16:9,"Create a canonical NOVERIS Nano Banana 2 visual for Root Parasite: PSD Extraction Board.

Canonical archetype:
A canonical root parasite designed as a scientifically plausible plant-like or fungal organism whose anchoring, support, transport, energy capture, growth, reproduction, ecology, and environmental adaptations are internally coherent.

Required visual and biological rules:
• credible anchoring
• coherent support and transport
• functional energy collectors
• reproductive logic
• environment-linked growth

Production request:
Create isolated whole organism, parts, silhouette and material references.

Studio-resolved canonical values:
{{canonicalId}}, {{displayName}}, {{scientificName}}, {{originPlanet}}, {{planetType}}, {{biome}}, {{gravity}}, {{atmosphere}}, {{climate}}, {{temperatureRange}}, {{sizeScale}}, {{coloration}}, {{materials}}, {{distinctiveFeatures}}, {{lockedTraits}}, {{rarity}}, {{artDirection}}.

Preserve every locked canonical field exactly. The result must use NOVERIS Scientific Realism: premium AAA science-fiction quality, museum-grade reference presentation, scientifically plausible structure, coherent materials, restrained coloration unless canon requires otherwise, readable silhouette, consistent scale and anatomy or growth across all views, soft neutral studio lighting, pure black background for isolated references, full requested subject visibility, generous negative space, and PSD-friendly extraction. Habitat and biome outputs may use the canonical environment. No baked-in text, labels, watermark, logo, border, or UI.

Create four clearly different but canon-compliant versions. Preserve body plan or growth architecture, structural counts, environmental adaptations, materials, defining features, and locked coloration. Vary only permitted secondary proportions, markings, surface detail, minor ornamentation, natural wear, and pose or growth irregularity.

Recommended aspect ratio: 16:9.","text, labels, watermark, signature, logo, border, frame, UI, HUD, cropped subject, duplicate anatomy, contradictory anatomy, impossible balance, unsupported structures, random wings, random horns, humanoid default, fantasy armor, weapons, cartoon, anime, toy-like materials, excessive neon, excessive glow, oversaturated colors, busy background, motion blur, low resolution, compression artifacts, generic Earth copy, unsupported fantasy styling, traits conflicting with locked canon",1.0.0,canonical
NB2-PLT-PH-008-STEM-PARASITE-WHOLE-PLANT,PLT-PH-008-STEM-PARASITE,Stem Parasite,whole-plant,Whole Plant Production Render,3:4,"Create a canonical NOVERIS Nano Banana 2 visual for Stem Parasite: Whole Plant Production Render.

Canonical archetype:
A canonical stem parasite designed as a scientifically plausible plant-like or fungal organism whose anchoring, support, transport, energy capture, growth, reproduction, ecology, and environmental adaptations are internally coherent.

Required visual and biological rules:
• credible anchoring
• coherent support and transport
• functional energy collectors
• reproductive logic
• environment-linked growth

Production request:
Create complete mature organism including roots or anchor system.

Studio-resolved canonical values:
{{canonicalId}}, {{displayName}}, {{scientificName}}, {{originPlanet}}, {{planetType}}, {{biome}}, {{gravity}}, {{atmosphere}}, {{climate}}, {{temperatureRange}}, {{sizeScale}}, {{coloration}}, {{materials}}, {{distinctiveFeatures}}, {{lockedTraits}}, {{rarity}}, {{artDirection}}.

Preserve every locked canonical field exactly. The result must use NOVERIS Scientific Realism: premium AAA science-fiction quality, museum-grade reference presentation, scientifically plausible structure, coherent materials, restrained coloration unless canon requires otherwise, readable silhouette, consistent scale and anatomy or growth across all views, soft neutral studio lighting, pure black background for isolated references, full requested subject visibility, generous negative space, and PSD-friendly extraction. Habitat and biome outputs may use the canonical environment. No baked-in text, labels, watermark, logo, border, or UI.

Create four clearly different but canon-compliant versions. Preserve body plan or growth architecture, structural counts, environmental adaptations, materials, defining features, and locked coloration. Vary only permitted secondary proportions, markings, surface detail, minor ornamentation, natural wear, and pose or growth irregularity.

Recommended aspect ratio: 3:4.","text, labels, watermark, signature, logo, border, frame, UI, HUD, cropped subject, duplicate anatomy, contradictory anatomy, impossible balance, unsupported structures, random wings, random horns, humanoid default, fantasy armor, weapons, cartoon, anime, toy-like materials, excessive neon, excessive glow, oversaturated colors, busy background, motion blur, low resolution, compression artifacts, generic Earth copy, unsupported fantasy styling, traits conflicting with locked canon",1.0.0,canonical
NB2-PLT-PH-008-STEM-PARASITE-PORTRAIT,PLT-PH-008-STEM-PARASITE,Stem Parasite,portrait,Botanical Portrait,1:1,"Create a canonical NOVERIS Nano Banana 2 visual for Stem Parasite: Botanical Portrait.

Canonical archetype:
A canonical stem parasite designed as a scientifically plausible plant-like or fungal organism whose anchoring, support, transport, energy capture, growth, reproduction, ecology, and environmental adaptations are internally coherent.

Required visual and biological rules:
• credible anchoring
• coherent support and transport
• functional energy collectors
• reproductive logic
• environment-linked growth

Production request:
Create defining growth form, foliage, collectors and reproduction.

Studio-resolved canonical values:
{{canonicalId}}, {{displayName}}, {{scientificName}}, {{originPlanet}}, {{planetType}}, {{biome}}, {{gravity}}, {{atmosphere}}, {{climate}}, {{temperatureRange}}, {{sizeScale}}, {{coloration}}, {{materials}}, {{distinctiveFeatures}}, {{lockedTraits}}, {{rarity}}, {{artDirection}}.

Preserve every locked canonical field exactly. The result must use NOVERIS Scientific Realism: premium AAA science-fiction quality, museum-grade reference presentation, scientifically plausible structure, coherent materials, restrained coloration unless canon requires otherwise, readable silhouette, consistent scale and anatomy or growth across all views, soft neutral studio lighting, pure black background for isolated references, full requested subject visibility, generous negative space, and PSD-friendly extraction. Habitat and biome outputs may use the canonical environment. No baked-in text, labels, watermark, logo, border, or UI.

Create four clearly different but canon-compliant versions. Preserve body plan or growth architecture, structural counts, environmental adaptations, materials, defining features, and locked coloration. Vary only permitted secondary proportions, markings, surface detail, minor ornamentation, natural wear, and pose or growth irregularity.

Recommended aspect ratio: 1:1.","text, labels, watermark, signature, logo, border, frame, UI, HUD, cropped subject, duplicate anatomy, contradictory anatomy, impossible balance, unsupported structures, random wings, random horns, humanoid default, fantasy armor, weapons, cartoon, anime, toy-like materials, excessive neon, excessive glow, oversaturated colors, busy background, motion blur, low resolution, compression artifacts, generic Earth copy, unsupported fantasy styling, traits conflicting with locked canon",1.0.0,canonical
NB2-PLT-PH-008-STEM-PARASITE-ORTHO-FRONT,PLT-PH-008-STEM-PARASITE,Stem Parasite,ortho-front,Orthographic Front,3:4,"Create a canonical NOVERIS Nano Banana 2 visual for Stem Parasite: Orthographic Front.

Canonical archetype:
A canonical stem parasite designed as a scientifically plausible plant-like or fungal organism whose anchoring, support, transport, energy capture, growth, reproduction, ecology, and environmental adaptations are internally coherent.

Required visual and biological rules:
• credible anchoring
• coherent support and transport
• functional energy collectors
• reproductive logic
• environment-linked growth

Production request:
Create exact front orthographic view.

Studio-resolved canonical values:
{{canonicalId}}, {{displayName}}, {{scientificName}}, {{originPlanet}}, {{planetType}}, {{biome}}, {{gravity}}, {{atmosphere}}, {{climate}}, {{temperatureRange}}, {{sizeScale}}, {{coloration}}, {{materials}}, {{distinctiveFeatures}}, {{lockedTraits}}, {{rarity}}, {{artDirection}}.

Preserve every locked canonical field exactly. The result must use NOVERIS Scientific Realism: premium AAA science-fiction quality, museum-grade reference presentation, scientifically plausible structure, coherent materials, restrained coloration unless canon requires otherwise, readable silhouette, consistent scale and anatomy or growth across all views, soft neutral studio lighting, pure black background for isolated references, full requested subject visibility, generous negative space, and PSD-friendly extraction. Habitat and biome outputs may use the canonical environment. No baked-in text, labels, watermark, logo, border, or UI.

Create four clearly different but canon-compliant versions. Preserve body plan or growth architecture, structural counts, environmental adaptations, materials, defining features, and locked coloration. Vary only permitted secondary proportions, markings, surface detail, minor ornamentation, natural wear, and pose or growth irregularity.

Recommended aspect ratio: 3:4.","text, labels, watermark, signature, logo, border, frame, UI, HUD, cropped subject, duplicate anatomy, contradictory anatomy, impossible balance, unsupported structures, random wings, random horns, humanoid default, fantasy armor, weapons, cartoon, anime, toy-like materials, excessive neon, excessive glow, oversaturated colors, busy background, motion blur, low resolution, compression artifacts, generic Earth copy, unsupported fantasy styling, traits conflicting with locked canon",1.0.0,canonical
NB2-PLT-PH-008-STEM-PARASITE-ORTHO-SIDE,PLT-PH-008-STEM-PARASITE,Stem Parasite,ortho-side,Orthographic Side,3:4,"Create a canonical NOVERIS Nano Banana 2 visual for Stem Parasite: Orthographic Side.

Canonical archetype:
A canonical stem parasite designed as a scientifically plausible plant-like or fungal organism whose anchoring, support, transport, energy capture, growth, reproduction, ecology, and environmental adaptations are internally coherent.

Required visual and biological rules:
• credible anchoring
• coherent support and transport
• functional energy collectors
• reproductive logic
• environment-linked growth

Production request:
Create exact side orthographic view.

Studio-resolved canonical values:
{{canonicalId}}, {{displayName}}, {{scientificName}}, {{originPlanet}}, {{planetType}}, {{biome}}, {{gravity}}, {{atmosphere}}, {{climate}}, {{temperatureRange}}, {{sizeScale}}, {{coloration}}, {{materials}}, {{distinctiveFeatures}}, {{lockedTraits}}, {{rarity}}, {{artDirection}}.

Preserve every locked canonical field exactly. The result must use NOVERIS Scientific Realism: premium AAA science-fiction quality, museum-grade reference presentation, scientifically plausible structure, coherent materials, restrained coloration unless canon requires otherwise, readable silhouette, consistent scale and anatomy or growth across all views, soft neutral studio lighting, pure black background for isolated references, full requested subject visibility, generous negative space, and PSD-friendly extraction. Habitat and biome outputs may use the canonical environment. No baked-in text, labels, watermark, logo, border, or UI.

Create four clearly different but canon-compliant versions. Preserve body plan or growth architecture, structural counts, environmental adaptations, materials, defining features, and locked coloration. Vary only permitted secondary proportions, markings, surface detail, minor ornamentation, natural wear, and pose or growth irregularity.

Recommended aspect ratio: 3:4.","text, labels, watermark, signature, logo, border, frame, UI, HUD, cropped subject, duplicate anatomy, contradictory anatomy, impossible balance, unsupported structures, random wings, random horns, humanoid default, fantasy armor, weapons, cartoon, anime, toy-like materials, excessive neon, excessive glow, oversaturated colors, busy background, motion blur, low resolution, compression artifacts, generic Earth copy, unsupported fantasy styling, traits conflicting with locked canon",1.0.0,canonical
NB2-PLT-PH-008-STEM-PARASITE-ORTHO-TOP,PLT-PH-008-STEM-PARASITE,Stem Parasite,ortho-top,Orthographic Top,1:1,"Create a canonical NOVERIS Nano Banana 2 visual for Stem Parasite: Orthographic Top.

Canonical archetype:
A canonical stem parasite designed as a scientifically plausible plant-like or fungal organism whose anchoring, support, transport, energy capture, growth, reproduction, ecology, and environmental adaptations are internally coherent.

Required visual and biological rules:
• credible anchoring
• coherent support and transport
• functional energy collectors
• reproductive logic
• environment-linked growth

Production request:
Create exact top view showing spread and growth geometry.

Studio-resolved canonical values:
{{canonicalId}}, {{displayName}}, {{scientificName}}, {{originPlanet}}, {{planetType}}, {{biome}}, {{gravity}}, {{atmosphere}}, {{climate}}, {{temperatureRange}}, {{sizeScale}}, {{coloration}}, {{materials}}, {{distinctiveFeatures}}, {{lockedTraits}}, {{rarity}}, {{artDirection}}.

Preserve every locked canonical field exactly. The result must use NOVERIS Scientific Realism: premium AAA science-fiction quality, museum-grade reference presentation, scientifically plausible structure, coherent materials, restrained coloration unless canon requires otherwise, readable silhouette, consistent scale and anatomy or growth across all views, soft neutral studio lighting, pure black background for isolated references, full requested subject visibility, generous negative space, and PSD-friendly extraction. Habitat and biome outputs may use the canonical environment. No baked-in text, labels, watermark, logo, border, or UI.

Create four clearly different but canon-compliant versions. Preserve body plan or growth architecture, structural counts, environmental adaptations, materials, defining features, and locked coloration. Vary only permitted secondary proportions, markings, surface detail, minor ornamentation, natural wear, and pose or growth irregularity.

Recommended aspect ratio: 1:1.","text, labels, watermark, signature, logo, border, frame, UI, HUD, cropped subject, duplicate anatomy, contradictory anatomy, impossible balance, unsupported structures, random wings, random horns, humanoid default, fantasy armor, weapons, cartoon, anime, toy-like materials, excessive neon, excessive glow, oversaturated colors, busy background, motion blur, low resolution, compression artifacts, generic Earth copy, unsupported fantasy styling, traits conflicting with locked canon",1.0.0,canonical
NB2-PLT-PH-008-STEM-PARASITE-ROOTS,PLT-PH-008-STEM-PARASITE,Stem Parasite,roots,Root or Anchor System,16:9,"Create a canonical NOVERIS Nano Banana 2 visual for Stem Parasite: Root or Anchor System.

Canonical archetype:
A canonical stem parasite designed as a scientifically plausible plant-like or fungal organism whose anchoring, support, transport, energy capture, growth, reproduction, ecology, and environmental adaptations are internally coherent.

Required visual and biological rules:
• credible anchoring
• coherent support and transport
• functional energy collectors
• reproductive logic
• environment-linked growth

Production request:
Create complete substrate interface and nutrient exchange structures.

Studio-resolved canonical values:
{{canonicalId}}, {{displayName}}, {{scientificName}}, {{originPlanet}}, {{planetType}}, {{biome}}, {{gravity}}, {{atmosphere}}, {{climate}}, {{temperatureRange}}, {{sizeScale}}, {{coloration}}, {{materials}}, {{distinctiveFeatures}}, {{lockedTraits}}, {{rarity}}, {{artDirection}}.

Preserve every locked canonical field exactly. The result must use NOVERIS Scientific Realism: premium AAA science-fiction quality, museum-grade reference presentation, scientifically plausible structure, coherent materials, restrained coloration unless canon requires otherwise, readable silhouette, consistent scale and anatomy or growth across all views, soft neutral studio lighting, pure black background for isolated references, full requested subject visibility, generous negative space, and PSD-friendly extraction. Habitat and biome outputs may use the canonical environment. No baked-in text, labels, watermark, logo, border, or UI.

Create four clearly different but canon-compliant versions. Preserve body plan or growth architecture, structural counts, environmental adaptations, materials, defining features, and locked coloration. Vary only permitted secondary proportions, markings, surface detail, minor ornamentation, natural wear, and pose or growth irregularity.

Recommended aspect ratio: 16:9.","text, labels, watermark, signature, logo, border, frame, UI, HUD, cropped subject, duplicate anatomy, contradictory anatomy, impossible balance, unsupported structures, random wings, random horns, humanoid default, fantasy armor, weapons, cartoon, anime, toy-like materials, excessive neon, excessive glow, oversaturated colors, busy background, motion blur, low resolution, compression artifacts, generic Earth copy, unsupported fantasy styling, traits conflicting with locked canon",1.0.0,canonical
NB2-PLT-PH-008-STEM-PARASITE-STEMS,PLT-PH-008-STEM-PARASITE,Stem Parasite,stems,"Stem, Trunk or Structural Study",16:9,"Create a canonical NOVERIS Nano Banana 2 visual for Stem Parasite: Stem, Trunk or Structural Study.

Canonical archetype:
A canonical stem parasite designed as a scientifically plausible plant-like or fungal organism whose anchoring, support, transport, energy capture, growth, reproduction, ecology, and environmental adaptations are internally coherent.

Required visual and biological rules:
• credible anchoring
• coherent support and transport
• functional energy collectors
• reproductive logic
• environment-linked growth

Production request:
Create support and transport architecture.

Studio-resolved canonical values:
{{canonicalId}}, {{displayName}}, {{scientificName}}, {{originPlanet}}, {{planetType}}, {{biome}}, {{gravity}}, {{atmosphere}}, {{climate}}, {{temperatureRange}}, {{sizeScale}}, {{coloration}}, {{materials}}, {{distinctiveFeatures}}, {{lockedTraits}}, {{rarity}}, {{artDirection}}.

Preserve every locked canonical field exactly. The result must use NOVERIS Scientific Realism: premium AAA science-fiction quality, museum-grade reference presentation, scientifically plausible structure, coherent materials, restrained coloration unless canon requires otherwise, readable silhouette, consistent scale and anatomy or growth across all views, soft neutral studio lighting, pure black background for isolated references, full requested subject visibility, generous negative space, and PSD-friendly extraction. Habitat and biome outputs may use the canonical environment. No baked-in text, labels, watermark, logo, border, or UI.

Create four clearly different but canon-compliant versions. Preserve body plan or growth architecture, structural counts, environmental adaptations, materials, defining features, and locked coloration. Vary only permitted secondary proportions, markings, surface detail, minor ornamentation, natural wear, and pose or growth irregularity.

Recommended aspect ratio: 16:9.","text, labels, watermark, signature, logo, border, frame, UI, HUD, cropped subject, duplicate anatomy, contradictory anatomy, impossible balance, unsupported structures, random wings, random horns, humanoid default, fantasy armor, weapons, cartoon, anime, toy-like materials, excessive neon, excessive glow, oversaturated colors, busy background, motion blur, low resolution, compression artifacts, generic Earth copy, unsupported fantasy styling, traits conflicting with locked canon",1.0.0,canonical
NB2-PLT-PH-008-STEM-PARASITE-COLLECTORS,PLT-PH-008-STEM-PARASITE,Stem Parasite,collectors,Leaves or Collector Study,16:9,"Create a canonical NOVERIS Nano Banana 2 visual for Stem Parasite: Leaves or Collector Study.

Canonical archetype:
A canonical stem parasite designed as a scientifically plausible plant-like or fungal organism whose anchoring, support, transport, energy capture, growth, reproduction, ecology, and environmental adaptations are internally coherent.

Required visual and biological rules:
• credible anchoring
• coherent support and transport
• functional energy collectors
• reproductive logic
• environment-linked growth

Production request:
Create front, back, edge, juvenile, mature and stressed states.

Studio-resolved canonical values:
{{canonicalId}}, {{displayName}}, {{scientificName}}, {{originPlanet}}, {{planetType}}, {{biome}}, {{gravity}}, {{atmosphere}}, {{climate}}, {{temperatureRange}}, {{sizeScale}}, {{coloration}}, {{materials}}, {{distinctiveFeatures}}, {{lockedTraits}}, {{rarity}}, {{artDirection}}.

Preserve every locked canonical field exactly. The result must use NOVERIS Scientific Realism: premium AAA science-fiction quality, museum-grade reference presentation, scientifically plausible structure, coherent materials, restrained coloration unless canon requires otherwise, readable silhouette, consistent scale and anatomy or growth across all views, soft neutral studio lighting, pure black background for isolated references, full requested subject visibility, generous negative space, and PSD-friendly extraction. Habitat and biome outputs may use the canonical environment. No baked-in text, labels, watermark, logo, border, or UI.

Create four clearly different but canon-compliant versions. Preserve body plan or growth architecture, structural counts, environmental adaptations, materials, defining features, and locked coloration. Vary only permitted secondary proportions, markings, surface detail, minor ornamentation, natural wear, and pose or growth irregularity.

Recommended aspect ratio: 16:9.","text, labels, watermark, signature, logo, border, frame, UI, HUD, cropped subject, duplicate anatomy, contradictory anatomy, impossible balance, unsupported structures, random wings, random horns, humanoid default, fantasy armor, weapons, cartoon, anime, toy-like materials, excessive neon, excessive glow, oversaturated colors, busy background, motion blur, low resolution, compression artifacts, generic Earth copy, unsupported fantasy styling, traits conflicting with locked canon",1.0.0,canonical
NB2-PLT-PH-008-STEM-PARASITE-REPRODUCTION,PLT-PH-008-STEM-PARASITE,Stem Parasite,reproduction,Reproductive Structure,16:9,"Create a canonical NOVERIS Nano Banana 2 visual for Stem Parasite: Reproductive Structure.

Canonical archetype:
A canonical stem parasite designed as a scientifically plausible plant-like or fungal organism whose anchoring, support, transport, energy capture, growth, reproduction, ecology, and environmental adaptations are internally coherent.

Required visual and biological rules:
• credible anchoring
• coherent support and transport
• functional energy collectors
• reproductive logic
• environment-linked growth

Production request:
Create flowers, cones, spores, fields or equivalent stages.

Studio-resolved canonical values:
{{canonicalId}}, {{displayName}}, {{scientificName}}, {{originPlanet}}, {{planetType}}, {{biome}}, {{gravity}}, {{atmosphere}}, {{climate}}, {{temperatureRange}}, {{sizeScale}}, {{coloration}}, {{materials}}, {{distinctiveFeatures}}, {{lockedTraits}}, {{rarity}}, {{artDirection}}.

Preserve every locked canonical field exactly. The result must use NOVERIS Scientific Realism: premium AAA science-fiction quality, museum-grade reference presentation, scientifically plausible structure, coherent materials, restrained coloration unless canon requires otherwise, readable silhouette, consistent scale and anatomy or growth across all views, soft neutral studio lighting, pure black background for isolated references, full requested subject visibility, generous negative space, and PSD-friendly extraction. Habitat and biome outputs may use the canonical environment. No baked-in text, labels, watermark, logo, border, or UI.

Create four clearly different but canon-compliant versions. Preserve body plan or growth architecture, structural counts, environmental adaptations, materials, defining features, and locked coloration. Vary only permitted secondary proportions, markings, surface detail, minor ornamentation, natural wear, and pose or growth irregularity.

Recommended aspect ratio: 16:9.","text, labels, watermark, signature, logo, border, frame, UI, HUD, cropped subject, duplicate anatomy, contradictory anatomy, impossible balance, unsupported structures, random wings, random horns, humanoid default, fantasy armor, weapons, cartoon, anime, toy-like materials, excessive neon, excessive glow, oversaturated colors, busy background, motion blur, low resolution, compression artifacts, generic Earth copy, unsupported fantasy styling, traits conflicting with locked canon",1.0.0,canonical
NB2-PLT-PH-008-STEM-PARASITE-PROPAGULES,PLT-PH-008-STEM-PARASITE,Stem Parasite,propagules,"Seed, Spore or Propagule Study",16:9,"Create a canonical NOVERIS Nano Banana 2 visual for Stem Parasite: Seed, Spore or Propagule Study.

Canonical archetype:
A canonical stem parasite designed as a scientifically plausible plant-like or fungal organism whose anchoring, support, transport, energy capture, growth, reproduction, ecology, and environmental adaptations are internally coherent.

Required visual and biological rules:
• credible anchoring
• coherent support and transport
• functional energy collectors
• reproductive logic
• environment-linked growth

Production request:
Create dispersal, germination and early establishment.

Studio-resolved canonical values:
{{canonicalId}}, {{displayName}}, {{scientificName}}, {{originPlanet}}, {{planetType}}, {{biome}}, {{gravity}}, {{atmosphere}}, {{climate}}, {{temperatureRange}}, {{sizeScale}}, {{coloration}}, {{materials}}, {{distinctiveFeatures}}, {{lockedTraits}}, {{rarity}}, {{artDirection}}.

Preserve every locked canonical field exactly. The result must use NOVERIS Scientific Realism: premium AAA science-fiction quality, museum-grade reference presentation, scientifically plausible structure, coherent materials, restrained coloration unless canon requires otherwise, readable silhouette, consistent scale and anatomy or growth across all views, soft neutral studio lighting, pure black background for isolated references, full requested subject visibility, generous negative space, and PSD-friendly extraction. Habitat and biome outputs may use the canonical environment. No baked-in text, labels, watermark, logo, border, or UI.

Create four clearly different but canon-compliant versions. Preserve body plan or growth architecture, structural counts, environmental adaptations, materials, defining features, and locked coloration. Vary only permitted secondary proportions, markings, surface detail, minor ornamentation, natural wear, and pose or growth irregularity.

Recommended aspect ratio: 16:9.","text, labels, watermark, signature, logo, border, frame, UI, HUD, cropped subject, duplicate anatomy, contradictory anatomy, impossible balance, unsupported structures, random wings, random horns, humanoid default, fantasy armor, weapons, cartoon, anime, toy-like materials, excessive neon, excessive glow, oversaturated colors, busy background, motion blur, low resolution, compression artifacts, generic Earth copy, unsupported fantasy styling, traits conflicting with locked canon",1.0.0,canonical
NB2-PLT-PH-008-STEM-PARASITE-CROSS-SECTION,PLT-PH-008-STEM-PARASITE,Stem Parasite,cross-section,Internal Cross Section,16:9,"Create a canonical NOVERIS Nano Banana 2 visual for Stem Parasite: Internal Cross Section.

Canonical archetype:
A canonical stem parasite designed as a scientifically plausible plant-like or fungal organism whose anchoring, support, transport, energy capture, growth, reproduction, ecology, and environmental adaptations are internally coherent.

Required visual and biological rules:
• credible anchoring
• coherent support and transport
• functional energy collectors
• reproductive logic
• environment-linked growth

Production request:
Create protection, transport, support, storage and reproduction.

Studio-resolved canonical values:
{{canonicalId}}, {{displayName}}, {{scientificName}}, {{originPlanet}}, {{planetType}}, {{biome}}, {{gravity}}, {{atmosphere}}, {{climate}}, {{temperatureRange}}, {{sizeScale}}, {{coloration}}, {{materials}}, {{distinctiveFeatures}}, {{lockedTraits}}, {{rarity}}, {{artDirection}}.

Preserve every locked canonical field exactly. The result must use NOVERIS Scientific Realism: premium AAA science-fiction quality, museum-grade reference presentation, scientifically plausible structure, coherent materials, restrained coloration unless canon requires otherwise, readable silhouette, consistent scale and anatomy or growth across all views, soft neutral studio lighting, pure black background for isolated references, full requested subject visibility, generous negative space, and PSD-friendly extraction. Habitat and biome outputs may use the canonical environment. No baked-in text, labels, watermark, logo, border, or UI.

Create four clearly different but canon-compliant versions. Preserve body plan or growth architecture, structural counts, environmental adaptations, materials, defining features, and locked coloration. Vary only permitted secondary proportions, markings, surface detail, minor ornamentation, natural wear, and pose or growth irregularity.

Recommended aspect ratio: 16:9.","text, labels, watermark, signature, logo, border, frame, UI, HUD, cropped subject, duplicate anatomy, contradictory anatomy, impossible balance, unsupported structures, random wings, random horns, humanoid default, fantasy armor, weapons, cartoon, anime, toy-like materials, excessive neon, excessive glow, oversaturated colors, busy background, motion blur, low resolution, compression artifacts, generic Earth copy, unsupported fantasy styling, traits conflicting with locked canon",1.0.0,canonical
NB2-PLT-PH-008-STEM-PARASITE-GROWTH,PLT-PH-008-STEM-PARASITE,Stem Parasite,growth,Growth Stages,16:9,"Create a canonical NOVERIS Nano Banana 2 visual for Stem Parasite: Growth Stages.

Canonical archetype:
A canonical stem parasite designed as a scientifically plausible plant-like or fungal organism whose anchoring, support, transport, energy capture, growth, reproduction, ecology, and environmental adaptations are internally coherent.

Required visual and biological rules:
• credible anchoring
• coherent support and transport
• functional energy collectors
• reproductive logic
• environment-linked growth

Production request:
Create propagule, juvenile, mature, reproductive and senescent stages.

Studio-resolved canonical values:
{{canonicalId}}, {{displayName}}, {{scientificName}}, {{originPlanet}}, {{planetType}}, {{biome}}, {{gravity}}, {{atmosphere}}, {{climate}}, {{temperatureRange}}, {{sizeScale}}, {{coloration}}, {{materials}}, {{distinctiveFeatures}}, {{lockedTraits}}, {{rarity}}, {{artDirection}}.

Preserve every locked canonical field exactly. The result must use NOVERIS Scientific Realism: premium AAA science-fiction quality, museum-grade reference presentation, scientifically plausible structure, coherent materials, restrained coloration unless canon requires otherwise, readable silhouette, consistent scale and anatomy or growth across all views, soft neutral studio lighting, pure black background for isolated references, full requested subject visibility, generous negative space, and PSD-friendly extraction. Habitat and biome outputs may use the canonical environment. No baked-in text, labels, watermark, logo, border, or UI.

Create four clearly different but canon-compliant versions. Preserve body plan or growth architecture, structural counts, environmental adaptations, materials, defining features, and locked coloration. Vary only permitted secondary proportions, markings, surface detail, minor ornamentation, natural wear, and pose or growth irregularity.

Recommended aspect ratio: 16:9.","text, labels, watermark, signature, logo, border, frame, UI, HUD, cropped subject, duplicate anatomy, contradictory anatomy, impossible balance, unsupported structures, random wings, random horns, humanoid default, fantasy armor, weapons, cartoon, anime, toy-like materials, excessive neon, excessive glow, oversaturated colors, busy background, motion blur, low resolution, compression artifacts, generic Earth copy, unsupported fantasy styling, traits conflicting with locked canon",1.0.0,canonical
NB2-PLT-PH-008-STEM-PARASITE-SEASONAL,PLT-PH-008-STEM-PARASITE,Stem Parasite,seasonal,Seasonal and Stress Variants,16:9,"Create a canonical NOVERIS Nano Banana 2 visual for Stem Parasite: Seasonal and Stress Variants.

Canonical archetype:
A canonical stem parasite designed as a scientifically plausible plant-like or fungal organism whose anchoring, support, transport, energy capture, growth, reproduction, ecology, and environmental adaptations are internally coherent.

Required visual and biological rules:
• credible anchoring
• coherent support and transport
• functional energy collectors
• reproductive logic
• environment-linked growth

Production request:
Create growth, reproduction, dormancy, damage and recovery.

Studio-resolved canonical values:
{{canonicalId}}, {{displayName}}, {{scientificName}}, {{originPlanet}}, {{planetType}}, {{biome}}, {{gravity}}, {{atmosphere}}, {{climate}}, {{temperatureRange}}, {{sizeScale}}, {{coloration}}, {{materials}}, {{distinctiveFeatures}}, {{lockedTraits}}, {{rarity}}, {{artDirection}}.

Preserve every locked canonical field exactly. The result must use NOVERIS Scientific Realism: premium AAA science-fiction quality, museum-grade reference presentation, scientifically plausible structure, coherent materials, restrained coloration unless canon requires otherwise, readable silhouette, consistent scale and anatomy or growth across all views, soft neutral studio lighting, pure black background for isolated references, full requested subject visibility, generous negative space, and PSD-friendly extraction. Habitat and biome outputs may use the canonical environment. No baked-in text, labels, watermark, logo, border, or UI.

Create four clearly different but canon-compliant versions. Preserve body plan or growth architecture, structural counts, environmental adaptations, materials, defining features, and locked coloration. Vary only permitted secondary proportions, markings, surface detail, minor ornamentation, natural wear, and pose or growth irregularity.

Recommended aspect ratio: 16:9.","text, labels, watermark, signature, logo, border, frame, UI, HUD, cropped subject, duplicate anatomy, contradictory anatomy, impossible balance, unsupported structures, random wings, random horns, humanoid default, fantasy armor, weapons, cartoon, anime, toy-like materials, excessive neon, excessive glow, oversaturated colors, busy background, motion blur, low resolution, compression artifacts, generic Earth copy, unsupported fantasy styling, traits conflicting with locked canon",1.0.0,canonical
NB2-PLT-PH-008-STEM-PARASITE-HABITAT,PLT-PH-008-STEM-PARASITE,Stem Parasite,habitat,Native Habitat Composition,16:9,"Create a canonical NOVERIS Nano Banana 2 visual for Stem Parasite: Native Habitat Composition.

Canonical archetype:
A canonical stem parasite designed as a scientifically plausible plant-like or fungal organism whose anchoring, support, transport, energy capture, growth, reproduction, ecology, and environmental adaptations are internally coherent.

Required visual and biological rules:
• credible anchoring
• coherent support and transport
• functional energy collectors
• reproductive logic
• environment-linked growth

Production request:
Create natural population with spacing and age diversity.

Studio-resolved canonical values:
{{canonicalId}}, {{displayName}}, {{scientificName}}, {{originPlanet}}, {{planetType}}, {{biome}}, {{gravity}}, {{atmosphere}}, {{climate}}, {{temperatureRange}}, {{sizeScale}}, {{coloration}}, {{materials}}, {{distinctiveFeatures}}, {{lockedTraits}}, {{rarity}}, {{artDirection}}.

Preserve every locked canonical field exactly. The result must use NOVERIS Scientific Realism: premium AAA science-fiction quality, museum-grade reference presentation, scientifically plausible structure, coherent materials, restrained coloration unless canon requires otherwise, readable silhouette, consistent scale and anatomy or growth across all views, soft neutral studio lighting, pure black background for isolated references, full requested subject visibility, generous negative space, and PSD-friendly extraction. Habitat and biome outputs may use the canonical environment. No baked-in text, labels, watermark, logo, border, or UI.

Create four clearly different but canon-compliant versions. Preserve body plan or growth architecture, structural counts, environmental adaptations, materials, defining features, and locked coloration. Vary only permitted secondary proportions, markings, surface detail, minor ornamentation, natural wear, and pose or growth irregularity.

Recommended aspect ratio: 16:9.","text, labels, watermark, signature, logo, border, frame, UI, HUD, cropped subject, duplicate anatomy, contradictory anatomy, impossible balance, unsupported structures, random wings, random horns, humanoid default, fantasy armor, weapons, cartoon, anime, toy-like materials, excessive neon, excessive glow, oversaturated colors, busy background, motion blur, low resolution, compression artifacts, generic Earth copy, unsupported fantasy styling, traits conflicting with locked canon",1.0.0,canonical
NB2-PLT-PH-008-STEM-PARASITE-BIOME,PLT-PH-008-STEM-PARASITE,Stem Parasite,biome,Biome Composition,16:9,"Create a canonical NOVERIS Nano Banana 2 visual for Stem Parasite: Biome Composition.

Canonical archetype:
A canonical stem parasite designed as a scientifically plausible plant-like or fungal organism whose anchoring, support, transport, energy capture, growth, reproduction, ecology, and environmental adaptations are internally coherent.

Required visual and biological rules:
• credible anchoring
• coherent support and transport
• functional energy collectors
• reproductive logic
• environment-linked growth

Production request:
Create coordinated vegetation set at consistent scale.

Studio-resolved canonical values:
{{canonicalId}}, {{displayName}}, {{scientificName}}, {{originPlanet}}, {{planetType}}, {{biome}}, {{gravity}}, {{atmosphere}}, {{climate}}, {{temperatureRange}}, {{sizeScale}}, {{coloration}}, {{materials}}, {{distinctiveFeatures}}, {{lockedTraits}}, {{rarity}}, {{artDirection}}.

Preserve every locked canonical field exactly. The result must use NOVERIS Scientific Realism: premium AAA science-fiction quality, museum-grade reference presentation, scientifically plausible structure, coherent materials, restrained coloration unless canon requires otherwise, readable silhouette, consistent scale and anatomy or growth across all views, soft neutral studio lighting, pure black background for isolated references, full requested subject visibility, generous negative space, and PSD-friendly extraction. Habitat and biome outputs may use the canonical environment. No baked-in text, labels, watermark, logo, border, or UI.

Create four clearly different but canon-compliant versions. Preserve body plan or growth architecture, structural counts, environmental adaptations, materials, defining features, and locked coloration. Vary only permitted secondary proportions, markings, surface detail, minor ornamentation, natural wear, and pose or growth irregularity.

Recommended aspect ratio: 16:9.","text, labels, watermark, signature, logo, border, frame, UI, HUD, cropped subject, duplicate anatomy, contradictory anatomy, impossible balance, unsupported structures, random wings, random horns, humanoid default, fantasy armor, weapons, cartoon, anime, toy-like materials, excessive neon, excessive glow, oversaturated colors, busy background, motion blur, low resolution, compression artifacts, generic Earth copy, unsupported fantasy styling, traits conflicting with locked canon",1.0.0,canonical
NB2-PLT-PH-008-STEM-PARASITE-DISCOVERY,PLT-PH-008-STEM-PARASITE,Stem Parasite,discovery,Discovery Scan,16:9,"Create a canonical NOVERIS Nano Banana 2 visual for Stem Parasite: Discovery Scan.

Canonical archetype:
A canonical stem parasite designed as a scientifically plausible plant-like or fungal organism whose anchoring, support, transport, energy capture, growth, reproduction, ecology, and environmental adaptations are internally coherent.

Required visual and biological rules:
• credible anchoring
• coherent support and transport
• functional energy collectors
• reproductive logic
• environment-linked growth

Production request:
Create centered scientific scan source without labels.

Studio-resolved canonical values:
{{canonicalId}}, {{displayName}}, {{scientificName}}, {{originPlanet}}, {{planetType}}, {{biome}}, {{gravity}}, {{atmosphere}}, {{climate}}, {{temperatureRange}}, {{sizeScale}}, {{coloration}}, {{materials}}, {{distinctiveFeatures}}, {{lockedTraits}}, {{rarity}}, {{artDirection}}.

Preserve every locked canonical field exactly. The result must use NOVERIS Scientific Realism: premium AAA science-fiction quality, museum-grade reference presentation, scientifically plausible structure, coherent materials, restrained coloration unless canon requires otherwise, readable silhouette, consistent scale and anatomy or growth across all views, soft neutral studio lighting, pure black background for isolated references, full requested subject visibility, generous negative space, and PSD-friendly extraction. Habitat and biome outputs may use the canonical environment. No baked-in text, labels, watermark, logo, border, or UI.

Create four clearly different but canon-compliant versions. Preserve body plan or growth architecture, structural counts, environmental adaptations, materials, defining features, and locked coloration. Vary only permitted secondary proportions, markings, surface detail, minor ornamentation, natural wear, and pose or growth irregularity.

Recommended aspect ratio: 16:9.","text, labels, watermark, signature, logo, border, frame, UI, HUD, cropped subject, duplicate anatomy, contradictory anatomy, impossible balance, unsupported structures, random wings, random horns, humanoid default, fantasy armor, weapons, cartoon, anime, toy-like materials, excessive neon, excessive glow, oversaturated colors, busy background, motion blur, low resolution, compression artifacts, generic Earth copy, unsupported fantasy styling, traits conflicting with locked canon",1.0.0,canonical
NB2-PLT-PH-008-STEM-PARASITE-ICON,PLT-PH-008-STEM-PARASITE,Stem Parasite,icon,UI Icon,1:1,"Create a canonical NOVERIS Nano Banana 2 visual for Stem Parasite: UI Icon.

Canonical archetype:
A canonical stem parasite designed as a scientifically plausible plant-like or fungal organism whose anchoring, support, transport, energy capture, growth, reproduction, ecology, and environmental adaptations are internally coherent.

Required visual and biological rules:
• credible anchoring
• coherent support and transport
• functional energy collectors
• reproductive logic
• environment-linked growth

Production request:
Create isolated silhouette readable at 64 pixels.

Studio-resolved canonical values:
{{canonicalId}}, {{displayName}}, {{scientificName}}, {{originPlanet}}, {{planetType}}, {{biome}}, {{gravity}}, {{atmosphere}}, {{climate}}, {{temperatureRange}}, {{sizeScale}}, {{coloration}}, {{materials}}, {{distinctiveFeatures}}, {{lockedTraits}}, {{rarity}}, {{artDirection}}.

Preserve every locked canonical field exactly. The result must use NOVERIS Scientific Realism: premium AAA science-fiction quality, museum-grade reference presentation, scientifically plausible structure, coherent materials, restrained coloration unless canon requires otherwise, readable silhouette, consistent scale and anatomy or growth across all views, soft neutral studio lighting, pure black background for isolated references, full requested subject visibility, generous negative space, and PSD-friendly extraction. Habitat and biome outputs may use the canonical environment. No baked-in text, labels, watermark, logo, border, or UI.

Create four clearly different but canon-compliant versions. Preserve body plan or growth architecture, structural counts, environmental adaptations, materials, defining features, and locked coloration. Vary only permitted secondary proportions, markings, surface detail, minor ornamentation, natural wear, and pose or growth irregularity.

Recommended aspect ratio: 1:1.","text, labels, watermark, signature, logo, border, frame, UI, HUD, cropped subject, duplicate anatomy, contradictory anatomy, impossible balance, unsupported structures, random wings, random horns, humanoid default, fantasy armor, weapons, cartoon, anime, toy-like materials, excessive neon, excessive glow, oversaturated colors, busy background, motion blur, low resolution, compression artifacts, generic Earth copy, unsupported fantasy styling, traits conflicting with locked canon",1.0.0,canonical
NB2-PLT-PH-008-STEM-PARASITE-SCALE,PLT-PH-008-STEM-PARASITE,Stem Parasite,scale,Scale Comparison,16:9,"Create a canonical NOVERIS Nano Banana 2 visual for Stem Parasite: Scale Comparison.

Canonical archetype:
A canonical stem parasite designed as a scientifically plausible plant-like or fungal organism whose anchoring, support, transport, energy capture, growth, reproduction, ecology, and environmental adaptations are internally coherent.

Required visual and biological rules:
• credible anchoring
• coherent support and transport
• functional energy collectors
• reproductive logic
• environment-linked growth

Production request:
Create side view with adult human silhouette and one-meter bar.

Studio-resolved canonical values:
{{canonicalId}}, {{displayName}}, {{scientificName}}, {{originPlanet}}, {{planetType}}, {{biome}}, {{gravity}}, {{atmosphere}}, {{climate}}, {{temperatureRange}}, {{sizeScale}}, {{coloration}}, {{materials}}, {{distinctiveFeatures}}, {{lockedTraits}}, {{rarity}}, {{artDirection}}.

Preserve every locked canonical field exactly. The result must use NOVERIS Scientific Realism: premium AAA science-fiction quality, museum-grade reference presentation, scientifically plausible structure, coherent materials, restrained coloration unless canon requires otherwise, readable silhouette, consistent scale and anatomy or growth across all views, soft neutral studio lighting, pure black background for isolated references, full requested subject visibility, generous negative space, and PSD-friendly extraction. Habitat and biome outputs may use the canonical environment. No baked-in text, labels, watermark, logo, border, or UI.

Create four clearly different but canon-compliant versions. Preserve body plan or growth architecture, structural counts, environmental adaptations, materials, defining features, and locked coloration. Vary only permitted secondary proportions, markings, surface detail, minor ornamentation, natural wear, and pose or growth irregularity.

Recommended aspect ratio: 16:9.","text, labels, watermark, signature, logo, border, frame, UI, HUD, cropped subject, duplicate anatomy, contradictory anatomy, impossible balance, unsupported structures, random wings, random horns, humanoid default, fantasy armor, weapons, cartoon, anime, toy-like materials, excessive neon, excessive glow, oversaturated colors, busy background, motion blur, low resolution, compression artifacts, generic Earth copy, unsupported fantasy styling, traits conflicting with locked canon",1.0.0,canonical
NB2-PLT-PH-008-STEM-PARASITE-PLATE,PLT-PH-008-STEM-PARASITE,Stem Parasite,plate,Master Botanical Plate,16:9,"Create a canonical NOVERIS Nano Banana 2 visual for Stem Parasite: Master Botanical Plate.

Canonical archetype:
A canonical stem parasite designed as a scientifically plausible plant-like or fungal organism whose anchoring, support, transport, energy capture, growth, reproduction, ecology, and environmental adaptations are internally coherent.

Required visual and biological rules:
• credible anchoring
• coherent support and transport
• functional energy collectors
• reproductive logic
• environment-linked growth

Production request:
Create whole organism, views, roots, structure, collectors, reproduction, stages, materials and habitat vignette.

Studio-resolved canonical values:
{{canonicalId}}, {{displayName}}, {{scientificName}}, {{originPlanet}}, {{planetType}}, {{biome}}, {{gravity}}, {{atmosphere}}, {{climate}}, {{temperatureRange}}, {{sizeScale}}, {{coloration}}, {{materials}}, {{distinctiveFeatures}}, {{lockedTraits}}, {{rarity}}, {{artDirection}}.

Preserve every locked canonical field exactly. The result must use NOVERIS Scientific Realism: premium AAA science-fiction quality, museum-grade reference presentation, scientifically plausible structure, coherent materials, restrained coloration unless canon requires otherwise, readable silhouette, consistent scale and anatomy or growth across all views, soft neutral studio lighting, pure black background for isolated references, full requested subject visibility, generous negative space, and PSD-friendly extraction. Habitat and biome outputs may use the canonical environment. No baked-in text, labels, watermark, logo, border, or UI.

Create four clearly different but canon-compliant versions. Preserve body plan or growth architecture, structural counts, environmental adaptations, materials, defining features, and locked coloration. Vary only permitted secondary proportions, markings, surface detail, minor ornamentation, natural wear, and pose or growth irregularity.

Recommended aspect ratio: 16:9.","text, labels, watermark, signature, logo, border, frame, UI, HUD, cropped subject, duplicate anatomy, contradictory anatomy, impossible balance, unsupported structures, random wings, random horns, humanoid default, fantasy armor, weapons, cartoon, anime, toy-like materials, excessive neon, excessive glow, oversaturated colors, busy background, motion blur, low resolution, compression artifacts, generic Earth copy, unsupported fantasy styling, traits conflicting with locked canon",1.0.0,canonical
NB2-PLT-PH-008-STEM-PARASITE-PSD,PLT-PH-008-STEM-PARASITE,Stem Parasite,psd,PSD Extraction Board,16:9,"Create a canonical NOVERIS Nano Banana 2 visual for Stem Parasite: PSD Extraction Board.

Canonical archetype:
A canonical stem parasite designed as a scientifically plausible plant-like or fungal organism whose anchoring, support, transport, energy capture, growth, reproduction, ecology, and environmental adaptations are internally coherent.

Required visual and biological rules:
• credible anchoring
• coherent support and transport
• functional energy collectors
• reproductive logic
• environment-linked growth

Production request:
Create isolated whole organism, parts, silhouette and material references.

Studio-resolved canonical values:
{{canonicalId}}, {{displayName}}, {{scientificName}}, {{originPlanet}}, {{planetType}}, {{biome}}, {{gravity}}, {{atmosphere}}, {{climate}}, {{temperatureRange}}, {{sizeScale}}, {{coloration}}, {{materials}}, {{distinctiveFeatures}}, {{lockedTraits}}, {{rarity}}, {{artDirection}}.

Preserve every locked canonical field exactly. The result must use NOVERIS Scientific Realism: premium AAA science-fiction quality, museum-grade reference presentation, scientifically plausible structure, coherent materials, restrained coloration unless canon requires otherwise, readable silhouette, consistent scale and anatomy or growth across all views, soft neutral studio lighting, pure black background for isolated references, full requested subject visibility, generous negative space, and PSD-friendly extraction. Habitat and biome outputs may use the canonical environment. No baked-in text, labels, watermark, logo, border, or UI.

Create four clearly different but canon-compliant versions. Preserve body plan or growth architecture, structural counts, environmental adaptations, materials, defining features, and locked coloration. Vary only permitted secondary proportions, markings, surface detail, minor ornamentation, natural wear, and pose or growth irregularity.

Recommended aspect ratio: 16:9.","text, labels, watermark, signature, logo, border, frame, UI, HUD, cropped subject, duplicate anatomy, contradictory anatomy, impossible balance, unsupported structures, random wings, random horns, humanoid default, fantasy armor, weapons, cartoon, anime, toy-like materials, excessive neon, excessive glow, oversaturated colors, busy background, motion blur, low resolution, compression artifacts, generic Earth copy, unsupported fantasy styling, traits conflicting with locked canon",1.0.0,canonical
NB2-PLT-PH-009-MYCOHETEROTROPHIC-PLANT-WHOLE-PLANT,PLT-PH-009-MYCOHETEROTROPHIC-PLANT,Mycoheterotrophic Plant,whole-plant,Whole Plant Production Render,3:4,"Create a canonical NOVERIS Nano Banana 2 visual for Mycoheterotrophic Plant: Whole Plant Production Render.

Canonical archetype:
A canonical mycoheterotrophic plant designed as a scientifically plausible plant-like or fungal organism whose anchoring, support, transport, energy capture, growth, reproduction, ecology, and environmental adaptations are internally coherent.

Required visual and biological rules:
• credible anchoring
• coherent support and transport
• functional energy collectors
• reproductive logic
• environment-linked growth

Production request:
Create complete mature organism including roots or anchor system.

Studio-resolved canonical values:
{{canonicalId}}, {{displayName}}, {{scientificName}}, {{originPlanet}}, {{planetType}}, {{biome}}, {{gravity}}, {{atmosphere}}, {{climate}}, {{temperatureRange}}, {{sizeScale}}, {{coloration}}, {{materials}}, {{distinctiveFeatures}}, {{lockedTraits}}, {{rarity}}, {{artDirection}}.

Preserve every locked canonical field exactly. The result must use NOVERIS Scientific Realism: premium AAA science-fiction quality, museum-grade reference presentation, scientifically plausible structure, coherent materials, restrained coloration unless canon requires otherwise, readable silhouette, consistent scale and anatomy or growth across all views, soft neutral studio lighting, pure black background for isolated references, full requested subject visibility, generous negative space, and PSD-friendly extraction. Habitat and biome outputs may use the canonical environment. No baked-in text, labels, watermark, logo, border, or UI.

Create four clearly different but canon-compliant versions. Preserve body plan or growth architecture, structural counts, environmental adaptations, materials, defining features, and locked coloration. Vary only permitted secondary proportions, markings, surface detail, minor ornamentation, natural wear, and pose or growth irregularity.

Recommended aspect ratio: 3:4.","text, labels, watermark, signature, logo, border, frame, UI, HUD, cropped subject, duplicate anatomy, contradictory anatomy, impossible balance, unsupported structures, random wings, random horns, humanoid default, fantasy armor, weapons, cartoon, anime, toy-like materials, excessive neon, excessive glow, oversaturated colors, busy background, motion blur, low resolution, compression artifacts, generic Earth copy, unsupported fantasy styling, traits conflicting with locked canon",1.0.0,canonical
NB2-PLT-PH-009-MYCOHETEROTROPHIC-PLANT-PORTRAIT,PLT-PH-009-MYCOHETEROTROPHIC-PLANT,Mycoheterotrophic Plant,portrait,Botanical Portrait,1:1,"Create a canonical NOVERIS Nano Banana 2 visual for Mycoheterotrophic Plant: Botanical Portrait.

Canonical archetype:
A canonical mycoheterotrophic plant designed as a scientifically plausible plant-like or fungal organism whose anchoring, support, transport, energy capture, growth, reproduction, ecology, and environmental adaptations are internally coherent.

Required visual and biological rules:
• credible anchoring
• coherent support and transport
• functional energy collectors
• reproductive logic
• environment-linked growth

Production request:
Create defining growth form, foliage, collectors and reproduction.

Studio-resolved canonical values:
{{canonicalId}}, {{displayName}}, {{scientificName}}, {{originPlanet}}, {{planetType}}, {{biome}}, {{gravity}}, {{atmosphere}}, {{climate}}, {{temperatureRange}}, {{sizeScale}}, {{coloration}}, {{materials}}, {{distinctiveFeatures}}, {{lockedTraits}}, {{rarity}}, {{artDirection}}.

Preserve every locked canonical field exactly. The result must use NOVERIS Scientific Realism: premium AAA science-fiction quality, museum-grade reference presentation, scientifically plausible structure, coherent materials, restrained coloration unless canon requires otherwise, readable silhouette, consistent scale and anatomy or growth across all views, soft neutral studio lighting, pure black background for isolated references, full requested subject visibility, generous negative space, and PSD-friendly extraction. Habitat and biome outputs may use the canonical environment. No baked-in text, labels, watermark, logo, border, or UI.

Create four clearly different but canon-compliant versions. Preserve body plan or growth architecture, structural counts, environmental adaptations, materials, defining features, and locked coloration. Vary only permitted secondary proportions, markings, surface detail, minor ornamentation, natural wear, and pose or growth irregularity.

Recommended aspect ratio: 1:1.","text, labels, watermark, signature, logo, border, frame, UI, HUD, cropped subject, duplicate anatomy, contradictory anatomy, impossible balance, unsupported structures, random wings, random horns, humanoid default, fantasy armor, weapons, cartoon, anime, toy-like materials, excessive neon, excessive glow, oversaturated colors, busy background, motion blur, low resolution, compression artifacts, generic Earth copy, unsupported fantasy styling, traits conflicting with locked canon",1.0.0,canonical
NB2-PLT-PH-009-MYCOHETEROTROPHIC-PLANT-ORTHO-FRONT,PLT-PH-009-MYCOHETEROTROPHIC-PLANT,Mycoheterotrophic Plant,ortho-front,Orthographic Front,3:4,"Create a canonical NOVERIS Nano Banana 2 visual for Mycoheterotrophic Plant: Orthographic Front.

Canonical archetype:
A canonical mycoheterotrophic plant designed as a scientifically plausible plant-like or fungal organism whose anchoring, support, transport, energy capture, growth, reproduction, ecology, and environmental adaptations are internally coherent.

Required visual and biological rules:
• credible anchoring
• coherent support and transport
• functional energy collectors
• reproductive logic
• environment-linked growth

Production request:
Create exact front orthographic view.

Studio-resolved canonical values:
{{canonicalId}}, {{displayName}}, {{scientificName}}, {{originPlanet}}, {{planetType}}, {{biome}}, {{gravity}}, {{atmosphere}}, {{climate}}, {{temperatureRange}}, {{sizeScale}}, {{coloration}}, {{materials}}, {{distinctiveFeatures}}, {{lockedTraits}}, {{rarity}}, {{artDirection}}.

Preserve every locked canonical field exactly. The result must use NOVERIS Scientific Realism: premium AAA science-fiction quality, museum-grade reference presentation, scientifically plausible structure, coherent materials, restrained coloration unless canon requires otherwise, readable silhouette, consistent scale and anatomy or growth across all views, soft neutral studio lighting, pure black background for isolated references, full requested subject visibility, generous negative space, and PSD-friendly extraction. Habitat and biome outputs may use the canonical environment. No baked-in text, labels, watermark, logo, border, or UI.

Create four clearly different but canon-compliant versions. Preserve body plan or growth architecture, structural counts, environmental adaptations, materials, defining features, and locked coloration. Vary only permitted secondary proportions, markings, surface detail, minor ornamentation, natural wear, and pose or growth irregularity.

Recommended aspect ratio: 3:4.","text, labels, watermark, signature, logo, border, frame, UI, HUD, cropped subject, duplicate anatomy, contradictory anatomy, impossible balance, unsupported structures, random wings, random horns, humanoid default, fantasy armor, weapons, cartoon, anime, toy-like materials, excessive neon, excessive glow, oversaturated colors, busy background, motion blur, low resolution, compression artifacts, generic Earth copy, unsupported fantasy styling, traits conflicting with locked canon",1.0.0,canonical
NB2-PLT-PH-009-MYCOHETEROTROPHIC-PLANT-ORTHO-SIDE,PLT-PH-009-MYCOHETEROTROPHIC-PLANT,Mycoheterotrophic Plant,ortho-side,Orthographic Side,3:4,"Create a canonical NOVERIS Nano Banana 2 visual for Mycoheterotrophic Plant: Orthographic Side.

Canonical archetype:
A canonical mycoheterotrophic plant designed as a scientifically plausible plant-like or fungal organism whose anchoring, support, transport, energy capture, growth, reproduction, ecology, and environmental adaptations are internally coherent.

Required visual and biological rules:
• credible anchoring
• coherent support and transport
• functional energy collectors
• reproductive logic
• environment-linked growth

Production request:
Create exact side orthographic view.

Studio-resolved canonical values:
{{canonicalId}}, {{displayName}}, {{scientificName}}, {{originPlanet}}, {{planetType}}, {{biome}}, {{gravity}}, {{atmosphere}}, {{climate}}, {{temperatureRange}}, {{sizeScale}}, {{coloration}}, {{materials}}, {{distinctiveFeatures}}, {{lockedTraits}}, {{rarity}}, {{artDirection}}.

Preserve every locked canonical field exactly. The result must use NOVERIS Scientific Realism: premium AAA science-fiction quality, museum-grade reference presentation, scientifically plausible structure, coherent materials, restrained coloration unless canon requires otherwise, readable silhouette, consistent scale and anatomy or growth across all views, soft neutral studio lighting, pure black background for isolated references, full requested subject visibility, generous negative space, and PSD-friendly extraction. Habitat and biome outputs may use the canonical environment. No baked-in text, labels, watermark, logo, border, or UI.

Create four clearly different but canon-compliant versions. Preserve body plan or growth architecture, structural counts, environmental adaptations, materials, defining features, and locked coloration. Vary only permitted secondary proportions, markings, surface detail, minor ornamentation, natural wear, and pose or growth irregularity.

Recommended aspect ratio: 3:4.","text, labels, watermark, signature, logo, border, frame, UI, HUD, cropped subject, duplicate anatomy, contradictory anatomy, impossible balance, unsupported structures, random wings, random horns, humanoid default, fantasy armor, weapons, cartoon, anime, toy-like materials, excessive neon, excessive glow, oversaturated colors, busy background, motion blur, low resolution, compression artifacts, generic Earth copy, unsupported fantasy styling, traits conflicting with locked canon",1.0.0,canonical
NB2-PLT-PH-009-MYCOHETEROTROPHIC-PLANT-ORTHO-TOP,PLT-PH-009-MYCOHETEROTROPHIC-PLANT,Mycoheterotrophic Plant,ortho-top,Orthographic Top,1:1,"Create a canonical NOVERIS Nano Banana 2 visual for Mycoheterotrophic Plant: Orthographic Top.

Canonical archetype:
A canonical mycoheterotrophic plant designed as a scientifically plausible plant-like or fungal organism whose anchoring, support, transport, energy capture, growth, reproduction, ecology, and environmental adaptations are internally coherent.

Required visual and biological rules:
• credible anchoring
• coherent support and transport
• functional energy collectors
• reproductive logic
• environment-linked growth

Production request:
Create exact top view showing spread and growth geometry.

Studio-resolved canonical values:
{{canonicalId}}, {{displayName}}, {{scientificName}}, {{originPlanet}}, {{planetType}}, {{biome}}, {{gravity}}, {{atmosphere}}, {{climate}}, {{temperatureRange}}, {{sizeScale}}, {{coloration}}, {{materials}}, {{distinctiveFeatures}}, {{lockedTraits}}, {{rarity}}, {{artDirection}}.

Preserve every locked canonical field exactly. The result must use NOVERIS Scientific Realism: premium AAA science-fiction quality, museum-grade reference presentation, scientifically plausible structure, coherent materials, restrained coloration unless canon requires otherwise, readable silhouette, consistent scale and anatomy or growth across all views, soft neutral studio lighting, pure black background for isolated references, full requested subject visibility, generous negative space, and PSD-friendly extraction. Habitat and biome outputs may use the canonical environment. No baked-in text, labels, watermark, logo, border, or UI.

Create four clearly different but canon-compliant versions. Preserve body plan or growth architecture, structural counts, environmental adaptations, materials, defining features, and locked coloration. Vary only permitted secondary proportions, markings, surface detail, minor ornamentation, natural wear, and pose or growth irregularity.

Recommended aspect ratio: 1:1.","text, labels, watermark, signature, logo, border, frame, UI, HUD, cropped subject, duplicate anatomy, contradictory anatomy, impossible balance, unsupported structures, random wings, random horns, humanoid default, fantasy armor, weapons, cartoon, anime, toy-like materials, excessive neon, excessive glow, oversaturated colors, busy background, motion blur, low resolution, compression artifacts, generic Earth copy, unsupported fantasy styling, traits conflicting with locked canon",1.0.0,canonical
NB2-PLT-PH-009-MYCOHETEROTROPHIC-PLANT-ROOTS,PLT-PH-009-MYCOHETEROTROPHIC-PLANT,Mycoheterotrophic Plant,roots,Root or Anchor System,16:9,"Create a canonical NOVERIS Nano Banana 2 visual for Mycoheterotrophic Plant: Root or Anchor System.

Canonical archetype:
A canonical mycoheterotrophic plant designed as a scientifically plausible plant-like or fungal organism whose anchoring, support, transport, energy capture, growth, reproduction, ecology, and environmental adaptations are internally coherent.

Required visual and biological rules:
• credible anchoring
• coherent support and transport
• functional energy collectors
• reproductive logic
• environment-linked growth

Production request:
Create complete substrate interface and nutrient exchange structures.

Studio-resolved canonical values:
{{canonicalId}}, {{displayName}}, {{scientificName}}, {{originPlanet}}, {{planetType}}, {{biome}}, {{gravity}}, {{atmosphere}}, {{climate}}, {{temperatureRange}}, {{sizeScale}}, {{coloration}}, {{materials}}, {{distinctiveFeatures}}, {{lockedTraits}}, {{rarity}}, {{artDirection}}.

Preserve every locked canonical field exactly. The result must use NOVERIS Scientific Realism: premium AAA science-fiction quality, museum-grade reference presentation, scientifically plausible structure, coherent materials, restrained coloration unless canon requires otherwise, readable silhouette, consistent scale and anatomy or growth across all views, soft neutral studio lighting, pure black background for isolated references, full requested subject visibility, generous negative space, and PSD-friendly extraction. Habitat and biome outputs may use the canonical environment. No baked-in text, labels, watermark, logo, border, or UI.

Create four clearly different but canon-compliant versions. Preserve body plan or growth architecture, structural counts, environmental adaptations, materials, defining features, and locked coloration. Vary only permitted secondary proportions, markings, surface detail, minor ornamentation, natural wear, and pose or growth irregularity.

Recommended aspect ratio: 16:9.","text, labels, watermark, signature, logo, border, frame, UI, HUD, cropped subject, duplicate anatomy, contradictory anatomy, impossible balance, unsupported structures, random wings, random horns, humanoid default, fantasy armor, weapons, cartoon, anime, toy-like materials, excessive neon, excessive glow, oversaturated colors, busy background, motion blur, low resolution, compression artifacts, generic Earth copy, unsupported fantasy styling, traits conflicting with locked canon",1.0.0,canonical
NB2-PLT-PH-009-MYCOHETEROTROPHIC-PLANT-STEMS,PLT-PH-009-MYCOHETEROTROPHIC-PLANT,Mycoheterotrophic Plant,stems,"Stem, Trunk or Structural Study",16:9,"Create a canonical NOVERIS Nano Banana 2 visual for Mycoheterotrophic Plant: Stem, Trunk or Structural Study.

Canonical archetype:
A canonical mycoheterotrophic plant designed as a scientifically plausible plant-like or fungal organism whose anchoring, support, transport, energy capture, growth, reproduction, ecology, and environmental adaptations are internally coherent.

Required visual and biological rules:
• credible anchoring
• coherent support and transport
• functional energy collectors
• reproductive logic
• environment-linked growth

Production request:
Create support and transport architecture.

Studio-resolved canonical values:
{{canonicalId}}, {{displayName}}, {{scientificName}}, {{originPlanet}}, {{planetType}}, {{biome}}, {{gravity}}, {{atmosphere}}, {{climate}}, {{temperatureRange}}, {{sizeScale}}, {{coloration}}, {{materials}}, {{distinctiveFeatures}}, {{lockedTraits}}, {{rarity}}, {{artDirection}}.

Preserve every locked canonical field exactly. The result must use NOVERIS Scientific Realism: premium AAA science-fiction quality, museum-grade reference presentation, scientifically plausible structure, coherent materials, restrained coloration unless canon requires otherwise, readable silhouette, consistent scale and anatomy or growth across all views, soft neutral studio lighting, pure black background for isolated references, full requested subject visibility, generous negative space, and PSD-friendly extraction. Habitat and biome outputs may use the canonical environment. No baked-in text, labels, watermark, logo, border, or UI.

Create four clearly different but canon-compliant versions. Preserve body plan or growth architecture, structural counts, environmental adaptations, materials, defining features, and locked coloration. Vary only permitted secondary proportions, markings, surface detail, minor ornamentation, natural wear, and pose or growth irregularity.

Recommended aspect ratio: 16:9.","text, labels, watermark, signature, logo, border, frame, UI, HUD, cropped subject, duplicate anatomy, contradictory anatomy, impossible balance, unsupported structures, random wings, random horns, humanoid default, fantasy armor, weapons, cartoon, anime, toy-like materials, excessive neon, excessive glow, oversaturated colors, busy background, motion blur, low resolution, compression artifacts, generic Earth copy, unsupported fantasy styling, traits conflicting with locked canon",1.0.0,canonical
NB2-PLT-PH-009-MYCOHETEROTROPHIC-PLANT-COLLECTORS,PLT-PH-009-MYCOHETEROTROPHIC-PLANT,Mycoheterotrophic Plant,collectors,Leaves or Collector Study,16:9,"Create a canonical NOVERIS Nano Banana 2 visual for Mycoheterotrophic Plant: Leaves or Collector Study.

Canonical archetype:
A canonical mycoheterotrophic plant designed as a scientifically plausible plant-like or fungal organism whose anchoring, support, transport, energy capture, growth, reproduction, ecology, and environmental adaptations are internally coherent.

Required visual and biological rules:
• credible anchoring
• coherent support and transport
• functional energy collectors
• reproductive logic
• environment-linked growth

Production request:
Create front, back, edge, juvenile, mature and stressed states.

Studio-resolved canonical values:
{{canonicalId}}, {{displayName}}, {{scientificName}}, {{originPlanet}}, {{planetType}}, {{biome}}, {{gravity}}, {{atmosphere}}, {{climate}}, {{temperatureRange}}, {{sizeScale}}, {{coloration}}, {{materials}}, {{distinctiveFeatures}}, {{lockedTraits}}, {{rarity}}, {{artDirection}}.

Preserve every locked canonical field exactly. The result must use NOVERIS Scientific Realism: premium AAA science-fiction quality, museum-grade reference presentation, scientifically plausible structure, coherent materials, restrained coloration unless canon requires otherwise, readable silhouette, consistent scale and anatomy or growth across all views, soft neutral studio lighting, pure black background for isolated references, full requested subject visibility, generous negative space, and PSD-friendly extraction. Habitat and biome outputs may use the canonical environment. No baked-in text, labels, watermark, logo, border, or UI.

Create four clearly different but canon-compliant versions. Preserve body plan or growth architecture, structural counts, environmental adaptations, materials, defining features, and locked coloration. Vary only permitted secondary proportions, markings, surface detail, minor ornamentation, natural wear, and pose or growth irregularity.

Recommended aspect ratio: 16:9.","text, labels, watermark, signature, logo, border, frame, UI, HUD, cropped subject, duplicate anatomy, contradictory anatomy, impossible balance, unsupported structures, random wings, random horns, humanoid default, fantasy armor, weapons, cartoon, anime, toy-like materials, excessive neon, excessive glow, oversaturated colors, busy background, motion blur, low resolution, compression artifacts, generic Earth copy, unsupported fantasy styling, traits conflicting with locked canon",1.0.0,canonical
NB2-PLT-PH-009-MYCOHETEROTROPHIC-PLANT-REPRODUCTION,PLT-PH-009-MYCOHETEROTROPHIC-PLANT,Mycoheterotrophic Plant,reproduction,Reproductive Structure,16:9,"Create a canonical NOVERIS Nano Banana 2 visual for Mycoheterotrophic Plant: Reproductive Structure.

Canonical archetype:
A canonical mycoheterotrophic plant designed as a scientifically plausible plant-like or fungal organism whose anchoring, support, transport, energy capture, growth, reproduction, ecology, and environmental adaptations are internally coherent.

Required visual and biological rules:
• credible anchoring
• coherent support and transport
• functional energy collectors
• reproductive logic
• environment-linked growth

Production request:
Create flowers, cones, spores, fields or equivalent stages.

Studio-resolved canonical values:
{{canonicalId}}, {{displayName}}, {{scientificName}}, {{originPlanet}}, {{planetType}}, {{biome}}, {{gravity}}, {{atmosphere}}, {{climate}}, {{temperatureRange}}, {{sizeScale}}, {{coloration}}, {{materials}}, {{distinctiveFeatures}}, {{lockedTraits}}, {{rarity}}, {{artDirection}}.

Preserve every locked canonical field exactly. The result must use NOVERIS Scientific Realism: premium AAA science-fiction quality, museum-grade reference presentation, scientifically plausible structure, coherent materials, restrained coloration unless canon requires otherwise, readable silhouette, consistent scale and anatomy or growth across all views, soft neutral studio lighting, pure black background for isolated references, full requested subject visibility, generous negative space, and PSD-friendly extraction. Habitat and biome outputs may use the canonical environment. No baked-in text, labels, watermark, logo, border, or UI.

Create four clearly different but canon-compliant versions. Preserve body plan or growth architecture, structural counts, environmental adaptations, materials, defining features, and locked coloration. Vary only permitted secondary proportions, markings, surface detail, minor ornamentation, natural wear, and pose or growth irregularity.

Recommended aspect ratio: 16:9.","text, labels, watermark, signature, logo, border, frame, UI, HUD, cropped subject, duplicate anatomy, contradictory anatomy, impossible balance, unsupported structures, random wings, random horns, humanoid default, fantasy armor, weapons, cartoon, anime, toy-like materials, excessive neon, excessive glow, oversaturated colors, busy background, motion blur, low resolution, compression artifacts, generic Earth copy, unsupported fantasy styling, traits conflicting with locked canon",1.0.0,canonical
NB2-PLT-PH-009-MYCOHETEROTROPHIC-PLANT-PROPAGULES,PLT-PH-009-MYCOHETEROTROPHIC-PLANT,Mycoheterotrophic Plant,propagules,"Seed, Spore or Propagule Study",16:9,"Create a canonical NOVERIS Nano Banana 2 visual for Mycoheterotrophic Plant: Seed, Spore or Propagule Study.

Canonical archetype:
A canonical mycoheterotrophic plant designed as a scientifically plausible plant-like or fungal organism whose anchoring, support, transport, energy capture, growth, reproduction, ecology, and environmental adaptations are internally coherent.

Required visual and biological rules:
• credible anchoring
• coherent support and transport
• functional energy collectors
• reproductive logic
• environment-linked growth

Production request:
Create dispersal, germination and early establishment.

Studio-resolved canonical values:
{{canonicalId}}, {{displayName}}, {{scientificName}}, {{originPlanet}}, {{planetType}}, {{biome}}, {{gravity}}, {{atmosphere}}, {{climate}}, {{temperatureRange}}, {{sizeScale}}, {{coloration}}, {{materials}}, {{distinctiveFeatures}}, {{lockedTraits}}, {{rarity}}, {{artDirection}}.

Preserve every locked canonical field exactly. The result must use NOVERIS Scientific Realism: premium AAA science-fiction quality, museum-grade reference presentation, scientifically plausible structure, coherent materials, restrained coloration unless canon requires otherwise, readable silhouette, consistent scale and anatomy or growth across all views, soft neutral studio lighting, pure black background for isolated references, full requested subject visibility, generous negative space, and PSD-friendly extraction. Habitat and biome outputs may use the canonical environment. No baked-in text, labels, watermark, logo, border, or UI.

Create four clearly different but canon-compliant versions. Preserve body plan or growth architecture, structural counts, environmental adaptations, materials, defining features, and locked coloration. Vary only permitted secondary proportions, markings, surface detail, minor ornamentation, natural wear, and pose or growth irregularity.

Recommended aspect ratio: 16:9.","text, labels, watermark, signature, logo, border, frame, UI, HUD, cropped subject, duplicate anatomy, contradictory anatomy, impossible balance, unsupported structures, random wings, random horns, humanoid default, fantasy armor, weapons, cartoon, anime, toy-like materials, excessive neon, excessive glow, oversaturated colors, busy background, motion blur, low resolution, compression artifacts, generic Earth copy, unsupported fantasy styling, traits conflicting with locked canon",1.0.0,canonical
NB2-PLT-PH-009-MYCOHETEROTROPHIC-PLANT-CROSS-SECTION,PLT-PH-009-MYCOHETEROTROPHIC-PLANT,Mycoheterotrophic Plant,cross-section,Internal Cross Section,16:9,"Create a canonical NOVERIS Nano Banana 2 visual for Mycoheterotrophic Plant: Internal Cross Section.

Canonical archetype:
A canonical mycoheterotrophic plant designed as a scientifically plausible plant-like or fungal organism whose anchoring, support, transport, energy capture, growth, reproduction, ecology, and environmental adaptations are internally coherent.

Required visual and biological rules:
• credible anchoring
• coherent support and transport
• functional energy collectors
• reproductive logic
• environment-linked growth

Production request:
Create protection, transport, support, storage and reproduction.

Studio-resolved canonical values:
{{canonicalId}}, {{displayName}}, {{scientificName}}, {{originPlanet}}, {{planetType}}, {{biome}}, {{gravity}}, {{atmosphere}}, {{climate}}, {{temperatureRange}}, {{sizeScale}}, {{coloration}}, {{materials}}, {{distinctiveFeatures}}, {{lockedTraits}}, {{rarity}}, {{artDirection}}.

Preserve every locked canonical field exactly. The result must use NOVERIS Scientific Realism: premium AAA science-fiction quality, museum-grade reference presentation, scientifically plausible structure, coherent materials, restrained coloration unless canon requires otherwise, readable silhouette, consistent scale and anatomy or growth across all views, soft neutral studio lighting, pure black background for isolated references, full requested subject visibility, generous negative space, and PSD-friendly extraction. Habitat and biome outputs may use the canonical environment. No baked-in text, labels, watermark, logo, border, or UI.

Create four clearly different but canon-compliant versions. Preserve body plan or growth architecture, structural counts, environmental adaptations, materials, defining features, and locked coloration. Vary only permitted secondary proportions, markings, surface detail, minor ornamentation, natural wear, and pose or growth irregularity.

Recommended aspect ratio: 16:9.","text, labels, watermark, signature, logo, border, frame, UI, HUD, cropped subject, duplicate anatomy, contradictory anatomy, impossible balance, unsupported structures, random wings, random horns, humanoid default, fantasy armor, weapons, cartoon, anime, toy-like materials, excessive neon, excessive glow, oversaturated colors, busy background, motion blur, low resolution, compression artifacts, generic Earth copy, unsupported fantasy styling, traits conflicting with locked canon",1.0.0,canonical
NB2-PLT-PH-009-MYCOHETEROTROPHIC-PLANT-GROWTH,PLT-PH-009-MYCOHETEROTROPHIC-PLANT,Mycoheterotrophic Plant,growth,Growth Stages,16:9,"Create a canonical NOVERIS Nano Banana 2 visual for Mycoheterotrophic Plant: Growth Stages.

Canonical archetype:
A canonical mycoheterotrophic plant designed as a scientifically plausible plant-like or fungal organism whose anchoring, support, transport, energy capture, growth, reproduction, ecology, and environmental adaptations are internally coherent.

Required visual and biological rules:
• credible anchoring
• coherent support and transport
• functional energy collectors
• reproductive logic
• environment-linked growth

Production request:
Create propagule, juvenile, mature, reproductive and senescent stages.

Studio-resolved canonical values:
{{canonicalId}}, {{displayName}}, {{scientificName}}, {{originPlanet}}, {{planetType}}, {{biome}}, {{gravity}}, {{atmosphere}}, {{climate}}, {{temperatureRange}}, {{sizeScale}}, {{coloration}}, {{materials}}, {{distinctiveFeatures}}, {{lockedTraits}}, {{rarity}}, {{artDirection}}.

Preserve every locked canonical field exactly. The result must use NOVERIS Scientific Realism: premium AAA science-fiction quality, museum-grade reference presentation, scientifically plausible structure, coherent materials, restrained coloration unless canon requires otherwise, readable silhouette, consistent scale and anatomy or growth across all views, soft neutral studio lighting, pure black background for isolated references, full requested subject visibility, generous negative space, and PSD-friendly extraction. Habitat and biome outputs may use the canonical environment. No baked-in text, labels, watermark, logo, border, or UI.

Create four clearly different but canon-compliant versions. Preserve body plan or growth architecture, structural counts, environmental adaptations, materials, defining features, and locked coloration. Vary only permitted secondary proportions, markings, surface detail, minor ornamentation, natural wear, and pose or growth irregularity.

Recommended aspect ratio: 16:9.","text, labels, watermark, signature, logo, border, frame, UI, HUD, cropped subject, duplicate anatomy, contradictory anatomy, impossible balance, unsupported structures, random wings, random horns, humanoid default, fantasy armor, weapons, cartoon, anime, toy-like materials, excessive neon, excessive glow, oversaturated colors, busy background, motion blur, low resolution, compression artifacts, generic Earth copy, unsupported fantasy styling, traits conflicting with locked canon",1.0.0,canonical
NB2-PLT-PH-009-MYCOHETEROTROPHIC-PLANT-SEASONAL,PLT-PH-009-MYCOHETEROTROPHIC-PLANT,Mycoheterotrophic Plant,seasonal,Seasonal and Stress Variants,16:9,"Create a canonical NOVERIS Nano Banana 2 visual for Mycoheterotrophic Plant: Seasonal and Stress Variants.

Canonical archetype:
A canonical mycoheterotrophic plant designed as a scientifically plausible plant-like or fungal organism whose anchoring, support, transport, energy capture, growth, reproduction, ecology, and environmental adaptations are internally coherent.

Required visual and biological rules:
• credible anchoring
• coherent support and transport
• functional energy collectors
• reproductive logic
• environment-linked growth

Production request:
Create growth, reproduction, dormancy, damage and recovery.

Studio-resolved canonical values:
{{canonicalId}}, {{displayName}}, {{scientificName}}, {{originPlanet}}, {{planetType}}, {{biome}}, {{gravity}}, {{atmosphere}}, {{climate}}, {{temperatureRange}}, {{sizeScale}}, {{coloration}}, {{materials}}, {{distinctiveFeatures}}, {{lockedTraits}}, {{rarity}}, {{artDirection}}.

Preserve every locked canonical field exactly. The result must use NOVERIS Scientific Realism: premium AAA science-fiction quality, museum-grade reference presentation, scientifically plausible structure, coherent materials, restrained coloration unless canon requires otherwise, readable silhouette, consistent scale and anatomy or growth across all views, soft neutral studio lighting, pure black background for isolated references, full requested subject visibility, generous negative space, and PSD-friendly extraction. Habitat and biome outputs may use the canonical environment. No baked-in text, labels, watermark, logo, border, or UI.

Create four clearly different but canon-compliant versions. Preserve body plan or growth architecture, structural counts, environmental adaptations, materials, defining features, and locked coloration. Vary only permitted secondary proportions, markings, surface detail, minor ornamentation, natural wear, and pose or growth irregularity.

Recommended aspect ratio: 16:9.","text, labels, watermark, signature, logo, border, frame, UI, HUD, cropped subject, duplicate anatomy, contradictory anatomy, impossible balance, unsupported structures, random wings, random horns, humanoid default, fantasy armor, weapons, cartoon, anime, toy-like materials, excessive neon, excessive glow, oversaturated colors, busy background, motion blur, low resolution, compression artifacts, generic Earth copy, unsupported fantasy styling, traits conflicting with locked canon",1.0.0,canonical
NB2-PLT-PH-009-MYCOHETEROTROPHIC-PLANT-HABITAT,PLT-PH-009-MYCOHETEROTROPHIC-PLANT,Mycoheterotrophic Plant,habitat,Native Habitat Composition,16:9,"Create a canonical NOVERIS Nano Banana 2 visual for Mycoheterotrophic Plant: Native Habitat Composition.

Canonical archetype:
A canonical mycoheterotrophic plant designed as a scientifically plausible plant-like or fungal organism whose anchoring, support, transport, energy capture, growth, reproduction, ecology, and environmental adaptations are internally coherent.

Required visual and biological rules:
• credible anchoring
• coherent support and transport
• functional energy collectors
• reproductive logic
• environment-linked growth

Production request:
Create natural population with spacing and age diversity.

Studio-resolved canonical values:
{{canonicalId}}, {{displayName}}, {{scientificName}}, {{originPlanet}}, {{planetType}}, {{biome}}, {{gravity}}, {{atmosphere}}, {{climate}}, {{temperatureRange}}, {{sizeScale}}, {{coloration}}, {{materials}}, {{distinctiveFeatures}}, {{lockedTraits}}, {{rarity}}, {{artDirection}}.

Preserve every locked canonical field exactly. The result must use NOVERIS Scientific Realism: premium AAA science-fiction quality, museum-grade reference presentation, scientifically plausible structure, coherent materials, restrained coloration unless canon requires otherwise, readable silhouette, consistent scale and anatomy or growth across all views, soft neutral studio lighting, pure black background for isolated references, full requested subject visibility, generous negative space, and PSD-friendly extraction. Habitat and biome outputs may use the canonical environment. No baked-in text, labels, watermark, logo, border, or UI.

Create four clearly different but canon-compliant versions. Preserve body plan or growth architecture, structural counts, environmental adaptations, materials, defining features, and locked coloration. Vary only permitted secondary proportions, markings, surface detail, minor ornamentation, natural wear, and pose or growth irregularity.

Recommended aspect ratio: 16:9.","text, labels, watermark, signature, logo, border, frame, UI, HUD, cropped subject, duplicate anatomy, contradictory anatomy, impossible balance, unsupported structures, random wings, random horns, humanoid default, fantasy armor, weapons, cartoon, anime, toy-like materials, excessive neon, excessive glow, oversaturated colors, busy background, motion blur, low resolution, compression artifacts, generic Earth copy, unsupported fantasy styling, traits conflicting with locked canon",1.0.0,canonical
NB2-PLT-PH-009-MYCOHETEROTROPHIC-PLANT-BIOME,PLT-PH-009-MYCOHETEROTROPHIC-PLANT,Mycoheterotrophic Plant,biome,Biome Composition,16:9,"Create a canonical NOVERIS Nano Banana 2 visual for Mycoheterotrophic Plant: Biome Composition.

Canonical archetype:
A canonical mycoheterotrophic plant designed as a scientifically plausible plant-like or fungal organism whose anchoring, support, transport, energy capture, growth, reproduction, ecology, and environmental adaptations are internally coherent.

Required visual and biological rules:
• credible anchoring
• coherent support and transport
• functional energy collectors
• reproductive logic
• environment-linked growth

Production request:
Create coordinated vegetation set at consistent scale.

Studio-resolved canonical values:
{{canonicalId}}, {{displayName}}, {{scientificName}}, {{originPlanet}}, {{planetType}}, {{biome}}, {{gravity}}, {{atmosphere}}, {{climate}}, {{temperatureRange}}, {{sizeScale}}, {{coloration}}, {{materials}}, {{distinctiveFeatures}}, {{lockedTraits}}, {{rarity}}, {{artDirection}}.

Preserve every locked canonical field exactly. The result must use NOVERIS Scientific Realism: premium AAA science-fiction quality, museum-grade reference presentation, scientifically plausible structure, coherent materials, restrained coloration unless canon requires otherwise, readable silhouette, consistent scale and anatomy or growth across all views, soft neutral studio lighting, pure black background for isolated references, full requested subject visibility, generous negative space, and PSD-friendly extraction. Habitat and biome outputs may use the canonical environment. No baked-in text, labels, watermark, logo, border, or UI.

Create four clearly different but canon-compliant versions. Preserve body plan or growth architecture, structural counts, environmental adaptations, materials, defining features, and locked coloration. Vary only permitted secondary proportions, markings, surface detail, minor ornamentation, natural wear, and pose or growth irregularity.

Recommended aspect ratio: 16:9.","text, labels, watermark, signature, logo, border, frame, UI, HUD, cropped subject, duplicate anatomy, contradictory anatomy, impossible balance, unsupported structures, random wings, random horns, humanoid default, fantasy armor, weapons, cartoon, anime, toy-like materials, excessive neon, excessive glow, oversaturated colors, busy background, motion blur, low resolution, compression artifacts, generic Earth copy, unsupported fantasy styling, traits conflicting with locked canon",1.0.0,canonical
NB2-PLT-PH-009-MYCOHETEROTROPHIC-PLANT-DISCOVERY,PLT-PH-009-MYCOHETEROTROPHIC-PLANT,Mycoheterotrophic Plant,discovery,Discovery Scan,16:9,"Create a canonical NOVERIS Nano Banana 2 visual for Mycoheterotrophic Plant: Discovery Scan.

Canonical archetype:
A canonical mycoheterotrophic plant designed as a scientifically plausible plant-like or fungal organism whose anchoring, support, transport, energy capture, growth, reproduction, ecology, and environmental adaptations are internally coherent.

Required visual and biological rules:
• credible anchoring
• coherent support and transport
• functional energy collectors
• reproductive logic
• environment-linked growth

Production request:
Create centered scientific scan source without labels.

Studio-resolved canonical values:
{{canonicalId}}, {{displayName}}, {{scientificName}}, {{originPlanet}}, {{planetType}}, {{biome}}, {{gravity}}, {{atmosphere}}, {{climate}}, {{temperatureRange}}, {{sizeScale}}, {{coloration}}, {{materials}}, {{distinctiveFeatures}}, {{lockedTraits}}, {{rarity}}, {{artDirection}}.

Preserve every locked canonical field exactly. The result must use NOVERIS Scientific Realism: premium AAA science-fiction quality, museum-grade reference presentation, scientifically plausible structure, coherent materials, restrained coloration unless canon requires otherwise, readable silhouette, consistent scale and anatomy or growth across all views, soft neutral studio lighting, pure black background for isolated references, full requested subject visibility, generous negative space, and PSD-friendly extraction. Habitat and biome outputs may use the canonical environment. No baked-in text, labels, watermark, logo, border, or UI.

Create four clearly different but canon-compliant versions. Preserve body plan or growth architecture, structural counts, environmental adaptations, materials, defining features, and locked coloration. Vary only permitted secondary proportions, markings, surface detail, minor ornamentation, natural wear, and pose or growth irregularity.

Recommended aspect ratio: 16:9.","text, labels, watermark, signature, logo, border, frame, UI, HUD, cropped subject, duplicate anatomy, contradictory anatomy, impossible balance, unsupported structures, random wings, random horns, humanoid default, fantasy armor, weapons, cartoon, anime, toy-like materials, excessive neon, excessive glow, oversaturated colors, busy background, motion blur, low resolution, compression artifacts, generic Earth copy, unsupported fantasy styling, traits conflicting with locked canon",1.0.0,canonical
NB2-PLT-PH-009-MYCOHETEROTROPHIC-PLANT-ICON,PLT-PH-009-MYCOHETEROTROPHIC-PLANT,Mycoheterotrophic Plant,icon,UI Icon,1:1,"Create a canonical NOVERIS Nano Banana 2 visual for Mycoheterotrophic Plant: UI Icon.

Canonical archetype:
A canonical mycoheterotrophic plant designed as a scientifically plausible plant-like or fungal organism whose anchoring, support, transport, energy capture, growth, reproduction, ecology, and environmental adaptations are internally coherent.

Required visual and biological rules:
• credible anchoring
• coherent support and transport
• functional energy collectors
• reproductive logic
• environment-linked growth

Production request:
Create isolated silhouette readable at 64 pixels.

Studio-resolved canonical values:
{{canonicalId}}, {{displayName}}, {{scientificName}}, {{originPlanet}}, {{planetType}}, {{biome}}, {{gravity}}, {{atmosphere}}, {{climate}}, {{temperatureRange}}, {{sizeScale}}, {{coloration}}, {{materials}}, {{distinctiveFeatures}}, {{lockedTraits}}, {{rarity}}, {{artDirection}}.

Preserve every locked canonical field exactly. The result must use NOVERIS Scientific Realism: premium AAA science-fiction quality, museum-grade reference presentation, scientifically plausible structure, coherent materials, restrained coloration unless canon requires otherwise, readable silhouette, consistent scale and anatomy or growth across all views, soft neutral studio lighting, pure black background for isolated references, full requested subject visibility, generous negative space, and PSD-friendly extraction. Habitat and biome outputs may use the canonical environment. No baked-in text, labels, watermark, logo, border, or UI.

Create four clearly different but canon-compliant versions. Preserve body plan or growth architecture, structural counts, environmental adaptations, materials, defining features, and locked coloration. Vary only permitted secondary proportions, markings, surface detail, minor ornamentation, natural wear, and pose or growth irregularity.

Recommended aspect ratio: 1:1.","text, labels, watermark, signature, logo, border, frame, UI, HUD, cropped subject, duplicate anatomy, contradictory anatomy, impossible balance, unsupported structures, random wings, random horns, humanoid default, fantasy armor, weapons, cartoon, anime, toy-like materials, excessive neon, excessive glow, oversaturated colors, busy background, motion blur, low resolution, compression artifacts, generic Earth copy, unsupported fantasy styling, traits conflicting with locked canon",1.0.0,canonical
NB2-PLT-PH-009-MYCOHETEROTROPHIC-PLANT-SCALE,PLT-PH-009-MYCOHETEROTROPHIC-PLANT,Mycoheterotrophic Plant,scale,Scale Comparison,16:9,"Create a canonical NOVERIS Nano Banana 2 visual for Mycoheterotrophic Plant: Scale Comparison.

Canonical archetype:
A canonical mycoheterotrophic plant designed as a scientifically plausible plant-like or fungal organism whose anchoring, support, transport, energy capture, growth, reproduction, ecology, and environmental adaptations are internally coherent.

Required visual and biological rules:
• credible anchoring
• coherent support and transport
• functional energy collectors
• reproductive logic
• environment-linked growth

Production request:
Create side view with adult human silhouette and one-meter bar.

Studio-resolved canonical values:
{{canonicalId}}, {{displayName}}, {{scientificName}}, {{originPlanet}}, {{planetType}}, {{biome}}, {{gravity}}, {{atmosphere}}, {{climate}}, {{temperatureRange}}, {{sizeScale}}, {{coloration}}, {{materials}}, {{distinctiveFeatures}}, {{lockedTraits}}, {{rarity}}, {{artDirection}}.

Preserve every locked canonical field exactly. The result must use NOVERIS Scientific Realism: premium AAA science-fiction quality, museum-grade reference presentation, scientifically plausible structure, coherent materials, restrained coloration unless canon requires otherwise, readable silhouette, consistent scale and anatomy or growth across all views, soft neutral studio lighting, pure black background for isolated references, full requested subject visibility, generous negative space, and PSD-friendly extraction. Habitat and biome outputs may use the canonical environment. No baked-in text, labels, watermark, logo, border, or UI.

Create four clearly different but canon-compliant versions. Preserve body plan or growth architecture, structural counts, environmental adaptations, materials, defining features, and locked coloration. Vary only permitted secondary proportions, markings, surface detail, minor ornamentation, natural wear, and pose or growth irregularity.

Recommended aspect ratio: 16:9.","text, labels, watermark, signature, logo, border, frame, UI, HUD, cropped subject, duplicate anatomy, contradictory anatomy, impossible balance, unsupported structures, random wings, random horns, humanoid default, fantasy armor, weapons, cartoon, anime, toy-like materials, excessive neon, excessive glow, oversaturated colors, busy background, motion blur, low resolution, compression artifacts, generic Earth copy, unsupported fantasy styling, traits conflicting with locked canon",1.0.0,canonical
NB2-PLT-PH-009-MYCOHETEROTROPHIC-PLANT-PLATE,PLT-PH-009-MYCOHETEROTROPHIC-PLANT,Mycoheterotrophic Plant,plate,Master Botanical Plate,16:9,"Create a canonical NOVERIS Nano Banana 2 visual for Mycoheterotrophic Plant: Master Botanical Plate.

Canonical archetype:
A canonical mycoheterotrophic plant designed as a scientifically plausible plant-like or fungal organism whose anchoring, support, transport, energy capture, growth, reproduction, ecology, and environmental adaptations are internally coherent.

Required visual and biological rules:
• credible anchoring
• coherent support and transport
• functional energy collectors
• reproductive logic
• environment-linked growth

Production request:
Create whole organism, views, roots, structure, collectors, reproduction, stages, materials and habitat vignette.

Studio-resolved canonical values:
{{canonicalId}}, {{displayName}}, {{scientificName}}, {{originPlanet}}, {{planetType}}, {{biome}}, {{gravity}}, {{atmosphere}}, {{climate}}, {{temperatureRange}}, {{sizeScale}}, {{coloration}}, {{materials}}, {{distinctiveFeatures}}, {{lockedTraits}}, {{rarity}}, {{artDirection}}.

Preserve every locked canonical field exactly. The result must use NOVERIS Scientific Realism: premium AAA science-fiction quality, museum-grade reference presentation, scientifically plausible structure, coherent materials, restrained coloration unless canon requires otherwise, readable silhouette, consistent scale and anatomy or growth across all views, soft neutral studio lighting, pure black background for isolated references, full requested subject visibility, generous negative space, and PSD-friendly extraction. Habitat and biome outputs may use the canonical environment. No baked-in text, labels, watermark, logo, border, or UI.

Create four clearly different but canon-compliant versions. Preserve body plan or growth architecture, structural counts, environmental adaptations, materials, defining features, and locked coloration. Vary only permitted secondary proportions, markings, surface detail, minor ornamentation, natural wear, and pose or growth irregularity.

Recommended aspect ratio: 16:9.","text, labels, watermark, signature, logo, border, frame, UI, HUD, cropped subject, duplicate anatomy, contradictory anatomy, impossible balance, unsupported structures, random wings, random horns, humanoid default, fantasy armor, weapons, cartoon, anime, toy-like materials, excessive neon, excessive glow, oversaturated colors, busy background, motion blur, low resolution, compression artifacts, generic Earth copy, unsupported fantasy styling, traits conflicting with locked canon",1.0.0,canonical
NB2-PLT-PH-009-MYCOHETEROTROPHIC-PLANT-PSD,PLT-PH-009-MYCOHETEROTROPHIC-PLANT,Mycoheterotrophic Plant,psd,PSD Extraction Board,16:9,"Create a canonical NOVERIS Nano Banana 2 visual for Mycoheterotrophic Plant: PSD Extraction Board.

Canonical archetype:
A canonical mycoheterotrophic plant designed as a scientifically plausible plant-like or fungal organism whose anchoring, support, transport, energy capture, growth, reproduction, ecology, and environmental adaptations are internally coherent.

Required visual and biological rules:
• credible anchoring
• coherent support and transport
• functional energy collectors
• reproductive logic
• environment-linked growth

Production request:
Create isolated whole organism, parts, silhouette and material references.

Studio-resolved canonical values:
{{canonicalId}}, {{displayName}}, {{scientificName}}, {{originPlanet}}, {{planetType}}, {{biome}}, {{gravity}}, {{atmosphere}}, {{climate}}, {{temperatureRange}}, {{sizeScale}}, {{coloration}}, {{materials}}, {{distinctiveFeatures}}, {{lockedTraits}}, {{rarity}}, {{artDirection}}.

Preserve every locked canonical field exactly. The result must use NOVERIS Scientific Realism: premium AAA science-fiction quality, museum-grade reference presentation, scientifically plausible structure, coherent materials, restrained coloration unless canon requires otherwise, readable silhouette, consistent scale and anatomy or growth across all views, soft neutral studio lighting, pure black background for isolated references, full requested subject visibility, generous negative space, and PSD-friendly extraction. Habitat and biome outputs may use the canonical environment. No baked-in text, labels, watermark, logo, border, or UI.

Create four clearly different but canon-compliant versions. Preserve body plan or growth architecture, structural counts, environmental adaptations, materials, defining features, and locked coloration. Vary only permitted secondary proportions, markings, surface detail, minor ornamentation, natural wear, and pose or growth irregularity.

Recommended aspect ratio: 16:9.","text, labels, watermark, signature, logo, border, frame, UI, HUD, cropped subject, duplicate anatomy, contradictory anatomy, impossible balance, unsupported structures, random wings, random horns, humanoid default, fantasy armor, weapons, cartoon, anime, toy-like materials, excessive neon, excessive glow, oversaturated colors, busy background, motion blur, low resolution, compression artifacts, generic Earth copy, unsupported fantasy styling, traits conflicting with locked canon",1.0.0,canonical
NB2-PLT-PH-010-SYMBIOTIC-PLANT-WHOLE-PLANT,PLT-PH-010-SYMBIOTIC-PLANT,Symbiotic Plant,whole-plant,Whole Plant Production Render,3:4,"Create a canonical NOVERIS Nano Banana 2 visual for Symbiotic Plant: Whole Plant Production Render.

Canonical archetype:
A canonical symbiotic plant designed as a scientifically plausible plant-like or fungal organism whose anchoring, support, transport, energy capture, growth, reproduction, ecology, and environmental adaptations are internally coherent.

Required visual and biological rules:
• credible anchoring
• coherent support and transport
• functional energy collectors
• reproductive logic
• environment-linked growth

Production request:
Create complete mature organism including roots or anchor system.

Studio-resolved canonical values:
{{canonicalId}}, {{displayName}}, {{scientificName}}, {{originPlanet}}, {{planetType}}, {{biome}}, {{gravity}}, {{atmosphere}}, {{climate}}, {{temperatureRange}}, {{sizeScale}}, {{coloration}}, {{materials}}, {{distinctiveFeatures}}, {{lockedTraits}}, {{rarity}}, {{artDirection}}.

Preserve every locked canonical field exactly. The result must use NOVERIS Scientific Realism: premium AAA science-fiction quality, museum-grade reference presentation, scientifically plausible structure, coherent materials, restrained coloration unless canon requires otherwise, readable silhouette, consistent scale and anatomy or growth across all views, soft neutral studio lighting, pure black background for isolated references, full requested subject visibility, generous negative space, and PSD-friendly extraction. Habitat and biome outputs may use the canonical environment. No baked-in text, labels, watermark, logo, border, or UI.

Create four clearly different but canon-compliant versions. Preserve body plan or growth architecture, structural counts, environmental adaptations, materials, defining features, and locked coloration. Vary only permitted secondary proportions, markings, surface detail, minor ornamentation, natural wear, and pose or growth irregularity.

Recommended aspect ratio: 3:4.","text, labels, watermark, signature, logo, border, frame, UI, HUD, cropped subject, duplicate anatomy, contradictory anatomy, impossible balance, unsupported structures, random wings, random horns, humanoid default, fantasy armor, weapons, cartoon, anime, toy-like materials, excessive neon, excessive glow, oversaturated colors, busy background, motion blur, low resolution, compression artifacts, generic Earth copy, unsupported fantasy styling, traits conflicting with locked canon",1.0.0,canonical
NB2-PLT-PH-010-SYMBIOTIC-PLANT-PORTRAIT,PLT-PH-010-SYMBIOTIC-PLANT,Symbiotic Plant,portrait,Botanical Portrait,1:1,"Create a canonical NOVERIS Nano Banana 2 visual for Symbiotic Plant: Botanical Portrait.

Canonical archetype:
A canonical symbiotic plant designed as a scientifically plausible plant-like or fungal organism whose anchoring, support, transport, energy capture, growth, reproduction, ecology, and environmental adaptations are internally coherent.

Required visual and biological rules:
• credible anchoring
• coherent support and transport
• functional energy collectors
• reproductive logic
• environment-linked growth

Production request:
Create defining growth form, foliage, collectors and reproduction.

Studio-resolved canonical values:
{{canonicalId}}, {{displayName}}, {{scientificName}}, {{originPlanet}}, {{planetType}}, {{biome}}, {{gravity}}, {{atmosphere}}, {{climate}}, {{temperatureRange}}, {{sizeScale}}, {{coloration}}, {{materials}}, {{distinctiveFeatures}}, {{lockedTraits}}, {{rarity}}, {{artDirection}}.

Preserve every locked canonical field exactly. The result must use NOVERIS Scientific Realism: premium AAA science-fiction quality, museum-grade reference presentation, scientifically plausible structure, coherent materials, restrained coloration unless canon requires otherwise, readable silhouette, consistent scale and anatomy or growth across all views, soft neutral studio lighting, pure black background for isolated references, full requested subject visibility, generous negative space, and PSD-friendly extraction. Habitat and biome outputs may use the canonical environment. No baked-in text, labels, watermark, logo, border, or UI.

Create four clearly different but canon-compliant versions. Preserve body plan or growth architecture, structural counts, environmental adaptations, materials, defining features, and locked coloration. Vary only permitted secondary proportions, markings, surface detail, minor ornamentation, natural wear, and pose or growth irregularity.

Recommended aspect ratio: 1:1.","text, labels, watermark, signature, logo, border, frame, UI, HUD, cropped subject, duplicate anatomy, contradictory anatomy, impossible balance, unsupported structures, random wings, random horns, humanoid default, fantasy armor, weapons, cartoon, anime, toy-like materials, excessive neon, excessive glow, oversaturated colors, busy background, motion blur, low resolution, compression artifacts, generic Earth copy, unsupported fantasy styling, traits conflicting with locked canon",1.0.0,canonical
NB2-PLT-PH-010-SYMBIOTIC-PLANT-ORTHO-FRONT,PLT-PH-010-SYMBIOTIC-PLANT,Symbiotic Plant,ortho-front,Orthographic Front,3:4,"Create a canonical NOVERIS Nano Banana 2 visual for Symbiotic Plant: Orthographic Front.

Canonical archetype:
A canonical symbiotic plant designed as a scientifically plausible plant-like or fungal organism whose anchoring, support, transport, energy capture, growth, reproduction, ecology, and environmental adaptations are internally coherent.

Required visual and biological rules:
• credible anchoring
• coherent support and transport
• functional energy collectors
• reproductive logic
• environment-linked growth

Production request:
Create exact front orthographic view.

Studio-resolved canonical values:
{{canonicalId}}, {{displayName}}, {{scientificName}}, {{originPlanet}}, {{planetType}}, {{biome}}, {{gravity}}, {{atmosphere}}, {{climate}}, {{temperatureRange}}, {{sizeScale}}, {{coloration}}, {{materials}}, {{distinctiveFeatures}}, {{lockedTraits}}, {{rarity}}, {{artDirection}}.

Preserve every locked canonical field exactly. The result must use NOVERIS Scientific Realism: premium AAA science-fiction quality, museum-grade reference presentation, scientifically plausible structure, coherent materials, restrained coloration unless canon requires otherwise, readable silhouette, consistent scale and anatomy or growth across all views, soft neutral studio lighting, pure black background for isolated references, full requested subject visibility, generous negative space, and PSD-friendly extraction. Habitat and biome outputs may use the canonical environment. No baked-in text, labels, watermark, logo, border, or UI.

Create four clearly different but canon-compliant versions. Preserve body plan or growth architecture, structural counts, environmental adaptations, materials, defining features, and locked coloration. Vary only permitted secondary proportions, markings, surface detail, minor ornamentation, natural wear, and pose or growth irregularity.

Recommended aspect ratio: 3:4.","text, labels, watermark, signature, logo, border, frame, UI, HUD, cropped subject, duplicate anatomy, contradictory anatomy, impossible balance, unsupported structures, random wings, random horns, humanoid default, fantasy armor, weapons, cartoon, anime, toy-like materials, excessive neon, excessive glow, oversaturated colors, busy background, motion blur, low resolution, compression artifacts, generic Earth copy, unsupported fantasy styling, traits conflicting with locked canon",1.0.0,canonical
NB2-PLT-PH-010-SYMBIOTIC-PLANT-ORTHO-SIDE,PLT-PH-010-SYMBIOTIC-PLANT,Symbiotic Plant,ortho-side,Orthographic Side,3:4,"Create a canonical NOVERIS Nano Banana 2 visual for Symbiotic Plant: Orthographic Side.

Canonical archetype:
A canonical symbiotic plant designed as a scientifically plausible plant-like or fungal organism whose anchoring, support, transport, energy capture, growth, reproduction, ecology, and environmental adaptations are internally coherent.

Required visual and biological rules:
• credible anchoring
• coherent support and transport
• functional energy collectors
• reproductive logic
• environment-linked growth

Production request:
Create exact side orthographic view.

Studio-resolved canonical values:
{{canonicalId}}, {{displayName}}, {{scientificName}}, {{originPlanet}}, {{planetType}}, {{biome}}, {{gravity}}, {{atmosphere}}, {{climate}}, {{temperatureRange}}, {{sizeScale}}, {{coloration}}, {{materials}}, {{distinctiveFeatures}}, {{lockedTraits}}, {{rarity}}, {{artDirection}}.

Preserve every locked canonical field exactly. The result must use NOVERIS Scientific Realism: premium AAA science-fiction quality, museum-grade reference presentation, scientifically plausible structure, coherent materials, restrained coloration unless canon requires otherwise, readable silhouette, consistent scale and anatomy or growth across all views, soft neutral studio lighting, pure black background for isolated references, full requested subject visibility, generous negative space, and PSD-friendly extraction. Habitat and biome outputs may use the canonical environment. No baked-in text, labels, watermark, logo, border, or UI.

Create four clearly different but canon-compliant versions. Preserve body plan or growth architecture, structural counts, environmental adaptations, materials, defining features, and locked coloration. Vary only permitted secondary proportions, markings, surface detail, minor ornamentation, natural wear, and pose or growth irregularity.

Recommended aspect ratio: 3:4.","text, labels, watermark, signature, logo, border, frame, UI, HUD, cropped subject, duplicate anatomy, contradictory anatomy, impossible balance, unsupported structures, random wings, random horns, humanoid default, fantasy armor, weapons, cartoon, anime, toy-like materials, excessive neon, excessive glow, oversaturated colors, busy background, motion blur, low resolution, compression artifacts, generic Earth copy, unsupported fantasy styling, traits conflicting with locked canon",1.0.0,canonical
NB2-PLT-PH-010-SYMBIOTIC-PLANT-ORTHO-TOP,PLT-PH-010-SYMBIOTIC-PLANT,Symbiotic Plant,ortho-top,Orthographic Top,1:1,"Create a canonical NOVERIS Nano Banana 2 visual for Symbiotic Plant: Orthographic Top.

Canonical archetype:
A canonical symbiotic plant designed as a scientifically plausible plant-like or fungal organism whose anchoring, support, transport, energy capture, growth, reproduction, ecology, and environmental adaptations are internally coherent.

Required visual and biological rules:
• credible anchoring
• coherent support and transport
• functional energy collectors
• reproductive logic
• environment-linked growth

Production request:
Create exact top view showing spread and growth geometry.

Studio-resolved canonical values:
{{canonicalId}}, {{displayName}}, {{scientificName}}, {{originPlanet}}, {{planetType}}, {{biome}}, {{gravity}}, {{atmosphere}}, {{climate}}, {{temperatureRange}}, {{sizeScale}}, {{coloration}}, {{materials}}, {{distinctiveFeatures}}, {{lockedTraits}}, {{rarity}}, {{artDirection}}.

Preserve every locked canonical field exactly. The result must use NOVERIS Scientific Realism: premium AAA science-fiction quality, museum-grade reference presentation, scientifically plausible structure, coherent materials, restrained coloration unless canon requires otherwise, readable silhouette, consistent scale and anatomy or growth across all views, soft neutral studio lighting, pure black background for isolated references, full requested subject visibility, generous negative space, and PSD-friendly extraction. Habitat and biome outputs may use the canonical environment. No baked-in text, labels, watermark, logo, border, or UI.

Create four clearly different but canon-compliant versions. Preserve body plan or growth architecture, structural counts, environmental adaptations, materials, defining features, and locked coloration. Vary only permitted secondary proportions, markings, surface detail, minor ornamentation, natural wear, and pose or growth irregularity.

Recommended aspect ratio: 1:1.","text, labels, watermark, signature, logo, border, frame, UI, HUD, cropped subject, duplicate anatomy, contradictory anatomy, impossible balance, unsupported structures, random wings, random horns, humanoid default, fantasy armor, weapons, cartoon, anime, toy-like materials, excessive neon, excessive glow, oversaturated colors, busy background, motion blur, low resolution, compression artifacts, generic Earth copy, unsupported fantasy styling, traits conflicting with locked canon",1.0.0,canonical
NB2-PLT-PH-010-SYMBIOTIC-PLANT-ROOTS,PLT-PH-010-SYMBIOTIC-PLANT,Symbiotic Plant,roots,Root or Anchor System,16:9,"Create a canonical NOVERIS Nano Banana 2 visual for Symbiotic Plant: Root or Anchor System.

Canonical archetype:
A canonical symbiotic plant designed as a scientifically plausible plant-like or fungal organism whose anchoring, support, transport, energy capture, growth, reproduction, ecology, and environmental adaptations are internally coherent.

Required visual and biological rules:
• credible anchoring
• coherent support and transport
• functional energy collectors
• reproductive logic
• environment-linked growth

Production request:
Create complete substrate interface and nutrient exchange structures.

Studio-resolved canonical values:
{{canonicalId}}, {{displayName}}, {{scientificName}}, {{originPlanet}}, {{planetType}}, {{biome}}, {{gravity}}, {{atmosphere}}, {{climate}}, {{temperatureRange}}, {{sizeScale}}, {{coloration}}, {{materials}}, {{distinctiveFeatures}}, {{lockedTraits}}, {{rarity}}, {{artDirection}}.

Preserve every locked canonical field exactly. The result must use NOVERIS Scientific Realism: premium AAA science-fiction quality, museum-grade reference presentation, scientifically plausible structure, coherent materials, restrained coloration unless canon requires otherwise, readable silhouette, consistent scale and anatomy or growth across all views, soft neutral studio lighting, pure black background for isolated references, full requested subject visibility, generous negative space, and PSD-friendly extraction. Habitat and biome outputs may use the canonical environment. No baked-in text, labels, watermark, logo, border, or UI.

Create four clearly different but canon-compliant versions. Preserve body plan or growth architecture, structural counts, environmental adaptations, materials, defining features, and locked coloration. Vary only permitted secondary proportions, markings, surface detail, minor ornamentation, natural wear, and pose or growth irregularity.

Recommended aspect ratio: 16:9.","text, labels, watermark, signature, logo, border, frame, UI, HUD, cropped subject, duplicate anatomy, contradictory anatomy, impossible balance, unsupported structures, random wings, random horns, humanoid default, fantasy armor, weapons, cartoon, anime, toy-like materials, excessive neon, excessive glow, oversaturated colors, busy background, motion blur, low resolution, compression artifacts, generic Earth copy, unsupported fantasy styling, traits conflicting with locked canon",1.0.0,canonical
NB2-PLT-PH-010-SYMBIOTIC-PLANT-STEMS,PLT-PH-010-SYMBIOTIC-PLANT,Symbiotic Plant,stems,"Stem, Trunk or Structural Study",16:9,"Create a canonical NOVERIS Nano Banana 2 visual for Symbiotic Plant: Stem, Trunk or Structural Study.

Canonical archetype:
A canonical symbiotic plant designed as a scientifically plausible plant-like or fungal organism whose anchoring, support, transport, energy capture, growth, reproduction, ecology, and environmental adaptations are internally coherent.

Required visual and biological rules:
• credible anchoring
• coherent support and transport
• functional energy collectors
• reproductive logic
• environment-linked growth

Production request:
Create support and transport architecture.

Studio-resolved canonical values:
{{canonicalId}}, {{displayName}}, {{scientificName}}, {{originPlanet}}, {{planetType}}, {{biome}}, {{gravity}}, {{atmosphere}}, {{climate}}, {{temperatureRange}}, {{sizeScale}}, {{coloration}}, {{materials}}, {{distinctiveFeatures}}, {{lockedTraits}}, {{rarity}}, {{artDirection}}.

Preserve every locked canonical field exactly. The result must use NOVERIS Scientific Realism: premium AAA science-fiction quality, museum-grade reference presentation, scientifically plausible structure, coherent materials, restrained coloration unless canon requires otherwise, readable silhouette, consistent scale and anatomy or growth across all views, soft neutral studio lighting, pure black background for isolated references, full requested subject visibility, generous negative space, and PSD-friendly extraction. Habitat and biome outputs may use the canonical environment. No baked-in text, labels, watermark, logo, border, or UI.

Create four clearly different but canon-compliant versions. Preserve body plan or growth architecture, structural counts, environmental adaptations, materials, defining features, and locked coloration. Vary only permitted secondary proportions, markings, surface detail, minor ornamentation, natural wear, and pose or growth irregularity.

Recommended aspect ratio: 16:9.","text, labels, watermark, signature, logo, border, frame, UI, HUD, cropped subject, duplicate anatomy, contradictory anatomy, impossible balance, unsupported structures, random wings, random horns, humanoid default, fantasy armor, weapons, cartoon, anime, toy-like materials, excessive neon, excessive glow, oversaturated colors, busy background, motion blur, low resolution, compression artifacts, generic Earth copy, unsupported fantasy styling, traits conflicting with locked canon",1.0.0,canonical
NB2-PLT-PH-010-SYMBIOTIC-PLANT-COLLECTORS,PLT-PH-010-SYMBIOTIC-PLANT,Symbiotic Plant,collectors,Leaves or Collector Study,16:9,"Create a canonical NOVERIS Nano Banana 2 visual for Symbiotic Plant: Leaves or Collector Study.

Canonical archetype:
A canonical symbiotic plant designed as a scientifically plausible plant-like or fungal organism whose anchoring, support, transport, energy capture, growth, reproduction, ecology, and environmental adaptations are internally coherent.

Required visual and biological rules:
• credible anchoring
• coherent support and transport
• functional energy collectors
• reproductive logic
• environment-linked growth

Production request:
Create front, back, edge, juvenile, mature and stressed states.

Studio-resolved canonical values:
{{canonicalId}}, {{displayName}}, {{scientificName}}, {{originPlanet}}, {{planetType}}, {{biome}}, {{gravity}}, {{atmosphere}}, {{climate}}, {{temperatureRange}}, {{sizeScale}}, {{coloration}}, {{materials}}, {{distinctiveFeatures}}, {{lockedTraits}}, {{rarity}}, {{artDirection}}.

Preserve every locked canonical field exactly. The result must use NOVERIS Scientific Realism: premium AAA science-fiction quality, museum-grade reference presentation, scientifically plausible structure, coherent materials, restrained coloration unless canon requires otherwise, readable silhouette, consistent scale and anatomy or growth across all views, soft neutral studio lighting, pure black background for isolated references, full requested subject visibility, generous negative space, and PSD-friendly extraction. Habitat and biome outputs may use the canonical environment. No baked-in text, labels, watermark, logo, border, or UI.

Create four clearly different but canon-compliant versions. Preserve body plan or growth architecture, structural counts, environmental adaptations, materials, defining features, and locked coloration. Vary only permitted secondary proportions, markings, surface detail, minor ornamentation, natural wear, and pose or growth irregularity.

Recommended aspect ratio: 16:9.","text, labels, watermark, signature, logo, border, frame, UI, HUD, cropped subject, duplicate anatomy, contradictory anatomy, impossible balance, unsupported structures, random wings, random horns, humanoid default, fantasy armor, weapons, cartoon, anime, toy-like materials, excessive neon, excessive glow, oversaturated colors, busy background, motion blur, low resolution, compression artifacts, generic Earth copy, unsupported fantasy styling, traits conflicting with locked canon",1.0.0,canonical
NB2-PLT-PH-010-SYMBIOTIC-PLANT-REPRODUCTION,PLT-PH-010-SYMBIOTIC-PLANT,Symbiotic Plant,reproduction,Reproductive Structure,16:9,"Create a canonical NOVERIS Nano Banana 2 visual for Symbiotic Plant: Reproductive Structure.

Canonical archetype:
A canonical symbiotic plant designed as a scientifically plausible plant-like or fungal organism whose anchoring, support, transport, energy capture, growth, reproduction, ecology, and environmental adaptations are internally coherent.

Required visual and biological rules:
• credible anchoring
• coherent support and transport
• functional energy collectors
• reproductive logic
• environment-linked growth

Production request:
Create flowers, cones, spores, fields or equivalent stages.

Studio-resolved canonical values:
{{canonicalId}}, {{displayName}}, {{scientificName}}, {{originPlanet}}, {{planetType}}, {{biome}}, {{gravity}}, {{atmosphere}}, {{climate}}, {{temperatureRange}}, {{sizeScale}}, {{coloration}}, {{materials}}, {{distinctiveFeatures}}, {{lockedTraits}}, {{rarity}}, {{artDirection}}.

Preserve every locked canonical field exactly. The result must use NOVERIS Scientific Realism: premium AAA science-fiction quality, museum-grade reference presentation, scientifically plausible structure, coherent materials, restrained coloration unless canon requires otherwise, readable silhouette, consistent scale and anatomy or growth across all views, soft neutral studio lighting, pure black background for isolated references, full requested subject visibility, generous negative space, and PSD-friendly extraction. Habitat and biome outputs may use the canonical environment. No baked-in text, labels, watermark, logo, border, or UI.

Create four clearly different but canon-compliant versions. Preserve body plan or growth architecture, structural counts, environmental adaptations, materials, defining features, and locked coloration. Vary only permitted secondary proportions, markings, surface detail, minor ornamentation, natural wear, and pose or growth irregularity.

Recommended aspect ratio: 16:9.","text, labels, watermark, signature, logo, border, frame, UI, HUD, cropped subject, duplicate anatomy, contradictory anatomy, impossible balance, unsupported structures, random wings, random horns, humanoid default, fantasy armor, weapons, cartoon, anime, toy-like materials, excessive neon, excessive glow, oversaturated colors, busy background, motion blur, low resolution, compression artifacts, generic Earth copy, unsupported fantasy styling, traits conflicting with locked canon",1.0.0,canonical
NB2-PLT-PH-010-SYMBIOTIC-PLANT-PROPAGULES,PLT-PH-010-SYMBIOTIC-PLANT,Symbiotic Plant,propagules,"Seed, Spore or Propagule Study",16:9,"Create a canonical NOVERIS Nano Banana 2 visual for Symbiotic Plant: Seed, Spore or Propagule Study.

Canonical archetype:
A canonical symbiotic plant designed as a scientifically plausible plant-like or fungal organism whose anchoring, support, transport, energy capture, growth, reproduction, ecology, and environmental adaptations are internally coherent.

Required visual and biological rules:
• credible anchoring
• coherent support and transport
• functional energy collectors
• reproductive logic
• environment-linked growth

Production request:
Create dispersal, germination and early establishment.

Studio-resolved canonical values:
{{canonicalId}}, {{displayName}}, {{scientificName}}, {{originPlanet}}, {{planetType}}, {{biome}}, {{gravity}}, {{atmosphere}}, {{climate}}, {{temperatureRange}}, {{sizeScale}}, {{coloration}}, {{materials}}, {{distinctiveFeatures}}, {{lockedTraits}}, {{rarity}}, {{artDirection}}.

Preserve every locked canonical field exactly. The result must use NOVERIS Scientific Realism: premium AAA science-fiction quality, museum-grade reference presentation, scientifically plausible structure, coherent materials, restrained coloration unless canon requires otherwise, readable silhouette, consistent scale and anatomy or growth across all views, soft neutral studio lighting, pure black background for isolated references, full requested subject visibility, generous negative space, and PSD-friendly extraction. Habitat and biome outputs may use the canonical environment. No baked-in text, labels, watermark, logo, border, or UI.

Create four clearly different but canon-compliant versions. Preserve body plan or growth architecture, structural counts, environmental adaptations, materials, defining features, and locked coloration. Vary only permitted secondary proportions, markings, surface detail, minor ornamentation, natural wear, and pose or growth irregularity.

Recommended aspect ratio: 16:9.","text, labels, watermark, signature, logo, border, frame, UI, HUD, cropped subject, duplicate anatomy, contradictory anatomy, impossible balance, unsupported structures, random wings, random horns, humanoid default, fantasy armor, weapons, cartoon, anime, toy-like materials, excessive neon, excessive glow, oversaturated colors, busy background, motion blur, low resolution, compression artifacts, generic Earth copy, unsupported fantasy styling, traits conflicting with locked canon",1.0.0,canonical
NB2-PLT-PH-010-SYMBIOTIC-PLANT-CROSS-SECTION,PLT-PH-010-SYMBIOTIC-PLANT,Symbiotic Plant,cross-section,Internal Cross Section,16:9,"Create a canonical NOVERIS Nano Banana 2 visual for Symbiotic Plant: Internal Cross Section.

Canonical archetype:
A canonical symbiotic plant designed as a scientifically plausible plant-like or fungal organism whose anchoring, support, transport, energy capture, growth, reproduction, ecology, and environmental adaptations are internally coherent.

Required visual and biological rules:
• credible anchoring
• coherent support and transport
• functional energy collectors
• reproductive logic
• environment-linked growth

Production request:
Create protection, transport, support, storage and reproduction.

Studio-resolved canonical values:
{{canonicalId}}, {{displayName}}, {{scientificName}}, {{originPlanet}}, {{planetType}}, {{biome}}, {{gravity}}, {{atmosphere}}, {{climate}}, {{temperatureRange}}, {{sizeScale}}, {{coloration}}, {{materials}}, {{distinctiveFeatures}}, {{lockedTraits}}, {{rarity}}, {{artDirection}}.

Preserve every locked canonical field exactly. The result must use NOVERIS Scientific Realism: premium AAA science-fiction quality, museum-grade reference presentation, scientifically plausible structure, coherent materials, restrained coloration unless canon requires otherwise, readable silhouette, consistent scale and anatomy or growth across all views, soft neutral studio lighting, pure black background for isolated references, full requested subject visibility, generous negative space, and PSD-friendly extraction. Habitat and biome outputs may use the canonical environment. No baked-in text, labels, watermark, logo, border, or UI.

Create four clearly different but canon-compliant versions. Preserve body plan or growth architecture, structural counts, environmental adaptations, materials, defining features, and locked coloration. Vary only permitted secondary proportions, markings, surface detail, minor ornamentation, natural wear, and pose or growth irregularity.

Recommended aspect ratio: 16:9.","text, labels, watermark, signature, logo, border, frame, UI, HUD, cropped subject, duplicate anatomy, contradictory anatomy, impossible balance, unsupported structures, random wings, random horns, humanoid default, fantasy armor, weapons, cartoon, anime, toy-like materials, excessive neon, excessive glow, oversaturated colors, busy background, motion blur, low resolution, compression artifacts, generic Earth copy, unsupported fantasy styling, traits conflicting with locked canon",1.0.0,canonical
NB2-PLT-PH-010-SYMBIOTIC-PLANT-GROWTH,PLT-PH-010-SYMBIOTIC-PLANT,Symbiotic Plant,growth,Growth Stages,16:9,"Create a canonical NOVERIS Nano Banana 2 visual for Symbiotic Plant: Growth Stages.

Canonical archetype:
A canonical symbiotic plant designed as a scientifically plausible plant-like or fungal organism whose anchoring, support, transport, energy capture, growth, reproduction, ecology, and environmental adaptations are internally coherent.

Required visual and biological rules:
• credible anchoring
• coherent support and transport
• functional energy collectors
• reproductive logic
• environment-linked growth

Production request:
Create propagule, juvenile, mature, reproductive and senescent stages.

Studio-resolved canonical values:
{{canonicalId}}, {{displayName}}, {{scientificName}}, {{originPlanet}}, {{planetType}}, {{biome}}, {{gravity}}, {{atmosphere}}, {{climate}}, {{temperatureRange}}, {{sizeScale}}, {{coloration}}, {{materials}}, {{distinctiveFeatures}}, {{lockedTraits}}, {{rarity}}, {{artDirection}}.

Preserve every locked canonical field exactly. The result must use NOVERIS Scientific Realism: premium AAA science-fiction quality, museum-grade reference presentation, scientifically plausible structure, coherent materials, restrained coloration unless canon requires otherwise, readable silhouette, consistent scale and anatomy or growth across all views, soft neutral studio lighting, pure black background for isolated references, full requested subject visibility, generous negative space, and PSD-friendly extraction. Habitat and biome outputs may use the canonical environment. No baked-in text, labels, watermark, logo, border, or UI.

Create four clearly different but canon-compliant versions. Preserve body plan or growth architecture, structural counts, environmental adaptations, materials, defining features, and locked coloration. Vary only permitted secondary proportions, markings, surface detail, minor ornamentation, natural wear, and pose or growth irregularity.

Recommended aspect ratio: 16:9.","text, labels, watermark, signature, logo, border, frame, UI, HUD, cropped subject, duplicate anatomy, contradictory anatomy, impossible balance, unsupported structures, random wings, random horns, humanoid default, fantasy armor, weapons, cartoon, anime, toy-like materials, excessive neon, excessive glow, oversaturated colors, busy background, motion blur, low resolution, compression artifacts, generic Earth copy, unsupported fantasy styling, traits conflicting with locked canon",1.0.0,canonical
NB2-PLT-PH-010-SYMBIOTIC-PLANT-SEASONAL,PLT-PH-010-SYMBIOTIC-PLANT,Symbiotic Plant,seasonal,Seasonal and Stress Variants,16:9,"Create a canonical NOVERIS Nano Banana 2 visual for Symbiotic Plant: Seasonal and Stress Variants.

Canonical archetype:
A canonical symbiotic plant designed as a scientifically plausible plant-like or fungal organism whose anchoring, support, transport, energy capture, growth, reproduction, ecology, and environmental adaptations are internally coherent.

Required visual and biological rules:
• credible anchoring
• coherent support and transport
• functional energy collectors
• reproductive logic
• environment-linked growth

Production request:
Create growth, reproduction, dormancy, damage and recovery.

Studio-resolved canonical values:
{{canonicalId}}, {{displayName}}, {{scientificName}}, {{originPlanet}}, {{planetType}}, {{biome}}, {{gravity}}, {{atmosphere}}, {{climate}}, {{temperatureRange}}, {{sizeScale}}, {{coloration}}, {{materials}}, {{distinctiveFeatures}}, {{lockedTraits}}, {{rarity}}, {{artDirection}}.

Preserve every locked canonical field exactly. The result must use NOVERIS Scientific Realism: premium AAA science-fiction quality, museum-grade reference presentation, scientifically plausible structure, coherent materials, restrained coloration unless canon requires otherwise, readable silhouette, consistent scale and anatomy or growth across all views, soft neutral studio lighting, pure black background for isolated references, full requested subject visibility, generous negative space, and PSD-friendly extraction. Habitat and biome outputs may use the canonical environment. No baked-in text, labels, watermark, logo, border, or UI.

Create four clearly different but canon-compliant versions. Preserve body plan or growth architecture, structural counts, environmental adaptations, materials, defining features, and locked coloration. Vary only permitted secondary proportions, markings, surface detail, minor ornamentation, natural wear, and pose or growth irregularity.

Recommended aspect ratio: 16:9.","text, labels, watermark, signature, logo, border, frame, UI, HUD, cropped subject, duplicate anatomy, contradictory anatomy, impossible balance, unsupported structures, random wings, random horns, humanoid default, fantasy armor, weapons, cartoon, anime, toy-like materials, excessive neon, excessive glow, oversaturated colors, busy background, motion blur, low resolution, compression artifacts, generic Earth copy, unsupported fantasy styling, traits conflicting with locked canon",1.0.0,canonical
NB2-PLT-PH-010-SYMBIOTIC-PLANT-HABITAT,PLT-PH-010-SYMBIOTIC-PLANT,Symbiotic Plant,habitat,Native Habitat Composition,16:9,"Create a canonical NOVERIS Nano Banana 2 visual for Symbiotic Plant: Native Habitat Composition.

Canonical archetype:
A canonical symbiotic plant designed as a scientifically plausible plant-like or fungal organism whose anchoring, support, transport, energy capture, growth, reproduction, ecology, and environmental adaptations are internally coherent.

Required visual and biological rules:
• credible anchoring
• coherent support and transport
• functional energy collectors
• reproductive logic
• environment-linked growth

Production request:
Create natural population with spacing and age diversity.

Studio-resolved canonical values:
{{canonicalId}}, {{displayName}}, {{scientificName}}, {{originPlanet}}, {{planetType}}, {{biome}}, {{gravity}}, {{atmosphere}}, {{climate}}, {{temperatureRange}}, {{sizeScale}}, {{coloration}}, {{materials}}, {{distinctiveFeatures}}, {{lockedTraits}}, {{rarity}}, {{artDirection}}.

Preserve every locked canonical field exactly. The result must use NOVERIS Scientific Realism: premium AAA science-fiction quality, museum-grade reference presentation, scientifically plausible structure, coherent materials, restrained coloration unless canon requires otherwise, readable silhouette, consistent scale and anatomy or growth across all views, soft neutral studio lighting, pure black background for isolated references, full requested subject visibility, generous negative space, and PSD-friendly extraction. Habitat and biome outputs may use the canonical environment. No baked-in text, labels, watermark, logo, border, or UI.

Create four clearly different but canon-compliant versions. Preserve body plan or growth architecture, structural counts, environmental adaptations, materials, defining features, and locked coloration. Vary only permitted secondary proportions, markings, surface detail, minor ornamentation, natural wear, and pose or growth irregularity.

Recommended aspect ratio: 16:9.","text, labels, watermark, signature, logo, border, frame, UI, HUD, cropped subject, duplicate anatomy, contradictory anatomy, impossible balance, unsupported structures, random wings, random horns, humanoid default, fantasy armor, weapons, cartoon, anime, toy-like materials, excessive neon, excessive glow, oversaturated colors, busy background, motion blur, low resolution, compression artifacts, generic Earth copy, unsupported fantasy styling, traits conflicting with locked canon",1.0.0,canonical
NB2-PLT-PH-010-SYMBIOTIC-PLANT-BIOME,PLT-PH-010-SYMBIOTIC-PLANT,Symbiotic Plant,biome,Biome Composition,16:9,"Create a canonical NOVERIS Nano Banana 2 visual for Symbiotic Plant: Biome Composition.

Canonical archetype:
A canonical symbiotic plant designed as a scientifically plausible plant-like or fungal organism whose anchoring, support, transport, energy capture, growth, reproduction, ecology, and environmental adaptations are internally coherent.

Required visual and biological rules:
• credible anchoring
• coherent support and transport
• functional energy collectors
• reproductive logic
• environment-linked growth

Production request:
Create coordinated vegetation set at consistent scale.

Studio-resolved canonical values:
{{canonicalId}}, {{displayName}}, {{scientificName}}, {{originPlanet}}, {{planetType}}, {{biome}}, {{gravity}}, {{atmosphere}}, {{climate}}, {{temperatureRange}}, {{sizeScale}}, {{coloration}}, {{materials}}, {{distinctiveFeatures}}, {{lockedTraits}}, {{rarity}}, {{artDirection}}.

Preserve every locked canonical field exactly. The result must use NOVERIS Scientific Realism: premium AAA science-fiction quality, museum-grade reference presentation, scientifically plausible structure, coherent materials, restrained coloration unless canon requires otherwise, readable silhouette, consistent scale and anatomy or growth across all views, soft neutral studio lighting, pure black background for isolated references, full requested subject visibility, generous negative space, and PSD-friendly extraction. Habitat and biome outputs may use the canonical environment. No baked-in text, labels, watermark, logo, border, or UI.

Create four clearly different but canon-compliant versions. Preserve body plan or growth architecture, structural counts, environmental adaptations, materials, defining features, and locked coloration. Vary only permitted secondary proportions, markings, surface detail, minor ornamentation, natural wear, and pose or growth irregularity.

Recommended aspect ratio: 16:9.","text, labels, watermark, signature, logo, border, frame, UI, HUD, cropped subject, duplicate anatomy, contradictory anatomy, impossible balance, unsupported structures, random wings, random horns, humanoid default, fantasy armor, weapons, cartoon, anime, toy-like materials, excessive neon, excessive glow, oversaturated colors, busy background, motion blur, low resolution, compression artifacts, generic Earth copy, unsupported fantasy styling, traits conflicting with locked canon",1.0.0,canonical
NB2-PLT-PH-010-SYMBIOTIC-PLANT-DISCOVERY,PLT-PH-010-SYMBIOTIC-PLANT,Symbiotic Plant,discovery,Discovery Scan,16:9,"Create a canonical NOVERIS Nano Banana 2 visual for Symbiotic Plant: Discovery Scan.

Canonical archetype:
A canonical symbiotic plant designed as a scientifically plausible plant-like or fungal organism whose anchoring, support, transport, energy capture, growth, reproduction, ecology, and environmental adaptations are internally coherent.

Required visual and biological rules:
• credible anchoring
• coherent support and transport
• functional energy collectors
• reproductive logic
• environment-linked growth

Production request:
Create centered scientific scan source without labels.

Studio-resolved canonical values:
{{canonicalId}}, {{displayName}}, {{scientificName}}, {{originPlanet}}, {{planetType}}, {{biome}}, {{gravity}}, {{atmosphere}}, {{climate}}, {{temperatureRange}}, {{sizeScale}}, {{coloration}}, {{materials}}, {{distinctiveFeatures}}, {{lockedTraits}}, {{rarity}}, {{artDirection}}.

Preserve every locked canonical field exactly. The result must use NOVERIS Scientific Realism: premium AAA science-fiction quality, museum-grade reference presentation, scientifically plausible structure, coherent materials, restrained coloration unless canon requires otherwise, readable silhouette, consistent scale and anatomy or growth across all views, soft neutral studio lighting, pure black background for isolated references, full requested subject visibility, generous negative space, and PSD-friendly extraction. Habitat and biome outputs may use the canonical environment. No baked-in text, labels, watermark, logo, border, or UI.

Create four clearly different but canon-compliant versions. Preserve body plan or growth architecture, structural counts, environmental adaptations, materials, defining features, and locked coloration. Vary only permitted secondary proportions, markings, surface detail, minor ornamentation, natural wear, and pose or growth irregularity.

Recommended aspect ratio: 16:9.","text, labels, watermark, signature, logo, border, frame, UI, HUD, cropped subject, duplicate anatomy, contradictory anatomy, impossible balance, unsupported structures, random wings, random horns, humanoid default, fantasy armor, weapons, cartoon, anime, toy-like materials, excessive neon, excessive glow, oversaturated colors, busy background, motion blur, low resolution, compression artifacts, generic Earth copy, unsupported fantasy styling, traits conflicting with locked canon",1.0.0,canonical
NB2-PLT-PH-010-SYMBIOTIC-PLANT-ICON,PLT-PH-010-SYMBIOTIC-PLANT,Symbiotic Plant,icon,UI Icon,1:1,"Create a canonical NOVERIS Nano Banana 2 visual for Symbiotic Plant: UI Icon.

Canonical archetype:
A canonical symbiotic plant designed as a scientifically plausible plant-like or fungal organism whose anchoring, support, transport, energy capture, growth, reproduction, ecology, and environmental adaptations are internally coherent.

Required visual and biological rules:
• credible anchoring
• coherent support and transport
• functional energy collectors
• reproductive logic
• environment-linked growth

Production request:
Create isolated silhouette readable at 64 pixels.

Studio-resolved canonical values:
{{canonicalId}}, {{displayName}}, {{scientificName}}, {{originPlanet}}, {{planetType}}, {{biome}}, {{gravity}}, {{atmosphere}}, {{climate}}, {{temperatureRange}}, {{sizeScale}}, {{coloration}}, {{materials}}, {{distinctiveFeatures}}, {{lockedTraits}}, {{rarity}}, {{artDirection}}.

Preserve every locked canonical field exactly. The result must use NOVERIS Scientific Realism: premium AAA science-fiction quality, museum-grade reference presentation, scientifically plausible structure, coherent materials, restrained coloration unless canon requires otherwise, readable silhouette, consistent scale and anatomy or growth across all views, soft neutral studio lighting, pure black background for isolated references, full requested subject visibility, generous negative space, and PSD-friendly extraction. Habitat and biome outputs may use the canonical environment. No baked-in text, labels, watermark, logo, border, or UI.

Create four clearly different but canon-compliant versions. Preserve body plan or growth architecture, structural counts, environmental adaptations, materials, defining features, and locked coloration. Vary only permitted secondary proportions, markings, surface detail, minor ornamentation, natural wear, and pose or growth irregularity.

Recommended aspect ratio: 1:1.","text, labels, watermark, signature, logo, border, frame, UI, HUD, cropped subject, duplicate anatomy, contradictory anatomy, impossible balance, unsupported structures, random wings, random horns, humanoid default, fantasy armor, weapons, cartoon, anime, toy-like materials, excessive neon, excessive glow, oversaturated colors, busy background, motion blur, low resolution, compression artifacts, generic Earth copy, unsupported fantasy styling, traits conflicting with locked canon",1.0.0,canonical
NB2-PLT-PH-010-SYMBIOTIC-PLANT-SCALE,PLT-PH-010-SYMBIOTIC-PLANT,Symbiotic Plant,scale,Scale Comparison,16:9,"Create a canonical NOVERIS Nano Banana 2 visual for Symbiotic Plant: Scale Comparison.

Canonical archetype:
A canonical symbiotic plant designed as a scientifically plausible plant-like or fungal organism whose anchoring, support, transport, energy capture, growth, reproduction, ecology, and environmental adaptations are internally coherent.

Required visual and biological rules:
• credible anchoring
• coherent support and transport
• functional energy collectors
• reproductive logic
• environment-linked growth

Production request:
Create side view with adult human silhouette and one-meter bar.

Studio-resolved canonical values:
{{canonicalId}}, {{displayName}}, {{scientificName}}, {{originPlanet}}, {{planetType}}, {{biome}}, {{gravity}}, {{atmosphere}}, {{climate}}, {{temperatureRange}}, {{sizeScale}}, {{coloration}}, {{materials}}, {{distinctiveFeatures}}, {{lockedTraits}}, {{rarity}}, {{artDirection}}.

Preserve every locked canonical field exactly. The result must use NOVERIS Scientific Realism: premium AAA science-fiction quality, museum-grade reference presentation, scientifically plausible structure, coherent materials, restrained coloration unless canon requires otherwise, readable silhouette, consistent scale and anatomy or growth across all views, soft neutral studio lighting, pure black background for isolated references, full requested subject visibility, generous negative space, and PSD-friendly extraction. Habitat and biome outputs may use the canonical environment. No baked-in text, labels, watermark, logo, border, or UI.

Create four clearly different but canon-compliant versions. Preserve body plan or growth architecture, structural counts, environmental adaptations, materials, defining features, and locked coloration. Vary only permitted secondary proportions, markings, surface detail, minor ornamentation, natural wear, and pose or growth irregularity.

Recommended aspect ratio: 16:9.","text, labels, watermark, signature, logo, border, frame, UI, HUD, cropped subject, duplicate anatomy, contradictory anatomy, impossible balance, unsupported structures, random wings, random horns, humanoid default, fantasy armor, weapons, cartoon, anime, toy-like materials, excessive neon, excessive glow, oversaturated colors, busy background, motion blur, low resolution, compression artifacts, generic Earth copy, unsupported fantasy styling, traits conflicting with locked canon",1.0.0,canonical
NB2-PLT-PH-010-SYMBIOTIC-PLANT-PLATE,PLT-PH-010-SYMBIOTIC-PLANT,Symbiotic Plant,plate,Master Botanical Plate,16:9,"Create a canonical NOVERIS Nano Banana 2 visual for Symbiotic Plant: Master Botanical Plate.

Canonical archetype:
A canonical symbiotic plant designed as a scientifically plausible plant-like or fungal organism whose anchoring, support, transport, energy capture, growth, reproduction, ecology, and environmental adaptations are internally coherent.

Required visual and biological rules:
• credible anchoring
• coherent support and transport
• functional energy collectors
• reproductive logic
• environment-linked growth

Production request:
Create whole organism, views, roots, structure, collectors, reproduction, stages, materials and habitat vignette.

Studio-resolved canonical values:
{{canonicalId}}, {{displayName}}, {{scientificName}}, {{originPlanet}}, {{planetType}}, {{biome}}, {{gravity}}, {{atmosphere}}, {{climate}}, {{temperatureRange}}, {{sizeScale}}, {{coloration}}, {{materials}}, {{distinctiveFeatures}}, {{lockedTraits}}, {{rarity}}, {{artDirection}}.

Preserve every locked canonical field exactly. The result must use NOVERIS Scientific Realism: premium AAA science-fiction quality, museum-grade reference presentation, scientifically plausible structure, coherent materials, restrained coloration unless canon requires otherwise, readable silhouette, consistent scale and anatomy or growth across all views, soft neutral studio lighting, pure black background for isolated references, full requested subject visibility, generous negative space, and PSD-friendly extraction. Habitat and biome outputs may use the canonical environment. No baked-in text, labels, watermark, logo, border, or UI.

Create four clearly different but canon-compliant versions. Preserve body plan or growth architecture, structural counts, environmental adaptations, materials, defining features, and locked coloration. Vary only permitted secondary proportions, markings, surface detail, minor ornamentation, natural wear, and pose or growth irregularity.

Recommended aspect ratio: 16:9.","text, labels, watermark, signature, logo, border, frame, UI, HUD, cropped subject, duplicate anatomy, contradictory anatomy, impossible balance, unsupported structures, random wings, random horns, humanoid default, fantasy armor, weapons, cartoon, anime, toy-like materials, excessive neon, excessive glow, oversaturated colors, busy background, motion blur, low resolution, compression artifacts, generic Earth copy, unsupported fantasy styling, traits conflicting with locked canon",1.0.0,canonical
NB2-PLT-PH-010-SYMBIOTIC-PLANT-PSD,PLT-PH-010-SYMBIOTIC-PLANT,Symbiotic Plant,psd,PSD Extraction Board,16:9,"Create a canonical NOVERIS Nano Banana 2 visual for Symbiotic Plant: PSD Extraction Board.

Canonical archetype:
A canonical symbiotic plant designed as a scientifically plausible plant-like or fungal organism whose anchoring, support, transport, energy capture, growth, reproduction, ecology, and environmental adaptations are internally coherent.

Required visual and biological rules:
• credible anchoring
• coherent support and transport
• functional energy collectors
• reproductive logic
• environment-linked growth

Production request:
Create isolated whole organism, parts, silhouette and material references.

Studio-resolved canonical values:
{{canonicalId}}, {{displayName}}, {{scientificName}}, {{originPlanet}}, {{planetType}}, {{biome}}, {{gravity}}, {{atmosphere}}, {{climate}}, {{temperatureRange}}, {{sizeScale}}, {{coloration}}, {{materials}}, {{distinctiveFeatures}}, {{lockedTraits}}, {{rarity}}, {{artDirection}}.

Preserve every locked canonical field exactly. The result must use NOVERIS Scientific Realism: premium AAA science-fiction quality, museum-grade reference presentation, scientifically plausible structure, coherent materials, restrained coloration unless canon requires otherwise, readable silhouette, consistent scale and anatomy or growth across all views, soft neutral studio lighting, pure black background for isolated references, full requested subject visibility, generous negative space, and PSD-friendly extraction. Habitat and biome outputs may use the canonical environment. No baked-in text, labels, watermark, logo, border, or UI.

Create four clearly different but canon-compliant versions. Preserve body plan or growth architecture, structural counts, environmental adaptations, materials, defining features, and locked coloration. Vary only permitted secondary proportions, markings, surface detail, minor ornamentation, natural wear, and pose or growth irregularity.

Recommended aspect ratio: 16:9.","text, labels, watermark, signature, logo, border, frame, UI, HUD, cropped subject, duplicate anatomy, contradictory anatomy, impossible balance, unsupported structures, random wings, random horns, humanoid default, fantasy armor, weapons, cartoon, anime, toy-like materials, excessive neon, excessive glow, oversaturated colors, busy background, motion blur, low resolution, compression artifacts, generic Earth copy, unsupported fantasy styling, traits conflicting with locked canon",1.0.0,canonical
NB2-PLT-PH-011-ANIMAL-SYMBIOTIC-PLANT-WHOLE-PLANT,PLT-PH-011-ANIMAL-SYMBIOTIC-PLANT,Animal-Symbiotic Plant,whole-plant,Whole Plant Production Render,3:4,"Create a canonical NOVERIS Nano Banana 2 visual for Animal-Symbiotic Plant: Whole Plant Production Render.

Canonical archetype:
A canonical animal-symbiotic plant designed as a scientifically plausible plant-like or fungal organism whose anchoring, support, transport, energy capture, growth, reproduction, ecology, and environmental adaptations are internally coherent.

Required visual and biological rules:
• credible anchoring
• coherent support and transport
• functional energy collectors
• reproductive logic
• environment-linked growth

Production request:
Create complete mature organism including roots or anchor system.

Studio-resolved canonical values:
{{canonicalId}}, {{displayName}}, {{scientificName}}, {{originPlanet}}, {{planetType}}, {{biome}}, {{gravity}}, {{atmosphere}}, {{climate}}, {{temperatureRange}}, {{sizeScale}}, {{coloration}}, {{materials}}, {{distinctiveFeatures}}, {{lockedTraits}}, {{rarity}}, {{artDirection}}.

Preserve every locked canonical field exactly. The result must use NOVERIS Scientific Realism: premium AAA science-fiction quality, museum-grade reference presentation, scientifically plausible structure, coherent materials, restrained coloration unless canon requires otherwise, readable silhouette, consistent scale and anatomy or growth across all views, soft neutral studio lighting, pure black background for isolated references, full requested subject visibility, generous negative space, and PSD-friendly extraction. Habitat and biome outputs may use the canonical environment. No baked-in text, labels, watermark, logo, border, or UI.

Create four clearly different but canon-compliant versions. Preserve body plan or growth architecture, structural counts, environmental adaptations, materials, defining features, and locked coloration. Vary only permitted secondary proportions, markings, surface detail, minor ornamentation, natural wear, and pose or growth irregularity.

Recommended aspect ratio: 3:4.","text, labels, watermark, signature, logo, border, frame, UI, HUD, cropped subject, duplicate anatomy, contradictory anatomy, impossible balance, unsupported structures, random wings, random horns, humanoid default, fantasy armor, weapons, cartoon, anime, toy-like materials, excessive neon, excessive glow, oversaturated colors, busy background, motion blur, low resolution, compression artifacts, generic Earth copy, unsupported fantasy styling, traits conflicting with locked canon",1.0.0,canonical
NB2-PLT-PH-011-ANIMAL-SYMBIOTIC-PLANT-PORTRAIT,PLT-PH-011-ANIMAL-SYMBIOTIC-PLANT,Animal-Symbiotic Plant,portrait,Botanical Portrait,1:1,"Create a canonical NOVERIS Nano Banana 2 visual for Animal-Symbiotic Plant: Botanical Portrait.

Canonical archetype:
A canonical animal-symbiotic plant designed as a scientifically plausible plant-like or fungal organism whose anchoring, support, transport, energy capture, growth, reproduction, ecology, and environmental adaptations are internally coherent.

Required visual and biological rules:
• credible anchoring
• coherent support and transport
• functional energy collectors
• reproductive logic
• environment-linked growth

Production request:
Create defining growth form, foliage, collectors and reproduction.

Studio-resolved canonical values:
{{canonicalId}}, {{displayName}}, {{scientificName}}, {{originPlanet}}, {{planetType}}, {{biome}}, {{gravity}}, {{atmosphere}}, {{climate}}, {{temperatureRange}}, {{sizeScale}}, {{coloration}}, {{materials}}, {{distinctiveFeatures}}, {{lockedTraits}}, {{rarity}}, {{artDirection}}.

Preserve every locked canonical field exactly. The result must use NOVERIS Scientific Realism: premium AAA science-fiction quality, museum-grade reference presentation, scientifically plausible structure, coherent materials, restrained coloration unless canon requires otherwise, readable silhouette, consistent scale and anatomy or growth across all views, soft neutral studio lighting, pure black background for isolated references, full requested subject visibility, generous negative space, and PSD-friendly extraction. Habitat and biome outputs may use the canonical environment. No baked-in text, labels, watermark, logo, border, or UI.

Create four clearly different but canon-compliant versions. Preserve body plan or growth architecture, structural counts, environmental adaptations, materials, defining features, and locked coloration. Vary only permitted secondary proportions, markings, surface detail, minor ornamentation, natural wear, and pose or growth irregularity.

Recommended aspect ratio: 1:1.","text, labels, watermark, signature, logo, border, frame, UI, HUD, cropped subject, duplicate anatomy, contradictory anatomy, impossible balance, unsupported structures, random wings, random horns, humanoid default, fantasy armor, weapons, cartoon, anime, toy-like materials, excessive neon, excessive glow, oversaturated colors, busy background, motion blur, low resolution, compression artifacts, generic Earth copy, unsupported fantasy styling, traits conflicting with locked canon",1.0.0,canonical
NB2-PLT-PH-011-ANIMAL-SYMBIOTIC-PLANT-ORTHO-FRONT,PLT-PH-011-ANIMAL-SYMBIOTIC-PLANT,Animal-Symbiotic Plant,ortho-front,Orthographic Front,3:4,"Create a canonical NOVERIS Nano Banana 2 visual for Animal-Symbiotic Plant: Orthographic Front.

Canonical archetype:
A canonical animal-symbiotic plant designed as a scientifically plausible plant-like or fungal organism whose anchoring, support, transport, energy capture, growth, reproduction, ecology, and environmental adaptations are internally coherent.

Required visual and biological rules:
• credible anchoring
• coherent support and transport
• functional energy collectors
• reproductive logic
• environment-linked growth

Production request:
Create exact front orthographic view.

Studio-resolved canonical values:
{{canonicalId}}, {{displayName}}, {{scientificName}}, {{originPlanet}}, {{planetType}}, {{biome}}, {{gravity}}, {{atmosphere}}, {{climate}}, {{temperatureRange}}, {{sizeScale}}, {{coloration}}, {{materials}}, {{distinctiveFeatures}}, {{lockedTraits}}, {{rarity}}, {{artDirection}}.

Preserve every locked canonical field exactly. The result must use NOVERIS Scientific Realism: premium AAA science-fiction quality, museum-grade reference presentation, scientifically plausible structure, coherent materials, restrained coloration unless canon requires otherwise, readable silhouette, consistent scale and anatomy or growth across all views, soft neutral studio lighting, pure black background for isolated references, full requested subject visibility, generous negative space, and PSD-friendly extraction. Habitat and biome outputs may use the canonical environment. No baked-in text, labels, watermark, logo, border, or UI.

Create four clearly different but canon-compliant versions. Preserve body plan or growth architecture, structural counts, environmental adaptations, materials, defining features, and locked coloration. Vary only permitted secondary proportions, markings, surface detail, minor ornamentation, natural wear, and pose or growth irregularity.

Recommended aspect ratio: 3:4.","text, labels, watermark, signature, logo, border, frame, UI, HUD, cropped subject, duplicate anatomy, contradictory anatomy, impossible balance, unsupported structures, random wings, random horns, humanoid default, fantasy armor, weapons, cartoon, anime, toy-like materials, excessive neon, excessive glow, oversaturated colors, busy background, motion blur, low resolution, compression artifacts, generic Earth copy, unsupported fantasy styling, traits conflicting with locked canon",1.0.0,canonical
NB2-PLT-PH-011-ANIMAL-SYMBIOTIC-PLANT-ORTHO-SIDE,PLT-PH-011-ANIMAL-SYMBIOTIC-PLANT,Animal-Symbiotic Plant,ortho-side,Orthographic Side,3:4,"Create a canonical NOVERIS Nano Banana 2 visual for Animal-Symbiotic Plant: Orthographic Side.

Canonical archetype:
A canonical animal-symbiotic plant designed as a scientifically plausible plant-like or fungal organism whose anchoring, support, transport, energy capture, growth, reproduction, ecology, and environmental adaptations are internally coherent.

Required visual and biological rules:
• credible anchoring
• coherent support and transport
• functional energy collectors
• reproductive logic
• environment-linked growth

Production request:
Create exact side orthographic view.

Studio-resolved canonical values:
{{canonicalId}}, {{displayName}}, {{scientificName}}, {{originPlanet}}, {{planetType}}, {{biome}}, {{gravity}}, {{atmosphere}}, {{climate}}, {{temperatureRange}}, {{sizeScale}}, {{coloration}}, {{materials}}, {{distinctiveFeatures}}, {{lockedTraits}}, {{rarity}}, {{artDirection}}.

Preserve every locked canonical field exactly. The result must use NOVERIS Scientific Realism: premium AAA science-fiction quality, museum-grade reference presentation, scientifically plausible structure, coherent materials, restrained coloration unless canon requires otherwise, readable silhouette, consistent scale and anatomy or growth across all views, soft neutral studio lighting, pure black background for isolated references, full requested subject visibility, generous negative space, and PSD-friendly extraction. Habitat and biome outputs may use the canonical environment. No baked-in text, labels, watermark, logo, border, or UI.

Create four clearly different but canon-compliant versions. Preserve body plan or growth architecture, structural counts, environmental adaptations, materials, defining features, and locked coloration. Vary only permitted secondary proportions, markings, surface detail, minor ornamentation, natural wear, and pose or growth irregularity.

Recommended aspect ratio: 3:4.","text, labels, watermark, signature, logo, border, frame, UI, HUD, cropped subject, duplicate anatomy, contradictory anatomy, impossible balance, unsupported structures, random wings, random horns, humanoid default, fantasy armor, weapons, cartoon, anime, toy-like materials, excessive neon, excessive glow, oversaturated colors, busy background, motion blur, low resolution, compression artifacts, generic Earth copy, unsupported fantasy styling, traits conflicting with locked canon",1.0.0,canonical
NB2-PLT-PH-011-ANIMAL-SYMBIOTIC-PLANT-ORTHO-TOP,PLT-PH-011-ANIMAL-SYMBIOTIC-PLANT,Animal-Symbiotic Plant,ortho-top,Orthographic Top,1:1,"Create a canonical NOVERIS Nano Banana 2 visual for Animal-Symbiotic Plant: Orthographic Top.

Canonical archetype:
A canonical animal-symbiotic plant designed as a scientifically plausible plant-like or fungal organism whose anchoring, support, transport, energy capture, growth, reproduction, ecology, and environmental adaptations are internally coherent.

Required visual and biological rules:
• credible anchoring
• coherent support and transport
• functional energy collectors
• reproductive logic
• environment-linked growth

Production request:
Create exact top view showing spread and growth geometry.

Studio-resolved canonical values:
{{canonicalId}}, {{displayName}}, {{scientificName}}, {{originPlanet}}, {{planetType}}, {{biome}}, {{gravity}}, {{atmosphere}}, {{climate}}, {{temperatureRange}}, {{sizeScale}}, {{coloration}}, {{materials}}, {{distinctiveFeatures}}, {{lockedTraits}}, {{rarity}}, {{artDirection}}.

Preserve every locked canonical field exactly. The result must use NOVERIS Scientific Realism: premium AAA science-fiction quality, museum-grade reference presentation, scientifically plausible structure, coherent materials, restrained coloration unless canon requires otherwise, readable silhouette, consistent scale and anatomy or growth across all views, soft neutral studio lighting, pure black background for isolated references, full requested subject visibility, generous negative space, and PSD-friendly extraction. Habitat and biome outputs may use the canonical environment. No baked-in text, labels, watermark, logo, border, or UI.

Create four clearly different but canon-compliant versions. Preserve body plan or growth architecture, structural counts, environmental adaptations, materials, defining features, and locked coloration. Vary only permitted secondary proportions, markings, surface detail, minor ornamentation, natural wear, and pose or growth irregularity.

Recommended aspect ratio: 1:1.","text, labels, watermark, signature, logo, border, frame, UI, HUD, cropped subject, duplicate anatomy, contradictory anatomy, impossible balance, unsupported structures, random wings, random horns, humanoid default, fantasy armor, weapons, cartoon, anime, toy-like materials, excessive neon, excessive glow, oversaturated colors, busy background, motion blur, low resolution, compression artifacts, generic Earth copy, unsupported fantasy styling, traits conflicting with locked canon",1.0.0,canonical
NB2-PLT-PH-011-ANIMAL-SYMBIOTIC-PLANT-ROOTS,PLT-PH-011-ANIMAL-SYMBIOTIC-PLANT,Animal-Symbiotic Plant,roots,Root or Anchor System,16:9,"Create a canonical NOVERIS Nano Banana 2 visual for Animal-Symbiotic Plant: Root or Anchor System.

Canonical archetype:
A canonical animal-symbiotic plant designed as a scientifically plausible plant-like or fungal organism whose anchoring, support, transport, energy capture, growth, reproduction, ecology, and environmental adaptations are internally coherent.

Required visual and biological rules:
• credible anchoring
• coherent support and transport
• functional energy collectors
• reproductive logic
• environment-linked growth

Production request:
Create complete substrate interface and nutrient exchange structures.

Studio-resolved canonical values:
{{canonicalId}}, {{displayName}}, {{scientificName}}, {{originPlanet}}, {{planetType}}, {{biome}}, {{gravity}}, {{atmosphere}}, {{climate}}, {{temperatureRange}}, {{sizeScale}}, {{coloration}}, {{materials}}, {{distinctiveFeatures}}, {{lockedTraits}}, {{rarity}}, {{artDirection}}.

Preserve every locked canonical field exactly. The result must use NOVERIS Scientific Realism: premium AAA science-fiction quality, museum-grade reference presentation, scientifically plausible structure, coherent materials, restrained coloration unless canon requires otherwise, readable silhouette, consistent scale and anatomy or growth across all views, soft neutral studio lighting, pure black background for isolated references, full requested subject visibility, generous negative space, and PSD-friendly extraction. Habitat and biome outputs may use the canonical environment. No baked-in text, labels, watermark, logo, border, or UI.

Create four clearly different but canon-compliant versions. Preserve body plan or growth architecture, structural counts, environmental adaptations, materials, defining features, and locked coloration. Vary only permitted secondary proportions, markings, surface detail, minor ornamentation, natural wear, and pose or growth irregularity.

Recommended aspect ratio: 16:9.","text, labels, watermark, signature, logo, border, frame, UI, HUD, cropped subject, duplicate anatomy, contradictory anatomy, impossible balance, unsupported structures, random wings, random horns, humanoid default, fantasy armor, weapons, cartoon, anime, toy-like materials, excessive neon, excessive glow, oversaturated colors, busy background, motion blur, low resolution, compression artifacts, generic Earth copy, unsupported fantasy styling, traits conflicting with locked canon",1.0.0,canonical
NB2-PLT-PH-011-ANIMAL-SYMBIOTIC-PLANT-STEMS,PLT-PH-011-ANIMAL-SYMBIOTIC-PLANT,Animal-Symbiotic Plant,stems,"Stem, Trunk or Structural Study",16:9,"Create a canonical NOVERIS Nano Banana 2 visual for Animal-Symbiotic Plant: Stem, Trunk or Structural Study.

Canonical archetype:
A canonical animal-symbiotic plant designed as a scientifically plausible plant-like or fungal organism whose anchoring, support, transport, energy capture, growth, reproduction, ecology, and environmental adaptations are internally coherent.

Required visual and biological rules:
• credible anchoring
• coherent support and transport
• functional energy collectors
• reproductive logic
• environment-linked growth

Production request:
Create support and transport architecture.

Studio-resolved canonical values:
{{canonicalId}}, {{displayName}}, {{scientificName}}, {{originPlanet}}, {{planetType}}, {{biome}}, {{gravity}}, {{atmosphere}}, {{climate}}, {{temperatureRange}}, {{sizeScale}}, {{coloration}}, {{materials}}, {{distinctiveFeatures}}, {{lockedTraits}}, {{rarity}}, {{artDirection}}.

Preserve every locked canonical field exactly. The result must use NOVERIS Scientific Realism: premium AAA science-fiction quality, museum-grade reference presentation, scientifically plausible structure, coherent materials, restrained coloration unless canon requires otherwise, readable silhouette, consistent scale and anatomy or growth across all views, soft neutral studio lighting, pure black background for isolated references, full requested subject visibility, generous negative space, and PSD-friendly extraction. Habitat and biome outputs may use the canonical environment. No baked-in text, labels, watermark, logo, border, or UI.

Create four clearly different but canon-compliant versions. Preserve body plan or growth architecture, structural counts, environmental adaptations, materials, defining features, and locked coloration. Vary only permitted secondary proportions, markings, surface detail, minor ornamentation, natural wear, and pose or growth irregularity.

Recommended aspect ratio: 16:9.","text, labels, watermark, signature, logo, border, frame, UI, HUD, cropped subject, duplicate anatomy, contradictory anatomy, impossible balance, unsupported structures, random wings, random horns, humanoid default, fantasy armor, weapons, cartoon, anime, toy-like materials, excessive neon, excessive glow, oversaturated colors, busy background, motion blur, low resolution, compression artifacts, generic Earth copy, unsupported fantasy styling, traits conflicting with locked canon",1.0.0,canonical
NB2-PLT-PH-011-ANIMAL-SYMBIOTIC-PLANT-COLLECTORS,PLT-PH-011-ANIMAL-SYMBIOTIC-PLANT,Animal-Symbiotic Plant,collectors,Leaves or Collector Study,16:9,"Create a canonical NOVERIS Nano Banana 2 visual for Animal-Symbiotic Plant: Leaves or Collector Study.

Canonical archetype:
A canonical animal-symbiotic plant designed as a scientifically plausible plant-like or fungal organism whose anchoring, support, transport, energy capture, growth, reproduction, ecology, and environmental adaptations are internally coherent.

Required visual and biological rules:
• credible anchoring
• coherent support and transport
• functional energy collectors
• reproductive logic
• environment-linked growth

Production request:
Create front, back, edge, juvenile, mature and stressed states.

Studio-resolved canonical values:
{{canonicalId}}, {{displayName}}, {{scientificName}}, {{originPlanet}}, {{planetType}}, {{biome}}, {{gravity}}, {{atmosphere}}, {{climate}}, {{temperatureRange}}, {{sizeScale}}, {{coloration}}, {{materials}}, {{distinctiveFeatures}}, {{lockedTraits}}, {{rarity}}, {{artDirection}}.

Preserve every locked canonical field exactly. The result must use NOVERIS Scientific Realism: premium AAA science-fiction quality, museum-grade reference presentation, scientifically plausible structure, coherent materials, restrained coloration unless canon requires otherwise, readable silhouette, consistent scale and anatomy or growth across all views, soft neutral studio lighting, pure black background for isolated references, full requested subject visibility, generous negative space, and PSD-friendly extraction. Habitat and biome outputs may use the canonical environment. No baked-in text, labels, watermark, logo, border, or UI.

Create four clearly different but canon-compliant versions. Preserve body plan or growth architecture, structural counts, environmental adaptations, materials, defining features, and locked coloration. Vary only permitted secondary proportions, markings, surface detail, minor ornamentation, natural wear, and pose or growth irregularity.

Recommended aspect ratio: 16:9.","text, labels, watermark, signature, logo, border, frame, UI, HUD, cropped subject, duplicate anatomy, contradictory anatomy, impossible balance, unsupported structures, random wings, random horns, humanoid default, fantasy armor, weapons, cartoon, anime, toy-like materials, excessive neon, excessive glow, oversaturated colors, busy background, motion blur, low resolution, compression artifacts, generic Earth copy, unsupported fantasy styling, traits conflicting with locked canon",1.0.0,canonical
NB2-PLT-PH-011-ANIMAL-SYMBIOTIC-PLANT-REPRODUCTION,PLT-PH-011-ANIMAL-SYMBIOTIC-PLANT,Animal-Symbiotic Plant,reproduction,Reproductive Structure,16:9,"Create a canonical NOVERIS Nano Banana 2 visual for Animal-Symbiotic Plant: Reproductive Structure.

Canonical archetype:
A canonical animal-symbiotic plant designed as a scientifically plausible plant-like or fungal organism whose anchoring, support, transport, energy capture, growth, reproduction, ecology, and environmental adaptations are internally coherent.

Required visual and biological rules:
• credible anchoring
• coherent support and transport
• functional energy collectors
• reproductive logic
• environment-linked growth

Production request:
Create flowers, cones, spores, fields or equivalent stages.

Studio-resolved canonical values:
{{canonicalId}}, {{displayName}}, {{scientificName}}, {{originPlanet}}, {{planetType}}, {{biome}}, {{gravity}}, {{atmosphere}}, {{climate}}, {{temperatureRange}}, {{sizeScale}}, {{coloration}}, {{materials}}, {{distinctiveFeatures}}, {{lockedTraits}}, {{rarity}}, {{artDirection}}.

Preserve every locked canonical field exactly. The result must use NOVERIS Scientific Realism: premium AAA science-fiction quality, museum-grade reference presentation, scientifically plausible structure, coherent materials, restrained coloration unless canon requires otherwise, readable silhouette, consistent scale and anatomy or growth across all views, soft neutral studio lighting, pure black background for isolated references, full requested subject visibility, generous negative space, and PSD-friendly extraction. Habitat and biome outputs may use the canonical environment. No baked-in text, labels, watermark, logo, border, or UI.

Create four clearly different but canon-compliant versions. Preserve body plan or growth architecture, structural counts, environmental adaptations, materials, defining features, and locked coloration. Vary only permitted secondary proportions, markings, surface detail, minor ornamentation, natural wear, and pose or growth irregularity.

Recommended aspect ratio: 16:9.","text, labels, watermark, signature, logo, border, frame, UI, HUD, cropped subject, duplicate anatomy, contradictory anatomy, impossible balance, unsupported structures, random wings, random horns, humanoid default, fantasy armor, weapons, cartoon, anime, toy-like materials, excessive neon, excessive glow, oversaturated colors, busy background, motion blur, low resolution, compression artifacts, generic Earth copy, unsupported fantasy styling, traits conflicting with locked canon",1.0.0,canonical
NB2-PLT-PH-011-ANIMAL-SYMBIOTIC-PLANT-PROPAGULES,PLT-PH-011-ANIMAL-SYMBIOTIC-PLANT,Animal-Symbiotic Plant,propagules,"Seed, Spore or Propagule Study",16:9,"Create a canonical NOVERIS Nano Banana 2 visual for Animal-Symbiotic Plant: Seed, Spore or Propagule Study.

Canonical archetype:
A canonical animal-symbiotic plant designed as a scientifically plausible plant-like or fungal organism whose anchoring, support, transport, energy capture, growth, reproduction, ecology, and environmental adaptations are internally coherent.

Required visual and biological rules:
• credible anchoring
• coherent support and transport
• functional energy collectors
• reproductive logic
• environment-linked growth

Production request:
Create dispersal, germination and early establishment.

Studio-resolved canonical values:
{{canonicalId}}, {{displayName}}, {{scientificName}}, {{originPlanet}}, {{planetType}}, {{biome}}, {{gravity}}, {{atmosphere}}, {{climate}}, {{temperatureRange}}, {{sizeScale}}, {{coloration}}, {{materials}}, {{distinctiveFeatures}}, {{lockedTraits}}, {{rarity}}, {{artDirection}}.

Preserve every locked canonical field exactly. The result must use NOVERIS Scientific Realism: premium AAA science-fiction quality, museum-grade reference presentation, scientifically plausible structure, coherent materials, restrained coloration unless canon requires otherwise, readable silhouette, consistent scale and anatomy or growth across all views, soft neutral studio lighting, pure black background for isolated references, full requested subject visibility, generous negative space, and PSD-friendly extraction. Habitat and biome outputs may use the canonical environment. No baked-in text, labels, watermark, logo, border, or UI.

Create four clearly different but canon-compliant versions. Preserve body plan or growth architecture, structural counts, environmental adaptations, materials, defining features, and locked coloration. Vary only permitted secondary proportions, markings, surface detail, minor ornamentation, natural wear, and pose or growth irregularity.

Recommended aspect ratio: 16:9.","text, labels, watermark, signature, logo, border, frame, UI, HUD, cropped subject, duplicate anatomy, contradictory anatomy, impossible balance, unsupported structures, random wings, random horns, humanoid default, fantasy armor, weapons, cartoon, anime, toy-like materials, excessive neon, excessive glow, oversaturated colors, busy background, motion blur, low resolution, compression artifacts, generic Earth copy, unsupported fantasy styling, traits conflicting with locked canon",1.0.0,canonical
NB2-PLT-PH-011-ANIMAL-SYMBIOTIC-PLANT-CROSS-SECTION,PLT-PH-011-ANIMAL-SYMBIOTIC-PLANT,Animal-Symbiotic Plant,cross-section,Internal Cross Section,16:9,"Create a canonical NOVERIS Nano Banana 2 visual for Animal-Symbiotic Plant: Internal Cross Section.

Canonical archetype:
A canonical animal-symbiotic plant designed as a scientifically plausible plant-like or fungal organism whose anchoring, support, transport, energy capture, growth, reproduction, ecology, and environmental adaptations are internally coherent.

Required visual and biological rules:
• credible anchoring
• coherent support and transport
• functional energy collectors
• reproductive logic
• environment-linked growth

Production request:
Create protection, transport, support, storage and reproduction.

Studio-resolved canonical values:
{{canonicalId}}, {{displayName}}, {{scientificName}}, {{originPlanet}}, {{planetType}}, {{biome}}, {{gravity}}, {{atmosphere}}, {{climate}}, {{temperatureRange}}, {{sizeScale}}, {{coloration}}, {{materials}}, {{distinctiveFeatures}}, {{lockedTraits}}, {{rarity}}, {{artDirection}}.

Preserve every locked canonical field exactly. The result must use NOVERIS Scientific Realism: premium AAA science-fiction quality, museum-grade reference presentation, scientifically plausible structure, coherent materials, restrained coloration unless canon requires otherwise, readable silhouette, consistent scale and anatomy or growth across all views, soft neutral studio lighting, pure black background for isolated references, full requested subject visibility, generous negative space, and PSD-friendly extraction. Habitat and biome outputs may use the canonical environment. No baked-in text, labels, watermark, logo, border, or UI.

Create four clearly different but canon-compliant versions. Preserve body plan or growth architecture, structural counts, environmental adaptations, materials, defining features, and locked coloration. Vary only permitted secondary proportions, markings, surface detail, minor ornamentation, natural wear, and pose or growth irregularity.

Recommended aspect ratio: 16:9.","text, labels, watermark, signature, logo, border, frame, UI, HUD, cropped subject, duplicate anatomy, contradictory anatomy, impossible balance, unsupported structures, random wings, random horns, humanoid default, fantasy armor, weapons, cartoon, anime, toy-like materials, excessive neon, excessive glow, oversaturated colors, busy background, motion blur, low resolution, compression artifacts, generic Earth copy, unsupported fantasy styling, traits conflicting with locked canon",1.0.0,canonical
NB2-PLT-PH-011-ANIMAL-SYMBIOTIC-PLANT-GROWTH,PLT-PH-011-ANIMAL-SYMBIOTIC-PLANT,Animal-Symbiotic Plant,growth,Growth Stages,16:9,"Create a canonical NOVERIS Nano Banana 2 visual for Animal-Symbiotic Plant: Growth Stages.

Canonical archetype:
A canonical animal-symbiotic plant designed as a scientifically plausible plant-like or fungal organism whose anchoring, support, transport, energy capture, growth, reproduction, ecology, and environmental adaptations are internally coherent.

Required visual and biological rules:
• credible anchoring
• coherent support and transport
• functional energy collectors
• reproductive logic
• environment-linked growth

Production request:
Create propagule, juvenile, mature, reproductive and senescent stages.

Studio-resolved canonical values:
{{canonicalId}}, {{displayName}}, {{scientificName}}, {{originPlanet}}, {{planetType}}, {{biome}}, {{gravity}}, {{atmosphere}}, {{climate}}, {{temperatureRange}}, {{sizeScale}}, {{coloration}}, {{materials}}, {{distinctiveFeatures}}, {{lockedTraits}}, {{rarity}}, {{artDirection}}.

Preserve every locked canonical field exactly. The result must use NOVERIS Scientific Realism: premium AAA science-fiction quality, museum-grade reference presentation, scientifically plausible structure, coherent materials, restrained coloration unless canon requires otherwise, readable silhouette, consistent scale and anatomy or growth across all views, soft neutral studio lighting, pure black background for isolated references, full requested subject visibility, generous negative space, and PSD-friendly extraction. Habitat and biome outputs may use the canonical environment. No baked-in text, labels, watermark, logo, border, or UI.

Create four clearly different but canon-compliant versions. Preserve body plan or growth architecture, structural counts, environmental adaptations, materials, defining features, and locked coloration. Vary only permitted secondary proportions, markings, surface detail, minor ornamentation, natural wear, and pose or growth irregularity.

Recommended aspect ratio: 16:9.","text, labels, watermark, signature, logo, border, frame, UI, HUD, cropped subject, duplicate anatomy, contradictory anatomy, impossible balance, unsupported structures, random wings, random horns, humanoid default, fantasy armor, weapons, cartoon, anime, toy-like materials, excessive neon, excessive glow, oversaturated colors, busy background, motion blur, low resolution, compression artifacts, generic Earth copy, unsupported fantasy styling, traits conflicting with locked canon",1.0.0,canonical
NB2-PLT-PH-011-ANIMAL-SYMBIOTIC-PLANT-SEASONAL,PLT-PH-011-ANIMAL-SYMBIOTIC-PLANT,Animal-Symbiotic Plant,seasonal,Seasonal and Stress Variants,16:9,"Create a canonical NOVERIS Nano Banana 2 visual for Animal-Symbiotic Plant: Seasonal and Stress Variants.

Canonical archetype:
A canonical animal-symbiotic plant designed as a scientifically plausible plant-like or fungal organism whose anchoring, support, transport, energy capture, growth, reproduction, ecology, and environmental adaptations are internally coherent.

Required visual and biological rules:
• credible anchoring
• coherent support and transport
• functional energy collectors
• reproductive logic
• environment-linked growth

Production request:
Create growth, reproduction, dormancy, damage and recovery.

Studio-resolved canonical values:
{{canonicalId}}, {{displayName}}, {{scientificName}}, {{originPlanet}}, {{planetType}}, {{biome}}, {{gravity}}, {{atmosphere}}, {{climate}}, {{temperatureRange}}, {{sizeScale}}, {{coloration}}, {{materials}}, {{distinctiveFeatures}}, {{lockedTraits}}, {{rarity}}, {{artDirection}}.

Preserve every locked canonical field exactly. The result must use NOVERIS Scientific Realism: premium AAA science-fiction quality, museum-grade reference presentation, scientifically plausible structure, coherent materials, restrained coloration unless canon requires otherwise, readable silhouette, consistent scale and anatomy or growth across all views, soft neutral studio lighting, pure black background for isolated references, full requested subject visibility, generous negative space, and PSD-friendly extraction. Habitat and biome outputs may use the canonical environment. No baked-in text, labels, watermark, logo, border, or UI.

Create four clearly different but canon-compliant versions. Preserve body plan or growth architecture, structural counts, environmental adaptations, materials, defining features, and locked coloration. Vary only permitted secondary proportions, markings, surface detail, minor ornamentation, natural wear, and pose or growth irregularity.

Recommended aspect ratio: 16:9.","text, labels, watermark, signature, logo, border, frame, UI, HUD, cropped subject, duplicate anatomy, contradictory anatomy, impossible balance, unsupported structures, random wings, random horns, humanoid default, fantasy armor, weapons, cartoon, anime, toy-like materials, excessive neon, excessive glow, oversaturated colors, busy background, motion blur, low resolution, compression artifacts, generic Earth copy, unsupported fantasy styling, traits conflicting with locked canon",1.0.0,canonical
NB2-PLT-PH-011-ANIMAL-SYMBIOTIC-PLANT-HABITAT,PLT-PH-011-ANIMAL-SYMBIOTIC-PLANT,Animal-Symbiotic Plant,habitat,Native Habitat Composition,16:9,"Create a canonical NOVERIS Nano Banana 2 visual for Animal-Symbiotic Plant: Native Habitat Composition.

Canonical archetype:
A canonical animal-symbiotic plant designed as a scientifically plausible plant-like or fungal organism whose anchoring, support, transport, energy capture, growth, reproduction, ecology, and environmental adaptations are internally coherent.

Required visual and biological rules:
• credible anchoring
• coherent support and transport
• functional energy collectors
• reproductive logic
• environment-linked growth

Production request:
Create natural population with spacing and age diversity.

Studio-resolved canonical values:
{{canonicalId}}, {{displayName}}, {{scientificName}}, {{originPlanet}}, {{planetType}}, {{biome}}, {{gravity}}, {{atmosphere}}, {{climate}}, {{temperatureRange}}, {{sizeScale}}, {{coloration}}, {{materials}}, {{distinctiveFeatures}}, {{lockedTraits}}, {{rarity}}, {{artDirection}}.

Preserve every locked canonical field exactly. The result must use NOVERIS Scientific Realism: premium AAA science-fiction quality, museum-grade reference presentation, scientifically plausible structure, coherent materials, restrained coloration unless canon requires otherwise, readable silhouette, consistent scale and anatomy or growth across all views, soft neutral studio lighting, pure black background for isolated references, full requested subject visibility, generous negative space, and PSD-friendly extraction. Habitat and biome outputs may use the canonical environment. No baked-in text, labels, watermark, logo, border, or UI.

Create four clearly different but canon-compliant versions. Preserve body plan or growth architecture, structural counts, environmental adaptations, materials, defining features, and locked coloration. Vary only permitted secondary proportions, markings, surface detail, minor ornamentation, natural wear, and pose or growth irregularity.

Recommended aspect ratio: 16:9.","text, labels, watermark, signature, logo, border, frame, UI, HUD, cropped subject, duplicate anatomy, contradictory anatomy, impossible balance, unsupported structures, random wings, random horns, humanoid default, fantasy armor, weapons, cartoon, anime, toy-like materials, excessive neon, excessive glow, oversaturated colors, busy background, motion blur, low resolution, compression artifacts, generic Earth copy, unsupported fantasy styling, traits conflicting with locked canon",1.0.0,canonical
NB2-PLT-PH-011-ANIMAL-SYMBIOTIC-PLANT-BIOME,PLT-PH-011-ANIMAL-SYMBIOTIC-PLANT,Animal-Symbiotic Plant,biome,Biome Composition,16:9,"Create a canonical NOVERIS Nano Banana 2 visual for Animal-Symbiotic Plant: Biome Composition.

Canonical archetype:
A canonical animal-symbiotic plant designed as a scientifically plausible plant-like or fungal organism whose anchoring, support, transport, energy capture, growth, reproduction, ecology, and environmental adaptations are internally coherent.

Required visual and biological rules:
• credible anchoring
• coherent support and transport
• functional energy collectors
• reproductive logic
• environment-linked growth

Production request:
Create coordinated vegetation set at consistent scale.

Studio-resolved canonical values:
{{canonicalId}}, {{displayName}}, {{scientificName}}, {{originPlanet}}, {{planetType}}, {{biome}}, {{gravity}}, {{atmosphere}}, {{climate}}, {{temperatureRange}}, {{sizeScale}}, {{coloration}}, {{materials}}, {{distinctiveFeatures}}, {{lockedTraits}}, {{rarity}}, {{artDirection}}.

Preserve every locked canonical field exactly. The result must use NOVERIS Scientific Realism: premium AAA science-fiction quality, museum-grade reference presentation, scientifically plausible structure, coherent materials, restrained coloration unless canon requires otherwise, readable silhouette, consistent scale and anatomy or growth across all views, soft neutral studio lighting, pure black background for isolated references, full requested subject visibility, generous negative space, and PSD-friendly extraction. Habitat and biome outputs may use the canonical environment. No baked-in text, labels, watermark, logo, border, or UI.

Create four clearly different but canon-compliant versions. Preserve body plan or growth architecture, structural counts, environmental adaptations, materials, defining features, and locked coloration. Vary only permitted secondary proportions, markings, surface detail, minor ornamentation, natural wear, and pose or growth irregularity.

Recommended aspect ratio: 16:9.","text, labels, watermark, signature, logo, border, frame, UI, HUD, cropped subject, duplicate anatomy, contradictory anatomy, impossible balance, unsupported structures, random wings, random horns, humanoid default, fantasy armor, weapons, cartoon, anime, toy-like materials, excessive neon, excessive glow, oversaturated colors, busy background, motion blur, low resolution, compression artifacts, generic Earth copy, unsupported fantasy styling, traits conflicting with locked canon",1.0.0,canonical
NB2-PLT-PH-011-ANIMAL-SYMBIOTIC-PLANT-DISCOVERY,PLT-PH-011-ANIMAL-SYMBIOTIC-PLANT,Animal-Symbiotic Plant,discovery,Discovery Scan,16:9,"Create a canonical NOVERIS Nano Banana 2 visual for Animal-Symbiotic Plant: Discovery Scan.

Canonical archetype:
A canonical animal-symbiotic plant designed as a scientifically plausible plant-like or fungal organism whose anchoring, support, transport, energy capture, growth, reproduction, ecology, and environmental adaptations are internally coherent.

Required visual and biological rules:
• credible anchoring
• coherent support and transport
• functional energy collectors
• reproductive logic
• environment-linked growth

Production request:
Create centered scientific scan source without labels.

Studio-resolved canonical values:
{{canonicalId}}, {{displayName}}, {{scientificName}}, {{originPlanet}}, {{planetType}}, {{biome}}, {{gravity}}, {{atmosphere}}, {{climate}}, {{temperatureRange}}, {{sizeScale}}, {{coloration}}, {{materials}}, {{distinctiveFeatures}}, {{lockedTraits}}, {{rarity}}, {{artDirection}}.

Preserve every locked canonical field exactly. The result must use NOVERIS Scientific Realism: premium AAA science-fiction quality, museum-grade reference presentation, scientifically plausible structure, coherent materials, restrained coloration unless canon requires otherwise, readable silhouette, consistent scale and anatomy or growth across all views, soft neutral studio lighting, pure black background for isolated references, full requested subject visibility, generous negative space, and PSD-friendly extraction. Habitat and biome outputs may use the canonical environment. No baked-in text, labels, watermark, logo, border, or UI.

Create four clearly different but canon-compliant versions. Preserve body plan or growth architecture, structural counts, environmental adaptations, materials, defining features, and locked coloration. Vary only permitted secondary proportions, markings, surface detail, minor ornamentation, natural wear, and pose or growth irregularity.

Recommended aspect ratio: 16:9.","text, labels, watermark, signature, logo, border, frame, UI, HUD, cropped subject, duplicate anatomy, contradictory anatomy, impossible balance, unsupported structures, random wings, random horns, humanoid default, fantasy armor, weapons, cartoon, anime, toy-like materials, excessive neon, excessive glow, oversaturated colors, busy background, motion blur, low resolution, compression artifacts, generic Earth copy, unsupported fantasy styling, traits conflicting with locked canon",1.0.0,canonical
NB2-PLT-PH-011-ANIMAL-SYMBIOTIC-PLANT-ICON,PLT-PH-011-ANIMAL-SYMBIOTIC-PLANT,Animal-Symbiotic Plant,icon,UI Icon,1:1,"Create a canonical NOVERIS Nano Banana 2 visual for Animal-Symbiotic Plant: UI Icon.

Canonical archetype:
A canonical animal-symbiotic plant designed as a scientifically plausible plant-like or fungal organism whose anchoring, support, transport, energy capture, growth, reproduction, ecology, and environmental adaptations are internally coherent.

Required visual and biological rules:
• credible anchoring
• coherent support and transport
• functional energy collectors
• reproductive logic
• environment-linked growth

Production request:
Create isolated silhouette readable at 64 pixels.

Studio-resolved canonical values:
{{canonicalId}}, {{displayName}}, {{scientificName}}, {{originPlanet}}, {{planetType}}, {{biome}}, {{gravity}}, {{atmosphere}}, {{climate}}, {{temperatureRange}}, {{sizeScale}}, {{coloration}}, {{materials}}, {{distinctiveFeatures}}, {{lockedTraits}}, {{rarity}}, {{artDirection}}.

Preserve every locked canonical field exactly. The result must use NOVERIS Scientific Realism: premium AAA science-fiction quality, museum-grade reference presentation, scientifically plausible structure, coherent materials, restrained coloration unless canon requires otherwise, readable silhouette, consistent scale and anatomy or growth across all views, soft neutral studio lighting, pure black background for isolated references, full requested subject visibility, generous negative space, and PSD-friendly extraction. Habitat and biome outputs may use the canonical environment. No baked-in text, labels, watermark, logo, border, or UI.

Create four clearly different but canon-compliant versions. Preserve body plan or growth architecture, structural counts, environmental adaptations, materials, defining features, and locked coloration. Vary only permitted secondary proportions, markings, surface detail, minor ornamentation, natural wear, and pose or growth irregularity.

Recommended aspect ratio: 1:1.","text, labels, watermark, signature, logo, border, frame, UI, HUD, cropped subject, duplicate anatomy, contradictory anatomy, impossible balance, unsupported structures, random wings, random horns, humanoid default, fantasy armor, weapons, cartoon, anime, toy-like materials, excessive neon, excessive glow, oversaturated colors, busy background, motion blur, low resolution, compression artifacts, generic Earth copy, unsupported fantasy styling, traits conflicting with locked canon",1.0.0,canonical
NB2-PLT-PH-011-ANIMAL-SYMBIOTIC-PLANT-SCALE,PLT-PH-011-ANIMAL-SYMBIOTIC-PLANT,Animal-Symbiotic Plant,scale,Scale Comparison,16:9,"Create a canonical NOVERIS Nano Banana 2 visual for Animal-Symbiotic Plant: Scale Comparison.

Canonical archetype:
A canonical animal-symbiotic plant designed as a scientifically plausible plant-like or fungal organism whose anchoring, support, transport, energy capture, growth, reproduction, ecology, and environmental adaptations are internally coherent.

Required visual and biological rules:
• credible anchoring
• coherent support and transport
• functional energy collectors
• reproductive logic
• environment-linked growth

Production request:
Create side view with adult human silhouette and one-meter bar.

Studio-resolved canonical values:
{{canonicalId}}, {{displayName}}, {{scientificName}}, {{originPlanet}}, {{planetType}}, {{biome}}, {{gravity}}, {{atmosphere}}, {{climate}}, {{temperatureRange}}, {{sizeScale}}, {{coloration}}, {{materials}}, {{distinctiveFeatures}}, {{lockedTraits}}, {{rarity}}, {{artDirection}}.

Preserve every locked canonical field exactly. The result must use NOVERIS Scientific Realism: premium AAA science-fiction quality, museum-grade reference presentation, scientifically plausible structure, coherent materials, restrained coloration unless canon requires otherwise, readable silhouette, consistent scale and anatomy or growth across all views, soft neutral studio lighting, pure black background for isolated references, full requested subject visibility, generous negative space, and PSD-friendly extraction. Habitat and biome outputs may use the canonical environment. No baked-in text, labels, watermark, logo, border, or UI.

Create four clearly different but canon-compliant versions. Preserve body plan or growth architecture, structural counts, environmental adaptations, materials, defining features, and locked coloration. Vary only permitted secondary proportions, markings, surface detail, minor ornamentation, natural wear, and pose or growth irregularity.

Recommended aspect ratio: 16:9.","text, labels, watermark, signature, logo, border, frame, UI, HUD, cropped subject, duplicate anatomy, contradictory anatomy, impossible balance, unsupported structures, random wings, random horns, humanoid default, fantasy armor, weapons, cartoon, anime, toy-like materials, excessive neon, excessive glow, oversaturated colors, busy background, motion blur, low resolution, compression artifacts, generic Earth copy, unsupported fantasy styling, traits conflicting with locked canon",1.0.0,canonical
NB2-PLT-PH-011-ANIMAL-SYMBIOTIC-PLANT-PLATE,PLT-PH-011-ANIMAL-SYMBIOTIC-PLANT,Animal-Symbiotic Plant,plate,Master Botanical Plate,16:9,"Create a canonical NOVERIS Nano Banana 2 visual for Animal-Symbiotic Plant: Master Botanical Plate.

Canonical archetype:
A canonical animal-symbiotic plant designed as a scientifically plausible plant-like or fungal organism whose anchoring, support, transport, energy capture, growth, reproduction, ecology, and environmental adaptations are internally coherent.

Required visual and biological rules:
• credible anchoring
• coherent support and transport
• functional energy collectors
• reproductive logic
• environment-linked growth

Production request:
Create whole organism, views, roots, structure, collectors, reproduction, stages, materials and habitat vignette.

Studio-resolved canonical values:
{{canonicalId}}, {{displayName}}, {{scientificName}}, {{originPlanet}}, {{planetType}}, {{biome}}, {{gravity}}, {{atmosphere}}, {{climate}}, {{temperatureRange}}, {{sizeScale}}, {{coloration}}, {{materials}}, {{distinctiveFeatures}}, {{lockedTraits}}, {{rarity}}, {{artDirection}}.

Preserve every locked canonical field exactly. The result must use NOVERIS Scientific Realism: premium AAA science-fiction quality, museum-grade reference presentation, scientifically plausible structure, coherent materials, restrained coloration unless canon requires otherwise, readable silhouette, consistent scale and anatomy or growth across all views, soft neutral studio lighting, pure black background for isolated references, full requested subject visibility, generous negative space, and PSD-friendly extraction. Habitat and biome outputs may use the canonical environment. No baked-in text, labels, watermark, logo, border, or UI.

Create four clearly different but canon-compliant versions. Preserve body plan or growth architecture, structural counts, environmental adaptations, materials, defining features, and locked coloration. Vary only permitted secondary proportions, markings, surface detail, minor ornamentation, natural wear, and pose or growth irregularity.

Recommended aspect ratio: 16:9.","text, labels, watermark, signature, logo, border, frame, UI, HUD, cropped subject, duplicate anatomy, contradictory anatomy, impossible balance, unsupported structures, random wings, random horns, humanoid default, fantasy armor, weapons, cartoon, anime, toy-like materials, excessive neon, excessive glow, oversaturated colors, busy background, motion blur, low resolution, compression artifacts, generic Earth copy, unsupported fantasy styling, traits conflicting with locked canon",1.0.0,canonical
NB2-PLT-PH-011-ANIMAL-SYMBIOTIC-PLANT-PSD,PLT-PH-011-ANIMAL-SYMBIOTIC-PLANT,Animal-Symbiotic Plant,psd,PSD Extraction Board,16:9,"Create a canonical NOVERIS Nano Banana 2 visual for Animal-Symbiotic Plant: PSD Extraction Board.

Canonical archetype:
A canonical animal-symbiotic plant designed as a scientifically plausible plant-like or fungal organism whose anchoring, support, transport, energy capture, growth, reproduction, ecology, and environmental adaptations are internally coherent.

Required visual and biological rules:
• credible anchoring
• coherent support and transport
• functional energy collectors
• reproductive logic
• environment-linked growth

Production request:
Create isolated whole organism, parts, silhouette and material references.

Studio-resolved canonical values:
{{canonicalId}}, {{displayName}}, {{scientificName}}, {{originPlanet}}, {{planetType}}, {{biome}}, {{gravity}}, {{atmosphere}}, {{climate}}, {{temperatureRange}}, {{sizeScale}}, {{coloration}}, {{materials}}, {{distinctiveFeatures}}, {{lockedTraits}}, {{rarity}}, {{artDirection}}.

Preserve every locked canonical field exactly. The result must use NOVERIS Scientific Realism: premium AAA science-fiction quality, museum-grade reference presentation, scientifically plausible structure, coherent materials, restrained coloration unless canon requires otherwise, readable silhouette, consistent scale and anatomy or growth across all views, soft neutral studio lighting, pure black background for isolated references, full requested subject visibility, generous negative space, and PSD-friendly extraction. Habitat and biome outputs may use the canonical environment. No baked-in text, labels, watermark, logo, border, or UI.

Create four clearly different but canon-compliant versions. Preserve body plan or growth architecture, structural counts, environmental adaptations, materials, defining features, and locked coloration. Vary only permitted secondary proportions, markings, surface detail, minor ornamentation, natural wear, and pose or growth irregularity.

Recommended aspect ratio: 16:9.","text, labels, watermark, signature, logo, border, frame, UI, HUD, cropped subject, duplicate anatomy, contradictory anatomy, impossible balance, unsupported structures, random wings, random horns, humanoid default, fantasy armor, weapons, cartoon, anime, toy-like materials, excessive neon, excessive glow, oversaturated colors, busy background, motion blur, low resolution, compression artifacts, generic Earth copy, unsupported fantasy styling, traits conflicting with locked canon",1.0.0,canonical
NB2-PLT-PH-012-MINERAL-SYMBIOTIC-PLANT-WHOLE-PLANT,PLT-PH-012-MINERAL-SYMBIOTIC-PLANT,Mineral-Symbiotic Plant,whole-plant,Whole Plant Production Render,3:4,"Create a canonical NOVERIS Nano Banana 2 visual for Mineral-Symbiotic Plant: Whole Plant Production Render.

Canonical archetype:
A canonical mineral-symbiotic plant designed as a scientifically plausible plant-like or fungal organism whose anchoring, support, transport, energy capture, growth, reproduction, ecology, and environmental adaptations are internally coherent.

Required visual and biological rules:
• credible anchoring
• coherent support and transport
• functional energy collectors
• reproductive logic
• environment-linked growth
• coherent lattice growth
• geochemical exchange

Production request:
Create complete mature organism including roots or anchor system.

Studio-resolved canonical values:
{{canonicalId}}, {{displayName}}, {{scientificName}}, {{originPlanet}}, {{planetType}}, {{biome}}, {{gravity}}, {{atmosphere}}, {{climate}}, {{temperatureRange}}, {{sizeScale}}, {{coloration}}, {{materials}}, {{distinctiveFeatures}}, {{lockedTraits}}, {{rarity}}, {{artDirection}}.

Preserve every locked canonical field exactly. The result must use NOVERIS Scientific Realism: premium AAA science-fiction quality, museum-grade reference presentation, scientifically plausible structure, coherent materials, restrained coloration unless canon requires otherwise, readable silhouette, consistent scale and anatomy or growth across all views, soft neutral studio lighting, pure black background for isolated references, full requested subject visibility, generous negative space, and PSD-friendly extraction. Habitat and biome outputs may use the canonical environment. No baked-in text, labels, watermark, logo, border, or UI.

Create four clearly different but canon-compliant versions. Preserve body plan or growth architecture, structural counts, environmental adaptations, materials, defining features, and locked coloration. Vary only permitted secondary proportions, markings, surface detail, minor ornamentation, natural wear, and pose or growth irregularity.

Recommended aspect ratio: 3:4.","text, labels, watermark, signature, logo, border, frame, UI, HUD, cropped subject, duplicate anatomy, contradictory anatomy, impossible balance, unsupported structures, random wings, random horns, humanoid default, fantasy armor, weapons, cartoon, anime, toy-like materials, excessive neon, excessive glow, oversaturated colors, busy background, motion blur, low resolution, compression artifacts, generic Earth copy, unsupported fantasy styling, traits conflicting with locked canon",1.0.0,canonical
NB2-PLT-PH-012-MINERAL-SYMBIOTIC-PLANT-PORTRAIT,PLT-PH-012-MINERAL-SYMBIOTIC-PLANT,Mineral-Symbiotic Plant,portrait,Botanical Portrait,1:1,"Create a canonical NOVERIS Nano Banana 2 visual for Mineral-Symbiotic Plant: Botanical Portrait.

Canonical archetype:
A canonical mineral-symbiotic plant designed as a scientifically plausible plant-like or fungal organism whose anchoring, support, transport, energy capture, growth, reproduction, ecology, and environmental adaptations are internally coherent.

Required visual and biological rules:
• credible anchoring
• coherent support and transport
• functional energy collectors
• reproductive logic
• environment-linked growth
• coherent lattice growth
• geochemical exchange

Production request:
Create defining growth form, foliage, collectors and reproduction.

Studio-resolved canonical values:
{{canonicalId}}, {{displayName}}, {{scientificName}}, {{originPlanet}}, {{planetType}}, {{biome}}, {{gravity}}, {{atmosphere}}, {{climate}}, {{temperatureRange}}, {{sizeScale}}, {{coloration}}, {{materials}}, {{distinctiveFeatures}}, {{lockedTraits}}, {{rarity}}, {{artDirection}}.

Preserve every locked canonical field exactly. The result must use NOVERIS Scientific Realism: premium AAA science-fiction quality, museum-grade reference presentation, scientifically plausible structure, coherent materials, restrained coloration unless canon requires otherwise, readable silhouette, consistent scale and anatomy or growth across all views, soft neutral studio lighting, pure black background for isolated references, full requested subject visibility, generous negative space, and PSD-friendly extraction. Habitat and biome outputs may use the canonical environment. No baked-in text, labels, watermark, logo, border, or UI.

Create four clearly different but canon-compliant versions. Preserve body plan or growth architecture, structural counts, environmental adaptations, materials, defining features, and locked coloration. Vary only permitted secondary proportions, markings, surface detail, minor ornamentation, natural wear, and pose or growth irregularity.

Recommended aspect ratio: 1:1.","text, labels, watermark, signature, logo, border, frame, UI, HUD, cropped subject, duplicate anatomy, contradictory anatomy, impossible balance, unsupported structures, random wings, random horns, humanoid default, fantasy armor, weapons, cartoon, anime, toy-like materials, excessive neon, excessive glow, oversaturated colors, busy background, motion blur, low resolution, compression artifacts, generic Earth copy, unsupported fantasy styling, traits conflicting with locked canon",1.0.0,canonical
NB2-PLT-PH-012-MINERAL-SYMBIOTIC-PLANT-ORTHO-FRONT,PLT-PH-012-MINERAL-SYMBIOTIC-PLANT,Mineral-Symbiotic Plant,ortho-front,Orthographic Front,3:4,"Create a canonical NOVERIS Nano Banana 2 visual for Mineral-Symbiotic Plant: Orthographic Front.

Canonical archetype:
A canonical mineral-symbiotic plant designed as a scientifically plausible plant-like or fungal organism whose anchoring, support, transport, energy capture, growth, reproduction, ecology, and environmental adaptations are internally coherent.

Required visual and biological rules:
• credible anchoring
• coherent support and transport
• functional energy collectors
• reproductive logic
• environment-linked growth
• coherent lattice growth
• geochemical exchange

Production request:
Create exact front orthographic view.

Studio-resolved canonical values:
{{canonicalId}}, {{displayName}}, {{scientificName}}, {{originPlanet}}, {{planetType}}, {{biome}}, {{gravity}}, {{atmosphere}}, {{climate}}, {{temperatureRange}}, {{sizeScale}}, {{coloration}}, {{materials}}, {{distinctiveFeatures}}, {{lockedTraits}}, {{rarity}}, {{artDirection}}.

Preserve every locked canonical field exactly. The result must use NOVERIS Scientific Realism: premium AAA science-fiction quality, museum-grade reference presentation, scientifically plausible structure, coherent materials, restrained coloration unless canon requires otherwise, readable silhouette, consistent scale and anatomy or growth across all views, soft neutral studio lighting, pure black background for isolated references, full requested subject visibility, generous negative space, and PSD-friendly extraction. Habitat and biome outputs may use the canonical environment. No baked-in text, labels, watermark, logo, border, or UI.

Create four clearly different but canon-compliant versions. Preserve body plan or growth architecture, structural counts, environmental adaptations, materials, defining features, and locked coloration. Vary only permitted secondary proportions, markings, surface detail, minor ornamentation, natural wear, and pose or growth irregularity.

Recommended aspect ratio: 3:4.","text, labels, watermark, signature, logo, border, frame, UI, HUD, cropped subject, duplicate anatomy, contradictory anatomy, impossible balance, unsupported structures, random wings, random horns, humanoid default, fantasy armor, weapons, cartoon, anime, toy-like materials, excessive neon, excessive glow, oversaturated colors, busy background, motion blur, low resolution, compression artifacts, generic Earth copy, unsupported fantasy styling, traits conflicting with locked canon",1.0.0,canonical
NB2-PLT-PH-012-MINERAL-SYMBIOTIC-PLANT-ORTHO-SIDE,PLT-PH-012-MINERAL-SYMBIOTIC-PLANT,Mineral-Symbiotic Plant,ortho-side,Orthographic Side,3:4,"Create a canonical NOVERIS Nano Banana 2 visual for Mineral-Symbiotic Plant: Orthographic Side.

Canonical archetype:
A canonical mineral-symbiotic plant designed as a scientifically plausible plant-like or fungal organism whose anchoring, support, transport, energy capture, growth, reproduction, ecology, and environmental adaptations are internally coherent.

Required visual and biological rules:
• credible anchoring
• coherent support and transport
• functional energy collectors
• reproductive logic
• environment-linked growth
• coherent lattice growth
• geochemical exchange

Production request:
Create exact side orthographic view.

Studio-resolved canonical values:
{{canonicalId}}, {{displayName}}, {{scientificName}}, {{originPlanet}}, {{planetType}}, {{biome}}, {{gravity}}, {{atmosphere}}, {{climate}}, {{temperatureRange}}, {{sizeScale}}, {{coloration}}, {{materials}}, {{distinctiveFeatures}}, {{lockedTraits}}, {{rarity}}, {{artDirection}}.

Preserve every locked canonical field exactly. The result must use NOVERIS Scientific Realism: premium AAA science-fiction quality, museum-grade reference presentation, scientifically plausible structure, coherent materials, restrained coloration unless canon requires otherwise, readable silhouette, consistent scale and anatomy or growth across all views, soft neutral studio lighting, pure black background for isolated references, full requested subject visibility, generous negative space, and PSD-friendly extraction. Habitat and biome outputs may use the canonical environment. No baked-in text, labels, watermark, logo, border, or UI.

Create four clearly different but canon-compliant versions. Preserve body plan or growth architecture, structural counts, environmental adaptations, materials, defining features, and locked coloration. Vary only permitted secondary proportions, markings, surface detail, minor ornamentation, natural wear, and pose or growth irregularity.

Recommended aspect ratio: 3:4.","text, labels, watermark, signature, logo, border, frame, UI, HUD, cropped subject, duplicate anatomy, contradictory anatomy, impossible balance, unsupported structures, random wings, random horns, humanoid default, fantasy armor, weapons, cartoon, anime, toy-like materials, excessive neon, excessive glow, oversaturated colors, busy background, motion blur, low resolution, compression artifacts, generic Earth copy, unsupported fantasy styling, traits conflicting with locked canon",1.0.0,canonical
NB2-PLT-PH-012-MINERAL-SYMBIOTIC-PLANT-ORTHO-TOP,PLT-PH-012-MINERAL-SYMBIOTIC-PLANT,Mineral-Symbiotic Plant,ortho-top,Orthographic Top,1:1,"Create a canonical NOVERIS Nano Banana 2 visual for Mineral-Symbiotic Plant: Orthographic Top.

Canonical archetype:
A canonical mineral-symbiotic plant designed as a scientifically plausible plant-like or fungal organism whose anchoring, support, transport, energy capture, growth, reproduction, ecology, and environmental adaptations are internally coherent.

Required visual and biological rules:
• credible anchoring
• coherent support and transport
• functional energy collectors
• reproductive logic
• environment-linked growth
• coherent lattice growth
• geochemical exchange

Production request:
Create exact top view showing spread and growth geometry.

Studio-resolved canonical values:
{{canonicalId}}, {{displayName}}, {{scientificName}}, {{originPlanet}}, {{planetType}}, {{biome}}, {{gravity}}, {{atmosphere}}, {{climate}}, {{temperatureRange}}, {{sizeScale}}, {{coloration}}, {{materials}}, {{distinctiveFeatures}}, {{lockedTraits}}, {{rarity}}, {{artDirection}}.

Preserve every locked canonical field exactly. The result must use NOVERIS Scientific Realism: premium AAA science-fiction quality, museum-grade reference presentation, scientifically plausible structure, coherent materials, restrained coloration unless canon requires otherwise, readable silhouette, consistent scale and anatomy or growth across all views, soft neutral studio lighting, pure black background for isolated references, full requested subject visibility, generous negative space, and PSD-friendly extraction. Habitat and biome outputs may use the canonical environment. No baked-in text, labels, watermark, logo, border, or UI.

Create four clearly different but canon-compliant versions. Preserve body plan or growth architecture, structural counts, environmental adaptations, materials, defining features, and locked coloration. Vary only permitted secondary proportions, markings, surface detail, minor ornamentation, natural wear, and pose or growth irregularity.

Recommended aspect ratio: 1:1.","text, labels, watermark, signature, logo, border, frame, UI, HUD, cropped subject, duplicate anatomy, contradictory anatomy, impossible balance, unsupported structures, random wings, random horns, humanoid default, fantasy armor, weapons, cartoon, anime, toy-like materials, excessive neon, excessive glow, oversaturated colors, busy background, motion blur, low resolution, compression artifacts, generic Earth copy, unsupported fantasy styling, traits conflicting with locked canon",1.0.0,canonical
NB2-PLT-PH-012-MINERAL-SYMBIOTIC-PLANT-ROOTS,PLT-PH-012-MINERAL-SYMBIOTIC-PLANT,Mineral-Symbiotic Plant,roots,Root or Anchor System,16:9,"Create a canonical NOVERIS Nano Banana 2 visual for Mineral-Symbiotic Plant: Root or Anchor System.

Canonical archetype:
A canonical mineral-symbiotic plant designed as a scientifically plausible plant-like or fungal organism whose anchoring, support, transport, energy capture, growth, reproduction, ecology, and environmental adaptations are internally coherent.

Required visual and biological rules:
• credible anchoring
• coherent support and transport
• functional energy collectors
• reproductive logic
• environment-linked growth
• coherent lattice growth
• geochemical exchange

Production request:
Create complete substrate interface and nutrient exchange structures.

Studio-resolved canonical values:
{{canonicalId}}, {{displayName}}, {{scientificName}}, {{originPlanet}}, {{planetType}}, {{biome}}, {{gravity}}, {{atmosphere}}, {{climate}}, {{temperatureRange}}, {{sizeScale}}, {{coloration}}, {{materials}}, {{distinctiveFeatures}}, {{lockedTraits}}, {{rarity}}, {{artDirection}}.

Preserve every locked canonical field exactly. The result must use NOVERIS Scientific Realism: premium AAA science-fiction quality, museum-grade reference presentation, scientifically plausible structure, coherent materials, restrained coloration unless canon requires otherwise, readable silhouette, consistent scale and anatomy or growth across all views, soft neutral studio lighting, pure black background for isolated references, full requested subject visibility, generous negative space, and PSD-friendly extraction. Habitat and biome outputs may use the canonical environment. No baked-in text, labels, watermark, logo, border, or UI.

Create four clearly different but canon-compliant versions. Preserve body plan or growth architecture, structural counts, environmental adaptations, materials, defining features, and locked coloration. Vary only permitted secondary proportions, markings, surface detail, minor ornamentation, natural wear, and pose or growth irregularity.

Recommended aspect ratio: 16:9.","text, labels, watermark, signature, logo, border, frame, UI, HUD, cropped subject, duplicate anatomy, contradictory anatomy, impossible balance, unsupported structures, random wings, random horns, humanoid default, fantasy armor, weapons, cartoon, anime, toy-like materials, excessive neon, excessive glow, oversaturated colors, busy background, motion blur, low resolution, compression artifacts, generic Earth copy, unsupported fantasy styling, traits conflicting with locked canon",1.0.0,canonical
NB2-PLT-PH-012-MINERAL-SYMBIOTIC-PLANT-STEMS,PLT-PH-012-MINERAL-SYMBIOTIC-PLANT,Mineral-Symbiotic Plant,stems,"Stem, Trunk or Structural Study",16:9,"Create a canonical NOVERIS Nano Banana 2 visual for Mineral-Symbiotic Plant: Stem, Trunk or Structural Study.

Canonical archetype:
A canonical mineral-symbiotic plant designed as a scientifically plausible plant-like or fungal organism whose anchoring, support, transport, energy capture, growth, reproduction, ecology, and environmental adaptations are internally coherent.

Required visual and biological rules:
• credible anchoring
• coherent support and transport
• functional energy collectors
• reproductive logic
• environment-linked growth
• coherent lattice growth
• geochemical exchange

Production request:
Create support and transport architecture.

Studio-resolved canonical values:
{{canonicalId}}, {{displayName}}, {{scientificName}}, {{originPlanet}}, {{planetType}}, {{biome}}, {{gravity}}, {{atmosphere}}, {{climate}}, {{temperatureRange}}, {{sizeScale}}, {{coloration}}, {{materials}}, {{distinctiveFeatures}}, {{lockedTraits}}, {{rarity}}, {{artDirection}}.

Preserve every locked canonical field exactly. The result must use NOVERIS Scientific Realism: premium AAA science-fiction quality, museum-grade reference presentation, scientifically plausible structure, coherent materials, restrained coloration unless canon requires otherwise, readable silhouette, consistent scale and anatomy or growth across all views, soft neutral studio lighting, pure black background for isolated references, full requested subject visibility, generous negative space, and PSD-friendly extraction. Habitat and biome outputs may use the canonical environment. No baked-in text, labels, watermark, logo, border, or UI.

Create four clearly different but canon-compliant versions. Preserve body plan or growth architecture, structural counts, environmental adaptations, materials, defining features, and locked coloration. Vary only permitted secondary proportions, markings, surface detail, minor ornamentation, natural wear, and pose or growth irregularity.

Recommended aspect ratio: 16:9.","text, labels, watermark, signature, logo, border, frame, UI, HUD, cropped subject, duplicate anatomy, contradictory anatomy, impossible balance, unsupported structures, random wings, random horns, humanoid default, fantasy armor, weapons, cartoon, anime, toy-like materials, excessive neon, excessive glow, oversaturated colors, busy background, motion blur, low resolution, compression artifacts, generic Earth copy, unsupported fantasy styling, traits conflicting with locked canon",1.0.0,canonical
NB2-PLT-PH-012-MINERAL-SYMBIOTIC-PLANT-COLLECTORS,PLT-PH-012-MINERAL-SYMBIOTIC-PLANT,Mineral-Symbiotic Plant,collectors,Leaves or Collector Study,16:9,"Create a canonical NOVERIS Nano Banana 2 visual for Mineral-Symbiotic Plant: Leaves or Collector Study.

Canonical archetype:
A canonical mineral-symbiotic plant designed as a scientifically plausible plant-like or fungal organism whose anchoring, support, transport, energy capture, growth, reproduction, ecology, and environmental adaptations are internally coherent.

Required visual and biological rules:
• credible anchoring
• coherent support and transport
• functional energy collectors
• reproductive logic
• environment-linked growth
• coherent lattice growth
• geochemical exchange

Production request:
Create front, back, edge, juvenile, mature and stressed states.

Studio-resolved canonical values:
{{canonicalId}}, {{displayName}}, {{scientificName}}, {{originPlanet}}, {{planetType}}, {{biome}}, {{gravity}}, {{atmosphere}}, {{climate}}, {{temperatureRange}}, {{sizeScale}}, {{coloration}}, {{materials}}, {{distinctiveFeatures}}, {{lockedTraits}}, {{rarity}}, {{artDirection}}.

Preserve every locked canonical field exactly. The result must use NOVERIS Scientific Realism: premium AAA science-fiction quality, museum-grade reference presentation, scientifically plausible structure, coherent materials, restrained coloration unless canon requires otherwise, readable silhouette, consistent scale and anatomy or growth across all views, soft neutral studio lighting, pure black background for isolated references, full requested subject visibility, generous negative space, and PSD-friendly extraction. Habitat and biome outputs may use the canonical environment. No baked-in text, labels, watermark, logo, border, or UI.

Create four clearly different but canon-compliant versions. Preserve body plan or growth architecture, structural counts, environmental adaptations, materials, defining features, and locked coloration. Vary only permitted secondary proportions, markings, surface detail, minor ornamentation, natural wear, and pose or growth irregularity.

Recommended aspect ratio: 16:9.","text, labels, watermark, signature, logo, border, frame, UI, HUD, cropped subject, duplicate anatomy, contradictory anatomy, impossible balance, unsupported structures, random wings, random horns, humanoid default, fantasy armor, weapons, cartoon, anime, toy-like materials, excessive neon, excessive glow, oversaturated colors, busy background, motion blur, low resolution, compression artifacts, generic Earth copy, unsupported fantasy styling, traits conflicting with locked canon",1.0.0,canonical
NB2-PLT-PH-012-MINERAL-SYMBIOTIC-PLANT-REPRODUCTION,PLT-PH-012-MINERAL-SYMBIOTIC-PLANT,Mineral-Symbiotic Plant,reproduction,Reproductive Structure,16:9,"Create a canonical NOVERIS Nano Banana 2 visual for Mineral-Symbiotic Plant: Reproductive Structure.

Canonical archetype:
A canonical mineral-symbiotic plant designed as a scientifically plausible plant-like or fungal organism whose anchoring, support, transport, energy capture, growth, reproduction, ecology, and environmental adaptations are internally coherent.

Required visual and biological rules:
• credible anchoring
• coherent support and transport
• functional energy collectors
• reproductive logic
• environment-linked growth
• coherent lattice growth
• geochemical exchange

Production request:
Create flowers, cones, spores, fields or equivalent stages.

Studio-resolved canonical values:
{{canonicalId}}, {{displayName}}, {{scientificName}}, {{originPlanet}}, {{planetType}}, {{biome}}, {{gravity}}, {{atmosphere}}, {{climate}}, {{temperatureRange}}, {{sizeScale}}, {{coloration}}, {{materials}}, {{distinctiveFeatures}}, {{lockedTraits}}, {{rarity}}, {{artDirection}}.

Preserve every locked canonical field exactly. The result must use NOVERIS Scientific Realism: premium AAA science-fiction quality, museum-grade reference presentation, scientifically plausible structure, coherent materials, restrained coloration unless canon requires otherwise, readable silhouette, consistent scale and anatomy or growth across all views, soft neutral studio lighting, pure black background for isolated references, full requested subject visibility, generous negative space, and PSD-friendly extraction. Habitat and biome outputs may use the canonical environment. No baked-in text, labels, watermark, logo, border, or UI.

Create four clearly different but canon-compliant versions. Preserve body plan or growth architecture, structural counts, environmental adaptations, materials, defining features, and locked coloration. Vary only permitted secondary proportions, markings, surface detail, minor ornamentation, natural wear, and pose or growth irregularity.

Recommended aspect ratio: 16:9.","text, labels, watermark, signature, logo, border, frame, UI, HUD, cropped subject, duplicate anatomy, contradictory anatomy, impossible balance, unsupported structures, random wings, random horns, humanoid default, fantasy armor, weapons, cartoon, anime, toy-like materials, excessive neon, excessive glow, oversaturated colors, busy background, motion blur, low resolution, compression artifacts, generic Earth copy, unsupported fantasy styling, traits conflicting with locked canon",1.0.0,canonical
NB2-PLT-PH-012-MINERAL-SYMBIOTIC-PLANT-PROPAGULES,PLT-PH-012-MINERAL-SYMBIOTIC-PLANT,Mineral-Symbiotic Plant,propagules,"Seed, Spore or Propagule Study",16:9,"Create a canonical NOVERIS Nano Banana 2 visual for Mineral-Symbiotic Plant: Seed, Spore or Propagule Study.

Canonical archetype:
A canonical mineral-symbiotic plant designed as a scientifically plausible plant-like or fungal organism whose anchoring, support, transport, energy capture, growth, reproduction, ecology, and environmental adaptations are internally coherent.

Required visual and biological rules:
• credible anchoring
• coherent support and transport
• functional energy collectors
• reproductive logic
• environment-linked growth
• coherent lattice growth
• geochemical exchange

Production request:
Create dispersal, germination and early establishment.

Studio-resolved canonical values:
{{canonicalId}}, {{displayName}}, {{scientificName}}, {{originPlanet}}, {{planetType}}, {{biome}}, {{gravity}}, {{atmosphere}}, {{climate}}, {{temperatureRange}}, {{sizeScale}}, {{coloration}}, {{materials}}, {{distinctiveFeatures}}, {{lockedTraits}}, {{rarity}}, {{artDirection}}.

Preserve every locked canonical field exactly. The result must use NOVERIS Scientific Realism: premium AAA science-fiction quality, museum-grade reference presentation, scientifically plausible structure, coherent materials, restrained coloration unless canon requires otherwise, readable silhouette, consistent scale and anatomy or growth across all views, soft neutral studio lighting, pure black background for isolated references, full requested subject visibility, generous negative space, and PSD-friendly extraction. Habitat and biome outputs may use the canonical environment. No baked-in text, labels, watermark, logo, border, or UI.

Create four clearly different but canon-compliant versions. Preserve body plan or growth architecture, structural counts, environmental adaptations, materials, defining features, and locked coloration. Vary only permitted secondary proportions, markings, surface detail, minor ornamentation, natural wear, and pose or growth irregularity.

Recommended aspect ratio: 16:9.","text, labels, watermark, signature, logo, border, frame, UI, HUD, cropped subject, duplicate anatomy, contradictory anatomy, impossible balance, unsupported structures, random wings, random horns, humanoid default, fantasy armor, weapons, cartoon, anime, toy-like materials, excessive neon, excessive glow, oversaturated colors, busy background, motion blur, low resolution, compression artifacts, generic Earth copy, unsupported fantasy styling, traits conflicting with locked canon",1.0.0,canonical
NB2-PLT-PH-012-MINERAL-SYMBIOTIC-PLANT-CROSS-SECTION,PLT-PH-012-MINERAL-SYMBIOTIC-PLANT,Mineral-Symbiotic Plant,cross-section,Internal Cross Section,16:9,"Create a canonical NOVERIS Nano Banana 2 visual for Mineral-Symbiotic Plant: Internal Cross Section.

Canonical archetype:
A canonical mineral-symbiotic plant designed as a scientifically plausible plant-like or fungal organism whose anchoring, support, transport, energy capture, growth, reproduction, ecology, and environmental adaptations are internally coherent.

Required visual and biological rules:
• credible anchoring
• coherent support and transport
• functional energy collectors
• reproductive logic
• environment-linked growth
• coherent lattice growth
• geochemical exchange

Production request:
Create protection, transport, support, storage and reproduction.

Studio-resolved canonical values:
{{canonicalId}}, {{displayName}}, {{scientificName}}, {{originPlanet}}, {{planetType}}, {{biome}}, {{gravity}}, {{atmosphere}}, {{climate}}, {{temperatureRange}}, {{sizeScale}}, {{coloration}}, {{materials}}, {{distinctiveFeatures}}, {{lockedTraits}}, {{rarity}}, {{artDirection}}.

Preserve every locked canonical field exactly. The result must use NOVERIS Scientific Realism: premium AAA science-fiction quality, museum-grade reference presentation, scientifically plausible structure, coherent materials, restrained coloration unless canon requires otherwise, readable silhouette, consistent scale and anatomy or growth across all views, soft neutral studio lighting, pure black background for isolated references, full requested subject visibility, generous negative space, and PSD-friendly extraction. Habitat and biome outputs may use the canonical environment. No baked-in text, labels, watermark, logo, border, or UI.

Create four clearly different but canon-compliant versions. Preserve body plan or growth architecture, structural counts, environmental adaptations, materials, defining features, and locked coloration. Vary only permitted secondary proportions, markings, surface detail, minor ornamentation, natural wear, and pose or growth irregularity.

Recommended aspect ratio: 16:9.","text, labels, watermark, signature, logo, border, frame, UI, HUD, cropped subject, duplicate anatomy, contradictory anatomy, impossible balance, unsupported structures, random wings, random horns, humanoid default, fantasy armor, weapons, cartoon, anime, toy-like materials, excessive neon, excessive glow, oversaturated colors, busy background, motion blur, low resolution, compression artifacts, generic Earth copy, unsupported fantasy styling, traits conflicting with locked canon",1.0.0,canonical
NB2-PLT-PH-012-MINERAL-SYMBIOTIC-PLANT-GROWTH,PLT-PH-012-MINERAL-SYMBIOTIC-PLANT,Mineral-Symbiotic Plant,growth,Growth Stages,16:9,"Create a canonical NOVERIS Nano Banana 2 visual for Mineral-Symbiotic Plant: Growth Stages.

Canonical archetype:
A canonical mineral-symbiotic plant designed as a scientifically plausible plant-like or fungal organism whose anchoring, support, transport, energy capture, growth, reproduction, ecology, and environmental adaptations are internally coherent.

Required visual and biological rules:
• credible anchoring
• coherent support and transport
• functional energy collectors
• reproductive logic
• environment-linked growth
• coherent lattice growth
• geochemical exchange

Production request:
Create propagule, juvenile, mature, reproductive and senescent stages.

Studio-resolved canonical values:
{{canonicalId}}, {{displayName}}, {{scientificName}}, {{originPlanet}}, {{planetType}}, {{biome}}, {{gravity}}, {{atmosphere}}, {{climate}}, {{temperatureRange}}, {{sizeScale}}, {{coloration}}, {{materials}}, {{distinctiveFeatures}}, {{lockedTraits}}, {{rarity}}, {{artDirection}}.

Preserve every locked canonical field exactly. The result must use NOVERIS Scientific Realism: premium AAA science-fiction quality, museum-grade reference presentation, scientifically plausible structure, coherent materials, restrained coloration unless canon requires otherwise, readable silhouette, consistent scale and anatomy or growth across all views, soft neutral studio lighting, pure black background for isolated references, full requested subject visibility, generous negative space, and PSD-friendly extraction. Habitat and biome outputs may use the canonical environment. No baked-in text, labels, watermark, logo, border, or UI.

Create four clearly different but canon-compliant versions. Preserve body plan or growth architecture, structural counts, environmental adaptations, materials, defining features, and locked coloration. Vary only permitted secondary proportions, markings, surface detail, minor ornamentation, natural wear, and pose or growth irregularity.

Recommended aspect ratio: 16:9.","text, labels, watermark, signature, logo, border, frame, UI, HUD, cropped subject, duplicate anatomy, contradictory anatomy, impossible balance, unsupported structures, random wings, random horns, humanoid default, fantasy armor, weapons, cartoon, anime, toy-like materials, excessive neon, excessive glow, oversaturated colors, busy background, motion blur, low resolution, compression artifacts, generic Earth copy, unsupported fantasy styling, traits conflicting with locked canon",1.0.0,canonical
NB2-PLT-PH-012-MINERAL-SYMBIOTIC-PLANT-SEASONAL,PLT-PH-012-MINERAL-SYMBIOTIC-PLANT,Mineral-Symbiotic Plant,seasonal,Seasonal and Stress Variants,16:9,"Create a canonical NOVERIS Nano Banana 2 visual for Mineral-Symbiotic Plant: Seasonal and Stress Variants.

Canonical archetype:
A canonical mineral-symbiotic plant designed as a scientifically plausible plant-like or fungal organism whose anchoring, support, transport, energy capture, growth, reproduction, ecology, and environmental adaptations are internally coherent.

Required visual and biological rules:
• credible anchoring
• coherent support and transport
• functional energy collectors
• reproductive logic
• environment-linked growth
• coherent lattice growth
• geochemical exchange

Production request:
Create growth, reproduction, dormancy, damage and recovery.

Studio-resolved canonical values:
{{canonicalId}}, {{displayName}}, {{scientificName}}, {{originPlanet}}, {{planetType}}, {{biome}}, {{gravity}}, {{atmosphere}}, {{climate}}, {{temperatureRange}}, {{sizeScale}}, {{coloration}}, {{materials}}, {{distinctiveFeatures}}, {{lockedTraits}}, {{rarity}}, {{artDirection}}.

Preserve every locked canonical field exactly. The result must use NOVERIS Scientific Realism: premium AAA science-fiction quality, museum-grade reference presentation, scientifically plausible structure, coherent materials, restrained coloration unless canon requires otherwise, readable silhouette, consistent scale and anatomy or growth across all views, soft neutral studio lighting, pure black background for isolated references, full requested subject visibility, generous negative space, and PSD-friendly extraction. Habitat and biome outputs may use the canonical environment. No baked-in text, labels, watermark, logo, border, or UI.

Create four clearly different but canon-compliant versions. Preserve body plan or growth architecture, structural counts, environmental adaptations, materials, defining features, and locked coloration. Vary only permitted secondary proportions, markings, surface detail, minor ornamentation, natural wear, and pose or growth irregularity.

Recommended aspect ratio: 16:9.","text, labels, watermark, signature, logo, border, frame, UI, HUD, cropped subject, duplicate anatomy, contradictory anatomy, impossible balance, unsupported structures, random wings, random horns, humanoid default, fantasy armor, weapons, cartoon, anime, toy-like materials, excessive neon, excessive glow, oversaturated colors, busy background, motion blur, low resolution, compression artifacts, generic Earth copy, unsupported fantasy styling, traits conflicting with locked canon",1.0.0,canonical
NB2-PLT-PH-012-MINERAL-SYMBIOTIC-PLANT-HABITAT,PLT-PH-012-MINERAL-SYMBIOTIC-PLANT,Mineral-Symbiotic Plant,habitat,Native Habitat Composition,16:9,"Create a canonical NOVERIS Nano Banana 2 visual for Mineral-Symbiotic Plant: Native Habitat Composition.

Canonical archetype:
A canonical mineral-symbiotic plant designed as a scientifically plausible plant-like or fungal organism whose anchoring, support, transport, energy capture, growth, reproduction, ecology, and environmental adaptations are internally coherent.

Required visual and biological rules:
• credible anchoring
• coherent support and transport
• functional energy collectors
• reproductive logic
• environment-linked growth
• coherent lattice growth
• geochemical exchange

Production request:
Create natural population with spacing and age diversity.

Studio-resolved canonical values:
{{canonicalId}}, {{displayName}}, {{scientificName}}, {{originPlanet}}, {{planetType}}, {{biome}}, {{gravity}}, {{atmosphere}}, {{climate}}, {{temperatureRange}}, {{sizeScale}}, {{coloration}}, {{materials}}, {{distinctiveFeatures}}, {{lockedTraits}}, {{rarity}}, {{artDirection}}.

Preserve every locked canonical field exactly. The result must use NOVERIS Scientific Realism: premium AAA science-fiction quality, museum-grade reference presentation, scientifically plausible structure, coherent materials, restrained coloration unless canon requires otherwise, readable silhouette, consistent scale and anatomy or growth across all views, soft neutral studio lighting, pure black background for isolated references, full requested subject visibility, generous negative space, and PSD-friendly extraction. Habitat and biome outputs may use the canonical environment. No baked-in text, labels, watermark, logo, border, or UI.

Create four clearly different but canon-compliant versions. Preserve body plan or growth architecture, structural counts, environmental adaptations, materials, defining features, and locked coloration. Vary only permitted secondary proportions, markings, surface detail, minor ornamentation, natural wear, and pose or growth irregularity.

Recommended aspect ratio: 16:9.","text, labels, watermark, signature, logo, border, frame, UI, HUD, cropped subject, duplicate anatomy, contradictory anatomy, impossible balance, unsupported structures, random wings, random horns, humanoid default, fantasy armor, weapons, cartoon, anime, toy-like materials, excessive neon, excessive glow, oversaturated colors, busy background, motion blur, low resolution, compression artifacts, generic Earth copy, unsupported fantasy styling, traits conflicting with locked canon",1.0.0,canonical
NB2-PLT-PH-012-MINERAL-SYMBIOTIC-PLANT-BIOME,PLT-PH-012-MINERAL-SYMBIOTIC-PLANT,Mineral-Symbiotic Plant,biome,Biome Composition,16:9,"Create a canonical NOVERIS Nano Banana 2 visual for Mineral-Symbiotic Plant: Biome Composition.

Canonical archetype:
A canonical mineral-symbiotic plant designed as a scientifically plausible plant-like or fungal organism whose anchoring, support, transport, energy capture, growth, reproduction, ecology, and environmental adaptations are internally coherent.

Required visual and biological rules:
• credible anchoring
• coherent support and transport
• functional energy collectors
• reproductive logic
• environment-linked growth
• coherent lattice growth
• geochemical exchange

Production request:
Create coordinated vegetation set at consistent scale.

Studio-resolved canonical values:
{{canonicalId}}, {{displayName}}, {{scientificName}}, {{originPlanet}}, {{planetType}}, {{biome}}, {{gravity}}, {{atmosphere}}, {{climate}}, {{temperatureRange}}, {{sizeScale}}, {{coloration}}, {{materials}}, {{distinctiveFeatures}}, {{lockedTraits}}, {{rarity}}, {{artDirection}}.

Preserve every locked canonical field exactly. The result must use NOVERIS Scientific Realism: premium AAA science-fiction quality, museum-grade reference presentation, scientifically plausible structure, coherent materials, restrained coloration unless canon requires otherwise, readable silhouette, consistent scale and anatomy or growth across all views, soft neutral studio lighting, pure black background for isolated references, full requested subject visibility, generous negative space, and PSD-friendly extraction. Habitat and biome outputs may use the canonical environment. No baked-in text, labels, watermark, logo, border, or UI.

Create four clearly different but canon-compliant versions. Preserve body plan or growth architecture, structural counts, environmental adaptations, materials, defining features, and locked coloration. Vary only permitted secondary proportions, markings, surface detail, minor ornamentation, natural wear, and pose or growth irregularity.

Recommended aspect ratio: 16:9.","text, labels, watermark, signature, logo, border, frame, UI, HUD, cropped subject, duplicate anatomy, contradictory anatomy, impossible balance, unsupported structures, random wings, random horns, humanoid default, fantasy armor, weapons, cartoon, anime, toy-like materials, excessive neon, excessive glow, oversaturated colors, busy background, motion blur, low resolution, compression artifacts, generic Earth copy, unsupported fantasy styling, traits conflicting with locked canon",1.0.0,canonical
NB2-PLT-PH-012-MINERAL-SYMBIOTIC-PLANT-DISCOVERY,PLT-PH-012-MINERAL-SYMBIOTIC-PLANT,Mineral-Symbiotic Plant,discovery,Discovery Scan,16:9,"Create a canonical NOVERIS Nano Banana 2 visual for Mineral-Symbiotic Plant: Discovery Scan.

Canonical archetype:
A canonical mineral-symbiotic plant designed as a scientifically plausible plant-like or fungal organism whose anchoring, support, transport, energy capture, growth, reproduction, ecology, and environmental adaptations are internally coherent.

Required visual and biological rules:
• credible anchoring
• coherent support and transport
• functional energy collectors
• reproductive logic
• environment-linked growth
• coherent lattice growth
• geochemical exchange

Production request:
Create centered scientific scan source without labels.

Studio-resolved canonical values:
{{canonicalId}}, {{displayName}}, {{scientificName}}, {{originPlanet}}, {{planetType}}, {{biome}}, {{gravity}}, {{atmosphere}}, {{climate}}, {{temperatureRange}}, {{sizeScale}}, {{coloration}}, {{materials}}, {{distinctiveFeatures}}, {{lockedTraits}}, {{rarity}}, {{artDirection}}.

Preserve every locked canonical field exactly. The result must use NOVERIS Scientific Realism: premium AAA science-fiction quality, museum-grade reference presentation, scientifically plausible structure, coherent materials, restrained coloration unless canon requires otherwise, readable silhouette, consistent scale and anatomy or growth across all views, soft neutral studio lighting, pure black background for isolated references, full requested subject visibility, generous negative space, and PSD-friendly extraction. Habitat and biome outputs may use the canonical environment. No baked-in text, labels, watermark, logo, border, or UI.

Create four clearly different but canon-compliant versions. Preserve body plan or growth architecture, structural counts, environmental adaptations, materials, defining features, and locked coloration. Vary only permitted secondary proportions, markings, surface detail, minor ornamentation, natural wear, and pose or growth irregularity.

Recommended aspect ratio: 16:9.","text, labels, watermark, signature, logo, border, frame, UI, HUD, cropped subject, duplicate anatomy, contradictory anatomy, impossible balance, unsupported structures, random wings, random horns, humanoid default, fantasy armor, weapons, cartoon, anime, toy-like materials, excessive neon, excessive glow, oversaturated colors, busy background, motion blur, low resolution, compression artifacts, generic Earth copy, unsupported fantasy styling, traits conflicting with locked canon",1.0.0,canonical
NB2-PLT-PH-012-MINERAL-SYMBIOTIC-PLANT-ICON,PLT-PH-012-MINERAL-SYMBIOTIC-PLANT,Mineral-Symbiotic Plant,icon,UI Icon,1:1,"Create a canonical NOVERIS Nano Banana 2 visual for Mineral-Symbiotic Plant: UI Icon.

Canonical archetype:
A canonical mineral-symbiotic plant designed as a scientifically plausible plant-like or fungal organism whose anchoring, support, transport, energy capture, growth, reproduction, ecology, and environmental adaptations are internally coherent.

Required visual and biological rules:
• credible anchoring
• coherent support and transport
• functional energy collectors
• reproductive logic
• environment-linked growth
• coherent lattice growth
• geochemical exchange

Production request:
Create isolated silhouette readable at 64 pixels.

Studio-resolved canonical values:
{{canonicalId}}, {{displayName}}, {{scientificName}}, {{originPlanet}}, {{planetType}}, {{biome}}, {{gravity}}, {{atmosphere}}, {{climate}}, {{temperatureRange}}, {{sizeScale}}, {{coloration}}, {{materials}}, {{distinctiveFeatures}}, {{lockedTraits}}, {{rarity}}, {{artDirection}}.

Preserve every locked canonical field exactly. The result must use NOVERIS Scientific Realism: premium AAA science-fiction quality, museum-grade reference presentation, scientifically plausible structure, coherent materials, restrained coloration unless canon requires otherwise, readable silhouette, consistent scale and anatomy or growth across all views, soft neutral studio lighting, pure black background for isolated references, full requested subject visibility, generous negative space, and PSD-friendly extraction. Habitat and biome outputs may use the canonical environment. No baked-in text, labels, watermark, logo, border, or UI.

Create four clearly different but canon-compliant versions. Preserve body plan or growth architecture, structural counts, environmental adaptations, materials, defining features, and locked coloration. Vary only permitted secondary proportions, markings, surface detail, minor ornamentation, natural wear, and pose or growth irregularity.

Recommended aspect ratio: 1:1.","text, labels, watermark, signature, logo, border, frame, UI, HUD, cropped subject, duplicate anatomy, contradictory anatomy, impossible balance, unsupported structures, random wings, random horns, humanoid default, fantasy armor, weapons, cartoon, anime, toy-like materials, excessive neon, excessive glow, oversaturated colors, busy background, motion blur, low resolution, compression artifacts, generic Earth copy, unsupported fantasy styling, traits conflicting with locked canon",1.0.0,canonical
NB2-PLT-PH-012-MINERAL-SYMBIOTIC-PLANT-SCALE,PLT-PH-012-MINERAL-SYMBIOTIC-PLANT,Mineral-Symbiotic Plant,scale,Scale Comparison,16:9,"Create a canonical NOVERIS Nano Banana 2 visual for Mineral-Symbiotic Plant: Scale Comparison.

Canonical archetype:
A canonical mineral-symbiotic plant designed as a scientifically plausible plant-like or fungal organism whose anchoring, support, transport, energy capture, growth, reproduction, ecology, and environmental adaptations are internally coherent.

Required visual and biological rules:
• credible anchoring
• coherent support and transport
• functional energy collectors
• reproductive logic
• environment-linked growth
• coherent lattice growth
• geochemical exchange

Production request:
Create side view with adult human silhouette and one-meter bar.

Studio-resolved canonical values:
{{canonicalId}}, {{displayName}}, {{scientificName}}, {{originPlanet}}, {{planetType}}, {{biome}}, {{gravity}}, {{atmosphere}}, {{climate}}, {{temperatureRange}}, {{sizeScale}}, {{coloration}}, {{materials}}, {{distinctiveFeatures}}, {{lockedTraits}}, {{rarity}}, {{artDirection}}.

Preserve every locked canonical field exactly. The result must use NOVERIS Scientific Realism: premium AAA science-fiction quality, museum-grade reference presentation, scientifically plausible structure, coherent materials, restrained coloration unless canon requires otherwise, readable silhouette, consistent scale and anatomy or growth across all views, soft neutral studio lighting, pure black background for isolated references, full requested subject visibility, generous negative space, and PSD-friendly extraction. Habitat and biome outputs may use the canonical environment. No baked-in text, labels, watermark, logo, border, or UI.

Create four clearly different but canon-compliant versions. Preserve body plan or growth architecture, structural counts, environmental adaptations, materials, defining features, and locked coloration. Vary only permitted secondary proportions, markings, surface detail, minor ornamentation, natural wear, and pose or growth irregularity.

Recommended aspect ratio: 16:9.","text, labels, watermark, signature, logo, border, frame, UI, HUD, cropped subject, duplicate anatomy, contradictory anatomy, impossible balance, unsupported structures, random wings, random horns, humanoid default, fantasy armor, weapons, cartoon, anime, toy-like materials, excessive neon, excessive glow, oversaturated colors, busy background, motion blur, low resolution, compression artifacts, generic Earth copy, unsupported fantasy styling, traits conflicting with locked canon",1.0.0,canonical
NB2-PLT-PH-012-MINERAL-SYMBIOTIC-PLANT-PLATE,PLT-PH-012-MINERAL-SYMBIOTIC-PLANT,Mineral-Symbiotic Plant,plate,Master Botanical Plate,16:9,"Create a canonical NOVERIS Nano Banana 2 visual for Mineral-Symbiotic Plant: Master Botanical Plate.

Canonical archetype:
A canonical mineral-symbiotic plant designed as a scientifically plausible plant-like or fungal organism whose anchoring, support, transport, energy capture, growth, reproduction, ecology, and environmental adaptations are internally coherent.

Required visual and biological rules:
• credible anchoring
• coherent support and transport
• functional energy collectors
• reproductive logic
• environment-linked growth
• coherent lattice growth
• geochemical exchange

Production request:
Create whole organism, views, roots, structure, collectors, reproduction, stages, materials and habitat vignette.

Studio-resolved canonical values:
{{canonicalId}}, {{displayName}}, {{scientificName}}, {{originPlanet}}, {{planetType}}, {{biome}}, {{gravity}}, {{atmosphere}}, {{climate}}, {{temperatureRange}}, {{sizeScale}}, {{coloration}}, {{materials}}, {{distinctiveFeatures}}, {{lockedTraits}}, {{rarity}}, {{artDirection}}.

Preserve every locked canonical field exactly. The result must use NOVERIS Scientific Realism: premium AAA science-fiction quality, museum-grade reference presentation, scientifically plausible structure, coherent materials, restrained coloration unless canon requires otherwise, readable silhouette, consistent scale and anatomy or growth across all views, soft neutral studio lighting, pure black background for isolated references, full requested subject visibility, generous negative space, and PSD-friendly extraction. Habitat and biome outputs may use the canonical environment. No baked-in text, labels, watermark, logo, border, or UI.

Create four clearly different but canon-compliant versions. Preserve body plan or growth architecture, structural counts, environmental adaptations, materials, defining features, and locked coloration. Vary only permitted secondary proportions, markings, surface detail, minor ornamentation, natural wear, and pose or growth irregularity.

Recommended aspect ratio: 16:9.","text, labels, watermark, signature, logo, border, frame, UI, HUD, cropped subject, duplicate anatomy, contradictory anatomy, impossible balance, unsupported structures, random wings, random horns, humanoid default, fantasy armor, weapons, cartoon, anime, toy-like materials, excessive neon, excessive glow, oversaturated colors, busy background, motion blur, low resolution, compression artifacts, generic Earth copy, unsupported fantasy styling, traits conflicting with locked canon",1.0.0,canonical
NB2-PLT-PH-012-MINERAL-SYMBIOTIC-PLANT-PSD,PLT-PH-012-MINERAL-SYMBIOTIC-PLANT,Mineral-Symbiotic Plant,psd,PSD Extraction Board,16:9,"Create a canonical NOVERIS Nano Banana 2 visual for Mineral-Symbiotic Plant: PSD Extraction Board.

Canonical archetype:
A canonical mineral-symbiotic plant designed as a scientifically plausible plant-like or fungal organism whose anchoring, support, transport, energy capture, growth, reproduction, ecology, and environmental adaptations are internally coherent.

Required visual and biological rules:
• credible anchoring
• coherent support and transport
• functional energy collectors
• reproductive logic
• environment-linked growth
• coherent lattice growth
• geochemical exchange

Production request:
Create isolated whole organism, parts, silhouette and material references.

Studio-resolved canonical values:
{{canonicalId}}, {{displayName}}, {{scientificName}}, {{originPlanet}}, {{planetType}}, {{biome}}, {{gravity}}, {{atmosphere}}, {{climate}}, {{temperatureRange}}, {{sizeScale}}, {{coloration}}, {{materials}}, {{distinctiveFeatures}}, {{lockedTraits}}, {{rarity}}, {{artDirection}}.

Preserve every locked canonical field exactly. The result must use NOVERIS Scientific Realism: premium AAA science-fiction quality, museum-grade reference presentation, scientifically plausible structure, coherent materials, restrained coloration unless canon requires otherwise, readable silhouette, consistent scale and anatomy or growth across all views, soft neutral studio lighting, pure black background for isolated references, full requested subject visibility, generous negative space, and PSD-friendly extraction. Habitat and biome outputs may use the canonical environment. No baked-in text, labels, watermark, logo, border, or UI.

Create four clearly different but canon-compliant versions. Preserve body plan or growth architecture, structural counts, environmental adaptations, materials, defining features, and locked coloration. Vary only permitted secondary proportions, markings, surface detail, minor ornamentation, natural wear, and pose or growth irregularity.

Recommended aspect ratio: 16:9.","text, labels, watermark, signature, logo, border, frame, UI, HUD, cropped subject, duplicate anatomy, contradictory anatomy, impossible balance, unsupported structures, random wings, random horns, humanoid default, fantasy armor, weapons, cartoon, anime, toy-like materials, excessive neon, excessive glow, oversaturated colors, busy background, motion blur, low resolution, compression artifacts, generic Earth copy, unsupported fantasy styling, traits conflicting with locked canon",1.0.0,canonical
NB2-PLT-PH-013-SYNTHETIC-SYMBIOTIC-FLORA-WHOLE-PLANT,PLT-PH-013-SYNTHETIC-SYMBIOTIC-FLORA,Synthetic-Symbiotic Flora,whole-plant,Whole Plant Production Render,3:4,"Create a canonical NOVERIS Nano Banana 2 visual for Synthetic-Symbiotic Flora: Whole Plant Production Render.

Canonical archetype:
A canonical synthetic-symbiotic flora designed as a scientifically plausible plant-like or fungal organism whose anchoring, support, transport, energy capture, growth, reproduction, ecology, and environmental adaptations are internally coherent.

Required visual and biological rules:
• credible anchoring
• coherent support and transport
• functional energy collectors
• reproductive logic
• environment-linked growth
• purpose-built morphology
• maintenance and propagation logic

Production request:
Create complete mature organism including roots or anchor system.

Studio-resolved canonical values:
{{canonicalId}}, {{displayName}}, {{scientificName}}, {{originPlanet}}, {{planetType}}, {{biome}}, {{gravity}}, {{atmosphere}}, {{climate}}, {{temperatureRange}}, {{sizeScale}}, {{coloration}}, {{materials}}, {{distinctiveFeatures}}, {{lockedTraits}}, {{rarity}}, {{artDirection}}.

Preserve every locked canonical field exactly. The result must use NOVERIS Scientific Realism: premium AAA science-fiction quality, museum-grade reference presentation, scientifically plausible structure, coherent materials, restrained coloration unless canon requires otherwise, readable silhouette, consistent scale and anatomy or growth across all views, soft neutral studio lighting, pure black background for isolated references, full requested subject visibility, generous negative space, and PSD-friendly extraction. Habitat and biome outputs may use the canonical environment. No baked-in text, labels, watermark, logo, border, or UI.

Create four clearly different but canon-compliant versions. Preserve body plan or growth architecture, structural counts, environmental adaptations, materials, defining features, and locked coloration. Vary only permitted secondary proportions, markings, surface detail, minor ornamentation, natural wear, and pose or growth irregularity.

Recommended aspect ratio: 3:4.","text, labels, watermark, signature, logo, border, frame, UI, HUD, cropped subject, duplicate anatomy, contradictory anatomy, impossible balance, unsupported structures, random wings, random horns, humanoid default, fantasy armor, weapons, cartoon, anime, toy-like materials, excessive neon, excessive glow, oversaturated colors, busy background, motion blur, low resolution, compression artifacts, generic Earth copy, unsupported fantasy styling, traits conflicting with locked canon",1.0.0,canonical
NB2-PLT-PH-013-SYNTHETIC-SYMBIOTIC-FLORA-PORTRAIT,PLT-PH-013-SYNTHETIC-SYMBIOTIC-FLORA,Synthetic-Symbiotic Flora,portrait,Botanical Portrait,1:1,"Create a canonical NOVERIS Nano Banana 2 visual for Synthetic-Symbiotic Flora: Botanical Portrait.

Canonical archetype:
A canonical synthetic-symbiotic flora designed as a scientifically plausible plant-like or fungal organism whose anchoring, support, transport, energy capture, growth, reproduction, ecology, and environmental adaptations are internally coherent.

Required visual and biological rules:
• credible anchoring
• coherent support and transport
• functional energy collectors
• reproductive logic
• environment-linked growth
• purpose-built morphology
• maintenance and propagation logic

Production request:
Create defining growth form, foliage, collectors and reproduction.

Studio-resolved canonical values:
{{canonicalId}}, {{displayName}}, {{scientificName}}, {{originPlanet}}, {{planetType}}, {{biome}}, {{gravity}}, {{atmosphere}}, {{climate}}, {{temperatureRange}}, {{sizeScale}}, {{coloration}}, {{materials}}, {{distinctiveFeatures}}, {{lockedTraits}}, {{rarity}}, {{artDirection}}.

Preserve every locked canonical field exactly. The result must use NOVERIS Scientific Realism: premium AAA science-fiction quality, museum-grade reference presentation, scientifically plausible structure, coherent materials, restrained coloration unless canon requires otherwise, readable silhouette, consistent scale and anatomy or growth across all views, soft neutral studio lighting, pure black background for isolated references, full requested subject visibility, generous negative space, and PSD-friendly extraction. Habitat and biome outputs may use the canonical environment. No baked-in text, labels, watermark, logo, border, or UI.

Create four clearly different but canon-compliant versions. Preserve body plan or growth architecture, structural counts, environmental adaptations, materials, defining features, and locked coloration. Vary only permitted secondary proportions, markings, surface detail, minor ornamentation, natural wear, and pose or growth irregularity.

Recommended aspect ratio: 1:1.","text, labels, watermark, signature, logo, border, frame, UI, HUD, cropped subject, duplicate anatomy, contradictory anatomy, impossible balance, unsupported structures, random wings, random horns, humanoid default, fantasy armor, weapons, cartoon, anime, toy-like materials, excessive neon, excessive glow, oversaturated colors, busy background, motion blur, low resolution, compression artifacts, generic Earth copy, unsupported fantasy styling, traits conflicting with locked canon",1.0.0,canonical
NB2-PLT-PH-013-SYNTHETIC-SYMBIOTIC-FLORA-ORTHO-FRONT,PLT-PH-013-SYNTHETIC-SYMBIOTIC-FLORA,Synthetic-Symbiotic Flora,ortho-front,Orthographic Front,3:4,"Create a canonical NOVERIS Nano Banana 2 visual for Synthetic-Symbiotic Flora: Orthographic Front.

Canonical archetype:
A canonical synthetic-symbiotic flora designed as a scientifically plausible plant-like or fungal organism whose anchoring, support, transport, energy capture, growth, reproduction, ecology, and environmental adaptations are internally coherent.

Required visual and biological rules:
• credible anchoring
• coherent support and transport
• functional energy collectors
• reproductive logic
• environment-linked growth
• purpose-built morphology
• maintenance and propagation logic

Production request:
Create exact front orthographic view.

Studio-resolved canonical values:
{{canonicalId}}, {{displayName}}, {{scientificName}}, {{originPlanet}}, {{planetType}}, {{biome}}, {{gravity}}, {{atmosphere}}, {{climate}}, {{temperatureRange}}, {{sizeScale}}, {{coloration}}, {{materials}}, {{distinctiveFeatures}}, {{lockedTraits}}, {{rarity}}, {{artDirection}}.

Preserve every locked canonical field exactly. The result must use NOVERIS Scientific Realism: premium AAA science-fiction quality, museum-grade reference presentation, scientifically plausible structure, coherent materials, restrained coloration unless canon requires otherwise, readable silhouette, consistent scale and anatomy or growth across all views, soft neutral studio lighting, pure black background for isolated references, full requested subject visibility, generous negative space, and PSD-friendly extraction. Habitat and biome outputs may use the canonical environment. No baked-in text, labels, watermark, logo, border, or UI.

Create four clearly different but canon-compliant versions. Preserve body plan or growth architecture, structural counts, environmental adaptations, materials, defining features, and locked coloration. Vary only permitted secondary proportions, markings, surface detail, minor ornamentation, natural wear, and pose or growth irregularity.

Recommended aspect ratio: 3:4.","text, labels, watermark, signature, logo, border, frame, UI, HUD, cropped subject, duplicate anatomy, contradictory anatomy, impossible balance, unsupported structures, random wings, random horns, humanoid default, fantasy armor, weapons, cartoon, anime, toy-like materials, excessive neon, excessive glow, oversaturated colors, busy background, motion blur, low resolution, compression artifacts, generic Earth copy, unsupported fantasy styling, traits conflicting with locked canon",1.0.0,canonical
NB2-PLT-PH-013-SYNTHETIC-SYMBIOTIC-FLORA-ORTHO-SIDE,PLT-PH-013-SYNTHETIC-SYMBIOTIC-FLORA,Synthetic-Symbiotic Flora,ortho-side,Orthographic Side,3:4,"Create a canonical NOVERIS Nano Banana 2 visual for Synthetic-Symbiotic Flora: Orthographic Side.

Canonical archetype:
A canonical synthetic-symbiotic flora designed as a scientifically plausible plant-like or fungal organism whose anchoring, support, transport, energy capture, growth, reproduction, ecology, and environmental adaptations are internally coherent.

Required visual and biological rules:
• credible anchoring
• coherent support and transport
• functional energy collectors
• reproductive logic
• environment-linked growth
• purpose-built morphology
• maintenance and propagation logic

Production request:
Create exact side orthographic view.

Studio-resolved canonical values:
{{canonicalId}}, {{displayName}}, {{scientificName}}, {{originPlanet}}, {{planetType}}, {{biome}}, {{gravity}}, {{atmosphere}}, {{climate}}, {{temperatureRange}}, {{sizeScale}}, {{coloration}}, {{materials}}, {{distinctiveFeatures}}, {{lockedTraits}}, {{rarity}}, {{artDirection}}.

Preserve every locked canonical field exactly. The result must use NOVERIS Scientific Realism: premium AAA science-fiction quality, museum-grade reference presentation, scientifically plausible structure, coherent materials, restrained coloration unless canon requires otherwise, readable silhouette, consistent scale and anatomy or growth across all views, soft neutral studio lighting, pure black background for isolated references, full requested subject visibility, generous negative space, and PSD-friendly extraction. Habitat and biome outputs may use the canonical environment. No baked-in text, labels, watermark, logo, border, or UI.

Create four clearly different but canon-compliant versions. Preserve body plan or growth architecture, structural counts, environmental adaptations, materials, defining features, and locked coloration. Vary only permitted secondary proportions, markings, surface detail, minor ornamentation, natural wear, and pose or growth irregularity.

Recommended aspect ratio: 3:4.","text, labels, watermark, signature, logo, border, frame, UI, HUD, cropped subject, duplicate anatomy, contradictory anatomy, impossible balance, unsupported structures, random wings, random horns, humanoid default, fantasy armor, weapons, cartoon, anime, toy-like materials, excessive neon, excessive glow, oversaturated colors, busy background, motion blur, low resolution, compression artifacts, generic Earth copy, unsupported fantasy styling, traits conflicting with locked canon",1.0.0,canonical
NB2-PLT-PH-013-SYNTHETIC-SYMBIOTIC-FLORA-ORTHO-TOP,PLT-PH-013-SYNTHETIC-SYMBIOTIC-FLORA,Synthetic-Symbiotic Flora,ortho-top,Orthographic Top,1:1,"Create a canonical NOVERIS Nano Banana 2 visual for Synthetic-Symbiotic Flora: Orthographic Top.

Canonical archetype:
A canonical synthetic-symbiotic flora designed as a scientifically plausible plant-like or fungal organism whose anchoring, support, transport, energy capture, growth, reproduction, ecology, and environmental adaptations are internally coherent.

Required visual and biological rules:
• credible anchoring
• coherent support and transport
• functional energy collectors
• reproductive logic
• environment-linked growth
• purpose-built morphology
• maintenance and propagation logic

Production request:
Create exact top view showing spread and growth geometry.

Studio-resolved canonical values:
{{canonicalId}}, {{displayName}}, {{scientificName}}, {{originPlanet}}, {{planetType}}, {{biome}}, {{gravity}}, {{atmosphere}}, {{climate}}, {{temperatureRange}}, {{sizeScale}}, {{coloration}}, {{materials}}, {{distinctiveFeatures}}, {{lockedTraits}}, {{rarity}}, {{artDirection}}.

Preserve every locked canonical field exactly. The result must use NOVERIS Scientific Realism: premium AAA science-fiction quality, museum-grade reference presentation, scientifically plausible structure, coherent materials, restrained coloration unless canon requires otherwise, readable silhouette, consistent scale and anatomy or growth across all views, soft neutral studio lighting, pure black background for isolated references, full requested subject visibility, generous negative space, and PSD-friendly extraction. Habitat and biome outputs may use the canonical environment. No baked-in text, labels, watermark, logo, border, or UI.

Create four clearly different but canon-compliant versions. Preserve body plan or growth architecture, structural counts, environmental adaptations, materials, defining features, and locked coloration. Vary only permitted secondary proportions, markings, surface detail, minor ornamentation, natural wear, and pose or growth irregularity.

Recommended aspect ratio: 1:1.","text, labels, watermark, signature, logo, border, frame, UI, HUD, cropped subject, duplicate anatomy, contradictory anatomy, impossible balance, unsupported structures, random wings, random horns, humanoid default, fantasy armor, weapons, cartoon, anime, toy-like materials, excessive neon, excessive glow, oversaturated colors, busy background, motion blur, low resolution, compression artifacts, generic Earth copy, unsupported fantasy styling, traits conflicting with locked canon",1.0.0,canonical
NB2-PLT-PH-013-SYNTHETIC-SYMBIOTIC-FLORA-ROOTS,PLT-PH-013-SYNTHETIC-SYMBIOTIC-FLORA,Synthetic-Symbiotic Flora,roots,Root or Anchor System,16:9,"Create a canonical NOVERIS Nano Banana 2 visual for Synthetic-Symbiotic Flora: Root or Anchor System.

Canonical archetype:
A canonical synthetic-symbiotic flora designed as a scientifically plausible plant-like or fungal organism whose anchoring, support, transport, energy capture, growth, reproduction, ecology, and environmental adaptations are internally coherent.

Required visual and biological rules:
• credible anchoring
• coherent support and transport
• functional energy collectors
• reproductive logic
• environment-linked growth
• purpose-built morphology
• maintenance and propagation logic

Production request:
Create complete substrate interface and nutrient exchange structures.

Studio-resolved canonical values:
{{canonicalId}}, {{displayName}}, {{scientificName}}, {{originPlanet}}, {{planetType}}, {{biome}}, {{gravity}}, {{atmosphere}}, {{climate}}, {{temperatureRange}}, {{sizeScale}}, {{coloration}}, {{materials}}, {{distinctiveFeatures}}, {{lockedTraits}}, {{rarity}}, {{artDirection}}.

Preserve every locked canonical field exactly. The result must use NOVERIS Scientific Realism: premium AAA science-fiction quality, museum-grade reference presentation, scientifically plausible structure, coherent materials, restrained coloration unless canon requires otherwise, readable silhouette, consistent scale and anatomy or growth across all views, soft neutral studio lighting, pure black background for isolated references, full requested subject visibility, generous negative space, and PSD-friendly extraction. Habitat and biome outputs may use the canonical environment. No baked-in text, labels, watermark, logo, border, or UI.

Create four clearly different but canon-compliant versions. Preserve body plan or growth architecture, structural counts, environmental adaptations, materials, defining features, and locked coloration. Vary only permitted secondary proportions, markings, surface detail, minor ornamentation, natural wear, and pose or growth irregularity.

Recommended aspect ratio: 16:9.","text, labels, watermark, signature, logo, border, frame, UI, HUD, cropped subject, duplicate anatomy, contradictory anatomy, impossible balance, unsupported structures, random wings, random horns, humanoid default, fantasy armor, weapons, cartoon, anime, toy-like materials, excessive neon, excessive glow, oversaturated colors, busy background, motion blur, low resolution, compression artifacts, generic Earth copy, unsupported fantasy styling, traits conflicting with locked canon",1.0.0,canonical
NB2-PLT-PH-013-SYNTHETIC-SYMBIOTIC-FLORA-STEMS,PLT-PH-013-SYNTHETIC-SYMBIOTIC-FLORA,Synthetic-Symbiotic Flora,stems,"Stem, Trunk or Structural Study",16:9,"Create a canonical NOVERIS Nano Banana 2 visual for Synthetic-Symbiotic Flora: Stem, Trunk or Structural Study.

Canonical archetype:
A canonical synthetic-symbiotic flora designed as a scientifically plausible plant-like or fungal organism whose anchoring, support, transport, energy capture, growth, reproduction, ecology, and environmental adaptations are internally coherent.

Required visual and biological rules:
• credible anchoring
• coherent support and transport
• functional energy collectors
• reproductive logic
• environment-linked growth
• purpose-built morphology
• maintenance and propagation logic

Production request:
Create support and transport architecture.

Studio-resolved canonical values:
{{canonicalId}}, {{displayName}}, {{scientificName}}, {{originPlanet}}, {{planetType}}, {{biome}}, {{gravity}}, {{atmosphere}}, {{climate}}, {{temperatureRange}}, {{sizeScale}}, {{coloration}}, {{materials}}, {{distinctiveFeatures}}, {{lockedTraits}}, {{rarity}}, {{artDirection}}.

Preserve every locked canonical field exactly. The result must use NOVERIS Scientific Realism: premium AAA science-fiction quality, museum-grade reference presentation, scientifically plausible structure, coherent materials, restrained coloration unless canon requires otherwise, readable silhouette, consistent scale and anatomy or growth across all views, soft neutral studio lighting, pure black background for isolated references, full requested subject visibility, generous negative space, and PSD-friendly extraction. Habitat and biome outputs may use the canonical environment. No baked-in text, labels, watermark, logo, border, or UI.

Create four clearly different but canon-compliant versions. Preserve body plan or growth architecture, structural counts, environmental adaptations, materials, defining features, and locked coloration. Vary only permitted secondary proportions, markings, surface detail, minor ornamentation, natural wear, and pose or growth irregularity.

Recommended aspect ratio: 16:9.","text, labels, watermark, signature, logo, border, frame, UI, HUD, cropped subject, duplicate anatomy, contradictory anatomy, impossible balance, unsupported structures, random wings, random horns, humanoid default, fantasy armor, weapons, cartoon, anime, toy-like materials, excessive neon, excessive glow, oversaturated colors, busy background, motion blur, low resolution, compression artifacts, generic Earth copy, unsupported fantasy styling, traits conflicting with locked canon",1.0.0,canonical
NB2-PLT-PH-013-SYNTHETIC-SYMBIOTIC-FLORA-COLLECTORS,PLT-PH-013-SYNTHETIC-SYMBIOTIC-FLORA,Synthetic-Symbiotic Flora,collectors,Leaves or Collector Study,16:9,"Create a canonical NOVERIS Nano Banana 2 visual for Synthetic-Symbiotic Flora: Leaves or Collector Study.

Canonical archetype:
A canonical synthetic-symbiotic flora designed as a scientifically plausible plant-like or fungal organism whose anchoring, support, transport, energy capture, growth, reproduction, ecology, and environmental adaptations are internally coherent.

Required visual and biological rules:
• credible anchoring
• coherent support and transport
• functional energy collectors
• reproductive logic
• environment-linked growth
• purpose-built morphology
• maintenance and propagation logic

Production request:
Create front, back, edge, juvenile, mature and stressed states.

Studio-resolved canonical values:
{{canonicalId}}, {{displayName}}, {{scientificName}}, {{originPlanet}}, {{planetType}}, {{biome}}, {{gravity}}, {{atmosphere}}, {{climate}}, {{temperatureRange}}, {{sizeScale}}, {{coloration}}, {{materials}}, {{distinctiveFeatures}}, {{lockedTraits}}, {{rarity}}, {{artDirection}}.

Preserve every locked canonical field exactly. The result must use NOVERIS Scientific Realism: premium AAA science-fiction quality, museum-grade reference presentation, scientifically plausible structure, coherent materials, restrained coloration unless canon requires otherwise, readable silhouette, consistent scale and anatomy or growth across all views, soft neutral studio lighting, pure black background for isolated references, full requested subject visibility, generous negative space, and PSD-friendly extraction. Habitat and biome outputs may use the canonical environment. No baked-in text, labels, watermark, logo, border, or UI.

Create four clearly different but canon-compliant versions. Preserve body plan or growth architecture, structural counts, environmental adaptations, materials, defining features, and locked coloration. Vary only permitted secondary proportions, markings, surface detail, minor ornamentation, natural wear, and pose or growth irregularity.

Recommended aspect ratio: 16:9.","text, labels, watermark, signature, logo, border, frame, UI, HUD, cropped subject, duplicate anatomy, contradictory anatomy, impossible balance, unsupported structures, random wings, random horns, humanoid default, fantasy armor, weapons, cartoon, anime, toy-like materials, excessive neon, excessive glow, oversaturated colors, busy background, motion blur, low resolution, compression artifacts, generic Earth copy, unsupported fantasy styling, traits conflicting with locked canon",1.0.0,canonical
NB2-PLT-PH-013-SYNTHETIC-SYMBIOTIC-FLORA-REPRODUCTION,PLT-PH-013-SYNTHETIC-SYMBIOTIC-FLORA,Synthetic-Symbiotic Flora,reproduction,Reproductive Structure,16:9,"Create a canonical NOVERIS Nano Banana 2 visual for Synthetic-Symbiotic Flora: Reproductive Structure.

Canonical archetype:
A canonical synthetic-symbiotic flora designed as a scientifically plausible plant-like or fungal organism whose anchoring, support, transport, energy capture, growth, reproduction, ecology, and environmental adaptations are internally coherent.

Required visual and biological rules:
• credible anchoring
• coherent support and transport
• functional energy collectors
• reproductive logic
• environment-linked growth
• purpose-built morphology
• maintenance and propagation logic

Production request:
Create flowers, cones, spores, fields or equivalent stages.

Studio-resolved canonical values:
{{canonicalId}}, {{displayName}}, {{scientificName}}, {{originPlanet}}, {{planetType}}, {{biome}}, {{gravity}}, {{atmosphere}}, {{climate}}, {{temperatureRange}}, {{sizeScale}}, {{coloration}}, {{materials}}, {{distinctiveFeatures}}, {{lockedTraits}}, {{rarity}}, {{artDirection}}.

Preserve every locked canonical field exactly. The result must use NOVERIS Scientific Realism: premium AAA science-fiction quality, museum-grade reference presentation, scientifically plausible structure, coherent materials, restrained coloration unless canon requires otherwise, readable silhouette, consistent scale and anatomy or growth across all views, soft neutral studio lighting, pure black background for isolated references, full requested subject visibility, generous negative space, and PSD-friendly extraction. Habitat and biome outputs may use the canonical environment. No baked-in text, labels, watermark, logo, border, or UI.

Create four clearly different but canon-compliant versions. Preserve body plan or growth architecture, structural counts, environmental adaptations, materials, defining features, and locked coloration. Vary only permitted secondary proportions, markings, surface detail, minor ornamentation, natural wear, and pose or growth irregularity.

Recommended aspect ratio: 16:9.","text, labels, watermark, signature, logo, border, frame, UI, HUD, cropped subject, duplicate anatomy, contradictory anatomy, impossible balance, unsupported structures, random wings, random horns, humanoid default, fantasy armor, weapons, cartoon, anime, toy-like materials, excessive neon, excessive glow, oversaturated colors, busy background, motion blur, low resolution, compression artifacts, generic Earth copy, unsupported fantasy styling, traits conflicting with locked canon",1.0.0,canonical
NB2-PLT-PH-013-SYNTHETIC-SYMBIOTIC-FLORA-PROPAGULES,PLT-PH-013-SYNTHETIC-SYMBIOTIC-FLORA,Synthetic-Symbiotic Flora,propagules,"Seed, Spore or Propagule Study",16:9,"Create a canonical NOVERIS Nano Banana 2 visual for Synthetic-Symbiotic Flora: Seed, Spore or Propagule Study.

Canonical archetype:
A canonical synthetic-symbiotic flora designed as a scientifically plausible plant-like or fungal organism whose anchoring, support, transport, energy capture, growth, reproduction, ecology, and environmental adaptations are internally coherent.

Required visual and biological rules:
• credible anchoring
• coherent support and transport
• functional energy collectors
• reproductive logic
• environment-linked growth
• purpose-built morphology
• maintenance and propagation logic

Production request:
Create dispersal, germination and early establishment.

Studio-resolved canonical values:
{{canonicalId}}, {{displayName}}, {{scientificName}}, {{originPlanet}}, {{planetType}}, {{biome}}, {{gravity}}, {{atmosphere}}, {{climate}}, {{temperatureRange}}, {{sizeScale}}, {{coloration}}, {{materials}}, {{distinctiveFeatures}}, {{lockedTraits}}, {{rarity}}, {{artDirection}}.

Preserve every locked canonical field exactly. The result must use NOVERIS Scientific Realism: premium AAA science-fiction quality, museum-grade reference presentation, scientifically plausible structure, coherent materials, restrained coloration unless canon requires otherwise, readable silhouette, consistent scale and anatomy or growth across all views, soft neutral studio lighting, pure black background for isolated references, full requested subject visibility, generous negative space, and PSD-friendly extraction. Habitat and biome outputs may use the canonical environment. No baked-in text, labels, watermark, logo, border, or UI.

Create four clearly different but canon-compliant versions. Preserve body plan or growth architecture, structural counts, environmental adaptations, materials, defining features, and locked coloration. Vary only permitted secondary proportions, markings, surface detail, minor ornamentation, natural wear, and pose or growth irregularity.

Recommended aspect ratio: 16:9.","text, labels, watermark, signature, logo, border, frame, UI, HUD, cropped subject, duplicate anatomy, contradictory anatomy, impossible balance, unsupported structures, random wings, random horns, humanoid default, fantasy armor, weapons, cartoon, anime, toy-like materials, excessive neon, excessive glow, oversaturated colors, busy background, motion blur, low resolution, compression artifacts, generic Earth copy, unsupported fantasy styling, traits conflicting with locked canon",1.0.0,canonical
NB2-PLT-PH-013-SYNTHETIC-SYMBIOTIC-FLORA-CROSS-SECTION,PLT-PH-013-SYNTHETIC-SYMBIOTIC-FLORA,Synthetic-Symbiotic Flora,cross-section,Internal Cross Section,16:9,"Create a canonical NOVERIS Nano Banana 2 visual for Synthetic-Symbiotic Flora: Internal Cross Section.

Canonical archetype:
A canonical synthetic-symbiotic flora designed as a scientifically plausible plant-like or fungal organism whose anchoring, support, transport, energy capture, growth, reproduction, ecology, and environmental adaptations are internally coherent.

Required visual and biological rules:
• credible anchoring
• coherent support and transport
• functional energy collectors
• reproductive logic
• environment-linked growth
• purpose-built morphology
• maintenance and propagation logic

Production request:
Create protection, transport, support, storage and reproduction.

Studio-resolved canonical values:
{{canonicalId}}, {{displayName}}, {{scientificName}}, {{originPlanet}}, {{planetType}}, {{biome}}, {{gravity}}, {{atmosphere}}, {{climate}}, {{temperatureRange}}, {{sizeScale}}, {{coloration}}, {{materials}}, {{distinctiveFeatures}}, {{lockedTraits}}, {{rarity}}, {{artDirection}}.

Preserve every locked canonical field exactly. The result must use NOVERIS Scientific Realism: premium AAA science-fiction quality, museum-grade reference presentation, scientifically plausible structure, coherent materials, restrained coloration unless canon requires otherwise, readable silhouette, consistent scale and anatomy or growth across all views, soft neutral studio lighting, pure black background for isolated references, full requested subject visibility, generous negative space, and PSD-friendly extraction. Habitat and biome outputs may use the canonical environment. No baked-in text, labels, watermark, logo, border, or UI.

Create four clearly different but canon-compliant versions. Preserve body plan or growth architecture, structural counts, environmental adaptations, materials, defining features, and locked coloration. Vary only permitted secondary proportions, markings, surface detail, minor ornamentation, natural wear, and pose or growth irregularity.

Recommended aspect ratio: 16:9.","text, labels, watermark, signature, logo, border, frame, UI, HUD, cropped subject, duplicate anatomy, contradictory anatomy, impossible balance, unsupported structures, random wings, random horns, humanoid default, fantasy armor, weapons, cartoon, anime, toy-like materials, excessive neon, excessive glow, oversaturated colors, busy background, motion blur, low resolution, compression artifacts, generic Earth copy, unsupported fantasy styling, traits conflicting with locked canon",1.0.0,canonical
NB2-PLT-PH-013-SYNTHETIC-SYMBIOTIC-FLORA-GROWTH,PLT-PH-013-SYNTHETIC-SYMBIOTIC-FLORA,Synthetic-Symbiotic Flora,growth,Growth Stages,16:9,"Create a canonical NOVERIS Nano Banana 2 visual for Synthetic-Symbiotic Flora: Growth Stages.

Canonical archetype:
A canonical synthetic-symbiotic flora designed as a scientifically plausible plant-like or fungal organism whose anchoring, support, transport, energy capture, growth, reproduction, ecology, and environmental adaptations are internally coherent.

Required visual and biological rules:
• credible anchoring
• coherent support and transport
• functional energy collectors
• reproductive logic
• environment-linked growth
• purpose-built morphology
• maintenance and propagation logic

Production request:
Create propagule, juvenile, mature, reproductive and senescent stages.

Studio-resolved canonical values:
{{canonicalId}}, {{displayName}}, {{scientificName}}, {{originPlanet}}, {{planetType}}, {{biome}}, {{gravity}}, {{atmosphere}}, {{climate}}, {{temperatureRange}}, {{sizeScale}}, {{coloration}}, {{materials}}, {{distinctiveFeatures}}, {{lockedTraits}}, {{rarity}}, {{artDirection}}.

Preserve every locked canonical field exactly. The result must use NOVERIS Scientific Realism: premium AAA science-fiction quality, museum-grade reference presentation, scientifically plausible structure, coherent materials, restrained coloration unless canon requires otherwise, readable silhouette, consistent scale and anatomy or growth across all views, soft neutral studio lighting, pure black background for isolated references, full requested subject visibility, generous negative space, and PSD-friendly extraction. Habitat and biome outputs may use the canonical environment. No baked-in text, labels, watermark, logo, border, or UI.

Create four clearly different but canon-compliant versions. Preserve body plan or growth architecture, structural counts, environmental adaptations, materials, defining features, and locked coloration. Vary only permitted secondary proportions, markings, surface detail, minor ornamentation, natural wear, and pose or growth irregularity.

Recommended aspect ratio: 16:9.","text, labels, watermark, signature, logo, border, frame, UI, HUD, cropped subject, duplicate anatomy, contradictory anatomy, impossible balance, unsupported structures, random wings, random horns, humanoid default, fantasy armor, weapons, cartoon, anime, toy-like materials, excessive neon, excessive glow, oversaturated colors, busy background, motion blur, low resolution, compression artifacts, generic Earth copy, unsupported fantasy styling, traits conflicting with locked canon",1.0.0,canonical
NB2-PLT-PH-013-SYNTHETIC-SYMBIOTIC-FLORA-SEASONAL,PLT-PH-013-SYNTHETIC-SYMBIOTIC-FLORA,Synthetic-Symbiotic Flora,seasonal,Seasonal and Stress Variants,16:9,"Create a canonical NOVERIS Nano Banana 2 visual for Synthetic-Symbiotic Flora: Seasonal and Stress Variants.

Canonical archetype:
A canonical synthetic-symbiotic flora designed as a scientifically plausible plant-like or fungal organism whose anchoring, support, transport, energy capture, growth, reproduction, ecology, and environmental adaptations are internally coherent.

Required visual and biological rules:
• credible anchoring
• coherent support and transport
• functional energy collectors
• reproductive logic
• environment-linked growth
• purpose-built morphology
• maintenance and propagation logic

Production request:
Create growth, reproduction, dormancy, damage and recovery.

Studio-resolved canonical values:
{{canonicalId}}, {{displayName}}, {{scientificName}}, {{originPlanet}}, {{planetType}}, {{biome}}, {{gravity}}, {{atmosphere}}, {{climate}}, {{temperatureRange}}, {{sizeScale}}, {{coloration}}, {{materials}}, {{distinctiveFeatures}}, {{lockedTraits}}, {{rarity}}, {{artDirection}}.

Preserve every locked canonical field exactly. The result must use NOVERIS Scientific Realism: premium AAA science-fiction quality, museum-grade reference presentation, scientifically plausible structure, coherent materials, restrained coloration unless canon requires otherwise, readable silhouette, consistent scale and anatomy or growth across all views, soft neutral studio lighting, pure black background for isolated references, full requested subject visibility, generous negative space, and PSD-friendly extraction. Habitat and biome outputs may use the canonical environment. No baked-in text, labels, watermark, logo, border, or UI.

Create four clearly different but canon-compliant versions. Preserve body plan or growth architecture, structural counts, environmental adaptations, materials, defining features, and locked coloration. Vary only permitted secondary proportions, markings, surface detail, minor ornamentation, natural wear, and pose or growth irregularity.

Recommended aspect ratio: 16:9.","text, labels, watermark, signature, logo, border, frame, UI, HUD, cropped subject, duplicate anatomy, contradictory anatomy, impossible balance, unsupported structures, random wings, random horns, humanoid default, fantasy armor, weapons, cartoon, anime, toy-like materials, excessive neon, excessive glow, oversaturated colors, busy background, motion blur, low resolution, compression artifacts, generic Earth copy, unsupported fantasy styling, traits conflicting with locked canon",1.0.0,canonical
NB2-PLT-PH-013-SYNTHETIC-SYMBIOTIC-FLORA-HABITAT,PLT-PH-013-SYNTHETIC-SYMBIOTIC-FLORA,Synthetic-Symbiotic Flora,habitat,Native Habitat Composition,16:9,"Create a canonical NOVERIS Nano Banana 2 visual for Synthetic-Symbiotic Flora: Native Habitat Composition.

Canonical archetype:
A canonical synthetic-symbiotic flora designed as a scientifically plausible plant-like or fungal organism whose anchoring, support, transport, energy capture, growth, reproduction, ecology, and environmental adaptations are internally coherent.

Required visual and biological rules:
• credible anchoring
• coherent support and transport
• functional energy collectors
• reproductive logic
• environment-linked growth
• purpose-built morphology
• maintenance and propagation logic

Production request:
Create natural population with spacing and age diversity.

Studio-resolved canonical values:
{{canonicalId}}, {{displayName}}, {{scientificName}}, {{originPlanet}}, {{planetType}}, {{biome}}, {{gravity}}, {{atmosphere}}, {{climate}}, {{temperatureRange}}, {{sizeScale}}, {{coloration}}, {{materials}}, {{distinctiveFeatures}}, {{lockedTraits}}, {{rarity}}, {{artDirection}}.

Preserve every locked canonical field exactly. The result must use NOVERIS Scientific Realism: premium AAA science-fiction quality, museum-grade reference presentation, scientifically plausible structure, coherent materials, restrained coloration unless canon requires otherwise, readable silhouette, consistent scale and anatomy or growth across all views, soft neutral studio lighting, pure black background for isolated references, full requested subject visibility, generous negative space, and PSD-friendly extraction. Habitat and biome outputs may use the canonical environment. No baked-in text, labels, watermark, logo, border, or UI.

Create four clearly different but canon-compliant versions. Preserve body plan or growth architecture, structural counts, environmental adaptations, materials, defining features, and locked coloration. Vary only permitted secondary proportions, markings, surface detail, minor ornamentation, natural wear, and pose or growth irregularity.

Recommended aspect ratio: 16:9.","text, labels, watermark, signature, logo, border, frame, UI, HUD, cropped subject, duplicate anatomy, contradictory anatomy, impossible balance, unsupported structures, random wings, random horns, humanoid default, fantasy armor, weapons, cartoon, anime, toy-like materials, excessive neon, excessive glow, oversaturated colors, busy background, motion blur, low resolution, compression artifacts, generic Earth copy, unsupported fantasy styling, traits conflicting with locked canon",1.0.0,canonical
NB2-PLT-PH-013-SYNTHETIC-SYMBIOTIC-FLORA-BIOME,PLT-PH-013-SYNTHETIC-SYMBIOTIC-FLORA,Synthetic-Symbiotic Flora,biome,Biome Composition,16:9,"Create a canonical NOVERIS Nano Banana 2 visual for Synthetic-Symbiotic Flora: Biome Composition.

Canonical archetype:
A canonical synthetic-symbiotic flora designed as a scientifically plausible plant-like or fungal organism whose anchoring, support, transport, energy capture, growth, reproduction, ecology, and environmental adaptations are internally coherent.

Required visual and biological rules:
• credible anchoring
• coherent support and transport
• functional energy collectors
• reproductive logic
• environment-linked growth
• purpose-built morphology
• maintenance and propagation logic

Production request:
Create coordinated vegetation set at consistent scale.

Studio-resolved canonical values:
{{canonicalId}}, {{displayName}}, {{scientificName}}, {{originPlanet}}, {{planetType}}, {{biome}}, {{gravity}}, {{atmosphere}}, {{climate}}, {{temperatureRange}}, {{sizeScale}}, {{coloration}}, {{materials}}, {{distinctiveFeatures}}, {{lockedTraits}}, {{rarity}}, {{artDirection}}.

Preserve every locked canonical field exactly. The result must use NOVERIS Scientific Realism: premium AAA science-fiction quality, museum-grade reference presentation, scientifically plausible structure, coherent materials, restrained coloration unless canon requires otherwise, readable silhouette, consistent scale and anatomy or growth across all views, soft neutral studio lighting, pure black background for isolated references, full requested subject visibility, generous negative space, and PSD-friendly extraction. Habitat and biome outputs may use the canonical environment. No baked-in text, labels, watermark, logo, border, or UI.

Create four clearly different but canon-compliant versions. Preserve body plan or growth architecture, structural counts, environmental adaptations, materials, defining features, and locked coloration. Vary only permitted secondary proportions, markings, surface detail, minor ornamentation, natural wear, and pose or growth irregularity.

Recommended aspect ratio: 16:9.","text, labels, watermark, signature, logo, border, frame, UI, HUD, cropped subject, duplicate anatomy, contradictory anatomy, impossible balance, unsupported structures, random wings, random horns, humanoid default, fantasy armor, weapons, cartoon, anime, toy-like materials, excessive neon, excessive glow, oversaturated colors, busy background, motion blur, low resolution, compression artifacts, generic Earth copy, unsupported fantasy styling, traits conflicting with locked canon",1.0.0,canonical
NB2-PLT-PH-013-SYNTHETIC-SYMBIOTIC-FLORA-DISCOVERY,PLT-PH-013-SYNTHETIC-SYMBIOTIC-FLORA,Synthetic-Symbiotic Flora,discovery,Discovery Scan,16:9,"Create a canonical NOVERIS Nano Banana 2 visual for Synthetic-Symbiotic Flora: Discovery Scan.

Canonical archetype:
A canonical synthetic-symbiotic flora designed as a scientifically plausible plant-like or fungal organism whose anchoring, support, transport, energy capture, growth, reproduction, ecology, and environmental adaptations are internally coherent.

Required visual and biological rules:
• credible anchoring
• coherent support and transport
• functional energy collectors
• reproductive logic
• environment-linked growth
• purpose-built morphology
• maintenance and propagation logic

Production request:
Create centered scientific scan source without labels.

Studio-resolved canonical values:
{{canonicalId}}, {{displayName}}, {{scientificName}}, {{originPlanet}}, {{planetType}}, {{biome}}, {{gravity}}, {{atmosphere}}, {{climate}}, {{temperatureRange}}, {{sizeScale}}, {{coloration}}, {{materials}}, {{distinctiveFeatures}}, {{lockedTraits}}, {{rarity}}, {{artDirection}}.

Preserve every locked canonical field exactly. The result must use NOVERIS Scientific Realism: premium AAA science-fiction quality, museum-grade reference presentation, scientifically plausible structure, coherent materials, restrained coloration unless canon requires otherwise, readable silhouette, consistent scale and anatomy or growth across all views, soft neutral studio lighting, pure black background for isolated references, full requested subject visibility, generous negative space, and PSD-friendly extraction. Habitat and biome outputs may use the canonical environment. No baked-in text, labels, watermark, logo, border, or UI.

Create four clearly different but canon-compliant versions. Preserve body plan or growth architecture, structural counts, environmental adaptations, materials, defining features, and locked coloration. Vary only permitted secondary proportions, markings, surface detail, minor ornamentation, natural wear, and pose or growth irregularity.

Recommended aspect ratio: 16:9.","text, labels, watermark, signature, logo, border, frame, UI, HUD, cropped subject, duplicate anatomy, contradictory anatomy, impossible balance, unsupported structures, random wings, random horns, humanoid default, fantasy armor, weapons, cartoon, anime, toy-like materials, excessive neon, excessive glow, oversaturated colors, busy background, motion blur, low resolution, compression artifacts, generic Earth copy, unsupported fantasy styling, traits conflicting with locked canon",1.0.0,canonical
NB2-PLT-PH-013-SYNTHETIC-SYMBIOTIC-FLORA-ICON,PLT-PH-013-SYNTHETIC-SYMBIOTIC-FLORA,Synthetic-Symbiotic Flora,icon,UI Icon,1:1,"Create a canonical NOVERIS Nano Banana 2 visual for Synthetic-Symbiotic Flora: UI Icon.

Canonical archetype:
A canonical synthetic-symbiotic flora designed as a scientifically plausible plant-like or fungal organism whose anchoring, support, transport, energy capture, growth, reproduction, ecology, and environmental adaptations are internally coherent.

Required visual and biological rules:
• credible anchoring
• coherent support and transport
• functional energy collectors
• reproductive logic
• environment-linked growth
• purpose-built morphology
• maintenance and propagation logic

Production request:
Create isolated silhouette readable at 64 pixels.

Studio-resolved canonical values:
{{canonicalId}}, {{displayName}}, {{scientificName}}, {{originPlanet}}, {{planetType}}, {{biome}}, {{gravity}}, {{atmosphere}}, {{climate}}, {{temperatureRange}}, {{sizeScale}}, {{coloration}}, {{materials}}, {{distinctiveFeatures}}, {{lockedTraits}}, {{rarity}}, {{artDirection}}.

Preserve every locked canonical field exactly. The result must use NOVERIS Scientific Realism: premium AAA science-fiction quality, museum-grade reference presentation, scientifically plausible structure, coherent materials, restrained coloration unless canon requires otherwise, readable silhouette, consistent scale and anatomy or growth across all views, soft neutral studio lighting, pure black background for isolated references, full requested subject visibility, generous negative space, and PSD-friendly extraction. Habitat and biome outputs may use the canonical environment. No baked-in text, labels, watermark, logo, border, or UI.

Create four clearly different but canon-compliant versions. Preserve body plan or growth architecture, structural counts, environmental adaptations, materials, defining features, and locked coloration. Vary only permitted secondary proportions, markings, surface detail, minor ornamentation, natural wear, and pose or growth irregularity.

Recommended aspect ratio: 1:1.","text, labels, watermark, signature, logo, border, frame, UI, HUD, cropped subject, duplicate anatomy, contradictory anatomy, impossible balance, unsupported structures, random wings, random horns, humanoid default, fantasy armor, weapons, cartoon, anime, toy-like materials, excessive neon, excessive glow, oversaturated colors, busy background, motion blur, low resolution, compression artifacts, generic Earth copy, unsupported fantasy styling, traits conflicting with locked canon",1.0.0,canonical
NB2-PLT-PH-013-SYNTHETIC-SYMBIOTIC-FLORA-SCALE,PLT-PH-013-SYNTHETIC-SYMBIOTIC-FLORA,Synthetic-Symbiotic Flora,scale,Scale Comparison,16:9,"Create a canonical NOVERIS Nano Banana 2 visual for Synthetic-Symbiotic Flora: Scale Comparison.

Canonical archetype:
A canonical synthetic-symbiotic flora designed as a scientifically plausible plant-like or fungal organism whose anchoring, support, transport, energy capture, growth, reproduction, ecology, and environmental adaptations are internally coherent.

Required visual and biological rules:
• credible anchoring
• coherent support and transport
• functional energy collectors
• reproductive logic
• environment-linked growth
• purpose-built morphology
• maintenance and propagation logic

Production request:
Create side view with adult human silhouette and one-meter bar.

Studio-resolved canonical values:
{{canonicalId}}, {{displayName}}, {{scientificName}}, {{originPlanet}}, {{planetType}}, {{biome}}, {{gravity}}, {{atmosphere}}, {{climate}}, {{temperatureRange}}, {{sizeScale}}, {{coloration}}, {{materials}}, {{distinctiveFeatures}}, {{lockedTraits}}, {{rarity}}, {{artDirection}}.

Preserve every locked canonical field exactly. The result must use NOVERIS Scientific Realism: premium AAA science-fiction quality, museum-grade reference presentation, scientifically plausible structure, coherent materials, restrained coloration unless canon requires otherwise, readable silhouette, consistent scale and anatomy or growth across all views, soft neutral studio lighting, pure black background for isolated references, full requested subject visibility, generous negative space, and PSD-friendly extraction. Habitat and biome outputs may use the canonical environment. No baked-in text, labels, watermark, logo, border, or UI.

Create four clearly different but canon-compliant versions. Preserve body plan or growth architecture, structural counts, environmental adaptations, materials, defining features, and locked coloration. Vary only permitted secondary proportions, markings, surface detail, minor ornamentation, natural wear, and pose or growth irregularity.

Recommended aspect ratio: 16:9.","text, labels, watermark, signature, logo, border, frame, UI, HUD, cropped subject, duplicate anatomy, contradictory anatomy, impossible balance, unsupported structures, random wings, random horns, humanoid default, fantasy armor, weapons, cartoon, anime, toy-like materials, excessive neon, excessive glow, oversaturated colors, busy background, motion blur, low resolution, compression artifacts, generic Earth copy, unsupported fantasy styling, traits conflicting with locked canon",1.0.0,canonical
NB2-PLT-PH-013-SYNTHETIC-SYMBIOTIC-FLORA-PLATE,PLT-PH-013-SYNTHETIC-SYMBIOTIC-FLORA,Synthetic-Symbiotic Flora,plate,Master Botanical Plate,16:9,"Create a canonical NOVERIS Nano Banana 2 visual for Synthetic-Symbiotic Flora: Master Botanical Plate.

Canonical archetype:
A canonical synthetic-symbiotic flora designed as a scientifically plausible plant-like or fungal organism whose anchoring, support, transport, energy capture, growth, reproduction, ecology, and environmental adaptations are internally coherent.

Required visual and biological rules:
• credible anchoring
• coherent support and transport
• functional energy collectors
• reproductive logic
• environment-linked growth
• purpose-built morphology
• maintenance and propagation logic

Production request:
Create whole organism, views, roots, structure, collectors, reproduction, stages, materials and habitat vignette.

Studio-resolved canonical values:
{{canonicalId}}, {{displayName}}, {{scientificName}}, {{originPlanet}}, {{planetType}}, {{biome}}, {{gravity}}, {{atmosphere}}, {{climate}}, {{temperatureRange}}, {{sizeScale}}, {{coloration}}, {{materials}}, {{distinctiveFeatures}}, {{lockedTraits}}, {{rarity}}, {{artDirection}}.

Preserve every locked canonical field exactly. The result must use NOVERIS Scientific Realism: premium AAA science-fiction quality, museum-grade reference presentation, scientifically plausible structure, coherent materials, restrained coloration unless canon requires otherwise, readable silhouette, consistent scale and anatomy or growth across all views, soft neutral studio lighting, pure black background for isolated references, full requested subject visibility, generous negative space, and PSD-friendly extraction. Habitat and biome outputs may use the canonical environment. No baked-in text, labels, watermark, logo, border, or UI.

Create four clearly different but canon-compliant versions. Preserve body plan or growth architecture, structural counts, environmental adaptations, materials, defining features, and locked coloration. Vary only permitted secondary proportions, markings, surface detail, minor ornamentation, natural wear, and pose or growth irregularity.

Recommended aspect ratio: 16:9.","text, labels, watermark, signature, logo, border, frame, UI, HUD, cropped subject, duplicate anatomy, contradictory anatomy, impossible balance, unsupported structures, random wings, random horns, humanoid default, fantasy armor, weapons, cartoon, anime, toy-like materials, excessive neon, excessive glow, oversaturated colors, busy background, motion blur, low resolution, compression artifacts, generic Earth copy, unsupported fantasy styling, traits conflicting with locked canon",1.0.0,canonical
NB2-PLT-PH-013-SYNTHETIC-SYMBIOTIC-FLORA-PSD,PLT-PH-013-SYNTHETIC-SYMBIOTIC-FLORA,Synthetic-Symbiotic Flora,psd,PSD Extraction Board,16:9,"Create a canonical NOVERIS Nano Banana 2 visual for Synthetic-Symbiotic Flora: PSD Extraction Board.

Canonical archetype:
A canonical synthetic-symbiotic flora designed as a scientifically plausible plant-like or fungal organism whose anchoring, support, transport, energy capture, growth, reproduction, ecology, and environmental adaptations are internally coherent.

Required visual and biological rules:
• credible anchoring
• coherent support and transport
• functional energy collectors
• reproductive logic
• environment-linked growth
• purpose-built morphology
• maintenance and propagation logic

Production request:
Create isolated whole organism, parts, silhouette and material references.

Studio-resolved canonical values:
{{canonicalId}}, {{displayName}}, {{scientificName}}, {{originPlanet}}, {{planetType}}, {{biome}}, {{gravity}}, {{atmosphere}}, {{climate}}, {{temperatureRange}}, {{sizeScale}}, {{coloration}}, {{materials}}, {{distinctiveFeatures}}, {{lockedTraits}}, {{rarity}}, {{artDirection}}.

Preserve every locked canonical field exactly. The result must use NOVERIS Scientific Realism: premium AAA science-fiction quality, museum-grade reference presentation, scientifically plausible structure, coherent materials, restrained coloration unless canon requires otherwise, readable silhouette, consistent scale and anatomy or growth across all views, soft neutral studio lighting, pure black background for isolated references, full requested subject visibility, generous negative space, and PSD-friendly extraction. Habitat and biome outputs may use the canonical environment. No baked-in text, labels, watermark, logo, border, or UI.

Create four clearly different but canon-compliant versions. Preserve body plan or growth architecture, structural counts, environmental adaptations, materials, defining features, and locked coloration. Vary only permitted secondary proportions, markings, surface detail, minor ornamentation, natural wear, and pose or growth irregularity.

Recommended aspect ratio: 16:9.","text, labels, watermark, signature, logo, border, frame, UI, HUD, cropped subject, duplicate anatomy, contradictory anatomy, impossible balance, unsupported structures, random wings, random horns, humanoid default, fantasy armor, weapons, cartoon, anime, toy-like materials, excessive neon, excessive glow, oversaturated colors, busy background, motion blur, low resolution, compression artifacts, generic Earth copy, unsupported fantasy styling, traits conflicting with locked canon",1.0.0,canonical
